model,training_size,sensitivity,distribution,solver,step_size,hamiltonian_error,reversibility_error,time,ess
HMC,0.1,autograd,banana,SynchronousLeapfrog,0.1,"[0.9315841  0.97505283 0.9895402  0.88189495 0.9145527  0.95317006
 0.88885784 0.9277111  0.93437946 0.8675902  0.922449   0.73181057
 0.94769394 0.7256314  0.94378424 0.942289   0.95050704 0.9175948
 0.90937585 0.95226574 0.9857851  0.96298444 0.90701187 0.9011582
 0.94877446 0.971753   0.9518914  0.86306703 0.9212159  0.9241593
 0.9693564  0.92591393 0.87739086 0.95191336 0.8977663  0.9352948
 0.9281346  0.925249   0.96053666 0.9676199  0.9721936  0.9700273
 0.9834647  0.85175145 0.8980441  0.8603572  0.8226694  0.9410335
 0.8845817  0.9604908  0.90224075 0.9031088  0.98338526 0.83377516
 0.9325588  0.9491247  0.9188387  0.8764872  0.93491477 0.9032328
 0.9192444  0.92650336 0.9121436  0.95884025 0.9479832  0.9451167
 0.97579545 0.9724616  0.9596882  0.8499643  0.8900142  0.9613123
 0.95666015 0.8656142  0.9090959  0.8990178  0.9454934  0.98877734
 0.89140546 0.86229897 0.9620111  0.9490273  0.91794765 0.9584629
 0.97280616 0.96417797 0.7731897  0.83827245 0.9985547  0.9474861
 0.92945164 0.93996966 0.9261141  0.84026307 0.8851347  0.9899394
 0.94073075 0.9476875  0.9355185  0.8314795 ]",3.783798e-13,20.58839225769043,1.4962419769826643
NNgHMC,0.1,autograd,banana,SynchronousLeapfrog,0.1,"[0.9378333  0.9159462  0.8892471  0.30792558 0.7153911  0.97152394
 0.26826268 0.79692096 0.9586532  0.1856724  0.91308796 0.38722953
 0.75800216 2.1906219  0.9296907  0.94931984 0.6756675  0.73239654
 0.6415446  0.86378646 0.9662273  0.75790423 0.8815848  0.9040588
 0.86674047 0.9663696  0.8568127  0.8313267  0.879189   0.69427454
 0.95393723 0.5544121  0.44367012 0.6107764  0.88801086 0.5328876
 0.7514894  0.49783656 0.8914224  0.9086081  0.95986795 0.9704156
 0.9840535  0.5669291  0.8880625  0.08586397 0.1665252  0.8329937
 0.9118292  0.5407755  0.5030205  0.28128627 0.98309076 0.5351761
 0.93644047 0.7813112  0.5068211  1.293756   0.47481775 0.7783747
 0.06292488 0.8599911  0.85224473 0.5914543  0.7931098  0.13973923
 0.9631009  0.91725445 0.86357856 0.9578473  0.8848672  0.91584605
 0.95113677 0.8491933  0.1635397  0.8817415  0.85719085 0.9919681
 0.88071966 0.27769077 0.975701   0.94717836 0.9101696  0.75881547
 0.97259486 0.9684064  0.75033396 0.87383497 0.9969041  0.92237484
 0.08185615 0.59097034 0.17615536 0.8458686  0.5530549  0.9963864
 0.9599911  0.37347627 0.9572587  0.0234958 ]",5.647149e-15,15.69718623161316,6.764561299551193
NNODEgHMC,0.1,autograd,banana,SynchronousLeapfrog,0.1,"[0.93707556 0.9551398  0.9368581  0.4675417  0.7994477  0.9584214
 0.03184184 0.70613927 0.9646107  0.31190616 0.91246337 0.3238631
 0.8671133  1.8580875  0.9583721  0.94898355 0.74824715 0.8502988
 0.70722795 0.9099083  0.9836949  0.86758965 0.88528574 0.93219376
 0.77895373 0.9677552  0.8058175  0.8295671  0.85358256 0.5939455
 0.95342416 0.65922004 0.19938819 0.7513591  0.88844955 0.66182965
 0.6383027  0.603668   0.904264   0.9547384  0.9712693  0.97032523
 0.9844467  0.32459915 0.889446   0.0668675  0.256351   0.74652004
 0.92904586 0.70711017 0.5833996  0.49477208 0.98318756 0.6289868
 0.9166064  0.82608485 0.59476644 0.9028408  0.6610666  0.6873943
 0.29427457 0.79953754 0.83414    0.6949536  0.64465344 0.38973945
 0.9645121  0.8589736  0.79002225 0.6861094  0.8853806  0.95268196
 0.9483534  0.8503232  0.3742342  0.9142002  0.7690071  0.99103916
 0.8818134  0.08806058 0.94341993 0.94665194 0.9108138  0.8665382
 0.9727601  0.96751297 0.8181542  0.89972305 0.99833363 0.87500685
 0.13360399 0.74765223 0.38369936 0.7877302  0.41340446 0.993266
 0.9282496  0.5522233  0.9158467  0.34105104]",2.7379219e-11,27.541273593902588,1.4009386937627035
Explicit NNODEgHMC,0.1,autograd,banana,SynchronousLeapfrog,0.1,"[0.93041253 0.9763345  0.97646856 0.6005966  0.8987767  0.95598555
 0.1170581  0.44792756 0.90251386 0.45330152 0.9141512  0.26375133
 0.8322791  1.4124477  0.9579505  0.9422908  0.81391877 0.91058916
 0.760945   0.95075    0.98059285 0.87430334 0.8932451  0.94635856
 0.53058076 0.96356666 0.7537458  0.8345968  0.82654655 0.43378696
 0.9631227  0.7966027  0.2544498  0.79610765 0.87882537 0.7763412
 0.36145782 0.7408206  0.9350985  0.9692048  0.97472686 0.96997166
 0.98149145 0.03166823 0.8851332  0.27249816 0.37897986 0.57863665
 0.9073877  0.6943034  0.6601152  0.45031732 0.9829302  0.73716545
 0.8542773  0.88583946 0.68361825 1.0531977  0.551191   0.41185957
 0.35418305 0.6609629  0.8130202  0.8317332  0.65446895 0.24625616
 0.9682921  0.71374595 0.6616496  0.24948439 0.8835901  0.9603919
 0.9433111  0.8475189  0.45000488 0.9208703  0.4892157  0.9808339
 0.8788451  0.24162887 0.79925144 0.9447907  0.9083244  0.91169655
 0.9718456  0.9638254  0.8504652  0.9050306  0.99828166 0.6849922
 0.4294146  0.6899573  0.4760178  0.8243579  0.06709141 0.9877615
 0.82222885 0.65741843 0.7353131  0.20631222]",7.566526e-11,47.53371620178223,1.5324654633263477
SymplecticNNgHMC,0.1,autograd,banana,SynchronousLeapfrog,0.1,"[0.9339244  0.8275937  0.8267925  0.46793365 0.5029423  0.7095279
 0.8790285  0.89599943 0.8048467  0.34128994 0.91335094 0.41668972
 0.11461212 2.623631   0.8412994  0.95268905 0.6320795  0.81841755
 0.617766   0.79337215 0.9205448  0.20020938 0.88462305 0.847881
 0.9610454  0.9684938  0.88630456 0.83104014 0.88141    0.7975296
 0.9545614  0.4120615  0.8942921  0.05043507 0.89474857 0.65961707
 0.9049686  0.4047764  0.9088912  0.94515467 0.9525372  0.9686195
 0.98513985 0.9659478  0.88999546 0.19855788 0.2926925  0.93144053
 0.8359207  0.17673624 0.48496458 0.570536   0.9827548  0.42749536
 0.91704035 0.8361789  0.4631841  2.526446   0.4532016  0.8593551
 0.6419176  0.90521526 0.8507411  0.4622675  0.9116675  0.9529035
 0.9639596  0.9562533  0.92979956 1.3953586  0.88170624 0.80528164
 0.9502899  0.849029   0.5240688  0.788376   0.93810666 0.9895281
 0.8805236  0.5049362  0.9628219  0.94520736 0.90952075 0.29590988
 0.9724498  0.9671258  0.42008433 0.81631535 0.9961325  0.90465546
 0.5198431  0.22624159 0.48846048 0.5652634  0.7429983  0.9966385
 0.96362007 0.2021687  0.9502605  0.65858006]",0.016116323,47.465900182724,1.3406480405594179
GSymplecticNNgHMC,0.1,autograd,banana,SynchronousLeapfrog,0.1,"[0.9353172  0.9774646  0.97471017 0.58910275 0.877608   0.8847015
 0.46231326 0.5575647  0.9306774  0.40945587 0.91163635 0.22583626
 0.9414136  1.4216967  0.96386456 0.93952936 0.82320994 0.8995926
 0.7772541  0.947282   0.9829297  0.94777954 0.895087   0.94396967
 0.63958603 0.96891373 0.7284287  0.82559144 0.8082954  0.44426054
 0.95526016 0.76920295 0.15690118 0.8746759  0.87370014 0.7409663
 0.47034073 0.7171792  0.9215099  0.97138774 0.9735843  0.9685974
 0.9802443  0.03258813 0.88313055 0.24457012 0.3369655  0.61524814
 0.918712   0.85826075 0.6793661  0.7092714  0.9838786  0.7256216
 0.8792984  0.87054175 0.69477534 0.44650504 0.82978094 0.53729403
 0.5308756  0.69358635 0.7982248  0.8020775  0.40179014 0.63311285
 0.97057104 0.7581188  0.675282   0.37353522 0.8874315  0.96636456
 0.93832797 0.8517534  0.5901586  0.92289037 0.618655   0.9870216
 0.8792194  0.149039   0.8717642  0.9425049  0.9084524  0.94788206
 0.9744009  0.96300936 0.8599455  0.91089475 0.99740905 0.7740552
 0.36487943 0.88512087 0.6071811  0.63775206 0.20553416 0.9838687
 0.86135054 0.72982156 0.8299757  0.80527794]",0.0041898806,12.784288883209229,11.906575018995118
GradSymplecticNNgHMC,0.1,autograd,banana,SynchronousLeapfrog,0.1,"[0.9355046  0.85086715 0.8393606  0.4698807  0.54876757 0.76778936
 0.82971835 0.8746923  0.8458459  0.34594536 0.91281354 0.39364713
 0.19471072 2.8176627  0.8513595  0.9530484  0.6396526  0.8231785
 0.627951   0.7967059  0.9293301  0.28138813 0.8817233  0.85008633
 0.94509387 0.97024345 0.870351   0.82868737 0.87391585 0.7654873
 0.95397925 0.43970823 0.860302   0.1246413  0.89669836 0.65985847
 0.87413406 0.38518915 0.90712833 0.94604635 0.95832366 0.96875066
 0.9853401  1.0413083  0.8926252  0.20587145 0.2945785  0.9088514
 0.8442657  0.103641   0.4584707  0.51556754 0.9833471  0.45371485
 0.91468716 0.83458036 0.45230603 2.52768    0.39329588 0.8408944
 0.6367587  0.8916229  0.8459088  0.47301587 0.9195305  0.8792383
 0.9637343  0.94681877 0.91214794 1.4282408  0.8851094  0.82590425
 0.94868773 0.8533634  0.44975823 0.8041061  0.9292261  0.9904303
 0.88258684 0.51106834 0.9718884  0.94508904 0.9106231  0.3461542
 0.97311294 0.96773076 0.48795518 0.8395088  0.9963848  0.9094461
 0.5275573  0.1293227  0.41928023 0.60674804 0.697307   0.99608934
 0.96877164 0.13826814 0.9619748  0.5798408 ]",0.020732211,61.45065188407898,1.3188743265274563
GradGSymplecticNNgHMC,0.1,autograd,banana,SynchronousLeapfrog,0.1,"[0.93576306 0.96370065 0.96197295 0.65263855 0.8191147  0.93741196
 0.11884032 0.743066   0.95858544 0.56432354 0.91197056 0.3640203
 0.93114376 0.97917145 0.96579665 0.9503212  0.80782366 0.9241668
 0.7525444  0.9471058  0.9858586  0.91652954 0.89703524 0.9423913
 0.8019514  0.9693231  0.8218354  0.8402872  0.84758776 0.61238146
 0.96128273 0.72049135 0.3852236  0.8321144  0.8984024  0.8185417
 0.71082133 0.752687   0.9350454  0.9703015  0.9711441  0.9697439
 0.98455393 0.15266661 0.8960599  0.2489489  0.47672123 0.7911147
 0.92797124 0.8132536  0.7211604  0.67176425 0.9832423  0.68591976
 0.89450264 0.90462303 0.7137209  0.38915896 0.8505192  0.6668829
 0.5827711  0.80901545 0.83032465 0.782607   0.6369324  0.643239
 0.96664417 0.85115325 0.79033077 0.29028532 0.8826679  0.9636413
 0.94710267 0.85486114 0.52631116 0.92466116 0.80324876 0.98454684
 0.8845749  0.13873167 0.9383499  0.94505376 0.9119191  0.9277465
 0.9700038  0.9660742  0.8404619  0.89577025 0.9985892  0.860062
 0.410009   0.8225988  0.52514    0.6944253  0.45731515 0.9919144
 0.93477005 0.6744466  0.92115974 0.14480326]",0.0015088245,14.18903398513794,28.719646059779
HMC,0.1,autograd,gaussian,SynchronousLeapfrog,0.3,"[0.9295777  0.9480586  0.90053487 0.93221253 0.9545288  0.94226754
 0.8826067  0.95544976 0.9377103  0.9430876  0.9418678  0.947579
 0.93138826 0.9405047  0.9514595  0.93400353 0.9454624  0.92316425
 0.95363176 0.940684   0.959943   0.8467283  0.949753   0.9248292
 0.9091935  0.95776147 0.91827    0.953067   0.94338584 0.93946093
 0.94311017 0.9546461  0.94478273 0.89734185 0.9426106  0.96149063
 0.91903365 0.93462294 0.90937823 0.94596577 0.94409007 0.9288943
 0.9398154  0.9121455  0.93738985 0.9468918  0.9271323  0.9583293
 0.9506954  0.94980997 0.9340304  0.9467532  0.9403877  0.9439618
 0.9565557  0.94238544 0.9306842  0.922086   0.9557309  0.9609653
 0.9504077  0.94316596 0.938924   0.961709   0.93522406 0.94644994
 0.92578    0.93640155 0.9462621  0.9336506  0.9294679  0.9579896
 0.93810767 0.93891066 0.9537193  0.9586641  0.94882905 0.9229078
 0.9026828  0.9450201  0.9350831  0.94388247 0.93987644 0.95585936
 0.9270012  0.9239828  0.9230856  0.9419149  0.95777607 0.91753507
 0.9380516  0.9463259  0.94406265 0.957963   0.9375652  0.958835
 0.9149911  0.9436691  0.93987364 0.96229213]",4.61529e-15,17.96895456314087,2722.399408710577
NNgHMC,0.1,autograd,gaussian,SynchronousLeapfrog,0.3,"[0.92829555 0.94862986 0.8967078  0.93310773 0.9552736  0.9420726
 0.87947226 0.9557743  0.93787116 0.9444601  0.9419946  0.94767565
 0.9311284  0.9412718  0.95149535 0.9342408  0.94517577 0.92362165
 0.954324   0.9409379  0.96036637 0.84084433 0.94970465 0.92453027
 0.9067025  0.9580411  0.9173886  0.95406437 0.9433912  0.94027466
 0.9427339  0.95479715 0.94461477 0.8966832  0.9426421  0.96162766
 0.91647995 0.93427575 0.9071924  0.9466723  0.9437791  0.92934453
 0.9397572  0.91234934 0.9382061  0.94700694 0.9257476  0.9587285
 0.9507375  0.9497446  0.9342269  0.94662565 0.9408385  0.9455284
 0.95660484 0.94240826 0.92949283 0.9208869  0.955557   0.9608365
 0.95087045 0.944368   0.93903625 0.96188563 0.93499005 0.9468233
 0.92544734 0.93638515 0.9461273  0.9332797  0.9296207  0.95792353
 0.9377068  0.9388249  0.95399666 0.9587407  0.948856   0.9231586
 0.9014524  0.94558764 0.9343369  0.94432753 0.9396714  0.95577955
 0.92734516 0.9223547  0.92353964 0.9423419  0.9581604  0.91684836
 0.9389786  0.94674444 0.9442756  0.95794713 0.9381126  0.959064
 0.9158219  0.9435622  0.9395127  0.9624278 ]",5.2696274e-15,16.21891188621521,2707.023161442358
NNODEgHMC,0.1,autograd,gaussian,SynchronousLeapfrog,0.3,"[0.92854065 0.9485949  0.8972349  0.9329561  0.95497465 0.94210047
 0.880476   0.9557144  0.9378357  0.9442207  0.9421271  0.9475061
 0.9309102  0.94100684 0.9514095  0.93413705 0.9451512  0.9238464
 0.95417106 0.94075096 0.9602808  0.8347657  0.9497285  0.9245159
 0.9070109  0.95796174 0.9180009  0.9538671  0.94341254 0.9403628
 0.94317335 0.95469654 0.94469255 0.89550054 0.9428856  0.961631
 0.91643494 0.93428487 0.9073784  0.9466257  0.94409275 0.929163
 0.93991345 0.912152   0.93767834 0.9467251  0.92570984 0.95871943
 0.9509427  0.94976634 0.9341469  0.947062   0.9408924  0.9444437
 0.95666116 0.94246006 0.9294033  0.9220514  0.9555315  0.96076417
 0.95059586 0.9439111  0.9388437  0.9618942  0.9351562  0.9467012
 0.9256693  0.93594885 0.94617575 0.933506   0.9293956  0.95786923
 0.93771493 0.9391694  0.9538988  0.9587282  0.9487214  0.92319334
 0.9019871  0.945474   0.93460405 0.9444406  0.94006085 0.95593834
 0.9275131  0.92299545 0.92323625 0.9422089  0.95804155 0.91553676
 0.9395952  0.94663954 0.9439222  0.95804036 0.9380317  0.958897
 0.9150287  0.94380033 0.9395675  0.9624568 ]",2.4281145e-14,12.854105949401855,2694.8135685350594
Explicit NNODEgHMC,0.1,autograd,gaussian,SynchronousLeapfrog,0.3,"[0.9200201  0.949958   0.8759333  0.8285181  0.9207684  0.9103748
 0.8441248  0.94707173 0.92886245 0.9090084  0.9325118  0.9449744
 0.94200534 0.82948494 0.9482748  0.9324547  0.9288718  0.9122486
 0.95621294 0.89516294 0.95279044 0.766936   0.94981664 0.8315811
 0.8687221  0.9531865  0.8855442  0.94369096 0.9495682  0.90428793
 0.9146835  0.95662296 0.9137456  0.86704487 0.92341995 0.9592972
 0.8882114  0.9251298  0.90922344 0.8880613  0.92656535 0.9311337
 0.940523   0.8782171  0.9258041  0.94477075 0.9312412  0.94993514
 0.9424863  0.91629267 0.9268656  0.92994785 0.9349121  0.92232835
 0.9453591  0.9397666  0.93589133 0.9258971  0.94823503 0.96013755
 0.9063129  0.9060706  0.937019   0.95879114 0.9207778  0.9390092
 0.8472656  0.94049084 0.94545174 0.8395585  0.9209322  0.9578202
 0.9350354  0.92743707 0.9482268  0.95688456 0.94388247 0.90695065
 0.88938    0.92611665 0.92606306 0.92944926 0.94110036 0.94495773
 0.9127277  0.85226077 0.91105795 0.939157   0.9582588  0.83811206
 0.8996022  0.95067215 0.9478161  0.9557358  0.9152789  0.9587506
 0.9129404  0.9449069  0.9307002  0.9573328 ]",3.1564473e-13,20.535691022872925,132.17144046156082
SymplecticNNgHMC,0.1,autograd,gaussian,SynchronousLeapfrog,0.3,"[0.92961204 0.9481114  0.9003644  0.9315993  0.95448554 0.94197226
 0.8820723  0.9554689  0.9378543  0.942784   0.94192743 0.94745916
 0.9318837  0.94079036 0.9515395  0.93418616 0.94529676 0.92288506
 0.95374507 0.94080245 0.95986176 0.84615874 0.94953936 0.92507446
 0.9092533  0.9576622  0.91861457 0.9532608  0.94343936 0.939583
 0.9432063  0.95485353 0.94468296 0.8972521  0.9425844  0.96157163
 0.9191371  0.93477744 0.9101559  0.94606054 0.9439506  0.9289428
 0.93977493 0.9120687  0.9373581  0.94699115 0.9273995  0.95815027
 0.9505969  0.9499191  0.93394536 0.9465933  0.94038033 0.9439975
 0.9566349  0.9425099  0.93112653 0.9222864  0.95563406 0.96088266
 0.9503176  0.94298047 0.93902385 0.9617745  0.9352627  0.9466118
 0.92574537 0.9361881  0.9463441  0.9338846  0.9295714  0.9579851
 0.93802613 0.9390503  0.953685   0.9587201  0.9487208  0.9225607
 0.90281343 0.9450461  0.93524575 0.9440004  0.93984    0.9559232
 0.9269063  0.9243262  0.92292756 0.9419322  0.9579371  0.9177201
 0.9379673  0.94630706 0.94409245 0.9580163  0.93757856 0.95869446
 0.91454935 0.94360495 0.93972296 0.96235055]",7.724161e-05,26.38550901412964,2694.527530677258
GSymplecticNNgHMC,0.1,autograd,gaussian,SynchronousLeapfrog,0.3,"[0.9298207  0.948032   0.9007219  0.93191755 0.95445937 0.94240415
 0.88279766 0.95540065 0.93772215 0.9430909  0.94159544 0.9475488
 0.93165874 0.94037473 0.95137537 0.9340658  0.94560546 0.9231695
 0.95349884 0.9405718  0.95997953 0.8467342  0.94979334 0.92476535
 0.90891635 0.9577875  0.9185058  0.95281976 0.9432254  0.9394126
 0.94307816 0.9545125  0.94473946 0.897624   0.9425386  0.9614598
 0.9188293  0.9347035  0.9092724  0.9457989  0.94403684 0.92887324
 0.93992376 0.9121938  0.9377011  0.9469554  0.92702764 0.9583246
 0.9508245  0.94984674 0.9341451  0.9467265  0.9402537  0.943686
 0.9565232  0.94241834 0.93098134 0.92197484 0.9558033  0.96101284
 0.9503977  0.94316125 0.938885   0.961637   0.93517256 0.9462771
 0.9260535  0.93676245 0.94626844 0.93343484 0.9293803  0.95795286
 0.9380555  0.93876046 0.9538007  0.95866174 0.94896644 0.9227613
 0.9026202  0.94491976 0.93530387 0.9436976  0.9401158  0.9558171
 0.92692435 0.92394006 0.9231491  0.94179916 0.95765543 0.9172251
 0.93780965 0.9463066  0.94411314 0.95791805 0.9375987  0.9589515
 0.91548675 0.94375753 0.9399471  0.9622201 ]",5.6603596e-05,9.258914232254028,42.377533068573136
GradSymplecticNNgHMC,0.1,autograd,gaussian,SynchronousLeapfrog,0.3,"[0.92991084 0.9481213  0.90097845 0.93317026 0.9548487  0.9425219
 0.8826474  0.95563096 0.93783545 0.94350123 0.9423202  0.94756144
 0.93176955 0.9414108  0.95149606 0.9341077  0.9455695  0.92333925
 0.95382327 0.9408433  0.96002495 0.8465221  0.94970816 0.9255209
 0.90959615 0.9578767  0.91858065 0.9534606  0.943486   0.94017524
 0.9434702  0.9548473  0.9448055  0.8974673  0.94283295 0.96152174
 0.91936797 0.93495893 0.91049135 0.94675463 0.94433486 0.929163
 0.9400312  0.91225815 0.9371978  0.9468944  0.9278468  0.95844144
 0.95073986 0.95008695 0.9342987  0.9470134  0.94051665 0.9446665
 0.9566188  0.9423603  0.9310446  0.9231331  0.9557556  0.9609284
 0.95065975 0.94364804 0.93898046 0.9618146  0.9354718  0.94668645
 0.9261637  0.9360237  0.9462855  0.9344932  0.9295408  0.95804256
 0.9386097  0.939296   0.95372313 0.95872897 0.9486947  0.9233486
 0.9028217  0.9455311  0.9352411  0.9444226  0.9399888  0.9559331
 0.9270279  0.92470354 0.92338055 0.942098   0.9579333  0.91768664
 0.9388167  0.9462947  0.94398224 0.9579972  0.93758047 0.9588541
 0.91450524 0.94390774 0.93975866 0.96238685]",1.3354219e-05,50.52829122543335,2692.7935310763773
GradGSymplecticNNgHMC,0.1,autograd,gaussian,SynchronousLeapfrog,0.3,"[0.92999804 0.94819397 0.90114486 0.9338778  0.9549602  0.94280356
 0.88276947 0.9556236  0.93788123 0.9435258  0.942312   0.9475834
 0.9312698  0.9413135  0.9514656  0.9340589  0.9457097  0.92335457
 0.95379657 0.9408674  0.96007943 0.8471575  0.94974506 0.9255039
 0.9096111  0.9579274  0.9185247  0.953396   0.94358337 0.9401263
 0.9435581  0.95474946 0.9448694  0.8977562  0.9429356  0.9614994
 0.91924596 0.93480414 0.90949905 0.9467037  0.94436157 0.92919886
 0.9399164  0.9120946  0.9375236  0.94696033 0.92730254 0.95847577
 0.9507741  0.9501483  0.9343292  0.94715357 0.94047374 0.94480324
 0.95665014 0.94243217 0.9306204  0.9225544  0.9558128  0.96095324
 0.95074624 0.94393796 0.93892974 0.96177906 0.93551505 0.94663656
 0.9262726  0.93654525 0.9462694  0.9344057  0.92945766 0.95800066
 0.9383805  0.93919086 0.9537541  0.9587113  0.94878805 0.9233152
 0.9026716  0.9455937  0.93540335 0.9444674  0.93993104 0.9559417
 0.92700505 0.92461526 0.92345273 0.94205546 0.957878   0.91762304
 0.9389285  0.94644105 0.9441689  0.95797724 0.93758523 0.9589211
 0.9153606  0.9437593  0.9398505  0.96235293]",5.1089766e-05,13.380545377731323,212.55386248761246
HMC,0.1,autograd,high_dimensional_gaussian,SynchronousLeapfrog,0.1,"[0.9344958  0.94257784 0.92875826 0.9406926  0.942775   0.933475
 0.93336487 0.9348962  0.93058896 0.9438108  0.93694293 0.9281553
 0.937833   0.94231045 0.9317593  0.9465699  0.9343114  0.9383153
 0.9368951  0.9371659  0.9344157  0.9436757  0.9325967  0.93738884
 0.94142693 0.9383888  0.93685883 0.93786305 0.936093   0.9419646
 0.93521035 0.9378869  0.9424421  0.9405875  0.93136966 0.94279337
 0.9383645  0.93439263 0.943011   0.93829817 0.9383794  0.9329599
 0.94268525 0.9299835  0.94075596 0.928936   0.94632185 0.93910444
 0.93801117 0.93968695 0.9365131  0.93579483 0.93409014 0.9407295
 0.9398416  0.9294285  0.9313242  0.93555975 0.9433815  0.9414325
 0.939958   0.931127   0.93162954 0.9410245  0.9392201  0.9383004
 0.942798   0.9300126  0.93169737 0.93826497 0.93658435 0.9373161
 0.94172776 0.9462279  0.93829465 0.9370572  0.93988645 0.9355175
 0.93886185 0.92241454 0.9379379  0.9341115  0.94368184 0.93672824
 0.9297711  0.9381851  0.94120836 0.9415115  0.9378022  0.93797624
 0.93275565 0.93222797 0.9250711  0.92321813 0.9329459  0.9342496
 0.9290241  0.93037075 0.9347019  0.9358448 ]",1.4289015e-15,50.36177635192871,353.77453188826047
NNgHMC,0.1,autograd,high_dimensional_gaussian,SynchronousLeapfrog,0.1,"[0.9343662  0.9425747  0.92859197 0.94059694 0.9427134  0.9333606
 0.9332241  0.93478763 0.9304218  0.94383323 0.93683994 0.9279687
 0.93774956 0.9423237  0.93157136 0.94657516 0.9341892  0.9382516
 0.9368579  0.9371171  0.9343152  0.9436587  0.93228555 0.9372964
 0.9413344  0.93833184 0.93676555 0.93776643 0.9360091  0.9419435
 0.9350106  0.937835   0.9424268  0.94054174 0.93111336 0.94278276
 0.9382572  0.93422335 0.9429573  0.9382388  0.9383602  0.9327563
 0.94265836 0.92979145 0.9407693  0.92875934 0.9463321  0.93901765
 0.93797797 0.93966264 0.9364287  0.935729   0.9339447  0.9406761
 0.9397998  0.92936933 0.93109167 0.9354025  0.94337404 0.9414031
 0.93993807 0.9308642  0.93137264 0.9410061  0.9391664  0.9381697
 0.9427313  0.92974484 0.93157625 0.93824565 0.9365408  0.9372365
 0.94171804 0.94623536 0.93822086 0.9370307  0.93985146 0.9354407
 0.9387528  0.92204285 0.9377951  0.9339251  0.9436679  0.9365996
 0.9295366  0.9380102  0.94117594 0.94150496 0.93768823 0.93792117
 0.93256557 0.9320767  0.9245994  0.92273855 0.93288344 0.9340644
 0.9286338  0.93004817 0.9345383  0.93568486]",1.5291873e-15,47.120216846466064,328.44782437254304
NNODEgHMC,0.1,autograd,high_dimensional_gaussian,SynchronousLeapfrog,0.1,"[0.93432397 0.9425575  0.92862916 0.940639   0.94272935 0.9334054
 0.9332676  0.93481565 0.9303895  0.943789   0.93681735 0.9279438
 0.9377531  0.9423129  0.9316238  0.94660556 0.93414927 0.9382671
 0.9368369  0.9371195  0.93430126 0.94365835 0.93235767 0.9372999
 0.94130695 0.9383081  0.9367118  0.9377925  0.9359839  0.94195163
 0.93500984 0.9377885  0.94244385 0.94056606 0.93113315 0.9427843
 0.93826765 0.9342873  0.94298    0.9381908  0.9383584  0.9327531
 0.9426281  0.92973983 0.94075483 0.92872804 0.94633406 0.93902874
 0.93799484 0.93961    0.93644416 0.93569326 0.93396115 0.9406786
 0.93976545 0.92929685 0.9310734  0.9354073  0.9433675  0.94143057
 0.9399532  0.93079555 0.931422   0.94100094 0.93916243 0.9381895
 0.94275093 0.9298066  0.93156767 0.93819374 0.936536   0.93719405
 0.9416517  0.9462511  0.93820184 0.9370634  0.939854   0.935388
 0.9387754  0.92214555 0.9378125  0.9338977  0.9436785  0.9366018
 0.92958754 0.93802583 0.94115156 0.94150186 0.9377394  0.9379202
 0.93253726 0.9320239  0.92462075 0.9227886  0.9328517  0.9340474
 0.9287035  0.9301383  0.93452823 0.935671  ]",1.3273297e-14,37.439016342163086,321.4380592962923
Explicit NNODEgHMC,0.1,autograd,high_dimensional_gaussian,SynchronousLeapfrog,0.1,"[0.93015134 0.94081354 0.9238639  0.9387927  0.9415525  0.9299922
 0.9305412  0.9329271  0.9267303  0.94155234 0.93331456 0.92534226
 0.93675673 0.94007576 0.9291705  0.94569916 0.9322197  0.93579495
 0.9339169  0.93473005 0.9321283  0.9415517  0.9286047  0.9358796
 0.9389298  0.9367354  0.93143773 0.9353169  0.93338597 0.94088954
 0.9315426  0.9369788  0.940351   0.9374398  0.92572945 0.94150746
 0.9351246  0.92982805 0.9402003  0.9373131  0.9363303  0.9296124
 0.9396698  0.92763495 0.93889034 0.92511785 0.9444674  0.9368113
 0.93500566 0.9382825  0.93448126 0.9338006  0.9303273  0.9374172
 0.9375346  0.9266499  0.9279423  0.9324417  0.9416258  0.9394225
 0.93678904 0.928616   0.92821634 0.94033146 0.9365238  0.93641585
 0.941133   0.92577875 0.9304611  0.93648523 0.93294716 0.9341589
 0.94069755 0.9437814  0.9369094  0.9347231  0.93641734 0.9321692
 0.9370283  0.9186248  0.9350719  0.9303095  0.9420047  0.93353605
 0.9235038  0.93546885 0.93816936 0.939981   0.9349424  0.93583477
 0.92806864 0.9293744  0.92218804 0.9203166  0.9310252  0.93347406
 0.92605376 0.92538404 0.93178385 0.93382835]",1.7753694e-14,59.92855978012085,63.01196653090806
SymplecticNNgHMC,0.1,autograd,high_dimensional_gaussian,SynchronousLeapfrog,0.1,"[0.9345124  0.9425799  0.9288107  0.94064903 0.9427433  0.93346775
 0.933329   0.93486965 0.93060386 0.94380474 0.9369284  0.9281932
 0.93783736 0.9422864  0.9317257  0.9465952  0.93431515 0.93828315
 0.93685716 0.9371824  0.93440384 0.9436902  0.93257135 0.93741864
 0.94143426 0.9383644  0.9368329  0.9378435  0.9361178  0.94195074
 0.9352333  0.9379144  0.9424224  0.9405936  0.9313814  0.9427926
 0.9383826  0.93437326 0.9429996  0.93826455 0.9383222  0.93289584
 0.9426707  0.92990136 0.9407077  0.92893285 0.94631946 0.93907756
 0.9380021  0.93967927 0.9365057  0.93575543 0.93408155 0.9406872
 0.93982077 0.9294038  0.9313015  0.9355258  0.94334    0.94141567
 0.9399669  0.93109626 0.9316039  0.9410085  0.9392521  0.93828714
 0.9427859  0.92992616 0.9316964  0.9382738  0.9365835  0.93730867
 0.9417323  0.9461975  0.9382701  0.9370812  0.93990296 0.9354806
 0.9388261  0.9224564  0.9378935  0.93404984 0.9436841  0.9367589
 0.9297695  0.93816316 0.9411906  0.9414372  0.93780774 0.93797874
 0.9327564  0.9322349  0.9250004  0.9231884  0.93297756 0.934261
 0.92902625 0.9303853  0.93470776 0.93582267]",5.1663916e-05,64.52204990386963,369.16435174667544
GSymplecticNNgHMC,0.1,autograd,high_dimensional_gaussian,SynchronousLeapfrog,0.1,"[0.9346067  0.9425796  0.9286097  0.9405922  0.9427396  0.933366
 0.9333188  0.9347973  0.9305005  0.9437393  0.93683857 0.92799985
 0.9377669  0.9422703  0.93162525 0.9465744  0.9342951  0.938225
 0.93689793 0.9371685  0.9343354  0.94363916 0.93257487 0.9373344
 0.94136876 0.9382969  0.9367451  0.93777    0.93603677 0.94193953
 0.93516606 0.93781394 0.9424571  0.9405403  0.93131304 0.94271153
 0.9382858  0.9342946  0.9429421  0.9382262  0.9381992  0.9329671
 0.9426961  0.92988986 0.9407241  0.92885876 0.94638    0.93901074
 0.93796724 0.9396509  0.93639106 0.93567055 0.93409413 0.9406887
 0.9398546  0.92944276 0.93119574 0.9354131  0.9433503  0.94138
 0.93992364 0.93102705 0.931496   0.94096226 0.93920946 0.93822974
 0.94276273 0.9299598  0.93170184 0.93822837 0.9365262  0.9372043
 0.94173783 0.94617003 0.9382484  0.9371042  0.9399077  0.9354133
 0.9387913  0.92228985 0.9378984  0.9341258  0.9436439  0.93668115
 0.9297123  0.93813884 0.9411552  0.9414643  0.93775505 0.9379101
 0.93266934 0.93223447 0.9249228  0.92305684 0.9330718  0.93417895
 0.9288689  0.9303181  0.9346587  0.935748  ]",0.0003860765,27.608846426010132,326.3955268266083
GradSymplecticNNgHMC,0.1,autograd,high_dimensional_gaussian,SynchronousLeapfrog,0.1,"[0.93450946 0.9425801  0.9287965  0.9406883  0.942768   0.93347996
 0.93336296 0.93489236 0.9306021  0.9438065  0.93694305 0.9281616
 0.9378349  0.9423079  0.93175066 0.9465766  0.93429726 0.9383129
 0.9368851  0.93716085 0.9344026  0.9436748  0.9325967  0.9374118
 0.9414371  0.938393   0.9368442  0.9378551  0.93608713 0.9419602
 0.9352164  0.9378916  0.9424304  0.9405934  0.9313822  0.942784
 0.9383749  0.9343974  0.9430148  0.93830216 0.9383666  0.9329357
 0.9426891  0.92999125 0.940762   0.92894006 0.9463177  0.93909836
 0.9379963  0.93968534 0.9365253  0.93578357 0.93409556 0.94073105
 0.93983126 0.9294208  0.93132627 0.9355643  0.9433834  0.9414293
 0.93995064 0.9311303  0.93162507 0.9410081  0.93923724 0.9383043
 0.9427971  0.9299997  0.93170595 0.9382713  0.93658656 0.9373255
 0.9417325  0.94623154 0.9382986  0.93706906 0.9398893  0.9355196
 0.9388477  0.9224328  0.937937   0.9340994  0.94367564 0.9367428
 0.929758   0.93820024 0.94119805 0.94150007 0.93779886 0.93797415
 0.93277854 0.93224525 0.92508364 0.92321634 0.9329369  0.9342623
 0.9290246  0.9303662  0.9347009  0.935835  ]",3.5744213e-06,99.05207920074463,370.0822196492231
GradGSymplecticNNgHMC,0.1,autograd,high_dimensional_gaussian,SynchronousLeapfrog,0.1,"[0.934461   0.9425765  0.9286146  0.9405936  0.94275796 0.9334636
 0.93337107 0.93482256 0.9305212  0.94374245 0.9368925  0.9281416
 0.93775773 0.94229746 0.93162215 0.94654703 0.9341364  0.9383318
 0.9368936  0.93718565 0.9343244  0.9436209  0.9326088  0.93729514
 0.94138116 0.9383154  0.93677896 0.937847   0.93601453 0.9419509
 0.93526685 0.93787354 0.9424502  0.94058406 0.93131447 0.94275063
 0.93834305 0.93428516 0.9429614  0.9382758  0.93827856 0.9329891
 0.94265956 0.92990637 0.9407104  0.92893004 0.9463128  0.93897915
 0.93795574 0.9396622  0.9364431  0.9356541  0.9340086  0.94065046
 0.9398038  0.92938423 0.93130016 0.935461   0.94335    0.9414338
 0.9399513  0.93110895 0.9315065  0.94096273 0.93919796 0.9382557
 0.9427416  0.9300536  0.93167293 0.9382259  0.9366617  0.93716854
 0.94166696 0.9461851  0.9382026  0.93701077 0.9399252  0.935457
 0.93887633 0.92227113 0.9379     0.9340989  0.9436344  0.9367331
 0.9297277  0.9381169  0.9411863  0.94154084 0.9377538  0.9378888
 0.9327016  0.93219554 0.92488325 0.92322576 0.9330484  0.9341773
 0.9289497  0.9303099  0.934683   0.93583226]",0.00020376954,49.41389775276184,333.76497799409685
HMC,0.1,autograd,normal_normal,SynchronousLeapfrog,0.1,"[0.9419713  0.93967456 0.9297793  0.93966806 0.9120389  0.94961715
 0.95286006 0.94392747 0.928661   0.9400296  0.9522556  0.90814567
 0.9358915  0.9382409  0.94075763 0.94707745 0.9514103  0.928864
 0.95425737 0.9398617  0.9500806  0.9427699  0.9479529  0.9448103
 0.952114   0.938122   0.92938346 0.94952023 0.9384546  0.9219648
 0.9410369  0.9463192  0.9443313  0.95074797 0.9262359  0.95028126
 0.93458486 0.906227   0.9493997  0.90439355 0.9482479  0.93533945
 0.9467602  0.9411778  0.9477942  0.9494464  0.9495179  0.9448967
 0.91986406 0.9210528  0.9065296  0.94962597 0.94067955 0.93173236
 0.9495758  0.952697   0.904899   0.94624233 0.9224054  0.9217474
 0.9360646  0.9477781  0.90530133 0.94730234 0.95116585 0.94848585
 0.9545746  0.95482016 0.8825302  0.9385737  0.94016826 0.9375528
 0.9362115  0.93187875 0.9513957  0.9452853  0.9120536  0.94755507
 0.9426249  0.9365138  0.9555475  0.93730056 0.94025326 0.9488938
 0.94893116 0.9233715  0.9179621  0.94286406 0.95062006 0.95458287
 0.951983   0.93314475 0.93711394 0.9110489  0.9174875  0.95367014
 0.9087423  0.9364151  0.93878764 0.9188821 ]",2.13312e-15,79.92232275009155,469.8560873380105
NNgHMC,0.1,autograd,normal_normal,SynchronousLeapfrog,0.1,"[0.94150466 0.93974864 0.92989033 0.9398048  0.9023379  0.94973946
 0.9528856  0.9433273  0.9285879  0.93990266 0.9525361  0.9057827
 0.9358109  0.9383657  0.93993175 0.9472267  0.95141315 0.9280846
 0.95424974 0.9398634  0.95000243 0.94286555 0.9477962  0.94458693
 0.9522545  0.93808836 0.9271528  0.94969976 0.9385583  0.92208767
 0.94106215 0.94637144 0.94404244 0.950786   0.9265408  0.9509834
 0.93254125 0.9061109  0.94933987 0.903454   0.94871616 0.93541545
 0.9468756  0.9411063  0.94796675 0.94939464 0.9495896  0.9447764
 0.91874164 0.9211534  0.90662706 0.9498409  0.94073814 0.93163633
 0.9495748  0.9523756  0.9048624  0.94723463 0.92274964 0.92208433
 0.93593526 0.94775933 0.9066988  0.94722646 0.95128006 0.94842947
 0.9545741  0.95472217 0.8832194  0.93855953 0.9404887  0.9374275
 0.9350113  0.9315933  0.95139134 0.9464223  0.9091906  0.94768417
 0.9427117  0.93623847 0.9555259  0.93728036 0.9403281  0.9489357
 0.94930613 0.9256055  0.91774434 0.94315326 0.95069546 0.9545908
 0.9519891  0.93046343 0.93698525 0.9112374  0.91728485 0.9536106
 0.9086458  0.93666637 0.93948114 0.91951275]",1.0160622e-15,64.86237525939941,451.3047438771429
NNODEgHMC,0.1,autograd,normal_normal,SynchronousLeapfrog,0.1,"[0.9416051  0.939738   0.9298841  0.9398645  0.90514064 0.9498088
 0.9528575  0.94323707 0.92855346 0.9399345  0.95248574 0.9069967
 0.9357978  0.9384181  0.93989915 0.9472748  0.95143795 0.92810833
 0.9542505  0.9399226  0.9500453  0.94285524 0.947804   0.94459623
 0.952227   0.93807906 0.9277     0.9496557  0.9385557  0.9220128
 0.94106054 0.946388   0.9438796  0.9508003  0.92651737 0.9509125
 0.9330336  0.9060092  0.94935197 0.9033572  0.9486841  0.9353789
 0.9469093  0.94118404 0.94805825 0.9493537  0.94951934 0.9447648
 0.91881645 0.92102623 0.9064364  0.9497911  0.9407205  0.93173885
 0.9496455  0.9524192  0.9044652  0.94718313 0.9225497  0.92220473
 0.9359201  0.947684   0.9067565  0.94718826 0.9513341  0.9484401
 0.9545886  0.9547348  0.883342   0.93849486 0.94052947 0.9374747
 0.9355127  0.93169445 0.9513668  0.9463177  0.91081274 0.9477353
 0.94273233 0.9365942  0.9555113  0.9372866  0.9403116  0.9489305
 0.94927996 0.92527294 0.9181932  0.94315237 0.9507197  0.9545657
 0.95202017 0.9309397  0.9369668  0.9112002  0.91726846 0.9535848
 0.90865946 0.9368488  0.9395902  0.92015284]",1.847836e-14,42.31767797470093,411.4541510961841
Explicit NNODEgHMC,0.1,autograd,normal_normal,SynchronousLeapfrog,0.1,"[0.9430083  0.93945193 0.9278003  0.93976897 0.88884866 0.9489149
 0.9528057  0.93635    0.92411983 0.93948746 0.95176697 0.9019084
 0.9309977  0.93785757 0.93195105 0.9466111  0.95114934 0.9157351
 0.95423067 0.9379487  0.9484929  0.94085306 0.9482964  0.9447042
 0.95138586 0.93378925 0.9184691  0.9470498  0.93809    0.91677827
 0.939727   0.94296503 0.94023293 0.95029855 0.9212396  0.94912946
 0.91806304 0.90022373 0.9469594  0.89405715 0.94719243 0.9327244
 0.9454734  0.9379592  0.9471096  0.94954073 0.9489989  0.9383415
 0.91034496 0.9165443  0.900874   0.9473135  0.9384691  0.9292425
 0.94793594 0.95290864 0.89162797 0.9416992  0.91346014 0.9200206
 0.93204796 0.9427389  0.9028403  0.94733155 0.9504372  0.9492409
 0.9545194  0.9548068  0.8754033  0.9362018  0.93768406 0.93220663
 0.92721486 0.9279175  0.94997376 0.94331455 0.90521735 0.94629383
 0.94037145 0.9310304  0.9553342  0.93647575 0.93761945 0.94796556
 0.9454095  0.9273348  0.9187616  0.9412613  0.94978225 0.95466894
 0.95114917 0.91178524 0.936636   0.9124236  0.91354054 0.9525547
 0.90615743 0.93552923 0.93729806 0.915226  ]",2.5878795e-14,65.11804819107056,269.9691304802392
SymplecticNNgHMC,0.1,autograd,normal_normal,SynchronousLeapfrog,0.1,"[0.94106597 0.93995947 0.9299927  0.9393662  0.87348384 0.94888085
 0.9528174  0.94061077 0.92882967 0.9401722  0.95273113 0.89804566
 0.93512034 0.9381363  0.9380109  0.94650716 0.95098615 0.92565966
 0.95413435 0.938851   0.9488601  0.94234514 0.94796985 0.944483
 0.95203614 0.93748045 0.9173967  0.9489143  0.938732   0.92240405
 0.941432   0.94505584 0.94318426 0.9504007  0.9255392  0.9511471
 0.92208475 0.9080841  0.9482962  0.9060559  0.94911355 0.9354056
 0.94596064 0.9396751  0.94693744 0.9497657  0.9497807  0.94181395
 0.91523206 0.9217703  0.908594   0.94933146 0.94051397 0.93173695
 0.9483871  0.9518797  0.9071226  0.94659424 0.9225556  0.9194077
 0.9358643  0.94587123 0.90552825 0.9476068  0.9503194  0.9485342
 0.9544594  0.9544305  0.88645256 0.9384601  0.93943167 0.9362995
 0.92739546 0.93188477 0.9511182  0.9465205  0.89800644 0.9466893
 0.94223374 0.93149346 0.9553478  0.93740404 0.94002795 0.9489355
 0.94881797 0.92667264 0.91874266 0.94196504 0.95006764 0.9546989
 0.95144737 0.91804504 0.9379808  0.91218305 0.91792524 0.95318836
 0.9091059  0.9342092  0.93778765 0.91387355]",0.0004905851,63.313353538513184,1.3562027828618963
GSymplecticNNgHMC,0.1,autograd,normal_normal,SynchronousLeapfrog,0.1,"[0.9415266  0.93983257 0.92993546 0.94001764 0.904679   0.94981086
 0.95279634 0.94169986 0.9289427  0.9400176  0.9525231  0.91053534
 0.9358794  0.9382868  0.93968034 0.9472178  0.95155686 0.92801905
 0.95432806 0.9401226  0.9499916  0.94273853 0.9480095  0.9449744
 0.9519962  0.9382283  0.92625827 0.9489994  0.9386716  0.92252177
 0.9411196  0.94558823 0.9429077  0.95091367 0.92670035 0.950906
 0.92976177 0.9055699  0.94892025 0.90290374 0.94867754 0.93566793
 0.94703376 0.94113195 0.9479393  0.94944954 0.94950056 0.94414824
 0.91901314 0.9215101  0.9058735  0.9495029  0.9410244  0.9316403
 0.949576   0.95239925 0.90493816 0.9467697  0.92281294 0.9220761
 0.93595046 0.9469525  0.9028287  0.94739217 0.9513341  0.9487633
 0.9545371  0.95476377 0.88221836 0.93882436 0.9406285  0.9372238
 0.9337396  0.9315755  0.9511379  0.9462898  0.91621184 0.9478134
 0.9428768  0.9353663  0.9554722  0.93743443 0.94055027 0.9489783
 0.9492428  0.9259555  0.91620225 0.94284725 0.9508171  0.9546181
 0.9520161  0.9292903  0.9371845  0.90676755 0.91772306 0.9534583
 0.90911794 0.9367692  0.93915987 0.9225044 ]",0.00034785224,29.0770525932312,306.6447840431718
GradSymplecticNNgHMC,0.1,autograd,normal_normal,SynchronousLeapfrog,0.1,"[0.94100493 0.9399252  0.9299914  0.9392872  0.8754541  0.94882363
 0.9527771  0.94100755 0.9287032  0.94022083 0.95281136 0.89843005
 0.9350945  0.93808556 0.93815076 0.9464561  0.95095366 0.9260453
 0.95410705 0.93883437 0.94883364 0.94237804 0.9479598  0.9444785
 0.9520259  0.9374435  0.9178438  0.94899464 0.93870753 0.92221355
 0.9413726  0.9452602  0.9435083  0.9503471  0.92538595 0.95129097
 0.92273796 0.9081234  0.948403   0.9060186  0.94919837 0.9352938
 0.9458639  0.93968093 0.94685334 0.9498035  0.9498693  0.9421462
 0.9154451  0.92157984 0.90865755 0.949521   0.9404046  0.9316566
 0.9483735  0.9518339  0.90705985 0.94665587 0.9225022  0.9195473
 0.93584937 0.94616526 0.9055969  0.9475454  0.9502443  0.9485418
 0.9544791  0.9543996  0.8861775  0.93838453 0.9393076  0.9364263
 0.9278054  0.93179435 0.95120335 0.9467584  0.89865965 0.94664085
 0.94213486 0.93198097 0.95533407 0.93733716 0.9399292  0.9488914
 0.948938   0.92670524 0.91864395 0.9420347  0.95000595 0.95466185
 0.95142096 0.9189922  0.9378597  0.91215086 0.9177548  0.9532409
 0.9089626  0.9343865  0.93789786 0.91426766]",0.00025452464,79.2129774093628,1.7115069708742023
GradGSymplecticNNgHMC,0.1,autograd,normal_normal,SynchronousLeapfrog,0.1,"[0.9417645  0.9397518  0.9298153  0.9401059  0.908582   0.94977134
 0.9528402  0.9426176  0.9287667  0.93990016 0.952631   0.911042
 0.9360131  0.9384241  0.9397863  0.9472623  0.9515218  0.92778456
 0.9542893  0.9402007  0.9501014  0.94266146 0.9480223  0.9449551
 0.95205873 0.9382774  0.92740726 0.94924533 0.938605   0.92220676
 0.9409353  0.94584435 0.9437474  0.95084846 0.92669743 0.95098466
 0.93157804 0.9058908  0.9490346  0.90326774 0.94855756 0.9355117
 0.9469604  0.9413775  0.94796133 0.94940037 0.94978446 0.94488907
 0.91910744 0.9212574  0.90629756 0.9495592  0.940855   0.9315834
 0.9496937  0.9525337  0.9049732  0.9467076  0.92283314 0.9220268
 0.9360334  0.9474885  0.90234137 0.94729394 0.95130634 0.9487113
 0.95455873 0.9547903  0.88228506 0.93877524 0.9404785  0.93698233
 0.93467355 0.93156743 0.9511827  0.94636095 0.9174421  0.94778204
 0.9427397  0.93581724 0.9555175  0.93731654 0.9404037  0.9488658
 0.94922674 0.9255525  0.91643274 0.94295496 0.9507558  0.9545728
 0.9520377  0.9306585  0.936918   0.90687835 0.91741514 0.95357835
 0.9087181  0.93692464 0.9394158  0.9232318 ]",9.210062e-05,33.387776374816895,364.9391014685269
HMC,0.2,autograd,banana,SynchronousLeapfrog,0.1,"[0.89994586 0.9878437  0.97337806 0.8446676  0.91158295 0.9336479
 0.9321239  0.8708029  0.92938435 0.8757543  0.9346585  0.8474938
 0.9331012  0.69238394 0.99288243 0.86061424 0.9929959  0.9076747
 0.9344348  0.9213337  0.68678826 0.985417   0.71429336 0.9551825
 0.95811194 0.9768531  0.92182225 0.9223994  0.97510326 0.9752509
 0.9626877  0.94302547 0.8069617  0.9938315  0.51961476 0.95255965
 0.9077492  0.89749897 0.98808575 0.9538092  0.9674656  0.9142585
 0.9146453  0.8209171  0.8163449  0.9402336  0.77308    0.9387965
 0.9607054  0.95817804 0.83442706 0.91745895 0.8659152  0.9808151
 0.89758384 0.89804244 0.89776456 0.870644   0.9342418  0.97472155
 0.9431486  0.91048    0.9491207  0.8272288  0.913465   0.95978594
 0.9621401  0.97792834 0.93163514 0.72562957 0.8553271  0.9518652
 0.9744619  0.8913397  0.9310033  0.9498719  0.9450791  0.98259485
 0.97377646 0.9267213  0.95820034 0.9746541  0.9757999  0.970153
 0.98668945 0.8966052  0.9499334  0.9365601  0.9783053  0.92793286
 0.9249534  0.8792596  0.944462   0.9632251  0.9276599  0.9610564
 0.9763281  0.9900793  0.94551516 0.8554327 ]",8.657519e-14,22.3759708404541,1.507038188710227
NNgHMC,0.2,autograd,banana,SynchronousLeapfrog,0.1,"[0.8570425  0.95050806 0.8889622  0.5563454  0.68604344 0.90889
 0.7882773  0.5956278  0.9236846  0.4068211  0.4257471  0.8458919
 0.87650096 2.2548258  0.997777   0.21231699 0.99357104 0.63849354
 0.83929384 0.8468746  0.7287769  0.98315847 2.030447   0.7146956
 0.91397566 0.98672646 0.932927   0.920164   0.9722957  0.9552574
 0.5195176  0.38628662 0.24029271 0.97785896 0.5245347  0.8851409
 0.6821102  0.85147893 0.92947817 0.964863   0.962523   0.82284594
 0.786198   0.57163894 0.3267923  0.8548374  0.45402083 0.88852775
 0.21286768 0.5106248  0.7941556  0.53854054 0.64627767 0.9774121
 0.03045838 0.5104121  0.81776595 0.6079544  0.34467447 0.9678942
 0.822371   0.86866224 0.9134735  0.76488626 0.72852015 0.7608042
 0.54722214 0.79337454 0.7584232  0.6675984  0.9348172  0.66828024
 0.90001667 0.89160514 0.8747298  0.87332284 0.911438   0.85770106
 0.84509677 0.92927194 0.92103374 0.9732558  0.91475093 0.8153783
 0.9552617  0.73487806 0.9437894  0.97155714 0.78933334 0.9130429
 0.37978286 0.88253397 0.48824453 0.8159138  0.7820146  0.92944616
 0.97574604 0.98993015 0.85358286 0.80690163]",6.4903637e-15,16.71267580986023,13.112285149510308
NNODEgHMC,0.2,autograd,banana,SynchronousLeapfrog,0.1,"[0.8606455  0.97284544 0.9485806  0.37004566 0.78482485 0.813887
 0.68325555 0.35756797 0.954918   0.41648862 0.43528032 0.6889466
 0.9370014  1.8386278  0.99781024 0.0666713  0.9931462  0.74998367
 0.9203819  0.905398   0.67689514 0.98351586 1.6831155  0.82592934
 0.91401815 0.98757935 0.93291616 0.92093945 0.97059983 0.954668
 0.664032   0.65649915 0.7607543  0.97991276 0.51290476 0.93960464
 0.5582363  0.84563565 0.9679885  0.945261   0.962407   0.8272823
 0.5616821  0.5849514  0.02899532 0.85015094 0.88420427 0.83233523
 0.5388129  0.66436815 0.7956624  0.68880415 0.76059175 0.97796744
 0.22172725 0.22215569 0.36241874 0.31587097 0.5756893  0.92769784
 0.8352632  0.79375935 0.8278796  0.7649237  0.5853946  0.86109376
 0.759601   0.7999653  0.6157787  0.66844004 0.9179872  0.849391
 0.95628995 0.9283724  0.87890863 0.87684125 0.8423908  0.94118476
 0.85080063 0.9289001  0.9203815  0.9730558  0.97381544 0.9022748
 0.9583496  0.8572778  0.9228787  0.95161855 0.92666197 0.85945356
 0.5511067  0.8818078  0.63980126 0.93317306 0.6712319  0.83285064
 0.9757949  0.9896595  0.6894936  0.81218827]",2.2970027e-10,26.880585432052612,1.4248812858368813
Explicit NNODEgHMC,0.2,autograd,banana,SynchronousLeapfrog,0.1,"[0.9022908  0.9865302  0.97348344 0.24441299 0.8355596  0.11725103
 0.56377685 0.21987449 0.96337384 0.5899375  0.62764835 0.6892996
 0.93950355 1.8122896  0.99175185 0.18082607 0.99374676 0.8043015
 0.9318037  0.9269282  0.07226767 0.98248243 1.5463108  0.8697466
 0.9374902  0.9764606  0.9338602  0.9205861  0.95033854 0.96678776
 0.7403283  0.8626763  1.7905118  0.99512863 0.33753502 0.95783854
 0.42647967 0.66835725 0.98791254 0.91652834 0.96347845 0.88038445
 0.2642603  0.6186669  0.00459922 0.80051255 0.8844925  0.7516386
 0.86132526 0.7308108  0.776062   0.74519265 0.80873394 0.95803535
 0.33206874 0.17735122 0.02588953 0.23173082 0.5897628  0.89777637
 0.86439323 0.7419199  0.8161596  0.72125554 0.5042144  0.9031372
 0.83911836 0.9040348  0.53689456 0.6550519  0.88016117 0.94655246
 0.9729482  0.936876   0.9461211  0.9426737  0.7825979  0.9518801
 0.92714286 0.92842376 0.9361248  0.960345   0.93937653 0.93960047
 0.9886209  0.8668599  0.7368697  0.9515394  0.97593015 0.8555826
 0.6265534  0.83898735 0.7120337  0.96458864 0.56686383 0.7534385
 0.9774971  0.9902806  0.5791131  0.88791883]",5.655125e-11,46.81118297576904,1.3164476791687458
SymplecticNNgHMC,0.2,autograd,banana,SynchronousLeapfrog,0.1,"[0.88866156 0.9639549  0.8968207  0.5997845  0.7355156  0.85456824
 0.7690262  0.6509606  0.9385413  0.5081254  0.51884395 0.88768023
 0.7773075  2.8858287  0.99600244 0.28949875 0.99193114 0.6905782
 0.8132633  0.82885695 0.5976566  0.98541427 2.320829   0.68301606
 0.92547023 0.9863784  0.9278412  0.9246596  0.9710903  0.9595901
 0.5383052  0.13840663 0.06396721 0.9913964  0.37095612 0.90632313
 0.6492765  0.7412402  0.94416475 0.9620718  0.95969737 0.86175907
 0.87911594 0.5275843  0.45591325 0.81683695 0.2969057  0.8704354
 0.13329737 0.5276665  0.76369655 0.5309857  0.6719348  0.9712063
 0.02289512 0.6428491  1.4224485  0.7001394  0.12918532 0.96139956
 0.80337137 0.8484652  0.9111414  0.7392926  0.7245635  0.74187154
 0.36661443 0.85188425 0.7620541  0.64997387 0.9362112  0.49768013
 0.9145924  0.9004067  0.9150791  0.89726704 0.89451015 0.8316225
 0.8926234  0.9280696  0.9274635  0.9675676  0.7999139  0.8213932
 0.97492635 0.62373847 0.8593471  0.9593711  0.6307899  0.89501417
 0.32313454 0.8707215  0.51703167 0.64556044 0.75576293 0.9280839
 0.97537553 0.9887793  0.8907735  0.84647596]",0.012568135,48.0840265750885,1.283887438533831
GSymplecticNNgHMC,0.2,autograd,banana,SynchronousLeapfrog,0.1,"[0.88721293 0.9703307  0.9048443  0.49594206 0.7312698  0.04658464
 0.72959375 0.17430437 0.945661   0.5144656  0.53810835 0.7478134
 0.9320011  2.087663   0.99663293 0.12883593 0.99307585 0.6862389
 0.84134525 0.8520179  0.0614195  0.98280215 1.8810756  0.72980064
 0.92412424 0.9865351  0.933895   0.9183407  0.9682171  0.95832837
 0.5720593  0.9147472  2.0748858  0.9902686  0.41589952 0.90718126
 0.6172594  0.7944204  0.9520876  0.95641327 0.9628515  0.8558841
 0.15684271 0.5907293  0.21594863 0.84946024 0.6441071  0.84804237
 0.9125105  0.5570115  0.7968105  0.5750314  0.6869518  0.9700173
 0.0963839  0.20291263 0.04444444 0.5088582  0.5337353  0.9517393
 0.8392149  0.84046954 0.82868403 0.754127   0.68439007 0.77669424
 0.8547787  0.8561608  0.71682894 0.6734318  0.9235358  0.95462525
 0.9167327  0.9109418  0.9115542  0.8991951  0.88913363 0.8659725
 0.8925831  0.9308194  0.92703664 0.9684722  0.9104271  0.8355603
 0.97416973 0.8549516  0.67030764 0.96467066 0.97829837 0.8598013
 0.41762626 0.8730973  0.5429534  0.963128   0.73350495 0.73067397
 0.9740059  0.9901477  0.5465781  0.84901094]",0.015298577,14.779976844787598,1.2929609888326339
GradSymplecticNNgHMC,0.2,autograd,banana,SynchronousLeapfrog,0.1,"[0.87572736 0.9766978  0.9292223  0.5135088  0.78163975 0.8579976
 0.7184919  0.5736604  0.9564073  0.48872465 0.4848269  0.84437466
 0.8340077  2.5321276  0.9975316  0.17218864 0.9926984  0.7435598
 0.86062235 0.86977756 0.6128048  0.9824724  2.0518243  0.75965834
 0.91981673 0.9875784  0.93387306 0.9206511  0.9649699  0.9557446
 0.6263522  0.28979278 0.07714628 0.9861362  0.3966845  0.9334385
 0.5923271  0.80567694 0.9646238  0.95349663 0.9626998  0.84337986
 0.8215768  0.56893814 0.3509708  0.8647744  0.44658178 0.83827126
 0.06013852 0.618698   0.78932095 0.6187927  0.739202   0.97420216
 0.11940403 0.54075265 1.0942749  0.5076313  0.30216655 0.941247
 0.8341336  0.80946684 0.88439214 0.7602641  0.65371275 0.80778074
 0.50612855 0.8302969  0.6937391  0.6709687  0.92375773 0.6030013
 0.9438461  0.92495    0.89144206 0.878898   0.86212367 0.8861036
 0.87698793 0.9309544  0.9218534  0.97214574 0.85987157 0.87089604
 0.9680287  0.7234714  0.8926749  0.9674643  0.7285223  0.87917554
 0.44036293 0.8801405  0.60314775 0.74460196 0.6999315  0.90735984
 0.9743719  0.98962307 0.8454068  0.8371927 ]",0.019480646,71.50965666770935,1.3144724049960597
GradGSymplecticNNgHMC,0.2,autograd,banana,SynchronousLeapfrog,0.1,"[0.86859846 0.96059453 0.87157005 0.5630693  0.67709416 0.6345196
 0.76056814 0.5925567  0.929578   0.45941567 0.47871742 0.88938946
 0.82844085 2.4978137  0.9973197  0.26451355 0.99309385 0.6229142
 0.7682025  0.81572104 0.541111   0.9839624  2.1172307  0.65275574
 0.91715735 0.98785156 0.93387115 0.9187018  0.97023785 0.95466805
 0.48594075 0.569731   0.84929836 0.98776996 0.48981556 0.8711128
 0.6615765  0.80580634 0.93482244 0.9593345  0.9617504  0.8493608
 0.6736285  0.5665784  0.40590584 0.85131186 0.2959481  0.8652142
 0.53686655 0.45800313 0.7973537  0.4805492  0.6095048  0.97548074
 0.02770557 0.5562741  0.7370186  0.7131772  0.18928102 0.96600366
 0.8218298  0.8777124  0.9168398  0.7565125  0.75629014 0.7109992
 0.5300163  0.8259506  0.78583336 0.67384374 0.9250866  0.7790679
 0.8771101  0.88910985 0.90202355 0.8952713  0.91856277 0.7840241
 0.8702797  0.93097067 0.9213625  0.97072095 0.95196617 0.7829661
 0.97045773 0.6625754  0.9284501  0.95486736 0.8366632  0.9035473
 0.30621624 0.87655175 0.4531082  0.8617319  0.7806686  0.9221928
 0.97403336 0.98978657 0.8455348  0.83601135]",0.0037930103,18.819665908813477,1.3023146598451012
HMC,0.2,autograd,gaussian,SynchronousLeapfrog,0.3,"[0.920089   0.9400114  0.92478174 0.92970484 0.9468883  0.94083035
 0.9256928  0.9505341  0.88760155 0.9232726  0.9372374  0.9425452
 0.9549799  0.94436157 0.9450077  0.93503374 0.94992125 0.95413244
 0.95716953 0.93967617 0.89833915 0.930154   0.9524466  0.9221909
 0.9459201  0.94649386 0.94497013 0.9519359  0.9527739  0.9192736
 0.9418678  0.9014114  0.93731534 0.92920065 0.9550783  0.94421875
 0.94737387 0.93675625 0.9396221  0.93663394 0.92558944 0.9494187
 0.9391427  0.9334859  0.9539002  0.94433784 0.94298875 0.92430013
 0.8915104  0.9516975  0.93827486 0.9463209  0.88107985 0.92881525
 0.9437229  0.9545665  0.953067   0.9032062  0.9512805  0.95441675
 0.9571663  0.9300374  0.9494416  0.9497565  0.94970006 0.9514164
 0.9445734  0.93785757 0.9444895  0.94315267 0.94792736 0.9338109
 0.95458925 0.9172648  0.9488673  0.94310844 0.94500875 0.94312036
 0.9514092  0.9135334  0.9175872  0.9475732  0.90565366 0.93662894
 0.95269144 0.93562806 0.94353235 0.934029   0.9283063  0.9461055
 0.9242565  0.94683397 0.95522475 0.93656564 0.9476888  0.93835896
 0.9518191  0.9290279  0.9420544  0.9426009 ]",3.3682432e-15,17.390658617019653,2564.2805654765284
NNgHMC,0.2,autograd,gaussian,SynchronousLeapfrog,0.3,"[0.91901684 0.93994606 0.92357653 0.93098533 0.9476327  0.9413228
 0.9250342  0.9504425  0.88342017 0.9202246  0.9371128  0.942016
 0.9547919  0.94526803 0.9446064  0.9341321  0.94972265 0.95444983
 0.95761025 0.93893945 0.8985702  0.92939156 0.95259666 0.9218609
 0.94676566 0.94694084 0.9453518  0.9523854  0.9530873  0.9189989
 0.9421716  0.8984865  0.93720454 0.928477   0.95551395 0.9440808
 0.9475759  0.9371905  0.9401919  0.9364877  0.92599964 0.9501111
 0.93981516 0.93302596 0.9539026  0.9449942  0.9433786  0.9245803
 0.88937205 0.95192623 0.9386913  0.9465499  0.8751344  0.9297962
 0.94395393 0.9542068  0.95324945 0.8993453  0.95126593 0.9544654
 0.95782125 0.9294437  0.9492609  0.94950217 0.9500162  0.9516759
 0.9448991  0.9377829  0.9445785  0.9429695  0.948061   0.9342825
 0.95539796 0.91602516 0.94910944 0.94315374 0.9450654  0.9433274
 0.95145833 0.9156145  0.9181019  0.9485154  0.90791315 0.9369812
 0.9528569  0.93524635 0.94362134 0.93386555 0.9280313  0.94584215
 0.9241495  0.9472369  0.9552867  0.9368366  0.94768655 0.9382099
 0.9515945  0.92907834 0.94267315 0.9424161 ]",7.126059e-15,16.34333634376526,2555.3269179117583
NNODEgHMC,0.2,autograd,gaussian,SynchronousLeapfrog,0.3,"[0.91898155 0.9397999  0.92364824 0.9313594  0.94767094 0.9414792
 0.9250695  0.9502963  0.8814923  0.91984224 0.9372007  0.94195527
 0.9547183  0.94527787 0.94454116 0.9338794  0.94965905 0.95437115
 0.95760953 0.9394027  0.8983474  0.92906094 0.95262504 0.92189395
 0.9467863  0.94686747 0.9452362  0.9524294  0.953164   0.91964376
 0.9420233  0.89967    0.9372017  0.9285251  0.9555112  0.94419277
 0.94752324 0.9370434  0.9401846  0.93649405 0.926092   0.95021677
 0.9394836  0.93307185 0.9539188  0.9451522  0.94329965 0.92443323
 0.89114344 0.95191    0.93887395 0.9464216  0.87506855 0.92987007
 0.94406426 0.95428723 0.953357   0.89869964 0.9513793  0.95444345
 0.95779294 0.929032   0.9492693  0.9494418  0.95009434 0.9518594
 0.94487333 0.93772125 0.94467896 0.9429945  0.9480666  0.9345042
 0.9554126  0.9158058  0.9490483  0.94318455 0.94520795 0.9433651
 0.9514758  0.91583866 0.9181992  0.9485396  0.9083004  0.9366574
 0.95286655 0.93514395 0.94377583 0.93334043 0.9282484  0.9457977
 0.92374384 0.9472538  0.95526123 0.9368648  0.9476592  0.938329
 0.95152676 0.92915076 0.9428152  0.94245577]",2.7432932e-14,13.194195032119751,2538.7336534680867
Explicit NNODEgHMC,0.2,autograd,gaussian,SynchronousLeapfrog,0.3,"[0.9031393  0.91165304 0.88527393 0.75466335 0.9271097  0.9305264
 0.8000376  0.93412006 0.83473724 0.8392215  0.87941647 0.93859184
 0.95749044 0.8637992  0.94029987 0.9085618  0.8910265  0.95507205
 0.95130336 0.90849805 0.88408816 0.9031544  0.9485859  0.85037655
 0.9198184  0.9407572  0.9188799  0.8885352  0.9259132  0.82379836
 0.92700815 0.85440826 0.92787075 0.9181117  0.93789023 0.9404268
 0.9317419  0.93527555 0.9407091  0.91693187 0.8269286  0.9391432
 0.9277109  0.9049716  0.9490613  0.93934107 0.91250366 0.9242892
 0.8727276  0.93782556 0.9169426  0.92814916 0.8033215  0.8987376
 0.94253504 0.94878286 0.9486135  0.81646746 0.95780414 0.9523751
 0.9453492  0.85182035 0.9498402  0.92313254 0.9467229  0.9476136
 0.9194354  0.9270181  0.9366719  0.88487566 0.943777   0.9143531
 0.91300035 0.7501128  0.9405939  0.9417666  0.9398321  0.8706562
 0.9508096  0.9330747  0.88836706 0.88811207 0.89075065 0.92821217
 0.94926405 0.90596735 0.9399884  0.9018264  0.9115083  0.9188858
 0.8471834  0.9399991  0.9404676  0.93357754 0.9355361  0.9007791
 0.94097316 0.84647554 0.9484434  0.9114916 ]",3.206035e-13,20.75535297393799,143.46810694886935
SymplecticNNgHMC,0.2,autograd,gaussian,SynchronousLeapfrog,0.3,"[0.9205634  0.93991995 0.9251268  0.9282279  0.9470355  0.9407732
 0.9250614  0.9505528  0.88782763 0.92304707 0.9372527  0.94282806
 0.95476055 0.9440729  0.944803   0.93519926 0.949804   0.9538714
 0.9573524  0.9395773  0.89860225 0.9302     0.95234984 0.9221327
 0.94603443 0.9460416  0.94512403 0.9517583  0.95271206 0.9190199
 0.9415208  0.90091443 0.93734825 0.92916596 0.95492554 0.94409436
 0.94705236 0.9365282  0.9393871  0.936025   0.92549646 0.9496495
 0.9386219  0.9333072  0.95402014 0.9440831  0.94259787 0.92430055
 0.8912744  0.9513485  0.9379926  0.94645536 0.88109076 0.92857045
 0.9434797  0.95472336 0.9531194  0.90318143 0.95146453 0.95440143
 0.95677584 0.929734   0.9494502  0.94971913 0.94995373 0.9515981
 0.9448075  0.93793535 0.94441956 0.9429475  0.9479331  0.9337921
 0.95433867 0.916998   0.94909066 0.94287443 0.9448766  0.94315374
 0.9516916  0.91318816 0.91707695 0.94747853 0.90552706 0.93622637
 0.9529121  0.9352373  0.9438457  0.9340455  0.9280879  0.9461379
 0.92371196 0.9469757  0.95514715 0.9366511  0.94766444 0.9382908
 0.95181155 0.92913437 0.94228697 0.9426211 ]",0.00048156048,25.988935708999634,2556.1498784420314
GSymplecticNNgHMC,0.2,autograd,gaussian,SynchronousLeapfrog,0.3,"[0.9202842  0.94002724 0.9249002  0.9295739  0.9470085  0.940865
 0.9254827  0.9504504  0.88749474 0.9231908  0.9373061  0.9427142
 0.9548439  0.94406533 0.94488907 0.9351362  0.9499372  0.95391005
 0.9571797  0.9396698  0.89851063 0.9299904  0.95233583 0.9221043
 0.94590807 0.946347   0.9449773  0.9519633  0.952815   0.9191003
 0.94161105 0.9011912  0.9376485  0.9293697  0.9548847  0.9442023
 0.9471786  0.9366977  0.9393544  0.9362671  0.9259383  0.94950056
 0.9389223  0.93395233 0.95402354 0.9440856  0.9427197  0.9242055
 0.8914539  0.95154184 0.9380733  0.9464283  0.8811616  0.92886746
 0.94364804 0.954744   0.9530971  0.90349483 0.9514893  0.95440215
 0.95696753 0.9298601  0.94943273 0.94973505 0.9497783  0.95146054
 0.94455254 0.93792677 0.9444553  0.94297564 0.9478044  0.9338021
 0.9544074  0.9171628  0.9489932  0.9430839  0.9449936  0.94309855
 0.9514098  0.9138097  0.91734046 0.9475743  0.90535855 0.9364861
 0.9528127  0.9352429  0.94374883 0.93411577 0.9282643  0.9461626
 0.9243506  0.94689643 0.95519274 0.93665266 0.94774556 0.93863887
 0.95166826 0.9292168  0.94226253 0.942636  ]",5.7088946e-05,9.660147428512573,53.47962104468934
GradSymplecticNNgHMC,0.2,autograd,gaussian,SynchronousLeapfrog,0.3,"[0.92078155 0.94004536 0.92574453 0.93029714 0.9474039  0.9414455
 0.9259808  0.9506303  0.88757867 0.9236826  0.93778557 0.94270694
 0.95481336 0.9450463  0.9448894  0.9350526  0.95001554 0.9540903
 0.95755094 0.9399802  0.89858544 0.93082064 0.9523953  0.92288065
 0.9465396  0.946386   0.9452051  0.95218444 0.9529904  0.92003316
 0.9419951  0.90139955 0.9372265  0.9295284  0.9551898  0.94411755
 0.94752157 0.936897   0.93990636 0.9370651  0.92568344 0.94988215
 0.93908876 0.9332754  0.953969   0.944205   0.9432584  0.9242625
 0.89144695 0.95177007 0.93833876 0.9468045  0.8807191  0.9294266
 0.9436029  0.95465845 0.95320356 0.90383613 0.95145583 0.9544088
 0.9572201  0.930608   0.9494791  0.94974536 0.9501102  0.9517932
 0.94510484 0.9377546  0.9444429  0.94385386 0.94792956 0.9338157
 0.95491564 0.9173745  0.9489945  0.9429714  0.944894   0.94364965
 0.95163006 0.913541   0.9177128  0.9481362  0.90558785 0.9365152
 0.9528941  0.9359574  0.944189   0.93416107 0.9282851  0.94633484
 0.92496747 0.94710135 0.95524025 0.93661135 0.9476196  0.93837476
 0.95184517 0.929234   0.9421654  0.9426168 ]",6.59928e-05,51.35186004638672,2563.7979658588943
GradGSymplecticNNgHMC,0.2,autograd,gaussian,SynchronousLeapfrog,0.3,"[0.92026204 0.9401733  0.9251485  0.93133247 0.94709146 0.9410801
 0.92623293 0.95066345 0.8872918  0.9238145  0.93772745 0.94261044
 0.9550009  0.9452026  0.94498515 0.9351079  0.95018864 0.9543232
 0.9572693  0.939883   0.89843094 0.9305223  0.9524781  0.92302626
 0.94626826 0.9466915  0.9450717  0.95229053 0.95300436 0.92033833
 0.94221675 0.9016091  0.93739915 0.9293596  0.9553218  0.9442372
 0.94765556 0.9369068  0.9399513  0.937236   0.9260909  0.9495408
 0.93941486 0.93364525 0.9539158  0.944394   0.9434671  0.92440414
 0.8915491  0.95196354 0.9386219  0.9465833  0.88087606 0.9291913
 0.9437983  0.9545269  0.95314014 0.90423703 0.95116854 0.9544134
 0.9574785  0.9305613  0.94942963 0.949861   0.94973516 0.95148945
 0.94493055 0.93773717 0.94457114 0.9439602  0.9479197  0.93382806
 0.955104   0.91748446 0.9488522  0.9431312  0.9450528  0.9437932
 0.95142615 0.9137441  0.9179203  0.9480755  0.90570426 0.93676853
 0.95274985 0.9361631  0.9437031  0.9342561  0.928462   0.94638956
 0.92511046 0.94684374 0.9553226  0.9365436  0.94773793 0.9385454
 0.95189    0.929301   0.9420015  0.9427373 ]",8.4655156e-05,14.08754277229309,2558.616156688033
HMC,0.2,autograd,high_dimensional_gaussian,SynchronousLeapfrog,0.1,"[0.93328583 0.931637   0.9334663  0.9345139  0.9372945  0.9358043
 0.931551   0.9383558  0.9352759  0.94580054 0.9266348  0.93327785
 0.9441484  0.93924755 0.92713726 0.9406101  0.9381347  0.9381653
 0.9401622  0.9335908  0.9302927  0.930563   0.92887485 0.942979
 0.93170106 0.9323896  0.9363734  0.93965805 0.94545114 0.9402043
 0.94237506 0.9425669  0.9353377  0.9393365  0.9192718  0.9368229
 0.9397688  0.939072   0.93977714 0.94349706 0.93567276 0.9295761
 0.9436302  0.9443924  0.9363439  0.94699955 0.9263682  0.93637705
 0.9395652  0.94296694 0.9485631  0.94303817 0.9366169  0.93613183
 0.93591917 0.9400171  0.9320223  0.9368679  0.93331456 0.935801
 0.9408617  0.9421215  0.9399662  0.9441377  0.9427082  0.9380803
 0.93724984 0.933983   0.93382424 0.9284234  0.9378335  0.9322157
 0.94094265 0.9348442  0.93326586 0.9353578  0.9311279  0.93527544
 0.93448246 0.93898    0.93657684 0.9334366  0.93155396 0.9431882
 0.9355     0.9343135  0.9332327  0.9400982  0.9268646  0.9388634
 0.93879527 0.9318905  0.92207164 0.9331602  0.9413025  0.9377236
 0.9424278  0.929173   0.93409026 0.9312482 ]",1.3558543e-15,51.436249017715454,329.4186311660649
NNgHMC,0.2,autograd,high_dimensional_gaussian,SynchronousLeapfrog,0.1,"[0.9332222  0.9315649  0.9333779  0.9344505  0.93724126 0.93572253
 0.93141687 0.93829834 0.9352085  0.9457946  0.9265455  0.9332306
 0.9441626  0.939235   0.92699045 0.9406066  0.9381188  0.93813485
 0.94015396 0.93349427 0.9301934  0.9303173  0.92866343 0.94298404
 0.9316737  0.9322429  0.9362723  0.93958396 0.9454619  0.94022
 0.9423666  0.94258755 0.93526495 0.9393352  0.9189439  0.93673944
 0.9397912  0.9390216  0.9397352  0.94349194 0.9355799  0.9293879
 0.9436202  0.944402   0.9363178  0.94701326 0.92616594 0.9363484
 0.93954635 0.9429933  0.9486189  0.94303083 0.9365646  0.93609303
 0.9358438  0.9399931  0.9319116  0.936785   0.9331906  0.9357196
 0.9408021  0.9421245  0.9399252  0.9441627  0.9426999  0.9380542
 0.9372182  0.93387383 0.9337446  0.9282453  0.9378376  0.932121
 0.94097656 0.9348389  0.9331686  0.93525517 0.9310416  0.9352336
 0.9344074  0.938904   0.93651026 0.9333231  0.9314275  0.94320154
 0.9354636  0.9342393  0.93309844 0.9401101  0.9267273  0.9388288
 0.93877715 0.9317961  0.92171115 0.9330436  0.9413282  0.9377133
 0.9424162  0.9290476  0.9340452  0.93109596]",1.7218261e-15,47.83663773536682,310.1461331032844
NNODEgHMC,0.2,autograd,high_dimensional_gaussian,SynchronousLeapfrog,0.1,"[0.93321824 0.9315138  0.93335617 0.93441534 0.93730915 0.93572366
 0.93136334 0.93830574 0.93520516 0.94580793 0.9264964  0.9331946
 0.944147   0.93923223 0.9268922  0.9405665  0.9381563  0.93813366
 0.94013107 0.933476   0.930197   0.93034023 0.92867744 0.9429738
 0.9316449  0.9322727  0.93630093 0.9396202  0.9454631  0.9402263
 0.9423729  0.94258565 0.9352317  0.93929756 0.91893095 0.9366867
 0.9397807  0.9390298  0.93976784 0.94352186 0.9355897  0.92932546
 0.9436361  0.94440174 0.93631685 0.9470307  0.92620504 0.9363389
 0.9395613  0.9429712  0.9485965  0.9429972  0.9365895  0.93607634
 0.9358597  0.93999755 0.9319215  0.9367852  0.93319345 0.9357528
 0.94083726 0.94212997 0.9399263  0.9441581  0.942706   0.9380344
 0.93721867 0.933833   0.9337551  0.9282361  0.9378333  0.9321174
 0.94098663 0.93478465 0.9331502  0.9352561  0.93098944 0.9352385
 0.93443125 0.9389496  0.93650424 0.9333624  0.93140525 0.94318616
 0.93542576 0.93419266 0.9330911  0.9401325  0.92675054 0.93879926
 0.9387867  0.93177646 0.9216651  0.9330028  0.941316   0.9377135
 0.9424175  0.92908496 0.9339783  0.9310922 ]",1.3209577e-14,37.46567964553833,308.50751125306937
Explicit NNODEgHMC,0.2,autograd,high_dimensional_gaussian,SynchronousLeapfrog,0.1,"[0.9304862  0.92846394 0.9305558  0.93062824 0.9341407  0.93464506
 0.9268602  0.93694437 0.9329197  0.9438173  0.92379296 0.93014574
 0.94286466 0.9370513  0.92455184 0.9381945  0.93563247 0.93564403
 0.93640196 0.92957103 0.92941    0.9266043  0.922471   0.9415168
 0.9267418  0.9305689  0.934118   0.93766093 0.9444439  0.93749213
 0.94108504 0.9405171  0.9329729  0.9393096  0.9154617  0.9336394
 0.9363248  0.93676656 0.936121   0.9408955  0.9326551  0.92490786
 0.94097495 0.94232357 0.9329945  0.9454228  0.9205596  0.9314158
 0.93777597 0.9401715  0.9476365  0.93998337 0.933799   0.9332218
 0.9340267  0.93842447 0.9313897  0.9338956  0.93010867 0.9328679
 0.9389259  0.9391173  0.9379291  0.94232655 0.94135916 0.93505925
 0.9337613  0.9317488  0.9324626  0.9237541  0.9349215  0.9272153
 0.9387929  0.9330505  0.927968   0.9319242  0.9279544  0.9342114
 0.93256414 0.935023   0.9325179  0.9302446  0.9277413  0.94200534
 0.93280923 0.92932385 0.9298732  0.9361593  0.9214406  0.9377839
 0.9354281  0.9279873  0.9169582  0.9291555  0.9381541  0.9346063
 0.9399017  0.9270042  0.92844915 0.9268653 ]",1.9110754e-14,58.85891842842102,53.77432901605086
SymplecticNNgHMC,0.2,autograd,high_dimensional_gaussian,SynchronousLeapfrog,0.1,"[0.93330956 0.9316244  0.93344975 0.93450975 0.9373085  0.93579006
 0.93154925 0.93835324 0.935289   0.94579625 0.9266431  0.93327415
 0.9441514  0.9392502  0.9271544  0.9406008  0.9381261  0.93815416
 0.9401631  0.9335882  0.93031394 0.93055654 0.9288825  0.94298214
 0.9317002  0.9323834  0.9363673  0.93965864 0.9454508  0.94020224
 0.94238865 0.9425656  0.93533957 0.9393405  0.9192854  0.93682086
 0.93978655 0.93907297 0.93977255 0.9435034  0.9356607  0.9295547
 0.94361585 0.94439596 0.93633604 0.9470023  0.9263455  0.93637025
 0.93956727 0.94296825 0.94856715 0.94302654 0.93661135 0.93614715
 0.93592215 0.9400026  0.9320264  0.9368512  0.933306   0.93579644
 0.94085824 0.94212884 0.9399657  0.9441468  0.9426999  0.93807685
 0.9372492  0.9339806  0.93384004 0.9284109  0.93782616 0.9322084
 0.9409253  0.9348487  0.93327796 0.93534625 0.93112296 0.9352569
 0.93449515 0.9389715  0.9366088  0.9334285  0.9315478  0.94318527
 0.93549776 0.93429613 0.9332137  0.9400994  0.92685115 0.93886393
 0.9388088  0.93189466 0.9220686  0.93315333 0.94128704 0.93772763
 0.9424176  0.9291827  0.9340925  0.93127537]",5.0859053e-06,77.54753804206848,347.27162043616084
GSymplecticNNgHMC,0.2,autograd,high_dimensional_gaussian,SynchronousLeapfrog,0.1,"[0.9333143  0.9316246  0.93347645 0.9345245  0.93728256 0.93577766
 0.93152237 0.93833876 0.9352681  0.9458181  0.926641   0.93328875
 0.9441638  0.9392519  0.9271673  0.94061124 0.9380886  0.93816686
 0.94018376 0.9335382  0.93028116 0.9305761  0.9288311  0.9429991
 0.93168277 0.93242276 0.93636787 0.93971145 0.94545746 0.94020647
 0.9423722  0.94256103 0.93533564 0.9393548  0.9192051  0.9368267
 0.9397723  0.9390727  0.9397666  0.94348013 0.935665   0.9295759
 0.94365203 0.94442976 0.93633145 0.94701385 0.92636716 0.93638223
 0.93956345 0.94297266 0.9485749  0.9430439  0.93661964 0.93613815
 0.93590206 0.9400124  0.9320599  0.93685645 0.93332285 0.935786
 0.94086874 0.9421215  0.9399738  0.9441365  0.9427198  0.9380862
 0.93726605 0.93399274 0.93382215 0.9284562  0.93779725 0.93224096
 0.9409236  0.93484485 0.933272   0.9354094  0.9311454  0.9352872
 0.93447506 0.9389619  0.93658084 0.93342036 0.9315566  0.9431645
 0.93553275 0.9342975  0.933211   0.94008017 0.926821   0.93887776
 0.9387909  0.9318975  0.9220661  0.933205   0.94131124 0.93773496
 0.9424341  0.92913866 0.934092   0.9312128 ]",4.7212234e-05,32.40860891342163,340.1139189354966
GradSymplecticNNgHMC,0.2,autograd,high_dimensional_gaussian,SynchronousLeapfrog,0.1,"[0.93328846 0.93162936 0.9334574  0.9345171  0.9372958  0.9358012
 0.9315638  0.9383597  0.93527985 0.94580305 0.9266372  0.93327636
 0.94415426 0.9392461  0.92714715 0.9406117  0.93813866 0.93816817
 0.9401654  0.9336003  0.93028903 0.9305627  0.92888135 0.94298404
 0.93170214 0.93240213 0.93637884 0.9396634  0.9454524  0.9402129
 0.9423778  0.9425749  0.9353452  0.9393413  0.9192722  0.9368267
 0.9397758  0.9390711  0.93977034 0.9434972  0.93567175 0.92957664
 0.94362515 0.9443965  0.9363503  0.94700325 0.92635775 0.9363691
 0.93956757 0.94296926 0.9485663  0.9430417  0.9366223  0.9361428
 0.93592113 0.9400191  0.93202186 0.93687123 0.93332136 0.9358033
 0.9408606  0.94212407 0.9399674  0.9441371  0.9427041  0.9380827
 0.937251   0.93398046 0.93383265 0.92842144 0.93783855 0.93221873
 0.94093597 0.9348497  0.9332713  0.9353678  0.931137   0.9352659
 0.9344801  0.93898386 0.93658876 0.93342876 0.93155134 0.9431809
 0.9355074  0.93431485 0.93323725 0.94010615 0.9268695  0.9388666
 0.93879986 0.93189514 0.92207617 0.93315923 0.9413001  0.93771446
 0.942428   0.92917365 0.9341013  0.9312501 ]",1.1969853e-06,155.52395057678223,344.4799860196385
GradGSymplecticNNgHMC,0.2,autograd,high_dimensional_gaussian,SynchronousLeapfrog,0.1,"[0.93329525 0.9316418  0.93344754 0.93451595 0.9373006  0.9357878
 0.9315202  0.9383607  0.93526936 0.9458002  0.9266695  0.93330187
 0.9441475  0.9392466  0.9271662  0.9406059  0.93814087 0.93816936
 0.9401921  0.93359184 0.93029404 0.9305805  0.92884016 0.9429884
 0.931697   0.9324309  0.93637836 0.9396674  0.94546556 0.94019127
 0.94236505 0.9425494  0.9353266  0.9393379  0.9192395  0.9368426
 0.9397723  0.9390758  0.9397664  0.9434892  0.9356717  0.9295703
 0.9436259  0.94437575 0.9363178  0.9470026  0.9263638  0.93639123
 0.9395535  0.9429722  0.94857424 0.9430487  0.93661046 0.93612975
 0.935897   0.9400276  0.93204594 0.93687195 0.9333285  0.9357809
 0.94086516 0.9421257  0.9399713  0.94414175 0.94271636 0.9380867
 0.9372753  0.9340148  0.9338314  0.9284394  0.93782234 0.93222684
 0.9409307  0.93483293 0.9332408  0.9353541  0.9311285  0.93529356
 0.93447155 0.9389663  0.9365825  0.9334518  0.9315678  0.9431839
 0.9355337  0.9343164  0.9332472  0.9400754  0.9268515  0.93887305
 0.93878907 0.93186843 0.92207646 0.93318176 0.9413235  0.9377267
 0.9424287  0.9291755  0.93409723 0.931245  ]",3.301206e-05,72.57907032966614,341.1790903204354
HMC,0.2,autograd,normal_normal,SynchronousLeapfrog,0.1,"[0.91706055 0.951941   0.9504241  0.9410907  0.9308572  0.9106091
 0.9136283  0.94205606 0.9254648  0.93893254 0.9029722  0.94448507
 0.9507108  0.9383847  0.9524249  0.92022055 0.93262166 0.9198464
 0.94451827 0.8918356  0.9074766  0.9384465  0.944378   0.9415211
 0.95093334 0.95224273 0.9537396  0.94281787 0.9499728  0.94790447
 0.9115855  0.94654596 0.9252741  0.9543373  0.83922976 0.95066535
 0.94404685 0.94834983 0.95385265 0.9378536  0.92474383 0.9417356
 0.9483665  0.9235463  0.909506   0.9514693  0.9469477  0.95123017
 0.9006218  0.9449102  0.9275309  0.9418726  0.9559089  0.93744516
 0.9480963  0.9525114  0.9483401  0.9373064  0.9101491  0.9544977
 0.94506776 0.9420643  0.9523277  0.94666505 0.9521642  0.94501925
 0.94787896 0.89043176 0.9509115  0.9295422  0.9201076  0.9387538
 0.94339514 0.94049597 0.95481867 0.9320804  0.9182276  0.94924706
 0.9523319  0.9472722  0.95416915 0.94985074 0.955595   0.94523585
 0.95095366 0.93974435 0.9492556  0.9434385  0.93913126 0.9388056
 0.9363743  0.94255996 0.92956686 0.94747174 0.9435841  0.9515268
 0.9467697  0.9336462  0.94178504 0.941133  ]",1.6460617e-15,81.12394618988037,431.5996875516771
NNgHMC,0.2,autograd,normal_normal,SynchronousLeapfrog,0.1,"[0.9172063  0.95193744 0.95053005 0.94129515 0.9302033  0.91029495
 0.91370314 0.9421317  0.92574334 0.93887234 0.90273666 0.944571
 0.9503731  0.93848747 0.95247126 0.9195716  0.9326962  0.92218155
 0.9444739  0.89141816 0.9070353  0.93836015 0.9446146  0.9413959
 0.95085853 0.9523834  0.95368004 0.9428827  0.950014   0.9479797
 0.9115534  0.9464935  0.9255983  0.95433587 0.8440982  0.95100296
 0.94392896 0.9484017  0.9538552  0.9380538  0.92556477 0.9414069
 0.948462   0.923982   0.90916556 0.9514122  0.94684637 0.9511506
 0.9003869  0.9451461  0.92735404 0.94223875 0.95592594 0.937498
 0.94820994 0.95248836 0.9484756  0.93726814 0.9102351  0.95445967
 0.94489616 0.9420295  0.95227164 0.9465809  0.9520108  0.94515693
 0.94789886 0.88917065 0.951091   0.9292773  0.91973376 0.93796873
 0.9438672  0.9404365  0.9548054  0.9302549  0.91839236 0.94907326
 0.95226115 0.947499   0.95419633 0.9502456  0.95560455 0.9452375
 0.95092285 0.9399225  0.949495   0.94355667 0.93900096 0.9372128
 0.93656635 0.942781   0.92962897 0.9475384  0.94329405 0.9515979
 0.9468206  0.9333525  0.94180036 0.9409196 ]",1.1128771e-15,68.75391983985901,382.99749000416995
NNODEgHMC,0.2,autograd,normal_normal,SynchronousLeapfrog,0.1,"[0.917186   0.95196164 0.9505136  0.941255   0.9299785  0.91023844
 0.9135622  0.9420879  0.92585576 0.93886006 0.9027957  0.94461745
 0.9502945  0.93841064 0.95243764 0.9195859  0.93265796 0.9218637
 0.9444735  0.89100856 0.9070262  0.93836206 0.94455564 0.9414805
 0.9508812  0.9523331  0.9537281  0.94290036 0.950037   0.94804466
 0.91165626 0.9464742  0.92520565 0.9543435  0.8437642  0.9510793
 0.94395244 0.94836414 0.95385206 0.93809927 0.9254178  0.941277
 0.94854325 0.9242395  0.9092473  0.9514157  0.9469015  0.9512577
 0.9003927  0.94509095 0.92735314 0.9421701  0.95595044 0.9375209
 0.94813603 0.95246565 0.9483666  0.93729323 0.9103546  0.9544616
 0.9448952  0.942033   0.95226276 0.9465661  0.95198554 0.9451252
 0.94792235 0.88924307 0.9510987  0.92929876 0.9198472  0.93777627
 0.94380903 0.9404687  0.95483065 0.92983836 0.9184014  0.9490418
 0.95225    0.9476055  0.95421064 0.9502431  0.95560426 0.9452363
 0.9509379  0.93998003 0.9494643  0.94361544 0.93901384 0.9369707
 0.93649    0.9426807  0.92974246 0.9474915  0.943257   0.9516441
 0.946823   0.93311846 0.9417882  0.94090176]",1.1573437e-14,44.705991983413696,383.46813573731185
Explicit NNODEgHMC,0.2,autograd,normal_normal,SynchronousLeapfrog,0.1,"[0.9106218  0.9521041  0.9507123  0.9369253  0.8960118  0.911867
 0.8928253  0.9409652  0.9225956  0.9384384  0.9027051  0.94054973
 0.9521644  0.9404976  0.9517937  0.91526365 0.93023217 0.8777417
 0.94353724 0.8931536  0.90905714 0.9354636  0.9460552  0.9420997
 0.95047253 0.9513016  0.9520515  0.9407184  0.9469991  0.94454706
 0.9106197  0.946073   0.8603424  0.95220107 0.8453212  0.9483154
 0.9191612  0.95106316 0.9535987  0.93275034 0.88615227 0.9105867
 0.9450984  0.93158007 0.91066617 0.95087165 0.9448187  0.9472016
 0.90023756 0.92948645 0.92319554 0.9260754  0.9550557  0.9340309
 0.9469659  0.9503155  0.94812965 0.9391755  0.9043157  0.95201147
 0.9456114  0.9413759  0.95242393 0.94709635 0.9491553  0.9424297
 0.9462986  0.8837833  0.948378   0.9284932  0.9192822  0.8875009
 0.9171238  0.93581146 0.95494145 0.8482057  0.9186269  0.948771
 0.95172215 0.9471625  0.95278716 0.94588965 0.95458305 0.94425
 0.9506192  0.9356543  0.94685495 0.9349484  0.9371829  0.92610645
 0.93532133 0.93596745 0.9278779  0.9450964  0.93772024 0.9495098
 0.94277954 0.88840675 0.9382762  0.90733576]",2.369523e-14,65.77417206764221,292.5405343233318
SymplecticNNgHMC,0.2,autograd,normal_normal,SynchronousLeapfrog,0.1,"[0.91817254 0.95230424 0.9502821  0.93939304 0.9261408  0.91091603
 0.90581846 0.9420149  0.92522424 0.9387622  0.9027512  0.944932
 0.95005196 0.93740356 0.95193803 0.92084587 0.9325172  0.91198814
 0.94459504 0.89193475 0.9082353  0.9385234  0.9438092  0.9421763
 0.9510256  0.9513221  0.9540938  0.9427872  0.9503212  0.94796604
 0.9130987  0.9472102  0.91404605 0.9543049  0.840991   0.95157635
 0.94195414 0.948148   0.9537944  0.93715805 0.9156581  0.93822074
 0.9481315  0.9271841  0.91015196 0.95197105 0.94759387 0.95191085
 0.90309477 0.9440422  0.9281561  0.9409301  0.95604587 0.9373769
 0.94719505 0.951776   0.94718313 0.9377581  0.91219425 0.95442337
 0.9447143  0.9425826  0.9519698  0.947031   0.95196575 0.9443869
 0.94748676 0.89299506 0.95003426 0.9305396  0.92071503 0.9302449
 0.9401771  0.9399184  0.95516574 0.9168142  0.91765547 0.9487076
 0.9518069  0.9484469  0.9539106  0.9496392  0.95536846 0.9452511
 0.95117366 0.93875825 0.94800544 0.9433937  0.93935794 0.93506163
 0.93541974 0.9414851  0.9298517  0.9465442  0.9430251  0.95140946
 0.9470021  0.92741907 0.94221723 0.9373245 ]",0.000574506,64.77464962005615,67.39203733948115
GSymplecticNNgHMC,0.2,autograd,normal_normal,SynchronousLeapfrog,0.1,"[0.91689557 0.9519329  0.9503958  0.940959   0.9303025  0.90977776
 0.913548   0.9421859  0.92542887 0.939175   0.90308684 0.9445011
 0.95054644 0.93804204 0.9524481  0.9202582  0.9324899  0.92419755
 0.94449615 0.89301246 0.90640944 0.9384095  0.94419235 0.9415431
 0.950979   0.9522645  0.9536848  0.9428069  0.94999206 0.94787
 0.9117694  0.9465596  0.9251992  0.95432806 0.8265993  0.950819
 0.94338363 0.9483775  0.9538572  0.93759125 0.92543364 0.94139767
 0.9482777  0.9240334  0.90823317 0.951489   0.9470211  0.9509832
 0.90098333 0.9450879  0.92727196 0.9422113  0.9558958  0.9373498
 0.9480772  0.952454   0.94836795 0.9371704  0.91037714 0.9544708
 0.9448012  0.9419875  0.95233047 0.9466612  0.9521004  0.94498223
 0.9477703  0.8908229  0.95086515 0.92939204 0.9194317  0.9377457
 0.9436251  0.940194   0.95480984 0.9302834  0.9183773  0.94912577
 0.9523597  0.9475471  0.954137   0.9501251  0.9555823  0.9451909
 0.95093286 0.93946874 0.94922817 0.94357246 0.93910074 0.9382762
 0.9361676  0.9428279  0.9297773  0.9474708  0.94369674 0.9514823
 0.94692916 0.93349236 0.94182223 0.94033784]",0.0001560709,32.548678159713745,643.2561870312215
GradSymplecticNNgHMC,0.2,autograd,normal_normal,SynchronousLeapfrog,0.1,"[0.91803515 0.95229006 0.95028913 0.9393735  0.9272582  0.9107636
 0.9061076  0.942214   0.9252614  0.93886924 0.9028429  0.94492614
 0.94998807 0.9372871  0.9518627  0.9209088  0.93230677 0.9135036
 0.944503   0.8916006  0.9081186  0.9384223  0.9438731  0.9420829
 0.9510577  0.9512255  0.9541325  0.9427306  0.950329   0.94794214
 0.9127118  0.94717395 0.9149124  0.95430183 0.8406212  0.9517393
 0.9422269  0.948085   0.9537394  0.9370512  0.9164685  0.93846214
 0.94810474 0.9270274  0.9100088  0.951977   0.94766986 0.951991
 0.90275496 0.9442155  0.92795885 0.9411706  0.95605725 0.9372047
 0.9470576  0.9517741  0.94703805 0.937757   0.9119467  0.9544441
 0.94455624 0.9424948  0.9519577  0.94689655 0.9519803  0.9442518
 0.9473745  0.8929466  0.95000744 0.9303424  0.9206233  0.9308216
 0.9404732  0.9398081  0.95514965 0.91791236 0.9177317  0.9486841
 0.9517989  0.94869506 0.9538932  0.949777   0.9553441  0.94509476
 0.95111287 0.93862313 0.9479289  0.9434106  0.93928516 0.9352159
 0.9354925  0.9420061  0.929892   0.946469   0.9431385  0.9513766
 0.9471601  0.9278452  0.9421648  0.93776417]",0.00031030463,81.19394326210022,63.25289891240206
GradGSymplecticNNgHMC,0.2,autograd,normal_normal,SynchronousLeapfrog,0.1,"[0.9170925  0.9519379  0.95040655 0.941123   0.9308876  0.9108299
 0.9132832  0.94214153 0.92540395 0.93909043 0.9030604  0.9445603
 0.95068324 0.93878144 0.952439   0.92025775 0.9325956  0.92359424
 0.9444648  0.8950174  0.9074093  0.93837416 0.9444477  0.94138426
 0.9509281  0.95230246 0.9536263  0.9428434  0.95004433 0.9479372
 0.91181374 0.9465837  0.9254699  0.95433414 0.83116007 0.9506401
 0.94355214 0.9485167  0.95385456 0.93767715 0.92525315 0.9415673
 0.9483696  0.923676   0.9098918  0.95141596 0.9468607  0.95100677
 0.9011902  0.9451822  0.9275901  0.94229686 0.9558662  0.9373557
 0.94815207 0.9525595  0.94853675 0.93723315 0.9105093  0.95444983
 0.9448898  0.9420836  0.95232785 0.9466459  0.9521     0.94495344
 0.94781363 0.89111775 0.9509287  0.92944074 0.92007816 0.9382548
 0.9436761  0.9402772  0.95478505 0.9312105  0.918369   0.949187
 0.9523493  0.9473351  0.95416784 0.9499814  0.95560586 0.94519585
 0.95094675 0.93960476 0.9492942  0.9434848  0.9390576  0.93820035
 0.9362353  0.94261444 0.9297635  0.9474373  0.94348425 0.95154834
 0.9467257  0.9336135  0.94183254 0.9405813 ]",5.3450072e-05,41.14416027069092,514.4846669594533
HMC,0.30000000000000004,autograd,banana,SynchronousLeapfrog,0.1,"[0.9105239  0.96603084 0.98421717 0.8513107  0.7843075  0.9648504
 0.94202983 0.93994445 0.9858195  0.83621347 0.9475522  0.9256451
 0.9652513  0.74571407 0.9841118  0.9049654  0.9574779  0.85758084
 0.970798   0.8997075  0.97487664 0.9981405  0.7815192  0.927269
 0.9752202  0.98348224 0.95919836 0.95372313 0.966714   0.95003796
 0.9089422  0.7255081  0.9144758  0.9661864  0.84959555 0.9619726
 0.9299325  0.9316759  0.96602076 0.90951765 0.9583516  0.9707699
 0.961801   0.94739556 0.81294644 0.8965827  0.8883254  0.90906847
 0.9886362  0.88105696 0.8732156  0.872445   0.98034894 0.9782709
 0.9336392  0.92061853 0.9260168  0.9475977  0.94783795 0.9493799
 0.9359306  0.942995   0.96975136 0.9030685  0.96977377 0.97576594
 0.97010535 0.93311137 0.933994   0.87045956 0.92127794 0.8574273
 0.8308811  0.97414225 0.9727764  0.9296428  0.8584108  0.97684526
 0.9045588  0.7188368  0.81764305 0.94342375 0.9471798  0.9621258
 0.9546255  0.95168436 0.9729253  0.97687453 0.9903164  0.9782302
 0.92180955 0.9362283  0.9628768  0.9770379  0.8823513  0.9770837
 0.9630927  0.90395373 0.94973576 0.84481096]",1.4281909e-14,21.521750926971436,1.5362688374089846
NNgHMC,0.30000000000000004,autograd,banana,SynchronousLeapfrog,0.1,"[0.897805   0.95976734 0.91583717 0.09378084 0.5256778  0.8315879
 0.56290877 0.6920309  0.93766975 0.34951216 0.72452736 0.2385261
 0.93575215 2.1114132  0.9923973  0.28366092 0.75171125 0.65132356
 0.77585834 0.66030234 0.97590846 0.9969408  1.5922693  0.94394654
 0.98179424 0.9637079  0.8971523  0.7302792  0.92476165 0.6789403
 0.5600591  0.5817541  0.89351046 0.97232455 0.42201644 0.86488503
 0.5263181  0.7427069  0.9656498  0.82472724 0.8875972  0.9321291
 0.7289793  0.94714516 1.9744809  0.29087842 0.36709294 0.19633627
 0.98001975 0.42974877 0.61446834 0.40445024 0.96366954 0.9188077
 0.32897174 0.12025469 0.4299037  0.92210567 0.87799567 0.9489516
 0.63030165 0.9632338  0.9644729  0.04970237 0.9067272  0.8560637
 0.9484265  0.7628986  0.7190873  0.82260704 0.4909382  0.8060693
 0.7283671  0.90619993 0.9235384  0.87778556 0.8010008  0.96529686
 0.66403973 0.70370436 0.89478874 0.93979204 0.94739354 0.71059656
 0.92318666 0.9575059  0.9617135  0.9347831  0.9908199  0.9847336
 0.05488523 0.88633096 0.9449253  0.9774744  0.93580914 0.88962907
 0.90634835 0.94350696 0.6895198  0.878154  ]",3.4638957e-15,16.751463174819946,2.2206557415422834
NNODEgHMC,0.30000000000000004,autograd,banana,SynchronousLeapfrog,0.1,"[0.9008891  0.9668924  0.8911461  0.00306638 0.48479208 0.87132454
 0.62418455 0.75791997 0.9559218  0.27451682 0.76682484 0.3500533
 0.9107115  2.2921624  0.9893868  0.36466655 0.7114835  0.61079425
 0.7172861  0.61409104 0.973258   0.99538535 1.7315277  0.9315457
 0.98284763 0.98423517 0.8614063  0.65710545 0.9432745  0.5890548
 0.50936055 0.5010228  0.8968236  0.96250594 0.30360556 0.82264584
 0.5947963  0.7082676  0.9684458  0.77714014 0.9193567  0.95794225
 0.7743758  0.9457544  1.7170753  0.23160431 0.2262663  0.29029357
 0.9780493  0.36159143 0.56789637 0.35438085 0.97143865 0.88388956
 0.23615906 0.23687685 0.36006102 0.9541309  0.86011255 0.9660241
 0.7338332  0.9626608  0.9766965  0.07545751 0.92810667 0.8256509
 0.9598992  0.7072506  0.7768454  0.7977601  0.5623263  0.83615065
 0.70793056 0.9271407  0.89844173 0.86494434 0.8058727  0.9724938
 0.5945639  0.6638955  0.8896374  0.91345304 0.9307377  0.6461855
 0.8979746  0.9519423  0.9700357  0.88079566 0.9878862  0.98172826
 0.04316645 0.84368753 0.9602423  0.973511   0.9430317  0.912101
 0.92925847 0.93617237 0.7599878  0.8974809 ]",1.8640892e-10,26.67739200592041,1.8182049699694858
Explicit NNODEgHMC,0.30000000000000004,autograd,banana,SynchronousLeapfrog,0.1,"[0.88834    0.9493394  0.9357995  0.1863288  0.5622163  0.79455364
 0.5001743  0.6588923  0.91641563 0.39534396 0.68040913 0.16909139
 0.948497   2.0123956  0.98672736 0.20117423 0.7864665  0.68726254
 0.8060361  0.6996074  0.97242534 0.99803895 1.4696846  0.95217335
 0.9803543  0.9442735  0.9170775  0.76906896 0.90220964 0.7232062
 0.60513157 0.6233568  0.89041364 0.97625816 0.5406751  0.889018
 0.45613444 0.7724897  0.96192235 0.84546995 0.8715607  0.91147196
 0.6814666  0.9467258  2.1311388  0.3445949  0.49375483 0.1022529
 0.98281455 0.48912358 0.6553869  0.44940132 0.9544489  0.9350757
 0.3910939  0.03678288 0.49019825 0.8998424  0.8918899  0.935842
 0.56444234 0.9610418  0.94742584 0.10294454 0.8838967  0.8814268
 0.937493   0.7922063  0.6630951  0.84412974 0.4173003  0.7851062
 0.74614185 0.88227296 0.94367456 0.8911723  0.7946581  0.9566614
 0.7000303  0.73846996 0.89033353 0.9481761  0.95676726 0.7474229
 0.94005084 0.95613354 0.9510144  0.95541227 0.98967683 0.98381394
 0.13614629 0.90797794 0.9321095  0.97505474 0.9258857  0.86552495
 0.88126826 0.9472995  0.6575047  0.85531616]",2.1132777e-10,45.56333541870117,2.1657295572970963
SymplecticNNgHMC,0.30000000000000004,autograd,banana,SynchronousLeapfrog,0.1,"[0.90191674 0.958024   0.8346831  0.20273583 0.4488871  0.92656004
 0.75445616 0.9128102  0.97296685 0.3147153  0.83104247 0.72042227
 0.7426037  3.2123497  0.98538685 0.5612401  0.63028497 0.5452627
 0.39699185 0.5005294  0.8966316  0.99470496 2.2380843  0.89226484
 0.9837117  0.98061705 0.8716247  0.6673569  0.94712365 0.5868224
 0.4190987  0.49802503 0.8976029  0.8834138  0.03750801 0.832178
 0.7605764  0.6459141  0.96471775 0.776495   0.90048873 0.9589731
 0.85409987 0.94686764 0.54131144 0.13453224 0.2704758  0.54470265
 0.9783076  0.17141968 0.44150314 0.29733968 0.9711334  0.65081847
 0.19560927 0.6228862  0.13504139 0.95460796 0.84596777 0.930298
 0.7620601  0.9567002  0.9710797  0.7394961  0.9508276  0.7629995
 0.9588026  0.7150887  0.91499555 0.7595316  0.73704946 0.8330638
 0.7066283  0.94803035 0.81987715 0.8703224  0.8047259  0.9723548
 0.60290784 0.51835656 0.87667537 0.6425632  0.83783114 0.32088408
 0.7715634  0.8600752  0.9741699  0.8587128  0.96326274 0.96298665
 0.40460604 0.8441576  0.95783484 0.90032244 0.9505736  0.9324269
 0.95938337 0.8995117  0.92900175 0.9266404 ]",0.024556411,47.15163493156433,1.3107673588601556
GSymplecticNNgHMC,0.30000000000000004,autograd,banana,SynchronousLeapfrog,0.1,"[ 0.8948595   0.95735765  0.814659    0.22891906  0.38773334  5.296885
  0.7526188  22.274313    0.97858256  0.32507962  0.85729563 20.290886
  3.9332395   0.32753947  0.99294704  0.4504366   0.60818523  0.5369005
  5.781482    0.5978511   0.91663754  0.99176335  0.593414    0.85889614
  0.984578    0.97357863  0.88512266  0.6982268   0.6964795   0.625154
  0.40481424  0.56606627  0.9003644   0.8224957   0.31277624  0.8616726
  0.43276796  0.60845137  0.96615493  0.8084768  30.19418     0.9402692
  0.87714994  0.94635737 81.50313     0.13932535  8.434206    0.93421125
  0.9756607   0.65219367  0.47618708  0.25893977  0.9739601   7.612732
  0.41079506 16.911259    0.69122887  0.9409668   0.79347676 13.59185
  0.6738684   0.93316525  0.5103051  13.486629    0.97467935  0.71560353
  0.94587374  0.7477411   3.5290904   0.7530529   0.3654778   0.8089282
  0.6683874   0.96136963  0.883952    0.8829398   0.81336033  0.9624475
  0.6364734   0.7587466   0.8822888  20.777952    0.34081197  3.7656524
  0.1536206   3.8446288   0.97388905  0.8945877   0.95768154  0.9515783
  0.79540396  0.87849706  0.95474166  0.6697015   0.9399804   0.9558991
  0.9729742   0.8900201  31.19328     0.88462055]",0.2879244,16.245233297348022,1.297803967253036
GradSymplecticNNgHMC,0.30000000000000004,autograd,banana,SynchronousLeapfrog,0.1,"[0.89680564 0.95950747 0.83803797 0.17634925 0.4403364  0.92795396
 0.7403256  0.90896404 0.97386456 0.3016421  0.8303022  0.69521236
 0.76457024 2.8667412  0.9888438  0.53565156 0.63956976 0.541435
 0.44404078 0.51770055 0.9070493  0.994329   2.0395324  0.89800996
 0.9839009  0.97978747 0.8727995  0.6667275  0.9493572  0.58610415
 0.42846367 0.5222067  0.8959049  0.89287776 0.03103165 0.839626
 0.74502295 0.6660764  0.96576273 0.7880575  0.91118926 0.95281017
 0.8503492  0.94732064 0.6664685  0.15928519 0.21203856 0.5232889
 0.9777168  0.19328949 0.48375377 0.30457038 0.9724997  0.68219936
 0.09492457 0.5972736  0.18720601 0.9481284  0.847305   0.9387343
 0.73438644 0.95610905 0.97307634 0.61376417 0.95094824 0.7717197
 0.9531845  0.72427523 0.9101286  0.77145183 0.72186804 0.8247889
 0.7008521  0.94933814 0.82833076 0.8761307  0.80528927 0.9678356
 0.61075044 0.54881227 0.8755817  0.6853211  0.8449628  0.36819792
 0.7817916  0.8719548  0.9749675  0.86106104 0.9648452  0.9630451
 0.31784976 0.8558245  0.95692956 0.90940404 0.95076776 0.9339931
 0.95888805 0.9032539  0.9252095  0.92674196]",0.0212557,66.47181868553162,1.423610320624444
GradGSymplecticNNgHMC,0.30000000000000004,autograd,banana,SynchronousLeapfrog,0.1,"[8.96266878e-01 9.46128368e-01 7.77042270e-01 2.18540043e-01
 3.52139711e-01 2.19658351e+00 7.55567908e-01 1.10768795e+01
 9.73885477e-01 3.37420702e-01 8.53227496e-01 9.79874897e+00
 1.33376789e+00 5.10256588e-01 9.92346227e-01 4.97886032e-01
 5.49774289e-01 4.67015028e-01 2.40349483e+00 5.46070039e-01
 1.09153591e-01 9.93610024e-01 8.40203285e-01 8.41188431e-01
 9.84041095e-01 9.77698207e-01 8.86488855e-01 7.01643944e-01
 8.29675436e-01 6.32273436e-01 3.20434570e-01 5.50502062e-01
 8.97462547e-01 9.25828099e-01 1.41861647e-01 8.56140852e-01
 5.72919250e-01 5.71409106e-01 9.65258718e-01 8.06300342e-01
 1.55645523e+01 9.45802331e-01 8.70437562e-01 9.47258651e-01
 4.03669281e+01 2.44752280e-02 4.11622906e+00 2.74249554e-01
 9.77384210e-01 5.57540655e-01 3.83312315e-01 1.94743603e-01
 9.72226083e-01 3.29528379e+00 3.44036043e-01 7.96448040e+00
 6.09727681e-01 9.44571674e-01 8.09550226e-01 6.22960281e+00
 7.02048242e-01 9.35594201e-01 7.76178539e-01 6.90122604e+00
 9.65197802e-01 6.82458878e-01 9.49593425e-01 7.45636880e-01
 1.25049162e+00 7.24685192e-01 5.27369916e-01 8.15011859e-01
 6.83976114e-01 9.54474807e-01 8.25209975e-01 8.78630996e-01
 8.07329357e-01 9.65436578e-01 6.38549447e-01 6.50345147e-01
 8.82110953e-01 1.08135929e+01 7.31477141e-01 1.34772563e+00
 6.46332860e-01 1.27679110e+00 9.73919868e-01 8.95081937e-01
 9.40725505e-01 9.40289199e-01 7.44545639e-01 8.71190548e-01
 9.57300186e-01 2.33520716e-01 9.45687413e-01 9.47647989e-01
 9.69840467e-01 8.63237023e-01 1.54907455e+01 9.13776994e-01]",1.062492,20.584484100341797,1.2975992014347766
HMC,0.30000000000000004,autograd,gaussian,SynchronousLeapfrog,0.3,"[0.93499464 0.9561032  0.93088806 0.9327382  0.93709946 0.9472968
 0.9346856  0.9321176  0.9348036  0.93265367 0.9453304  0.9388949
 0.95575017 0.93775034 0.94046354 0.95104575 0.9523654  0.94597447
 0.9305896  0.9379082  0.9307782  0.9351441  0.9299206  0.92916363
 0.91632104 0.9564158  0.94876593 0.9422077  0.9503422  0.93110055
 0.9378922  0.9398438  0.95569843 0.9351141  0.94777095 0.9608981
 0.9324081  0.92676187 0.9222038  0.91476774 0.9453418  0.9376348
 0.91543746 0.9373805  0.93488497 0.9581103  0.94910544 0.94979066
 0.92559874 0.9406921  0.91379    0.9356489  0.9357783  0.92416763
 0.9538474  0.9438216  0.9485941  0.91929364 0.941662   0.95562166
 0.9559671  0.9401509  0.9515343  0.95552754 0.9480483  0.93861234
 0.92094463 0.9117732  0.9278504  0.8965861  0.9568901  0.9540162
 0.9233908  0.94385165 0.9237153  0.9431059  0.95228505 0.9428271
 0.9406148  0.91086334 0.936541   0.9369377  0.94618815 0.94200766
 0.9407283  0.94685495 0.9405     0.9163009  0.9171242  0.9495699
 0.9294478  0.9510392  0.95527744 0.9581411  0.9442935  0.9392478
 0.9420899  0.91565096 0.9479313  0.9485264 ]",6.11423e-15,17.879331588745117,2399.722665049648
NNgHMC,0.30000000000000004,autograd,gaussian,SynchronousLeapfrog,0.3,"[0.9345955  0.9565265  0.93125314 0.9354741  0.9367458  0.9484944
 0.9345379  0.9314338  0.9350936  0.93347    0.9462358  0.938866
 0.9554095  0.9382567  0.9406338  0.9511546  0.9525263  0.9456808
 0.93161964 0.9382652  0.9311751  0.93528056 0.92963445 0.93017197
 0.9160733  0.9565363  0.94882905 0.9427978  0.9509356  0.9316003
 0.9374486  0.93970793 0.955718   0.9355597  0.947557   0.96073806
 0.93222094 0.92575234 0.92234504 0.9139787  0.94518423 0.9375264
 0.91393995 0.937395   0.9350783  0.9579169  0.9496697  0.9498805
 0.92656744 0.94067943 0.9130375  0.935106   0.9353174  0.92098874
 0.95379007 0.94384617 0.94795054 0.9186353  0.94125026 0.9555788
 0.9563894  0.941949   0.9512559  0.95575905 0.9485862  0.93909234
 0.9202501  0.9127474  0.92854613 0.8977264  0.95700777 0.9539134
 0.92360306 0.94398344 0.92423403 0.9431486  0.95230436 0.94308347
 0.94112253 0.9087583  0.937107   0.9367199  0.9457287  0.9417019
 0.94043034 0.9476409  0.94073856 0.9157691  0.9176054  0.9496684
 0.93007463 0.9510724  0.95549107 0.95820683 0.9441471  0.93952847
 0.941621   0.91721046 0.94804066 0.9488133 ]",6.341698e-15,16.56524157524109,2386.2665194275114
NNODEgHMC,0.30000000000000004,autograd,gaussian,SynchronousLeapfrog,0.3,"[0.9344298  0.9564287  0.9313507  0.93544805 0.9367126  0.9485574
 0.9345445  0.9315836  0.93501234 0.9333949  0.9462597  0.93899673
 0.9555542  0.9381885  0.9407475  0.9510788  0.95253915 0.945697
 0.93173385 0.93817973 0.93123215 0.93516827 0.92993844 0.93036115
 0.91632533 0.95668423 0.9488575  0.942603   0.9509144  0.93154734
 0.93756217 0.9395141  0.95581627 0.935653   0.94767064 0.96077275
 0.9323232  0.9258677  0.92255354 0.913675   0.94525576 0.93760484
 0.9139826  0.93758744 0.9351138  0.9580359  0.9499246  0.9500011
 0.9264512  0.94075286 0.9127628  0.93515056 0.9354377  0.9205197
 0.9537999  0.9438328  0.9481766  0.91903275 0.94136614 0.95559645
 0.9565344  0.94176805 0.9511487  0.9558469  0.94861907 0.9389771
 0.91952467 0.9130733  0.9286363  0.8970706  0.95698565 0.95384043
 0.92358845 0.9440307  0.92422605 0.94320744 0.9522383  0.94315445
 0.94090605 0.9079417  0.9372201  0.9368446  0.94575644 0.9418132
 0.9407617  0.94766873 0.9405102  0.91589725 0.91748667 0.949671
 0.93006325 0.9511622  0.9554132  0.95816684 0.94414604 0.93968976
 0.9416186  0.91702247 0.9480636  0.9488516 ]",1.9561274e-14,13.463091611862183,2275.9120116136583
Explicit NNODEgHMC,0.30000000000000004,autograd,gaussian,SynchronousLeapfrog,0.3,"[0.9231838  0.94330025 0.88249815 0.866817   0.8362836  0.92209995
 0.8845904  0.90266466 0.9009921  0.9366355  0.8983929  0.9191296
 0.95843834 0.56625193 0.9345789  0.9500915  0.93524957 0.9236493
 0.88650817 0.9230096  0.92142    0.9056651  0.9187168  0.924561
 0.9215395  0.9570879  0.9480289  0.9299401  0.92441356 0.93509483
 0.90698785 0.94602954 0.95148844 0.9197606  0.900984   0.952711
 0.89006776 0.90564865 0.7954054  0.88599575 0.9227929  0.9068452
 0.7818374  0.67001414 0.8924443  0.95443195 0.9364934  0.95443153
 0.8973714  0.9509927  0.88627017 0.9072611  0.8685851  0.8735437
 0.9491447  0.9272382  0.938864   0.89866674 0.9207298  0.947565
 0.9387827  0.92357385 0.949454   0.9278712  0.95038664 0.92679834
 0.90112543 0.89251745 0.79840684 0.9060728  0.95097005 0.9538059
 0.91556823 0.92575026 0.85370797 0.9350786  0.95189476 0.94750303
 0.8602456  0.7448914  0.9215819  0.86464596 0.9427128  0.9310366
 0.88908356 0.7243295  0.9140309  0.9052304  0.863768   0.9229197
 0.8989722  0.90521973 0.9558834  0.95661485 0.9153389  0.93338937
 0.9320092  0.9070668  0.95175904 0.93729323]",3.4929465e-13,20.618584156036377,111.42220825298655
SymplecticNNgHMC,0.30000000000000004,autograd,gaussian,SynchronousLeapfrog,0.3,"[0.934488   0.9561116  0.9304079  0.93277836 0.93692315 0.9473392
 0.93441    0.93207383 0.93485343 0.93244624 0.94524115 0.9388816
 0.95574063 0.937942   0.940484   0.95106304 0.95230216 0.94599813
 0.9304268  0.9376439  0.93074393 0.9350966  0.9298029  0.9289879
 0.9162121  0.9563576  0.94856393 0.9421356  0.950377   0.93110627
 0.9378381  0.9398978  0.9556377  0.9351653  0.94794863 0.960852
 0.93253344 0.9267959  0.92236483 0.91471374 0.9453114  0.937565
 0.9150748  0.9376     0.93495035 0.95811844 0.9489069  0.94975734
 0.9256234  0.9407333  0.9131292  0.9354104  0.9356402  0.92408514
 0.9538398  0.9439342  0.9484767  0.91914546 0.9416245  0.95562017
 0.9558805  0.9401258  0.95143217 0.9554612  0.94808    0.9383669
 0.9207257  0.9116668  0.9277576  0.8962184  0.95685244 0.9539284
 0.9230888  0.943725   0.9236789  0.9430932  0.9523301  0.9426712
 0.940367   0.9107027  0.93643904 0.9367899  0.9462068  0.9419708
 0.94069195 0.9469091  0.94013774 0.916173   0.91710746 0.9495286
 0.92940044 0.9510292  0.95532984 0.9581091  0.9443245  0.93934727
 0.94210875 0.91553247 0.94798803 0.94851345]",0.00019022002,26.92981243133545,2342.1989385400548
GSymplecticNNgHMC,0.30000000000000004,autograd,gaussian,SynchronousLeapfrog,0.3,"[0.9351203  0.95582575 0.9305514  0.9321685  0.9369302  0.9468271
 0.93450725 0.93201387 0.93485415 0.93313503 0.94487154 0.93884563
 0.95590675 0.9381141  0.94039285 0.950885   0.95216405 0.9461176
 0.9304942  0.9380159  0.9309815  0.93492913 0.9299979  0.92960066
 0.9161457  0.956673   0.94865155 0.94183254 0.95005244 0.9314425
 0.93808955 0.939798   0.9558573  0.93473405 0.9479736  0.9608947
 0.9326381  0.9269519  0.9227315  0.91526335 0.94550467 0.9373805
 0.9158467  0.93746614 0.9349305  0.9582052  0.94948596 0.95004433
 0.92562103 0.9409461  0.9143016  0.93556535 0.9358376  0.92378616
 0.95392215 0.943869   0.94877255 0.91965    0.9415499  0.9555971
 0.956252   0.93967503 0.951641   0.95545316 0.9478048  0.9385678
 0.9209153  0.91188526 0.9279115  0.89714354 0.9568383  0.9540012
 0.9238504  0.9435742  0.9241694  0.94319075 0.9522478  0.9431881
 0.9407215  0.9104705  0.936691   0.93655527 0.9462789  0.9420198
 0.940633   0.9471593  0.94035167 0.9160843  0.91705793 0.94938564
 0.9289281  0.9508397  0.9551128  0.9581692  0.9443474  0.9394021
 0.9421832  0.9161426  0.94776547 0.94840646]",7.684057e-05,9.808250188827515,609.1806720685535
GradSymplecticNNgHMC,0.30000000000000004,autograd,gaussian,SynchronousLeapfrog,0.3,"[0.93491685 0.95628184 0.93136203 0.9342434  0.9372935  0.94781226
 0.93494606 0.9323057  0.93492717 0.93297005 0.9459099  0.93886936
 0.95569515 0.9385396  0.94054383 0.95110464 0.952549   0.9461264
 0.93066806 0.93784845 0.9308938  0.93559206 0.92988557 0.9296284
 0.91655815 0.9564854  0.94878244 0.94255894 0.9506416  0.93175566
 0.9381706  0.9399931  0.9556812  0.93534267 0.9480765  0.96086025
 0.9326905  0.9269352  0.9227018  0.9153962  0.94553936 0.93794215
 0.9154687  0.9375975  0.93491834 0.9581251  0.9494029  0.94986653
 0.92566985 0.9408841  0.91378677 0.93580675 0.9357122  0.9248668
 0.95377254 0.9438428  0.9485013  0.9198898  0.94171304 0.9555826
 0.9561531  0.9408213  0.95145524 0.9555739  0.9482969  0.9386527
 0.92114425 0.91163814 0.9277185  0.89709777 0.95692366 0.95399857
 0.92368937 0.944126   0.9235425  0.94308585 0.9523391  0.94319034
 0.9406144  0.911353   0.93679357 0.93742406 0.94610953 0.94193494
 0.94072795 0.94743156 0.9406175  0.9164432  0.9172818  0.94973505
 0.9303212  0.9511525  0.95540017 0.9581605  0.94421524 0.9393937
 0.94207716 0.9156989  0.94808185 0.9486172 ]",5.2937667e-05,62.1885781288147,2343.559249040021
GradGSymplecticNNgHMC,0.30000000000000004,autograd,gaussian,SynchronousLeapfrog,0.3,"[0.9352952  0.9561598  0.9315541  0.9342312  0.9374795  0.94762623
 0.9351841  0.9322793  0.9349704  0.9331596  0.9457916  0.9388739
 0.9558157  0.9385079  0.94041646 0.950994   0.9525992  0.9461204
 0.93066347 0.93813676 0.93090856 0.9355759  0.9299304  0.9297184
 0.91667974 0.95663613 0.9488716  0.9424393  0.95051277 0.9317779
 0.9381959  0.9398488  0.95578384 0.93520164 0.94793916 0.96092606
 0.9328357  0.9270725  0.9227605  0.915435   0.9456538  0.937915
 0.9158373  0.9374546  0.9349076  0.9581648  0.94956726 0.949996
 0.9255965  0.9409801  0.91437787 0.93612546 0.9359468  0.92490816
 0.9538662  0.94378936 0.948679   0.91996753 0.9417466  0.9555995
 0.95630467 0.94073147 0.9515737  0.95560807 0.9481081  0.9388459
 0.9214675  0.91178244 0.9277598  0.8972444  0.9568782  0.95406866
 0.92382383 0.9441516  0.92387986 0.943208   0.95223856 0.94329995
 0.94083345 0.91138077 0.9368157  0.9373946  0.94620913 0.9419966
 0.9407773  0.9474869  0.9408266  0.91642964 0.9172404  0.949773
 0.9302552  0.951103   0.9552366  0.9581449  0.9443549  0.93930805
 0.9421822  0.9159276  0.9478872  0.9485776 ]",2.3240682e-05,12.79124665260315,621.2160044197501
HMC,0.30000000000000004,autograd,high_dimensional_gaussian,SynchronousLeapfrog,0.1,"[0.9324452  0.9395833  0.9362916  0.94863546 0.9467077  0.9426929
 0.9278258  0.93812084 0.9322574  0.93106604 0.9301872  0.93588626
 0.9312493  0.9349551  0.9360398  0.9327914  0.93535614 0.9401084
 0.93372697 0.9349453  0.93709457 0.9381583  0.9366269  0.93527645
 0.9394082  0.93718433 0.93593585 0.93668485 0.93345994 0.93480766
 0.9406263  0.9396713  0.9283106  0.9230164  0.93314743 0.93795204
 0.9306239  0.9296522  0.9402884  0.9386358  0.94462365 0.9379982
 0.92514575 0.9406821  0.93011874 0.9450266  0.92691433 0.93699545
 0.9310707  0.9363095  0.9369743  0.9359864  0.9387026  0.93095374
 0.94287777 0.92940843 0.93305635 0.93380725 0.9354048  0.9270648
 0.94335306 0.9413308  0.9354243  0.9301729  0.94251895 0.9375237
 0.93053126 0.9473252  0.93925184 0.9472221  0.93557566 0.94340503
 0.940348   0.9384861  0.9292121  0.9356251  0.9288478  0.940725
 0.93034685 0.9267707  0.9358748  0.94017756 0.94498914 0.93863124
 0.945106   0.9423814  0.9404682  0.93920374 0.94302607 0.94613636
 0.9429773  0.93782115 0.92816293 0.9406795  0.93849826 0.93603456
 0.93212605 0.9355879  0.93838996 0.94701755]",1.3540546e-15,50.328449726104736,307.3118546710494
NNgHMC,0.30000000000000004,autograd,high_dimensional_gaussian,SynchronousLeapfrog,0.1,"[0.93236816 0.9395828  0.9362544  0.9486687  0.9467199  0.9426884
 0.92762727 0.9381032  0.9321627  0.93097734 0.9300687  0.9358456
 0.931167   0.9349495  0.9360323  0.93272775 0.93532014 0.9400613
 0.9336624  0.9349146  0.93709445 0.93814516 0.93663776 0.93525237
 0.939408   0.93718493 0.935884   0.93667    0.933452   0.93474615
 0.9406265  0.9396833  0.92819166 0.9227249  0.93303525 0.93796504
 0.93048906 0.9295701  0.9402744  0.9386294  0.9446515  0.9379463
 0.9249959  0.940681   0.93000877 0.9450478  0.9267935  0.93697405
 0.93098754 0.93629    0.93693924 0.93597746 0.9386972  0.930879
 0.9429203  0.92937326 0.93303126 0.93372077 0.93542624 0.9269065
 0.9433602  0.9413559  0.93534106 0.9300954  0.9425182  0.9374861
 0.9304408  0.94735336 0.9392666  0.9472413  0.9355607  0.94345343
 0.9403431  0.9384618  0.9291441  0.935601   0.928741   0.9407244
 0.9301919  0.9266275  0.9357454  0.9401698  0.9450134  0.938626
 0.94510573 0.9423844  0.9404553  0.9392249  0.9430896  0.9461421
 0.94299555 0.9378133  0.9279983  0.9406616  0.93845767 0.9360169
 0.9320798  0.93560904 0.9383888  0.9470439 ]",1.3551619e-15,46.40901327133179,294.4320407475037
NNODEgHMC,0.30000000000000004,autograd,high_dimensional_gaussian,SynchronousLeapfrog,0.1,"[0.93237865 0.93957585 0.9362477  0.94867325 0.94672316 0.9426784
 0.9276282  0.93811625 0.9322704  0.93101645 0.93010044 0.93582624
 0.9311232  0.9349241  0.93602294 0.9327532  0.935292   0.9400784
 0.9336869  0.9349116  0.9370591  0.9381479  0.93657434 0.93529195
 0.9393897  0.93715763 0.93589777 0.93665683 0.93341726 0.9347538
 0.94062114 0.9396937  0.92821777 0.92275095 0.93302983 0.93794125
 0.9305007  0.9294812  0.940231   0.9386238  0.94463825 0.93795866
 0.9249548  0.94071877 0.9300848  0.9450264  0.9267745  0.93699276
 0.93093634 0.93628186 0.9369542  0.93596447 0.9386368  0.930906
 0.9428789  0.9293736  0.9329566  0.9337692  0.9353595  0.9269072
 0.9433915  0.94131994 0.9353658  0.93006074 0.9425151  0.9375097
 0.9304825  0.9473666  0.93924755 0.94722575 0.93553746 0.94340605
 0.94034374 0.9384701  0.92909527 0.93559456 0.92873496 0.9406942
 0.93024606 0.92665786 0.93575263 0.9401957  0.9450059  0.9385829
 0.9451034  0.9423806  0.9404758  0.93921006 0.9430701  0.94614065
 0.9429843  0.93777955 0.92803234 0.940647   0.9385389  0.935948
 0.932054   0.9355469  0.93835443 0.94703746]",1.3257666e-14,38.183597564697266,296.38943955807855
Explicit NNODEgHMC,0.30000000000000004,autograd,high_dimensional_gaussian,SynchronousLeapfrog,0.1,"[0.9287324  0.9373492  0.93371904 0.94698185 0.9459733  0.940071
 0.9245539  0.9355272  0.92618245 0.9273628  0.9272342  0.9328933
 0.9281558  0.9312126  0.9329752  0.9289441  0.93357176 0.93811405
 0.9306501  0.93254375 0.933994   0.93511885 0.9333122  0.93180704
 0.9365047  0.9346468  0.9335699  0.9354509  0.93169856 0.9309618
 0.9385524  0.93591213 0.9235705  0.9194517  0.9288753  0.93423545
 0.928251   0.9242058  0.93735445 0.9360685  0.94317645 0.93598795
 0.92172307 0.9379262  0.92582893 0.94345236 0.9220721  0.93395036
 0.9284967  0.93350303 0.9359188  0.93079585 0.9354478  0.9273243
 0.9408655  0.92517513 0.9295293  0.9286814  0.93065464 0.9238552
 0.9408741  0.9383402  0.93275857 0.92721987 0.941203   0.93396306
 0.9251387  0.94639266 0.9368827  0.9456431  0.93459046 0.9413175
 0.93690264 0.93642896 0.9242184  0.93314517 0.9263425  0.9373421
 0.9280604  0.9231485  0.9317789  0.93693566 0.9429409  0.93681085
 0.9433543  0.9401673  0.9394158  0.9371718  0.93945783 0.94588685
 0.9401874  0.9360013  0.92444456 0.93845093 0.9329432  0.93395495
 0.928331   0.93244857 0.93564034 0.9454295 ]",1.6245411e-14,58.5459258556366,53.40407776101362
SymplecticNNgHMC,0.30000000000000004,autograd,high_dimensional_gaussian,SynchronousLeapfrog,0.1,"[0.93243957 0.9395788  0.9362916  0.94863623 0.9467041  0.9426958
 0.927797   0.9381199  0.9322526  0.9310688  0.93018985 0.9358837
 0.9312433  0.9349638  0.9360502  0.9327892  0.93533325 0.94010246
 0.9337282  0.9349433  0.9370942  0.9381497  0.93661946 0.9352789
 0.93939847 0.93718904 0.93592787 0.93670213 0.93345165 0.93481433
 0.9406241  0.9396701  0.9282967  0.92301464 0.9331353  0.9379479
 0.93061674 0.9296474  0.9402871  0.938622   0.9446169  0.93798536
 0.9251229  0.94068474 0.9301316  0.94501483 0.9269197  0.9369987
 0.9310672  0.9363066  0.93698156 0.93598866 0.9386958  0.9309506
 0.9428732  0.92941254 0.9330463  0.9337969  0.935394   0.92706794
 0.9433541  0.94132984 0.93542403 0.9301648  0.9425117  0.93751305
 0.9305212  0.9473249  0.93924177 0.94722    0.93557346 0.94339955
 0.9403536  0.938485   0.92921734 0.93561494 0.92884386 0.9407193
 0.9303322  0.9267616  0.9358729  0.94016665 0.9449947  0.93862313
 0.94510114 0.9423806  0.94046295 0.939197   0.94302034 0.94612956
 0.94296825 0.9378376  0.92816776 0.94067734 0.93849534 0.9360277
 0.9321383  0.93558836 0.93838024 0.9470236 ]",3.2844325e-06,86.23888158798218,325.06052886835204
GSymplecticNNgHMC,0.30000000000000004,autograd,high_dimensional_gaussian,SynchronousLeapfrog,0.1,"[0.93248713 0.9395811  0.9362735  0.9486333  0.94669986 0.94268334
 0.9278401  0.9381255  0.93226767 0.9310624  0.9301974  0.93588567
 0.9312434  0.9349753  0.9360284  0.93279284 0.9353423  0.94011325
 0.93372554 0.93492293 0.93710536 0.93814623 0.93662345 0.9352846
 0.9394258  0.93720144 0.9359271  0.93668485 0.9334768  0.93479824
 0.94062346 0.9396698  0.9282812  0.92300457 0.93313694 0.9379574
 0.93063545 0.9296457  0.9402875  0.9386165  0.94462824 0.9379983
 0.9251542  0.94068635 0.9300922  0.94503015 0.9269125  0.9370036
 0.93105906 0.9362928  0.9369911  0.9359862  0.93871737 0.93094826
 0.9428693  0.9293918  0.9330413  0.9337872  0.93540233 0.92705816
 0.94335246 0.9413225  0.93541336 0.9301626  0.9425067  0.9375082
 0.9305377  0.947324   0.93925685 0.94722193 0.9355623  0.9434018
 0.9403622  0.9384736  0.9292128  0.9355938  0.92881477 0.9407069
 0.9303392  0.926774   0.9358703  0.94018316 0.9449886  0.9386215
 0.94511384 0.94238275 0.9404723  0.93923724 0.9430537  0.9461415
 0.94296503 0.9378115  0.92816246 0.940706   0.9385292  0.9360548
 0.93213767 0.9356034  0.93841255 0.9470161 ]",2.577999e-05,36.95400643348694,325.072823967064
GradSymplecticNNgHMC,0.30000000000000004,autograd,high_dimensional_gaussian,SynchronousLeapfrog,0.1,"[0.9324505  0.9395861  0.9362907  0.94863653 0.9467075  0.9426906
 0.9278318  0.9381256  0.93226594 0.9310791  0.9301838  0.9358937
 0.931256   0.93495846 0.936049   0.932796   0.9353491  0.9401061
 0.9337322  0.93494004 0.9370979  0.9381542  0.9366251  0.93528
 0.93940467 0.93718874 0.9359398  0.936691   0.93345994 0.9348046
 0.9406285  0.9396795  0.9283115  0.92303026 0.933155   0.93795085
 0.9306302  0.92965615 0.94028586 0.9386265  0.9446236  0.9379991
 0.9251523  0.94068515 0.9301293  0.9450285  0.92690706 0.9370078
 0.93107283 0.93631047 0.9369782  0.93599653 0.9386989  0.9309505
 0.94287956 0.92941177 0.93305635 0.9338057  0.93540907 0.9270689
 0.9433522  0.9413299  0.9354324  0.9301688  0.942517   0.937524
 0.93053246 0.9473275  0.9392537  0.9472197  0.9355723  0.94340456
 0.9403533  0.93848985 0.9292137  0.935624   0.9288559  0.9407282
 0.93033886 0.9267661  0.9358759  0.9401788  0.9449882  0.9386339
 0.94510746 0.9423811  0.94046587 0.93920374 0.94303054 0.9461365
 0.9429802  0.9378233  0.9281595  0.94067967 0.93849707 0.9360343
 0.93213165 0.93558973 0.9383894  0.94701785]",4.0998324e-07,187.6310691833496,324.6759631400779
GradGSymplecticNNgHMC,0.30000000000000004,autograd,high_dimensional_gaussian,SynchronousLeapfrog,0.1,"[0.93248796 0.93958974 0.93630093 0.9486346  0.94670343 0.9426963
 0.9278269  0.9381158  0.93227005 0.93107414 0.93021667 0.93589085
 0.93125427 0.9349712  0.9360136  0.9327754  0.9353515  0.9400899
 0.9337124  0.93493164 0.93712366 0.9381491  0.93664384 0.935285
 0.93943304 0.9372086  0.935933   0.93667334 0.9334917  0.93479794
 0.9406166  0.93966806 0.9282944  0.92301404 0.93316543 0.93794715
 0.9306266  0.92966354 0.9402961  0.93861985 0.94461656 0.9379978
 0.92516994 0.94067    0.9301125  0.9450223  0.92695713 0.93699044
 0.9310664  0.9362883  0.93699193 0.9359784  0.93871707 0.93095434
 0.94288224 0.9294014  0.9330406  0.9338019  0.9354137  0.9270613
 0.9433586  0.94133633 0.93543166 0.93018264 0.94251144 0.9375261
 0.9305579  0.9473195  0.9392561  0.9472177  0.93558526 0.9433956
 0.9403453  0.93849564 0.9292388  0.9356081  0.9288232  0.9407384
 0.93034256 0.9267964  0.935874   0.9401858  0.9449865  0.93863475
 0.9451033  0.9423899  0.9404781  0.9392178  0.9430289  0.94613093
 0.9429805  0.93782175 0.9281765  0.9406885  0.9385419  0.93604517
 0.9321308  0.9355904  0.938406   0.94701934]",2.4362249e-05,94.92677044868469,324.8379258099365
HMC,0.30000000000000004,autograd,normal_normal,SynchronousLeapfrog,0.1,"[0.9222624  0.94089293 0.94565475 0.94154584 0.92004204 0.944222
 0.9464604  0.946692   0.94666255 0.8830066  0.9367651  0.9335465
 0.9353974  0.93169963 0.9490874  0.9198081  0.9362413  0.90926
 0.94787997 0.92509955 0.94895124 0.9511911  0.9463872  0.92733383
 0.9485769  0.9254195  0.9508976  0.93788373 0.9162955  0.9498398
 0.93428755 0.9372525  0.9132675  0.94079244 0.92230356 0.9496309
 0.93289375 0.9338212  0.9373025  0.9234058  0.94022965 0.9520476
 0.94836366 0.89288473 0.93953484 0.9401209  0.94476455 0.9491307
 0.9484748  0.9437155  0.9387417  0.9406103  0.94354266 0.9521657
 0.9324536  0.9497558  0.94700575 0.94496775 0.9041867  0.9504607
 0.94776857 0.9284367  0.93151057 0.93600243 0.9521782  0.94255924
 0.9476261  0.95203245 0.9332525  0.94957733 0.9354038  0.94888103
 0.92880476 0.9429803  0.9311466  0.9349496  0.91866654 0.9481493
 0.94896543 0.91807884 0.9331526  0.93939435 0.93861127 0.9456872
 0.93317485 0.92656326 0.93359464 0.95032775 0.94199693 0.94001245
 0.9508649  0.9418828  0.8991143  0.9246869  0.9438534  0.9018747
 0.94440264 0.9457719  0.94871974 0.9321499 ]",1.5555785e-15,80.4651792049408,406.0216649236694
NNgHMC,0.30000000000000004,autograd,normal_normal,SynchronousLeapfrog,0.1,"[0.9227494  0.9408986  0.94564486 0.9410607  0.9201739  0.9442309
 0.9466747  0.9468274  0.9467739  0.88475794 0.9377701  0.9337022
 0.9357216  0.93168736 0.949114   0.92000616 0.9360978  0.8913541
 0.9479078  0.924698   0.9490465  0.951225   0.9465517  0.92700005
 0.9486286  0.92500347 0.9509475  0.9371691  0.91715145 0.94976157
 0.93371403 0.93812907 0.9135121  0.94068277 0.9222216  0.9497673
 0.9312598  0.9336952  0.9375595  0.92297065 0.94008917 0.9521932
 0.9484037  0.8923291  0.9397092  0.94024676 0.9448352  0.9492342
 0.94849885 0.94363415 0.93874526 0.9407275  0.9436564  0.9521688
 0.93270445 0.9493952  0.9467939  0.9450187  0.9049517  0.95052046
 0.9477841  0.92871225 0.9316007  0.9335027  0.9519739  0.94264746
 0.94762516 0.95193493 0.9329159  0.9497604  0.93532085 0.9492089
 0.92886055 0.9432491  0.93070436 0.9340092  0.91951704 0.9482667
 0.94885254 0.91721743 0.9333584  0.93968934 0.9385866  0.9457518
 0.933668   0.92709607 0.93326443 0.95042485 0.9421295  0.94004
 0.9509077  0.94285154 0.87913483 0.9246836  0.9439275  0.90221906
 0.945234   0.9458151  0.9487178  0.9320256 ]",1.794901e-15,67.39137315750122,378.4091688423924
NNODEgHMC,0.30000000000000004,autograd,normal_normal,SynchronousLeapfrog,0.1,"[0.9229609  0.9409458  0.94557804 0.9408226  0.92019594 0.944147
 0.94685495 0.94715255 0.94677985 0.88517463 0.93687075 0.9337532
 0.9357554  0.931539   0.94902897 0.9202304  0.93604416 0.8857136
 0.9479083  0.92485976 0.94882095 0.95124197 0.9464201  0.92720383
 0.9485287  0.9251617  0.9511118  0.9371238  0.9172888  0.9498074
 0.93332386 0.9375421  0.9139244  0.94060224 0.92240953 0.95006454
 0.9311421  0.9337714  0.9375145  0.923115   0.9398937  0.9522623
 0.9483664  0.89100647 0.9397464  0.94026655 0.94495237 0.9494362
 0.9485059  0.9434206  0.93848455 0.94081724 0.9437369  0.9520798
 0.93289983 0.9493288  0.94657135 0.9451198  0.906072   0.9505281
 0.94754493 0.92813945 0.93160045 0.9329111  0.9519531  0.9424933
 0.94755715 0.9519421  0.9329666  0.9496967  0.93542117 0.9493515
 0.9289546  0.943125   0.9305912  0.9336516  0.9198735  0.94808817
 0.9487652  0.917102   0.9334876  0.9397575  0.9386233  0.9458051
 0.93347406 0.9274235  0.93323326 0.9504578  0.9421381  0.9400661
 0.9507476  0.942759   0.87698746 0.92499566 0.94401854 0.90259
 0.94497526 0.94585437 0.9488201  0.93205345]",1.8348e-14,46.000442028045654,390.4292032494745
Explicit NNODEgHMC,0.30000000000000004,autograd,normal_normal,SynchronousLeapfrog,0.1,"[0.9144711  0.9398615  0.9429425  0.9415635  0.9244353  0.94127035
 0.9459963  0.9471915  0.9457525  0.8833747  0.92993486 0.9318864
 0.930779   0.9268853  0.9477161  0.9129453  0.9341577  0.70338476
 0.946011   0.9159765  0.94751453 0.9504821  0.9462888  0.9190342
 0.9457423  0.91915506 0.9502403  0.93361175 0.91363394 0.95001936
 0.9136235  0.9281732  0.91667604 0.93721473 0.91346496 0.94950885
 0.92548245 0.9285149  0.9320824  0.9145545  0.9258947  0.95126057
 0.94668233 0.88347006 0.93824804 0.9404793  0.9450431  0.9489131
 0.9477874  0.9348306  0.93497676 0.9403777  0.9431218  0.9517378
 0.927379   0.949792   0.94746137 0.9430148  0.897233   0.9495187
 0.94684905 0.89790535 0.9277031  0.91824436 0.9524576  0.9403609
 0.9459809  0.9521502  0.931695   0.94908285 0.93408334 0.94888157
 0.92717594 0.9403242  0.9249821  0.92252886 0.92109716 0.9468597
 0.948151   0.91321963 0.9299301  0.93896264 0.9360415  0.9455285
 0.9193616  0.92036545 0.92921704 0.94976395 0.93997204 0.93904227
 0.95036167 0.9372756  0.8256735  0.91683984 0.9435928  0.89449894
 0.94053686 0.9450265  0.94901955 0.9328598 ]",2.30577e-14,67.0099310874939,261.5734236908887
SymplecticNNgHMC,0.30000000000000004,autograd,normal_normal,SynchronousLeapfrog,0.1,"[0.92055357 0.9413717  0.94517297 0.9397664  0.91790265 0.9437132
 0.9467335  0.947412   0.94664115 0.88221806 0.93508744 0.9339839
 0.93439627 0.9313313  0.9488548  0.9199028  0.93607223 0.8366746
 0.9472591  0.92556274 0.94802463 0.9509815  0.9465836  0.9281289
 0.94796294 0.9268037  0.95097923 0.9366611  0.91546935 0.94991255
 0.9274653  0.93540883 0.91369647 0.94010603 0.9217362  0.95014447
 0.9302596  0.93439853 0.93567055 0.9239992  0.9345454  0.9520161
 0.94789994 0.891346   0.939559   0.9397526  0.94517946 0.94968426
 0.94871825 0.9402954  0.93757665 0.9414499  0.9436339  0.9518506
 0.9320377  0.94922227 0.9461588  0.9441263  0.90486926 0.950195
 0.9471177  0.9182541  0.9312186  0.93075883 0.9518695  0.9417957
 0.94742966 0.95192736 0.93345183 0.9497587  0.9357109  0.9496323
 0.9294912  0.9420824  0.9295985  0.9316186  0.9182955  0.9474725
 0.94849443 0.91477484 0.9333482  0.9390029  0.9385896  0.9456136
 0.92892456 0.9257177  0.9329693  0.9502082  0.9418491  0.94038665
 0.95057386 0.9417526  0.8639409  0.92511976 0.94430035 0.9029926
 0.9439999  0.9462527  0.9491111  0.9331433 ]",0.0009944615,69.97164392471313,34.30165960291144
GSymplecticNNgHMC,0.30000000000000004,autograd,normal_normal,SynchronousLeapfrog,0.1,"[0.9220656  0.94082856 0.94558823 0.941646   0.9205556  0.9442018
 0.94648135 0.9465658  0.94668376 0.8846947  0.93783987 0.93359566
 0.9352565  0.9314048  0.9490762  0.9197399  0.9361285  0.90133667
 0.9478309  0.9248911  0.9489839  0.9511558  0.9464666  0.9271712
 0.9483286  0.92526054 0.95075816 0.9378885  0.91700375 0.94987345
 0.9339811  0.938831   0.913165   0.940715   0.9221921  0.9494966
 0.93283075 0.9336238  0.93736136 0.9233128  0.9396371  0.9519806
 0.94829035 0.8940174  0.93956965 0.94009084 0.94480556 0.94900864
 0.9484443  0.9433979  0.9386047  0.94056815 0.94353694 0.9521774
 0.93224186 0.94968814 0.9470944  0.94486016 0.90411115 0.9504285
 0.9477398  0.92851776 0.9313499  0.9358591  0.9521785  0.94247216
 0.94761014 0.95203465 0.9329394  0.94961107 0.9351865  0.948977
 0.9286995  0.9429612  0.9312083  0.9356677  0.9190172  0.9481632
 0.9490142  0.918643   0.9331355  0.9394536  0.93855304 0.94566774
 0.9333838  0.9263433  0.93341196 0.9503236  0.94195986 0.94002235
 0.9508802  0.9427867  0.89757746 0.92458427 0.94388676 0.9020385
 0.9446773  0.9457242  0.9487126  0.93218297]",0.00020476147,38.216381311416626,387.69123872497846
GradSymplecticNNgHMC,0.30000000000000004,autograd,normal_normal,SynchronousLeapfrog,0.1,"[0.9214489  0.9409935  0.9450549  0.9401512  0.9194039  0.94365305
 0.9467702  0.9478814  0.9465455  0.88243437 0.9358465  0.9336438
 0.93462014 0.93136686 0.9486731  0.9200276  0.93602514 0.8483772
 0.94749063 0.92582023 0.9480709  0.9510983  0.94635785 0.9280778
 0.948225   0.9266169  0.9511284  0.93688595 0.91581345 0.9499321
 0.9286498  0.9364075  0.913875   0.9399583  0.92210126 0.95050263
 0.9309349  0.934211   0.93606395 0.9241375  0.936126   0.9522097
 0.9479639  0.8919892  0.9396534  0.93997383 0.94509333 0.95002
 0.9484606  0.9412386  0.9377794  0.9410471  0.9436757  0.95173377
 0.93203616 0.94923055 0.94622433 0.94464797 0.90526485 0.9502872
 0.9470846  0.9201809  0.9313601  0.9312483  0.9518684  0.9418468
 0.94725174 0.9519204  0.9335543  0.94951916 0.93579745 0.9497296
 0.92899054 0.9422182  0.9294759  0.9328153  0.9187371  0.94747615
 0.9484409  0.91484034 0.93309295 0.93923235 0.9384997  0.94571656
 0.9297771  0.92612714 0.9332584  0.95026994 0.9416914  0.9401311
 0.95042574 0.9426465  0.86643684 0.9251399  0.94413185 0.9026642
 0.9448468  0.94592565 0.9490094  0.9329521 ]",0.00024295143,101.71806216239929,64.2451927153305
GradGSymplecticNNgHMC,0.30000000000000004,autograd,normal_normal,SynchronousLeapfrog,0.1,"[0.92210805 0.94093364 0.94559306 0.9416684  0.92011786 0.9442212
 0.94657564 0.94650906 0.9467279  0.88255835 0.93745565 0.9336333
 0.9353244  0.9316554  0.9491377  0.9197786  0.9362433  0.90405816
 0.947832   0.92512655 0.94899964 0.95116633 0.9464073  0.92741907
 0.9483284  0.92549336 0.95081425 0.93775076 0.9167096  0.9498137
 0.93402696 0.93803257 0.9130148  0.9407439  0.9222355  0.9494788
 0.9325513  0.93383265 0.9371704  0.92348206 0.9399211  0.9519582
 0.94835633 0.89523065 0.939623   0.9401014  0.9448253  0.9489244
 0.94851685 0.9434842  0.93874836 0.9406475  0.9434838  0.952209
 0.9324042  0.94971526 0.9471871  0.94490165 0.9041028  0.9504549
 0.94781435 0.9282981  0.93119276 0.93542755 0.95215386 0.9425688
 0.9476718  0.95200825 0.9329569  0.9496155  0.93512505 0.94885945
 0.9288487  0.9430013  0.9311445  0.93482924 0.9186575  0.9481963
 0.9489681  0.9180347  0.93319196 0.93929803 0.93858975 0.94565356
 0.9331206  0.926448   0.9335243  0.95035666 0.942022   0.9400629
 0.95092744 0.9421152  0.89794683 0.9247689  0.9439518  0.9018326
 0.94435567 0.9458233  0.9487213  0.9323165 ]",0.0003878542,49.25102949142456,335.65145437748765
HMC,0.4,autograd,banana,SynchronousLeapfrog,0.1,"[0.9124753  0.9882964  0.9749631  0.8650049  0.80481356 0.9750751
 0.89414024 0.9254141  0.46655664 0.92593634 0.8879835  0.9327053
 0.98055506 0.79907477 0.9549377  0.9004624  0.95983374 0.928561
 0.98060364 0.94283503 0.9587443  0.94272125 0.72115517 0.9773337
 0.9535507  0.95940924 0.9626794  0.94034094 0.9874326  0.8764273
 0.95423114 0.89612854 0.9172616  0.988382   0.8647055  0.9379133
 0.9020494  0.87979406 0.99171436 0.9486035  0.9659686  0.96913767
 0.920784   0.85977906 0.8636106  0.9635493  0.85318774 0.9254541
 0.9705757  0.93654364 0.8651595  0.8988975  0.79450417 0.9788663
 0.948548   0.93749416 0.93190384 0.75861275 0.9444375  0.92795384
 0.9159683  0.92336273 0.9643516  0.97962564 0.9762246  0.94906163
 0.9887681  0.9782232  0.94924563 0.9264342  0.93535966 0.9528939
 0.99068713 0.9766302  0.9702934  0.9457077  0.796003   0.91241163
 0.9074118  0.88527    0.9543375  0.9710304  0.9817109  0.9857461
 0.97541153 0.9488174  0.9738803  0.948679   0.71284187 0.9891016
 0.9224636  0.96186465 0.9409083  0.9387016  0.87925303 0.9651532
 0.9274926  0.97239816 0.96314996 0.9353125 ]",2.2524204e-14,21.762195587158203,1.546060003902192
NNgHMC,0.4,autograd,banana,SynchronousLeapfrog,0.1,"[0.9271449  0.98152256 0.8295397  0.05531267 0.5331424  0.90657127
 0.18552065 0.9414773  0.17003939 0.45903277 0.8822593  0.27744693
 0.9816799  0.44218224 0.78006357 0.44450352 0.5401572  0.85715455
 0.84446114 0.91329426 0.9033952  0.8635544  0.39177474 0.95987153
 0.83423495 0.9758005  0.8610451  0.89356726 0.98382133 0.9429034
 0.89092815 0.8889529  0.51433575 0.9796437  0.10570916 0.92898357
 0.71288145 0.45400628 0.9872057  0.828689   0.97096825 0.7084173
 0.51420355 0.91374916 0.85712624 0.97655964 0.07313731 0.83085364
 0.84924877 0.67593706 0.8394623  0.02054913 0.7019433  0.9550311
 0.72390366 0.5306843  0.25911316 0.03139522 0.82090396 0.95960295
 0.17944166 0.76549405 0.8775401  0.97735727 0.8325128  0.7182154
 0.9850761  0.9264841  0.67859316 0.46328104 0.60996306 0.9553145
 0.990543   0.98406875 0.97613657 0.9514505  0.04436622 0.8237752
 0.9004361  0.42741808 0.85991144 0.80178964 0.98303735 0.8993032
 0.9694704  0.9213692  0.9536668  0.6435978  0.49315667 0.9914392
 0.16208735 0.8542714  0.67579687 0.91271806 0.37415668 0.9161579
 0.94388103 0.82923    0.91818017 0.6840811 ]",6.536993e-15,18.139970779418945,1.6426790341981583
NNODEgHMC,0.4,autograd,banana,SynchronousLeapfrog,0.1,"[0.9321865  0.94696176 0.6623234  0.28188193 0.38428983 0.9678842
 0.44063795 0.95469964 0.18307817 0.6400987  0.9513199  0.5886437
 0.9818504  0.66938657 0.6399473  0.58776104 0.19047296 0.7017516
 0.6573822  0.9310565  0.7401967  0.7769227  0.40787515 0.93407124
 0.7680511  0.96646166 0.94247866 0.89272875 0.9787945  0.93486375
 0.9306694  0.7402091  0.6845783  0.9348213  0.20267598 0.8639535
 0.6914754  0.35849258 0.9564196  0.9048564  0.9412155  0.4170124
 0.6822097  1.4381675  0.31259558 0.97833145 0.45486718 0.9252004
 0.7641363  0.523947   1.3869013  0.4609697  0.4663     0.8332147
 0.8355191  0.7004241  0.12651359 0.0767742  0.7181953  0.93966985
 0.65914655 0.8681588  0.9394381  0.9785716  0.7408042  0.43212217
 0.9455128  0.98027986 0.8063538  0.25932476 0.7731608  0.8977625
 0.99082327 0.9865376  0.95781136 0.9444052  0.3539221  0.7536105
 0.9634254  0.8832378  0.96429586 0.55271494 0.9384397  0.80346555
 0.9721712  0.945081   0.9761175  0.8520478  0.44370008 0.9767162
 0.6804411  0.75114125 0.5294374  0.9413566  0.58987796 0.97707963
 0.9641509  0.7282276  0.9740323  0.8476201 ]",7.375123e-11,26.348433256149292,1.3476967549929628
Explicit NNODEgHMC,0.4,autograd,banana,SynchronousLeapfrog,0.1,"[0.90902156 0.9881406  0.8787396  0.22449908 0.5955171  0.87808627
 0.04672019 0.92001665 0.13900226 0.35804367 0.9499601  0.22213185
 0.97757196 0.33886355 0.83147407 0.36123723 0.13150609 0.84037185
 0.8713398  0.8817753  0.78744215 0.8950305  0.32677612 0.9698237
 0.8840491  0.97655797 0.8074286  0.904475   0.9723773  0.9386706
 0.840541   0.8200986  0.41869277 0.98978543 0.27089155 0.94547814
 0.74932945 0.50119054 0.99237394 0.77650213 0.97032094 0.3689605
 0.4179415  0.9905076  0.94294727 0.9687726  0.11049692 0.7698814
 0.8834111  0.73672223 1.1279262  0.2519669  0.4397499  0.92240953
 0.61635387 0.4333043  0.05854278 0.09058285 0.857892   0.96420145
 0.5102336  0.6999856  0.83318704 0.969759   0.8895628  0.38459834
 0.991066   0.882287   0.6021373  0.5481148  0.5148972  0.96289575
 0.99091214 0.9785681  0.9814142  0.94904304 0.06564515 0.8519478
 0.8717092  0.391899   0.9583435  0.49891156 0.97858894 0.93309927
 0.9653721  0.8897284  0.9265915  0.8819829  0.54862815 0.9868611
 0.7912353  0.8929021  0.7357377  0.8806462  0.25445572 0.967656
 0.91850984 0.8692309  0.874648   0.59445137]",1.1763157e-10,44.4205322265625,1.7114161140420445
SymplecticNNgHMC,0.4,autograd,banana,SynchronousLeapfrog,0.1,"[0.9282726  0.9606144  0.62435114 0.48176765 0.47134662 0.94901055
 0.49592254 0.9571105  0.18031518 0.6518137  0.9180136  0.73460424
 0.9819937  0.6418058  0.6586691  0.599637   0.13352653 0.62169224
 0.560507   0.91395617 0.5461006  0.80961275 0.3931907  0.9454273
 0.8306455  0.97600496 0.9421045  0.8958101  0.9773613  0.9417221
 0.9034399  0.59322935 0.68618083 0.9447925  0.35101557 0.8800893
 0.7237002  0.409226   0.97576207 0.9015676  0.94709253 0.14167431
 0.69176555 1.7787962  0.11879914 0.97831964 0.69543004 0.93323886
 0.8074932  0.5764176  1.8058151  0.66655153 0.23624411 0.69471717
 0.7664291  0.72490716 0.44585678 0.01825817 0.72863805 0.86224544
 0.9956962  0.8578908  0.9297637  0.97810906 0.8165592  0.10600998
 0.9494783  0.9785147  0.8093238  0.29463255 0.8066443  0.8807757
 0.9904725  0.986248   0.9730234  0.9476863  0.43746635 0.787183
 0.95623004 0.974091   0.9461132  0.29658118 0.84311306 0.82892823
 0.96838653 0.9251563  0.97132623 0.8919756  0.49333137 0.981559
 1.1303245  0.79215306 0.5933802  0.9271033  0.61680853 0.9351872
 0.96597147 0.7735176  0.974244   0.8801438 ]",0.019238267,54.508286237716675,1.2955754487043047
GSymplecticNNgHMC,0.4,autograd,banana,SynchronousLeapfrog,0.1,"[0.9333901  0.97351474 0.74203837 0.14459151 0.50811076 0.94371593
 0.35443506 0.9582132  0.15458396 0.58650756 0.9366332  0.5142744
 0.9838728  0.60742617 0.7204148  0.47731566 0.41852856 0.8013317
 0.74277675 0.9271345  0.8330846  0.8440037  0.41612643 0.9548582
 0.7961404  0.9690058  0.9077417  0.89435434 0.98287296 0.94741344
 0.91671944 0.82613504 0.64724135 0.9632611  0.06329309 0.90820456
 0.7351312  0.43148488 0.934764   0.8595659  0.9627708  0.620099
 0.59422725 1.3711523  0.48926258 0.97934616 0.39312446 0.90069264
 0.83595276 0.6350752  1.2812767  0.15119623 0.6376382  0.8928461
 0.8544215  0.6090306  0.01139729 0.05434985 0.7691006  0.96338177
 0.44613743 0.82468104 0.90108126 0.9798705  0.7141551  0.58854795
 0.96806204 0.9596218  0.7315477  0.36700493 0.6970727  0.92369366
 0.99017036 0.9834285  0.9634082  0.9447756  0.27398396 0.81560814
 0.95074457 0.5462759  0.9217457  0.7322573  0.9663625  0.8668275
 0.9665525  0.9313628  0.9650552  0.72431296 0.4712296  0.9890327
 0.37136924 0.8303625  0.6486992  0.92236507 0.5125654  0.95704925
 0.96464896 0.8084415  0.9569526  0.82252526]",0.021381551,16.837558031082153,1.2987880892637225
GradSymplecticNNgHMC,0.4,autograd,banana,SynchronousLeapfrog,0.1,"[0.9321343  0.96554416 0.6469781  0.37346932 0.4745677  0.95084465
 0.42849597 0.9587287  0.16408399 0.6044557  0.9336204  0.67409843
 0.9817435  0.6514615  0.6760022  0.5459448  0.08556386 0.6338041
 0.58668065 0.91404957 0.59626114 0.82195395 0.37749028 0.9491253
 0.82010716 0.97549736 0.92578256 0.89403117 0.9796841  0.9460251
 0.9035593  0.6111634  0.64881605 0.9507097  0.23826182 0.89108723
 0.7151925  0.41387826 0.9746704  0.8846065  0.9535457  0.18178228
 0.64895964 1.7527149  0.04830518 0.9783504  0.6140026  0.9158933
 0.8147018  0.58552474 1.7697239  0.6534991  0.29901332 0.7259892
 0.76391333 0.6763005  0.39733943 0.01003442 0.7464123  0.889876
 0.95855874 0.84398985 0.91838896 0.9780635  0.8038723  0.15454286
 0.95592177 0.9729123  0.77655256 0.29206097 0.7620489  0.888642
 0.99047345 0.9849895  0.97284746 0.94772714 0.3866763  0.79916286
 0.9616978  0.99694705 0.9532179  0.33722323 0.8687408  0.8376888
 0.96737957 0.927633   0.96970975 0.8803133  0.48851404 0.98501766
 1.1011662  0.79639137 0.59626144 0.9252778  0.572016   0.9477932
 0.96666807 0.7803647  0.967579   0.8553416 ]",0.025791205,76.08940434455872,1.2919220517961203
GradGSymplecticNNgHMC,0.4,autograd,banana,SynchronousLeapfrog,0.1,"[0.9318537  0.9615444  0.67541075 0.28186968 0.4568634  0.9583174
 0.42580152 0.9581594  0.16391122 0.61811566 0.9486005  0.5803858
 0.98195    0.6534187  0.6650094  0.52606505 0.30486867 0.75068444
 0.6749239  0.9142735  0.7790731  0.81206703 0.38530323 0.9487862
 0.7940154  0.97461385 0.93011564 0.89605546 0.9793879  0.9454443
 0.91302    0.7775878  0.6736092  0.9465689  0.1836313  0.882496
 0.7281376  0.4100914  0.9419672  0.88662493 0.94954133 0.5219762
 0.6514816  1.4546999  0.3283748  0.97769964 0.45064777 0.92098
 0.806332   0.5734924  1.3678354  0.3111176  0.5562128  0.85130763
 0.82506144 0.6697049  0.09367    0.01602012 0.7388643  0.95035577
 0.5775382  0.85408676 0.9228651  0.9770314  0.7184317  0.5066198
 0.9524851  0.9742092  0.7773684  0.29130796 0.75319976 0.8987658
 0.9904393  0.9847285  0.9694481  0.9461118  0.34467602 0.79349107
 0.96221864 0.7218892  0.94922656 0.6488291  0.9478533  0.8290946
 0.9683002  0.93365496 0.9704418  0.79254055 0.49478722 0.9832632
 0.5253934  0.7898706  0.5893961  0.9289044  0.57597554 0.97126484
 0.9668152  0.7709408  0.9703373  0.8519052 ]",0.014220044,24.45433735847473,1.4026958797905111
HMC,0.4,autograd,gaussian,SynchronousLeapfrog,0.3,"[0.93311185 0.948617   0.9144496  0.9209604  0.94907254 0.9317969
 0.9453389  0.9419049  0.93423223 0.927664   0.90454596 0.9353579
 0.940223   0.93765914 0.95479333 0.92749345 0.9325025  0.9464338
 0.94640464 0.9311711  0.9381179  0.93249243 0.88330495 0.91735643
 0.93143654 0.938862   0.9210371  0.936674   0.93804955 0.9285573
 0.8886137  0.92461175 0.92567945 0.92553705 0.94661415 0.94051456
 0.94098186 0.9445631  0.94615126 0.92094505 0.94577396 0.94853824
 0.9373428  0.93200314 0.9532938  0.94604367 0.94151294 0.95455194
 0.94644403 0.9501542  0.9366807  0.95232904 0.94856787 0.9458911
 0.9533572  0.955506   0.93982255 0.9345104  0.9498923  0.9611243
 0.9283016  0.93374026 0.92525357 0.93654794 0.9433798  0.9537991
 0.9405718  0.9322335  0.9086237  0.9484706  0.9504084  0.947927
 0.94543374 0.95249844 0.94640195 0.95379937 0.9532012  0.92393076
 0.9490015  0.9123683  0.92340386 0.9171261  0.9511751  0.95931005
 0.9436433  0.9451052  0.9379132  0.9348406  0.93501973 0.9380379
 0.8983094  0.95730466 0.9234829  0.95634305 0.9389047  0.94391155
 0.9355685  0.9313706  0.930556   0.94865227]",4.7488055e-15,17.40074396133423,2241.3569324231626
NNgHMC,0.4,autograd,gaussian,SynchronousLeapfrog,0.3,"[0.9331809  0.9488971  0.9146304  0.9207253  0.9491514  0.92987776
 0.9466795  0.94216    0.93376756 0.925697   0.90093917 0.93422335
 0.9402871  0.9379837  0.9547178  0.92820925 0.9329181  0.9464571
 0.9463059  0.93151844 0.93857735 0.9314374  0.8843008  0.9111797
 0.9322077  0.9384754  0.9225162  0.93587875 0.9373349  0.9292423
 0.8842343  0.92479646 0.9265334  0.9253251  0.94648904 0.9410898
 0.9414749  0.9451138  0.9466495  0.92106223 0.94570136 0.9487264
 0.9375131  0.93176645 0.95310754 0.94570065 0.9413066  0.95492935
 0.9465419  0.9505095  0.93693656 0.9529106  0.9487709  0.9473506
 0.9537611  0.95521945 0.9399175  0.934046   0.9500971  0.9611516
 0.9275777  0.9339768  0.924288   0.93677276 0.9437377  0.9541351
 0.9407222  0.93219155 0.910752   0.9495723  0.9505409  0.94732237
 0.94585794 0.9532175  0.9462732  0.9542097  0.9531951  0.9253251
 0.9489886  0.9088197  0.92312855 0.91511405 0.95115364 0.95932436
 0.94381654 0.9457227  0.9383806  0.9355821  0.9350669  0.93824804
 0.88924754 0.95732325 0.9225625  0.95621586 0.93889797 0.9442269
 0.9356837  0.9312508  0.930323   0.9488663 ]",3.9137327e-15,16.969446897506714,2220.863842235077
NNODEgHMC,0.4,autograd,gaussian,SynchronousLeapfrog,0.3,"[0.9338831  0.9487011  0.91503    0.92085737 0.9491769  0.92983043
 0.94673413 0.94177496 0.93395865 0.9251923  0.90034187 0.934112
 0.94054496 0.9381881  0.9547651  0.92829955 0.93313116 0.94673634
 0.94648826 0.9310373  0.9387578  0.93154097 0.8844948  0.91218376
 0.9316329  0.9381927  0.922135   0.9357628  0.9371393  0.92946196
 0.885987   0.92507833 0.9262973  0.92546415 0.9465364  0.94110197
 0.94134665 0.94509923 0.94666326 0.9197241  0.94564193 0.9488268
 0.9371524  0.93184423 0.95306575 0.9458393  0.9411713  0.954883
 0.9466669  0.9503056  0.9367761  0.9528386  0.9485856  0.9475436
 0.9535906  0.955152   0.9401283  0.9341699  0.9501364  0.96117806
 0.9274618  0.93410033 0.92483664 0.93667793 0.94352436 0.95421094
 0.9408053  0.9321684  0.91143465 0.9496349  0.95052785 0.9474114
 0.94554967 0.953352   0.94635934 0.9543098  0.9531457  0.9253477
 0.94893825 0.90936774 0.92318624 0.9152622  0.9510559  0.95936126
 0.9440087  0.94589555 0.938523   0.9349939  0.9352433  0.93860453
 0.8886968  0.9572956  0.92276645 0.95620966 0.938791   0.944175
 0.93570244 0.9314283  0.93016833 0.9488267 ]",4.6329714e-14,13.681445121765137,2173.4037871700407
Explicit NNODEgHMC,0.4,autograd,gaussian,SynchronousLeapfrog,0.3,"[0.8924419  0.9407212  0.8789377  0.81654215 0.8872282  0.8834788
 0.90583575 0.90157574 0.92088544 0.89554185 0.8731588  0.92460316
 0.91784656 0.89325905 0.9541003  0.90483606 0.94131076 0.8595799
 0.93043995 0.9020561  0.87962306 0.8802161  0.8340572  0.83728063
 0.7491858  0.9138397  0.92518866 0.8832655  0.9194009  0.8162166
 0.88987106 0.9277818  0.8741094  0.9042324  0.9284812  0.9324498
 0.8769119  0.9403981  0.9298185  0.9256525  0.87822604 0.9183473
 0.9307582  0.9056014  0.9376084  0.9496851  0.91773003 0.94400775
 0.94165945 0.9403226  0.93256736 0.9179694  0.9216932  0.8842238
 0.9451984  0.9435126  0.9336712  0.91080683 0.93458414 0.96027964
 0.7320552  0.8763181  0.8798291  0.93471575 0.85586953 0.9552635
 0.9035921  0.9247327  0.90805805 0.8238094  0.9361112  0.93582124
 0.91329503 0.92226744 0.9453176  0.93259424 0.94083977 0.9197352
 0.949146   0.82850045 0.9111608  0.9036254  0.95078534 0.95893925
 0.9295602  0.9018984  0.90800583 0.90413254 0.9154773  0.9083893
 0.84221697 0.93507165 0.9063768  0.9478749  0.9329395  0.9413285
 0.92664003 0.8578696  0.8956921  0.9484199 ]",3.0335193e-13,20.152278184890747,148.42313170685614
SymplecticNNgHMC,0.4,autograd,gaussian,SynchronousLeapfrog,0.3,"[0.93295354 0.94870543 0.9142648  0.9206564  0.94903827 0.93180674
 0.94539404 0.9418849  0.9342021  0.9276139  0.9043769  0.9353267
 0.9401965  0.93764824 0.95481825 0.9274448  0.93249935 0.94645405
 0.9464197  0.9311422  0.9381517  0.9324893  0.8832582  0.9172451
 0.93134373 0.93883836 0.9211044  0.93668765 0.9380084  0.9286164
 0.88841283 0.92471635 0.9256538  0.9255023  0.9466027  0.9405813
 0.94103193 0.9445281  0.94604063 0.92078817 0.945836   0.948528
 0.9372778  0.9320296  0.9533447  0.94599426 0.9413786  0.9544696
 0.94640553 0.9500706  0.9367255  0.95233417 0.9485545  0.9458488
 0.95328856 0.95556897 0.93981874 0.9344325  0.949913   0.9611155
 0.9282994  0.9336599  0.9251983  0.93653196 0.9433292  0.95386404
 0.9405491  0.9321417  0.9085399  0.94849956 0.9503583  0.9478859
 0.94531745 0.95252705 0.9464539  0.9537958  0.9532425  0.9239249
 0.94904554 0.91238093 0.9233135  0.91719025 0.95112675 0.9592738
 0.9436201  0.94509953 0.93785906 0.9347824  0.9350087  0.938118
 0.89809716 0.9572915  0.9234327  0.95638967 0.9388709  0.9438202
 0.93560493 0.9313967  0.9305638  0.94871205]",1.6662385e-05,33.52416181564331,2185.088070056801
GSymplecticNNgHMC,0.4,autograd,gaussian,SynchronousLeapfrog,0.3,"[0.93296593 0.94856656 0.9145216  0.92101943 0.94909495 0.93171114
 0.94525695 0.9420092  0.9343842  0.9276743  0.90427387 0.93538857
 0.9402586  0.9376075  0.9547784  0.9274778  0.9325309  0.94654405
 0.9463698  0.9312949  0.93828285 0.9325794  0.88323987 0.91717446
 0.9315314  0.9388637  0.9210323  0.93657106 0.9381342  0.9286593
 0.8884654  0.92471063 0.92588127 0.9253892  0.9466337  0.94059575
 0.94103396 0.94463915 0.94611686 0.9208881  0.94589186 0.9484843
 0.9374229  0.9322748  0.9533653  0.9461214  0.9414296  0.9545268
 0.94642687 0.95011395 0.9368569  0.9522979  0.9485725  0.9458146
 0.9534073  0.9555464  0.9398882  0.9343993  0.9499247  0.96110934
 0.9286771  0.9335605  0.925177   0.93669796 0.9434147  0.95377225
 0.9405977  0.932137   0.9088921  0.9484908  0.95035255 0.9479796
 0.9453842  0.95243704 0.9465043  0.9537666  0.9531924  0.9240517
 0.9489807  0.9121801  0.9233262  0.9169671  0.95114076 0.9593142
 0.94359004 0.9450997  0.93775654 0.93485826 0.9350721  0.9379926
 0.8978893  0.9573034  0.9235134  0.9563551  0.9388921  0.94399726
 0.93565035 0.93159604 0.93070257 0.9486617 ]",3.624849e-05,10.665088415145874,1958.4390695878549
GradSymplecticNNgHMC,0.4,autograd,gaussian,SynchronousLeapfrog,0.3,"[0.9334275  0.9487933  0.9150531  0.9222492  0.94943655 0.9322493
 0.9459142  0.94210136 0.9342263  0.9280684  0.90510404 0.9353434
 0.9402375  0.93831015 0.95480955 0.92754364 0.93270886 0.9465934
 0.9465972  0.9313495  0.9382156  0.93286884 0.8832668  0.9178855
 0.93190354 0.93896884 0.9211647  0.93705815 0.93821496 0.9292511
 0.88882035 0.9248256  0.92570066 0.9259082  0.94676673 0.94050777
 0.94125676 0.94475055 0.9465019  0.9214887  0.94597834 0.94883394
 0.9374823  0.93193597 0.9532849  0.94601953 0.9418399  0.95465606
 0.9465246  0.9503499  0.93689334 0.95272505 0.9487152  0.9466177
 0.9533862  0.9555081  0.9398565  0.93507254 0.949948   0.9611243
 0.9283817  0.934389   0.92532873 0.93656224 0.9436299  0.95397776
 0.9408922  0.9322386  0.9086443  0.949101   0.95040625 0.9479045
 0.94578695 0.9528469  0.94637436 0.95386904 0.95318335 0.9242215
 0.94909394 0.9129094  0.92368615 0.9177496  0.9511708  0.9593233
 0.94370407 0.94565433 0.93831146 0.9350505  0.93513364 0.93823147
 0.8991804  0.9574167  0.923555   0.9563589  0.93892384 0.94392866
 0.935703   0.9314344  0.9306272  0.9487325 ]",7.3668284e-06,83.98934841156006,2175.00632554485
GradGSymplecticNNgHMC,0.4,autograd,gaussian,SynchronousLeapfrog,0.3,"[0.93348014 0.9487653  0.915233   0.92254514 0.94947565 0.9322504
 0.94583654 0.94208306 0.93430996 0.9281343  0.90504616 0.93535614
 0.9402651  0.9383315  0.9547862  0.9275408  0.93266404 0.9466696
 0.9465706  0.93134725 0.93830484 0.93293446 0.88336563 0.9178669
 0.931919   0.9390373  0.92119926 0.9370753  0.93828315 0.929341
 0.8887927  0.92478275 0.925743   0.9258932  0.9467864  0.9405486
 0.94134206 0.9448093  0.9465221  0.9215201  0.9460926  0.9488367
 0.9375187  0.93216646 0.9533188  0.94602865 0.94187164 0.9546938
 0.94650126 0.9503759  0.9369416  0.95276535 0.94872093 0.9466573
 0.953427   0.9555151  0.93987006 0.9350666  0.9499601  0.96112204
 0.9287295  0.93442094 0.9253417  0.93659925 0.94362277 0.95391357
 0.9409269  0.9322046  0.9087242  0.94914836 0.9503864  0.94792366
 0.94582784 0.95283186 0.94640386 0.9538883  0.9531914  0.92433333
 0.94905126 0.9128307  0.9236447  0.91755074 0.9511517  0.95935386
 0.9436642  0.94571865 0.938334   0.93511456 0.9351632  0.93823195
 0.8991165  0.9574191  0.9235735  0.9563645  0.9389887  0.9439766
 0.93566215 0.9316243  0.9306201  0.94872427]",1.511641e-05,15.31372618675232,1715.7161857757558
HMC,0.4,autograd,high_dimensional_gaussian,SynchronousLeapfrog,0.1,"[0.9288273  0.9355251  0.93696856 0.9450242  0.9388013  0.9358222
 0.93572176 0.9371438  0.9195242  0.9338902  0.92682314 0.9381797
 0.9419481  0.9425316  0.9357259  0.9364373  0.93392646 0.93428516
 0.9382336  0.93630004 0.94048953 0.93691534 0.9458457  0.94068706
 0.9407887  0.9338152  0.93266857 0.93437135 0.9471053  0.93952245
 0.938501   0.9304344  0.93893087 0.93393755 0.9400245  0.9383325
 0.94520867 0.9398209  0.93894625 0.9445691  0.93043435 0.943279
 0.9336339  0.942605   0.93798846 0.937021   0.94047374 0.9311101
 0.9417058  0.9380705  0.93321824 0.94126225 0.9329016  0.94253457
 0.9378152  0.9232885  0.93850636 0.93735933 0.936458   0.93297356
 0.93858266 0.92856777 0.93644536 0.94068325 0.94791424 0.940829
 0.9386163  0.9371769  0.9340312  0.9421646  0.93396366 0.9407169
 0.9380455  0.94020104 0.9337311  0.9323876  0.9350683  0.93398225
 0.9352269  0.93771875 0.9325585  0.9421371  0.93282616 0.9327301
 0.9400128  0.9337487  0.9341375  0.94054365 0.91886586 0.94418424
 0.94294024 0.93756855 0.93646806 0.93531466 0.9310314  0.937055
 0.94042313 0.9186863  0.9423079  0.9428851 ]",1.3391024e-15,50.748417377471924,293.590944977919
NNgHMC,0.4,autograd,high_dimensional_gaussian,SynchronousLeapfrog,0.1,"[0.9287647  0.9354891  0.9369504  0.94504035 0.938753   0.93580216
 0.9356872  0.93712085 0.91934437 0.93378985 0.9266967  0.93815076
 0.94197774 0.9425491  0.9356913  0.936437   0.933843   0.93424165
 0.93822277 0.936283   0.9404871  0.9369356  0.9458597  0.94068646
 0.94077206 0.9337856  0.93260443 0.9343471  0.947134   0.93950593
 0.9384739  0.93033993 0.9389739  0.93391913 0.94002855 0.9383132
 0.9452596  0.93981504 0.93893754 0.9445882  0.9303733  0.9432839
 0.9336151  0.9426593  0.93799675 0.9369377  0.9404752  0.9309926
 0.94167536 0.93808794 0.933133   0.9413365  0.9328682  0.94252795
 0.9377985  0.9231175  0.9385499  0.9373802  0.93648714 0.9328682
 0.9385247  0.9284668  0.93643683 0.9406671  0.94792545 0.94081485
 0.9385767  0.9371826  0.93403447 0.9421625  0.9339387  0.9407274
 0.93807    0.9401994  0.9336771  0.93236446 0.93500394 0.933942
 0.9351799  0.9377302  0.93249655 0.94214666 0.9327431  0.93262094
 0.94006604 0.9336733  0.93405104 0.9405419  0.91859245 0.9442031
 0.94295025 0.93755686 0.936505   0.935285   0.93092525 0.9370154
 0.9404386  0.91845435 0.9423062  0.9429177 ]",1.5976676e-15,47.584064245224,282.6914457969273
NNODEgHMC,0.4,autograd,high_dimensional_gaussian,SynchronousLeapfrog,0.1,"[0.92872113 0.9354471  0.9370079  0.9450431  0.93883646 0.9357871
 0.93567216 0.93712914 0.9192796  0.9337429  0.9267544  0.93819684
 0.941988   0.9425456  0.93570936 0.93640006 0.9338495  0.9341978
 0.93824065 0.9362773  0.94049424 0.9368577  0.94586015 0.9406749
 0.94080293 0.9337427  0.93266785 0.934345   0.9471326  0.9395369
 0.9385091  0.93037033 0.93892944 0.933839   0.94006765 0.93829525
 0.9452364  0.9398246  0.9389316  0.94458723 0.93037605 0.9432777
 0.9336003  0.94260633 0.9379706  0.936985   0.9404611  0.9310667
 0.94169426 0.9380509  0.9331206  0.9413066  0.9328283  0.94252795
 0.93780535 0.9231119  0.9385216  0.93735474 0.9364227  0.93290985
 0.9385461  0.9284856  0.9364204  0.9406604  0.94794774 0.9408469
 0.93858135 0.9371567  0.93397284 0.9421611  0.93393385 0.94072723
 0.93806404 0.9401819  0.9337095  0.9323324  0.93503374 0.93394226
 0.935188   0.9376862  0.9325342  0.9421357  0.93275917 0.93259895
 0.9400325  0.93366194 0.93409646 0.94055057 0.9186289  0.9442215
 0.9429463  0.93756574 0.93646085 0.9352853  0.9309246  0.93699884
 0.94041014 0.9183984  0.9423236  0.9428886 ]",1.3385414e-14,39.074867725372314,279.432522989825
Explicit NNODEgHMC,0.4,autograd,high_dimensional_gaussian,SynchronousLeapfrog,0.1,"[0.9266995  0.9334244  0.9337878  0.94393986 0.93606675 0.932898
 0.9331608  0.93538606 0.9155566  0.9294797  0.92167735 0.935774
 0.94089454 0.9400697  0.9336297  0.9338317  0.9318535  0.9326601
 0.9352864  0.9343233  0.9394157  0.9323227  0.94471073 0.93684244
 0.9391424  0.93123364 0.92959493 0.93248194 0.94680566 0.93762225
 0.93656623 0.9270312  0.93448627 0.92780465 0.9390998  0.9351813
 0.9444473  0.9368446  0.93742514 0.9432437  0.9261621  0.9417118
 0.93027496 0.94113123 0.9370642  0.9317752  0.93842715 0.92583466
 0.9398441  0.9357438  0.9310851  0.9381284  0.9284519  0.94161385
 0.935291   0.9202255  0.93826264 0.9342034  0.93421125 0.92851067
 0.9371079  0.92472446 0.93385494 0.93797696 0.94741076 0.93799496
 0.9360044  0.9337853  0.9307644  0.9411206  0.93154544 0.93771744
 0.9366374  0.93874663 0.92828214 0.92924494 0.932635   0.9314746
 0.9316106  0.9346139  0.9294564  0.94070095 0.930472   0.9295551
 0.93743265 0.9314088  0.9307393  0.94085217 0.9149057  0.9424423
 0.94050217 0.93551147 0.9327213  0.93247813 0.92578495 0.9339051
 0.9376044  0.91153735 0.9412128  0.93944025]",1.6766567e-14,58.90573287010193,53.161466236371936
SymplecticNNgHMC,0.4,autograd,high_dimensional_gaussian,SynchronousLeapfrog,0.1,"[0.92881763 0.9355263  0.93696773 0.94502014 0.938801   0.93581676
 0.93571997 0.93714345 0.91952705 0.9338891  0.9268338  0.9381751
 0.94195354 0.9425277  0.9357209  0.9364432  0.9339244  0.93428963
 0.9382345  0.9362942  0.9404812  0.9369084  0.9458501  0.9406799
 0.9407956  0.9338131  0.9326617  0.9343686  0.94710577 0.9395293
 0.93849456 0.93042344 0.93893594 0.9339427  0.9400252  0.93832946
 0.9452038  0.9398178  0.9389464  0.9445664  0.93042517 0.9432697
 0.933628   0.9426061  0.93799734 0.9370228  0.94047594 0.93111557
 0.94170177 0.9380665  0.93321645 0.941275   0.93290514 0.94253725
 0.9378189  0.92329645 0.93851185 0.93734807 0.9364502  0.9329791
 0.93858594 0.92856014 0.93645084 0.9406861  0.94791126 0.94082177
 0.938616   0.93718076 0.9340185  0.9421544  0.9339501  0.94071907
 0.9380426  0.9401951  0.9337387  0.9323842  0.9350702  0.933983
 0.9352279  0.937713   0.93254673 0.94213647 0.93283415 0.9327211
 0.9400088  0.9337472  0.9341297  0.94053876 0.918869   0.9441819
 0.9429363  0.937561   0.93646145 0.93531126 0.9310312  0.9370589
 0.94042677 0.9186777  0.9423069  0.9428827 ]",3.774081e-06,93.12012791633606,297.9608788488916
GSymplecticNNgHMC,0.4,autograd,high_dimensional_gaussian,SynchronousLeapfrog,0.1,"[0.92884195 0.9355242  0.93698967 0.9450263  0.93879527 0.93582815
 0.93571925 0.9371451  0.91953534 0.93389463 0.9267973  0.9381747
 0.94195926 0.9425405  0.935744   0.93642825 0.9339144  0.9342799
 0.93822944 0.9362943  0.9404963  0.93691224 0.94583845 0.9406842
 0.940781   0.93380916 0.93266296 0.9343661  0.94710106 0.93953514
 0.93849707 0.93043727 0.9389347  0.93392557 0.94001406 0.9383354
 0.9452009  0.9398513  0.93894404 0.9445721  0.93042034 0.94327927
 0.9336165  0.94261515 0.9379999  0.9370262  0.9404699  0.93112487
 0.94172335 0.9380686  0.9332231  0.94127464 0.9329044  0.9425229
 0.93781626 0.92331505 0.93850744 0.9373533  0.9364748  0.9329642
 0.938588   0.92857826 0.9364604  0.9406829  0.9479164  0.94082344
 0.9386224  0.937186   0.9340402  0.9421562  0.9339883  0.9407193
 0.9380646  0.9402088  0.93372905 0.9324335  0.93506765 0.9339901
 0.93522406 0.9377402  0.9325513  0.9421396  0.93283796 0.9327388
 0.9400196  0.933751   0.9341507  0.94052935 0.9188818  0.944191
 0.94293725 0.9375497  0.93646926 0.93531454 0.9310243  0.9370567
 0.940429   0.9187013  0.94230527 0.9428977 ]",2.4722507e-05,44.360018730163574,298.00849828164354
GradSymplecticNNgHMC,0.4,autograd,high_dimensional_gaussian,SynchronousLeapfrog,0.1,"[0.9288223  0.9355277  0.9369739  0.9450221  0.9388041  0.9358193
 0.93572444 0.93714446 0.9195317  0.9338931  0.92682856 0.93818426
 0.9419522  0.94253254 0.93573135 0.9364357  0.9339235  0.93429124
 0.9382383  0.9362984  0.94049495 0.9369139  0.9458431  0.9406904
 0.94079304 0.93382233 0.9326701  0.93437004 0.94710445 0.9395199
 0.938498   0.93043995 0.9389323  0.9339429  0.94003    0.9383311
 0.945212   0.9398192  0.9389453  0.94456875 0.93042886 0.9432818
 0.9336333  0.94260776 0.9379982  0.93702763 0.9404763  0.93112123
 0.9417054  0.93806684 0.93322223 0.94126815 0.93290615 0.9425343
 0.9378173  0.92328644 0.93850917 0.9373591  0.9364631  0.9329747
 0.9385842  0.92856926 0.93644685 0.94068396 0.94791526 0.94083405
 0.9386139  0.9371826  0.9340272  0.9421584  0.9339554  0.94072044
 0.9380481  0.94020355 0.9337357  0.93239176 0.93507254 0.93397665
 0.9352206  0.93772125 0.93255967 0.94214046 0.93282855 0.93273914
 0.9400129  0.93375295 0.93413395 0.94053996 0.9188833  0.9441862
 0.9429385  0.93755805 0.9364643  0.9353146  0.93103266 0.93705356
 0.94042873 0.91869277 0.94231176 0.94288415]",3.0964495e-07,224.2068212032318,297.2388728370889
GradGSymplecticNNgHMC,0.4,autograd,high_dimensional_gaussian,SynchronousLeapfrog,0.1,"[0.92883193 0.9355346  0.93698335 0.9450173  0.9388137  0.9358276
 0.9357214  0.9371543  0.91953886 0.933887   0.9268095  0.9381735
 0.9419538  0.94254917 0.9357404  0.93643224 0.93391037 0.93429464
 0.9382431  0.9362985  0.9404833  0.93691534 0.94584227 0.9406909
 0.94079345 0.93382084 0.9326841  0.93436474 0.9471084  0.9395174
 0.93851185 0.9304523  0.938928   0.933964   0.940036   0.93833816
 0.9452087  0.93982977 0.9389441  0.9445704  0.93042946 0.9432957
 0.93364036 0.9426112  0.938005   0.9370252  0.9404805  0.93111485
 0.9417092  0.93807596 0.93323183 0.94127166 0.9329054  0.9425317
 0.9378149  0.923298   0.93851554 0.9373509  0.9364501  0.932971
 0.93859166 0.9285898  0.9364594  0.94067734 0.947914   0.94082785
 0.9386329  0.93717974 0.9340326  0.94215214 0.93398446 0.94072294
 0.93805647 0.9402001  0.93372625 0.9323814  0.9350635  0.933992
 0.9352276  0.9377262  0.9325552  0.9421421  0.93282837 0.9327621
 0.940027   0.9337528  0.9341322  0.9405489  0.9188819  0.9441892
 0.9429364  0.9375364  0.93645805 0.9353194  0.93104875 0.9370594
 0.9404413  0.9186887  0.94230866 0.94290674]",1.9712697e-05,119.14429640769958,299.0475187248181
HMC,0.4,autograd,normal_normal,SynchronousLeapfrog,0.1,"[0.93623036 0.9423935  0.9326613  0.91481805 0.923279   0.95217097
 0.9445491  0.9335576  0.9007556  0.89454937 0.94820774 0.94524163
 0.95089746 0.93476117 0.95030355 0.9464927  0.94927216 0.9260618
 0.95263517 0.9383806  0.936898   0.95442    0.9362828  0.9420745
 0.95293665 0.9061594  0.9504738  0.9438863  0.95139456 0.95134276
 0.9296173  0.91174746 0.9411127  0.95182705 0.93436337 0.9486868
 0.93897927 0.937904   0.9553516  0.9339099  0.94493127 0.93742645
 0.95061177 0.9340712  0.94068974 0.9316063  0.9406961  0.93605345
 0.92343324 0.9513774  0.93966377 0.90143335 0.94597334 0.9483566
 0.94787014 0.9484519  0.9470102  0.9374074  0.9406364  0.95423406
 0.9460706  0.9115634  0.9457041  0.93850803 0.9488883  0.9314096
 0.94260275 0.9448482  0.9459661  0.946741   0.9446676  0.950528
 0.943299   0.9266433  0.9364263  0.92655253 0.9327197  0.95354646
 0.9433907  0.9263999  0.9540162  0.9403507  0.95483685 0.9423103
 0.9349983  0.92894363 0.94021165 0.9532118  0.8565962  0.950528
 0.9449496  0.90680254 0.9447088  0.95205784 0.9331994  0.9536338
 0.94767135 0.9380204  0.937189   0.93754065]",1.3242922e-15,80.14243268966675,387.44245426214786
NNgHMC,0.4,autograd,normal_normal,SynchronousLeapfrog,0.1,"[0.93530893 0.9425644  0.9319844  0.9149345  0.9237227  0.9519173
 0.9449886  0.93271935 0.90131474 0.894225   0.9482155  0.9453515
 0.9509338  0.9348513  0.9503865  0.94653577 0.94931805 0.9263166
 0.9526574  0.93870485 0.9368619  0.95443887 0.9362235  0.94224083
 0.9528515  0.9061202  0.95067847 0.94407403 0.9516287  0.9513682
 0.92895377 0.9111096  0.94117135 0.95186174 0.9345557  0.94915885
 0.9388027  0.93774384 0.95540464 0.93430805 0.9450187  0.9375223
 0.9504814  0.9347617  0.9409997  0.93166006 0.94008625 0.9360126
 0.9235364  0.9518795  0.93966526 0.8730911  0.9459804  0.9484841
 0.94791573 0.9486666  0.9467284  0.938553   0.94065535 0.9541925
 0.9462465  0.90187037 0.9458494  0.93851066 0.9490306  0.93103063
 0.9426415  0.9450399  0.9460726  0.9465868  0.94479144 0.9505889
 0.9431157  0.9260408  0.9363885  0.9264137  0.9328493  0.9535719
 0.9434053  0.9232313  0.9540043  0.9407565  0.9548142  0.9425416
 0.9355477  0.9289774  0.94013613 0.95317686 0.856486   0.9505538
 0.94539213 0.90688705 0.94486284 0.9517478  0.93311167 0.9536421
 0.9476924  0.93671197 0.9376389  0.937418  ]",1.3358064e-15,67.66805648803711,363.4311687476255
NNODEgHMC,0.4,autograd,normal_normal,SynchronousLeapfrog,0.1,"[0.935382   0.9425766  0.9316448  0.9148957  0.9236023  0.9518942
 0.94506615 0.93243444 0.90093774 0.8942275  0.9482176  0.94539595
 0.9507904  0.9348272  0.9503438  0.946406   0.9493085  0.9259261
 0.95267457 0.93859243 0.9369067  0.9544489  0.9362213  0.942228
 0.95284957 0.905513   0.95069194 0.9441227  0.951664   0.95133436
 0.92877567 0.91056347 0.9411721  0.9518611  0.9346142  0.94921875
 0.9387414  0.937737   0.9554331  0.9343704  0.9449972  0.9375253
 0.95046127 0.9349033  0.94100285 0.9316782  0.93988883 0.93604344
 0.92354524 0.9519342  0.93965787 0.87125415 0.94597334 0.9484541
 0.94789493 0.94860333 0.9466919  0.93837965 0.9405396  0.95419073
 0.9462613  0.90100354 0.9458653  0.9385145  0.9490348  0.93093604
 0.94267434 0.94502354 0.9460799  0.9465561  0.94480443 0.95068717
 0.94304246 0.925831   0.9364095  0.9262986  0.932822   0.9534811
 0.94345033 0.9225747  0.95397943 0.9407584  0.95478785 0.94254535
 0.93550843 0.92889476 0.94006777 0.95317245 0.8560438  0.95056504
 0.945388   0.9069087  0.9449382  0.95168436 0.93308866 0.9536476
 0.94771624 0.9364276  0.9375733  0.93738604]",1.6487652e-14,48.00783348083496,350.9460491666527
Explicit NNODEgHMC,0.4,autograd,normal_normal,SynchronousLeapfrog,0.1,"[0.9378654  0.9427401  0.9215485  0.9069781  0.9245488  0.95231414
 0.9436332  0.9043802  0.8863144  0.88050437 0.9468066  0.94491565
 0.95001674 0.93174285 0.9493065  0.94430685 0.9482664  0.9118861
 0.95171976 0.93250316 0.93426454 0.9537491  0.9336684  0.94011676
 0.952928   0.8882719  0.9491799  0.9443811  0.94836926 0.95018375
 0.90178555 0.8951606  0.9410955  0.95027035 0.93573254 0.9447628
 0.92300415 0.9263839  0.95523083 0.9267262  0.9396481  0.93723357
 0.9510018  0.93884456 0.93850935 0.92850035 0.92511225 0.9365214
 0.91611147 0.9503008  0.93643665 0.8302101  0.9403938  0.94697446
 0.9454815  0.94710934 0.94814396 0.9317526  0.93626356 0.9539771
 0.94203967 0.845215   0.94478357 0.9379368  0.9488672  0.925833
 0.9416577  0.9420616  0.9458865  0.9467389  0.9447055  0.95147216
 0.9318323  0.9172654  0.93430036 0.9278313  0.92824286 0.95284843
 0.94416857 0.87520075 0.95321155 0.9378697  0.954533   0.94088143
 0.92757815 0.9171003  0.9371084  0.95141715 0.85504925 0.9499098
 0.9444126  0.9027028  0.9435611  0.9521464  0.9302535  0.95259064
 0.94805396 0.9220818  0.9238941  0.9220197 ]",3.0813588e-14,66.72483563423157,251.23864146473917
SymplecticNNgHMC,0.4,autograd,normal_normal,SynchronousLeapfrog,0.1,"[0.93494165 0.9426322  0.9292857  0.9144046  0.9209787  0.95172065
 0.944783   0.92292917 0.90077037 0.89402837 0.9481937  0.9456904
 0.9499435  0.9350392  0.94986075 0.94554204 0.94922495 0.92372847
 0.95242274 0.93734634 0.9374052  0.95435226 0.9368288  0.94110125
 0.9529812  0.9052378  0.9508333  0.94445896 0.9511403  0.9512033
 0.9275031  0.8984315  0.94110346 0.95150554 0.93532324 0.94853246
 0.93392694 0.9370884  0.9554884  0.9333534  0.9448082  0.937232
 0.950252   0.93590516 0.9403531  0.9316952  0.93627834 0.9368094
 0.9243805  0.95170474 0.9392397  0.86637515 0.94557303 0.947921
 0.94736123 0.9480494  0.9464582  0.9377141  0.9399222  0.954193
 0.9460001  0.8931793  0.945384   0.93848085 0.9489536  0.9307553
 0.9421732  0.9445957  0.9458248  0.9463353  0.94469327 0.9513191
 0.93915147 0.92642903 0.9371912  0.9271401  0.93217534 0.95290136
 0.94366735 0.90759313 0.9538767  0.9389832  0.95459163 0.941481
 0.93164843 0.9290379  0.9398596  0.95304555 0.85040617 0.95061606
 0.9454535  0.9074911  0.94442093 0.951117   0.933198   0.95364237
 0.9479413  0.93170184 0.93305874 0.9323015 ]",0.0007028259,76.884286403656,9.06484760404686
GSymplecticNNgHMC,0.4,autograd,normal_normal,SynchronousLeapfrog,0.1,"[0.9357841  0.9424281  0.93288535 0.9143462  0.9230809  0.95217025
 0.9446821  0.93325347 0.90102804 0.89476204 0.94824743 0.945362
 0.9508683  0.9347746  0.9503087  0.94631565 0.9493264  0.92691296
 0.952582   0.93831396 0.9368552  0.95440143 0.9364362  0.94200563
 0.95289326 0.9065733  0.95042646 0.94394416 0.95124614 0.95132554
 0.92979765 0.9122264  0.9411709  0.95177096 0.9343102  0.94841784
 0.93890095 0.93781185 0.95533466 0.93383074 0.9449799  0.9374732
 0.95057666 0.93453336 0.9406335  0.93170106 0.9405322  0.9361923
 0.92337024 0.951276   0.9396584  0.89593303 0.94602334 0.9483637
 0.9479227  0.94844043 0.9471287  0.93808806 0.94060004 0.9542211
 0.9460952  0.9114315  0.9457197  0.9385927  0.94892955 0.9312004
 0.942613   0.9448675  0.9459543  0.9466998  0.9446456  0.9505371
 0.94316185 0.926196   0.936501   0.926669   0.932865   0.9535359
 0.94330186 0.9252778  0.95399857 0.9405016  0.9548318  0.94237936
 0.9352846  0.92893887 0.9401271  0.9531883  0.8532035  0.95057476
 0.9452571  0.90701556 0.9446218  0.95204777 0.9332919  0.95359993
 0.9476954  0.9374025  0.93741596 0.9373826 ]",8.1219456e-05,42.599852323532104,402.1377534548262
GradSymplecticNNgHMC,0.4,autograd,normal_normal,SynchronousLeapfrog,0.1,"[0.93498486 0.94270265 0.9297077  0.9141284  0.9222431  0.95173234
 0.9446869  0.9243349  0.90037286 0.89361763 0.9483501  0.9454913
 0.95001733 0.9346994  0.9498404  0.94554245 0.94903266 0.924922
 0.9525614  0.9375273  0.9373406  0.9544131  0.9364731  0.9412637
 0.9530114  0.90526855 0.9510479  0.94436073 0.9514393  0.9511217
 0.92694044 0.8998898  0.94132173 0.9516357  0.935003   0.94911754
 0.9346146  0.9364338  0.9555086  0.93334234 0.9450269  0.93742645
 0.95035404 0.93573964 0.94016016 0.9315438  0.9365921  0.9365089
 0.92392015 0.95194954 0.93899316 0.86689657 0.94557476 0.94789094
 0.947066   0.9479531  0.9463606  0.93738127 0.9400039  0.9542381
 0.94562566 0.8951348  0.94532174 0.9384605  0.9488807  0.9309716
 0.94219494 0.94446313 0.9457338  0.94659376 0.9445381  0.9512304
 0.9397866  0.92638415 0.9367666  0.9271215  0.93221223 0.95291233
 0.94360703 0.9103338  0.9538355  0.9393219  0.95455116 0.9417624
 0.9320941  0.92906636 0.93990207 0.9530773  0.85118365 0.95052004
 0.9451737  0.907067   0.94488573 0.9511099  0.9329865  0.95371056
 0.94794834 0.9325744  0.93342686 0.9332461 ]",0.00022706258,132.49022579193115,337.0321868369456
GradGSymplecticNNgHMC,0.4,autograd,normal_normal,SynchronousLeapfrog,0.1,"[0.936165   0.9424441  0.932588   0.914852   0.9231927  0.9521574
 0.94459295 0.93352664 0.90130156 0.8947517  0.94822073 0.94524634
 0.95098394 0.93467677 0.950343   0.9465078  0.949324   0.9261691
 0.952597   0.9384231  0.93695486 0.9544023  0.93636525 0.9420848
 0.95291394 0.90633    0.950442   0.9439517  0.95133495 0.95133007
 0.92945814 0.91164255 0.94109726 0.95177525 0.93438214 0.94858015
 0.93904227 0.93773335 0.9553412  0.9339266  0.9449253  0.93743265
 0.9506228  0.9343998  0.94068164 0.9316387  0.9407078  0.9360878
 0.9233731  0.9513172  0.93956554 0.89690703 0.9459652  0.948382
 0.9478637  0.9484962  0.9470904  0.93739074 0.9406602  0.95421624
 0.9460416  0.91228485 0.9457065  0.93850344 0.94894576 0.9314312
 0.9425758  0.94484186 0.94601554 0.9467306  0.94472355 0.95050997
 0.9432415  0.92665476 0.9364428  0.9266591  0.93274415 0.9536003
 0.94341266 0.9261035  0.9540069  0.94027394 0.9548472  0.942263
 0.93483275 0.92894477 0.94026536 0.95317143 0.85631657 0.95053214
 0.94504154 0.90698594 0.94471574 0.95206404 0.9332385  0.9535999
 0.9476651  0.9376739  0.9370641  0.93757915]",5.433476e-05,58.12492609024048,436.08257413731917
HMC,0.5,autograd,banana,SynchronousLeapfrog,0.1,"[0.9150983  0.97892904 0.9689677  0.8577608  0.8901807  0.9627354
 0.92077035 0.95176905 0.9850626  0.88681996 0.85459965 0.9113993
 0.890488   0.73745793 0.97327393 0.87927294 0.8873185  0.8483199
 0.97002333 0.9335785  0.97498196 0.9898553  0.8119871  0.95041007
 0.93732977 0.9839238  0.87727684 0.9314023  0.9470615  0.89438176
 0.90227115 0.931823   0.8234326  0.8765678  0.8029563  0.96771973
 0.81875867 0.92407525 0.98666203 0.9599556  0.9316491  0.9060168
 0.94792974 0.8149693  0.8123182  0.7490423  0.85551405 0.8953642
 0.9117591  0.9470309  0.8503324  0.9051363  0.95476675 0.96901053
 0.9439578  0.9118268  0.84396124 0.88080776 0.95249796 0.9807336
 0.93981475 0.9759244  0.9458884  0.94175005 0.8301241  0.86225814
 0.9782042  0.83815384 0.8307055  0.93129414 0.92921865 0.96401966
 0.91423863 0.94386786 0.848848   0.933331   0.91334724 0.92798513
 0.9597961  0.8875145  0.8838822  0.9339522  0.96407676 0.95514715
 0.98459506 0.94488275 0.94020414 0.9320659  0.98867357 0.9662072
 0.8972682  0.94609904 0.9498312  0.96887326 0.93237734 0.9248364
 0.9037694  0.9765903  0.9613799  0.929394  ]",6.2783557e-13,21.488996267318726,1.4861452741048964
NNgHMC,0.5,autograd,banana,SynchronousLeapfrog,0.1,"[0.92082596 0.8540205  0.43752703 0.58919924 0.7386872  0.91011417
 0.92150563 0.95240843 0.9140372  0.6095275  0.9067883  0.645318
 0.8899061  1.6652263  0.7352674  0.5372514  0.48063135 0.12895362
 0.14836898 0.80181694 0.7185596  0.8278624  0.35340056 0.67566824
 0.9023193  0.9830718  0.64617383 0.84904134 0.9306423  0.9453678
 0.14589942 0.36095095 0.91901815 0.85806006 0.683788   0.89295024
 0.6331548  0.06987962 0.97829217 0.9649061  0.789472   0.6129482
 0.9420737  2.3944545  0.28482074 0.85473365 0.0319837  0.9493916
 0.01504575 0.4393533  1.2229037  1.0736189  0.6781606  0.8249829
 0.2710638  0.8588819  0.64909834 1.6866974  0.6717067  0.9671905
 0.8497147  0.9732647  0.9264514  0.2364621  0.8674487  0.13458517
 0.70542693 0.787724   0.9387506  0.7356977  0.90029854 0.9440204
 0.93162    0.9263072  0.11157475 0.20638493 0.9333746  0.69935334
 0.9818031  0.22551644 0.9016527  0.81484187 0.7228991  0.95468634
 0.8558316  0.7498967  0.88274336 0.9260763  0.8045682  0.9246685
 1.309845   0.4535361  0.5406338  0.8859813  0.97332233 0.8812663
 0.8249606  0.62110853 0.97746336 0.88680285]",2.877698e-15,17.64854097366333,5.747057236519513
NNODEgHMC,0.5,autograd,banana,SynchronousLeapfrog,0.1,"[0.92245626 0.8856276  0.5011865  0.5332404  0.77456415 0.9311277
 0.8966352  0.9474063  0.91988057 0.55002093 0.9208138  0.59467006
 0.9002155  1.5553033  0.77966136 0.47021493 0.53795993 0.04569024
 0.22628975 0.7897805  0.76206195 0.8637454  0.3820274  0.7210471
 0.9029021  0.9831468  0.5967572  0.81979746 0.9401066  0.9543289
 0.21678615 0.42623162 0.9141959  0.87816113 0.6453023  0.91651213
 0.6471511  0.14028095 0.9780711  0.9647505  0.8257474  0.6616138
 0.9217126  2.2526627  0.39197    0.85575193 0.12679353 0.9359282
 0.09448956 0.4955933  1.1125125  0.95663977 0.724367   0.84319013
 0.33545107 0.8237828  0.5486716  1.5576462  0.71446484 0.979074
 0.8444146  0.97316855 0.92898506 0.30351913 0.8871441  0.20249426
 0.75116587 0.81865394 0.9381301  0.7281835  0.90205336 0.94452524
 0.9313717  0.9297737  0.18031347 0.27768362 0.9269706  0.7430024
 0.97906256 0.14041603 0.92058694 0.8483546  0.7671218  0.95468295
 0.88515425 0.7886855  0.9073148  0.94383395 0.8435235  0.9393195
 1.1843786  0.5157599  0.59293956 0.9109198  0.975994   0.8683413
 0.79654855 0.6720771  0.9751575  0.86250913]",4.4638106e-11,25.797829627990723,1.7586545799569793
Explicit NNODEgHMC,0.5,autograd,banana,SynchronousLeapfrog,0.1,"[0.85851467 0.93905306 0.50209665 0.11469005 0.8859916  0.95025
 0.65706253 0.8386285  0.9603929  0.5062791  0.79503596 0.85471505
 0.8871249  1.1067559  0.92544365 0.06811197 0.02760481 0.7250413
 0.17827384 0.686434   0.5062118  0.97792834 0.6432808  0.9009506
 0.8976173  0.9820548  0.44707498 0.55759394 0.93637085 0.91537476
 0.5529701  0.14386469 0.817451   0.91273534 0.34923148 0.9182848
 0.74272364 0.48449177 0.9800393  0.8831253  0.9388289  0.23127794
 0.7476036  1.4083719  2.0208411  0.86010206 0.70491934 0.7921233
 0.08537954 0.7561876  1.7867484  0.5922315  0.27268624 0.93273133
 0.6410018  0.65151185 0.38481855 1.7127355  0.89036006 0.96040475
 0.78024805 0.974462   0.7709689  0.62300694 0.9094526  0.5269663
 0.9264804  0.90772974 0.9303274  0.63931346 0.91834277 0.9486486
 0.9242746  0.8257177  0.5109986  0.0881722  0.51856434 0.9157869
 0.87849253 0.26205045 0.80060804 0.9469194  0.9089899  0.9545533
 0.98124063 0.89082235 0.949988   0.9573223  0.95149946 0.730426
 0.04081382 0.6045524  0.8269949  0.9328343  0.9119743  0.8475044
 0.545962   0.88649005 0.8783665  0.6516111 ]",4.8369857e-11,42.818655014038086,1.9252750746879785
SymplecticNNgHMC,0.5,autograd,banana,SynchronousLeapfrog,0.1,"[0.83998173 0.9625778  0.87661284 0.22238797 0.8860644  0.8914053
 0.7002162  0.84208417 0.9392581  0.06346296 0.8345272  0.01506292
 0.8308395  1.2841733  0.94557    0.03732114 0.8343703  0.63480866
 0.7570345  0.74434614 0.95541644 0.97880286 0.8214924  0.893801
 0.9027328  0.9838381  0.12253667 0.5487201  0.84708136 0.92563057
 0.57723486 0.82678485 0.80226123 0.8610117  0.47301096 0.93382734
 0.72009206 0.43125877 0.980529   0.8831536  0.95364666 0.8833162
 0.6934907  1.4797834  1.3740791  0.87298274 1.052146   0.7671493
 0.6034391  0.76704305 0.5486389  0.03741273 0.95963144 0.9349302
 0.6111546  0.50839484 0.01253142 0.6508097  0.88131446 0.94512975
 0.8002946  0.9759793  0.6639385  0.6310932  0.917683   0.5343134
 0.9410938  0.9234888  0.7402711  0.6388752  0.9086025  0.94485235
 0.9248874  0.6878408  0.53459835 0.7750478  0.6225669  0.8865657
 0.86197805 0.2786339  0.8982611  0.93345153 0.9590661  0.9525015
 0.9811672  0.92161095 0.95098054 0.9608218  0.9784769  0.8572273
 0.30308047 0.84303063 0.83237547 0.93832844 0.92655396 0.50662124
 0.5108625  0.8941269  0.85476035 0.6116308 ]",0.07287354,49.14940929412842,1.2893325482378692
GSymplecticNNgHMC,0.5,autograd,banana,SynchronousLeapfrog,0.1,"[0.6189236  0.05268144 3.3470266  0.76739013 0.1825726  2.1252067
 0.95046496 0.9263855  0.7195589  0.8015517  2.746041   0.17734593
 0.43648943 2.1900613  0.05551678 0.82623404 2.1894133  5.95902
 3.8917599  0.7947468  1.0741475  0.29782087 0.4050674  0.14234832
 0.91120243 0.98391354 0.7249095  0.87808025 0.3893617  0.7718953
 0.24149868 2.9309442  0.7359776  0.3222404  0.73198414 0.08221816
 0.21862537 0.33795545 0.98140955 0.845021   0.3142428  1.3646559
 0.81802607 7.773155   0.09485209 0.86062735 0.19982645 0.81268144
 1.634938   0.19063139 3.6404438  6.02077    2.0187497  0.8254206
 0.16345173 0.8058877  2.2269459  5.960659   0.23459807 0.66821736
 0.8404044  0.97346413 2.209336   0.10179895 0.5062553  0.2841236
 0.19833688 0.47325557 1.4015388  0.76997155 0.90423745 0.93358314
 0.9239869  2.1198778  0.18894319 3.1215093  2.1543856  3.2992454
 0.78035897 0.70607007 1.5428809  0.23280522 3.1599836  0.9553491
 0.6708018  3.0153403  0.08239174 0.6639725  0.05374494 0.5647998
 7.582965   0.7379176  0.26229143 0.1007238  0.9258084  0.43913016
 0.8362767  0.20756273 0.7763994  0.8482866 ]",0.05543018,21.73636484146118,17.465574938724096
GradSymplecticNNgHMC,0.5,autograd,banana,SynchronousLeapfrog,0.1,"[0.83578825 0.96533483 0.864392   0.20981887 0.88554037 0.909336
 0.7202193  0.8554546  0.94499445 0.11132073 0.8639444  0.05917917
 0.835005   1.0230873  0.94287765 0.05884914 0.83132434 0.6008228
 0.7383698  0.72343415 0.95180273 0.9768421  0.6077955  0.8983969
 0.9060685  0.98275495 0.1761508  0.57931656 0.8640821  0.9337339
 0.5703877  0.81541526 0.8170551  0.86777085 0.46411324 0.9428221
 0.7245269  0.47523507 0.97959113 0.8875376  0.94998187 0.8801688
 0.7194692  1.2229031  1.288346   0.8685395  0.94968355 0.78823566
 0.5846733  0.75952023 0.39063442 0.03785675 0.95252055 0.93145216
 0.63682115 0.53628814 0.04354258 0.57051265 0.88929224 0.9545641
 0.81168926 0.97503483 0.70643395 0.6310909  0.9213104  0.53911155
 0.93504614 0.9202676  0.7739854  0.6769122  0.91489285 0.9446196
 0.9228925  0.7213912  0.5240409  0.75570595 0.67402124 0.888464
 0.8775563  0.30566084 0.9164486  0.9341478  0.95727146 0.95305836
 0.97859234 0.9225411  0.9535086  0.96528876 0.97577417 0.8776564
 0.24165682 0.83298266 0.82798266 0.9420654  0.93518543 0.5567097
 0.54330176 0.8886485  0.8729323  0.6392596 ]",0.068677284,82.15528392791748,1.3554458952548174
GradGSymplecticNNgHMC,0.5,autograd,banana,SynchronousLeapfrog,0.1,"[7.5006819e-01 9.7373466e+00 3.3097247e+02 8.2145822e-01 4.0977460e-01
 4.3250021e+02 9.7581375e-01 9.0846848e-01 7.9208183e-01 3.9949127e+01
 7.9261743e+02 2.9737512e+02 3.0696598e-01 9.3969524e-01 5.9685063e-01
 4.8926682e+00 1.4462498e+02 7.2380420e+02 3.0429684e+02 8.7833160e-01
 5.5271847e+01 9.5301390e-01 1.9624522e-01 6.9995064e-01 8.9372820e-01
 9.8183823e-01 1.9866459e+01 8.9441383e-01 5.3342056e+00 9.2652738e-01
 1.0656019e-01 2.3277744e+02 1.8535118e+00 1.3229758e-01 8.3666742e-01
 2.4050598e+01 1.5203680e-01 1.9961926e-01 9.8096740e-01 8.9154619e-01
 7.8099108e-01 7.5476105e+01 1.8252877e+00 3.2589673e+02 1.0643035e+03
 8.6215466e-01 7.0794873e+02 1.6297615e+00 1.3022006e+01 1.2286367e-01
 2.7485525e+01 3.2284158e+02 1.9188474e+02 7.6934266e-01 3.2172002e-02
 1.1376814e+01 1.9710850e+00 1.9950940e+02 5.1357400e-01 9.6537817e-01
 7.7706575e-01 9.7474355e-01 6.8335956e+02 6.5105841e-02 5.6592774e-01
 1.4528602e-01 7.5866854e-01 7.7268982e-01 4.6773349e+02 6.7748833e-01
 9.3200010e-01 9.4092667e-01 9.0826511e-01 6.1879633e+02 2.0344596e-01
 2.1277080e+02 8.6566626e+02 5.1771887e+02 8.0041528e-01 2.5634989e-01
 3.0972052e+02 6.4898539e-01 4.8531796e+02 9.5547903e-01 6.3934112e-01
 4.5344467e+02 6.9061255e+00 9.1822118e-01 1.4502115e+00 1.0509942e+02
 5.7826459e+02 7.0972552e+00 2.5847802e-01 1.4311323e+01 8.9067572e-01
 2.1544995e+02 7.1229494e-01 5.0424200e-01 5.5383766e-01 3.6115438e-01]",12.379038,39.09413480758667,26.48486719640831
HMC,0.5,autograd,gaussian,SynchronousLeapfrog,0.3,"[0.92820835 0.94440794 0.91463614 0.9163012  0.94538784 0.9499469
 0.9240469  0.94992006 0.9376828  0.9431639  0.931863   0.949079
 0.95141834 0.9455236  0.94834375 0.95357704 0.920145   0.9229321
 0.9439182  0.9547161  0.9452211  0.9290144  0.94097084 0.94681835
 0.9428517  0.9462463  0.9478984  0.9142234  0.933139   0.87863576
 0.93019265 0.9421154  0.9483175  0.94048464 0.9534925  0.957052
 0.937175   0.93198746 0.9258231  0.936639   0.9472448  0.9335
 0.9554101  0.92717236 0.89295596 0.94891477 0.9359638  0.9035778
 0.94838417 0.9371072  0.91242754 0.9395334  0.9459487  0.9317538
 0.93888277 0.94180024 0.91996825 0.9295138  0.9552711  0.94216955
 0.94503117 0.92834175 0.9536561  0.9460868  0.9446697  0.93119633
 0.9414849  0.9503478  0.9449197  0.9341954  0.8760719  0.9443612
 0.9302961  0.9507675  0.9272284  0.94246936 0.9520863  0.95108
 0.9475168  0.92056954 0.93329036 0.9281432  0.94395113 0.95031184
 0.93806255 0.92388654 0.940969   0.9559436  0.94563794 0.9320442
 0.9290797  0.9308567  0.9591901  0.93372715 0.956071   0.95065206
 0.9459084  0.9519717  0.9505062  0.93386877]",5.4536005e-15,17.371527433395386,2059.0784329836033
NNgHMC,0.5,autograd,gaussian,SynchronousLeapfrog,0.3,"[0.9283452  0.944436   0.91457164 0.9159744  0.9456577  0.95098084
 0.92266595 0.9501867  0.93808365 0.9437766  0.9322788  0.9491071
 0.9515481  0.946813   0.94844604 0.9534761  0.9191124  0.92323613
 0.94407195 0.9550812  0.94545984 0.9293747  0.9407586  0.94744295
 0.94369483 0.94622445 0.9478072  0.91319096 0.933198   0.872262
 0.93053985 0.9421133  0.948013   0.94038695 0.95367837 0.95715845
 0.9377691  0.93140733 0.9254062  0.9370944  0.9474802  0.93267477
 0.95559    0.9274098  0.89088976 0.9491446  0.93629074 0.90009874
 0.94808614 0.9371767  0.9128008  0.9398138  0.9463236  0.93237466
 0.9391836  0.94180954 0.92133594 0.9282712  0.9552841  0.94226444
 0.9449414  0.92728806 0.95392674 0.9461505  0.9444232  0.93128175
 0.9419012  0.95021915 0.9453355  0.9337718  0.8713074  0.9443145
 0.9298606  0.95138013 0.9274726  0.9422438  0.9520279  0.9517087
 0.94685954 0.9185211  0.93368626 0.9263713  0.9444804  0.95024824
 0.93776387 0.92451847 0.9407939  0.9561492  0.9463265  0.93174493
 0.9297888  0.9310481  0.959308   0.9334806  0.9557675  0.9508683
 0.9459071  0.9519231  0.95074004 0.9329339 ]",6.9672975e-15,16.823602437973022,2056.1922023103148
NNODEgHMC,0.5,autograd,gaussian,SynchronousLeapfrog,0.3,"[0.92813253 0.9444221  0.9147312  0.9159006  0.94570553 0.9510107
 0.92295074 0.95025814 0.93797463 0.94362915 0.9322467  0.9490058
 0.95154065 0.9468205  0.94840515 0.95350885 0.91952467 0.9234616
 0.94397515 0.9550323  0.94545364 0.9297013  0.9406419  0.947494
 0.94360447 0.9461864  0.9477851  0.9139706  0.9332522  0.87354964
 0.9304069  0.94221276 0.94799155 0.940312   0.9537058  0.95712173
 0.9375705  0.931626   0.92585695 0.93705165 0.9474184  0.9326153
 0.95554626 0.9273833  0.89171374 0.9491681  0.9365244  0.9004642
 0.94809234 0.9370322  0.9128894  0.93963325 0.9464761  0.9323146
 0.93927383 0.94195247 0.92132604 0.92859    0.95529526 0.9422638
 0.9449482  0.92726016 0.9538145  0.94617534 0.9444865  0.9312245
 0.9419031  0.9503069  0.9453062  0.9337222  0.8728706  0.9442479
 0.92990303 0.9514555  0.9277096  0.9424404  0.95198077 0.9517379
 0.94686365 0.9184424  0.9335663  0.92656636 0.9444344  0.950154
 0.93764275 0.9245595  0.9406998  0.9561145  0.9463433  0.9317087
 0.9299265  0.93103075 0.95930624 0.9332471  0.95572937 0.9508976
 0.9457493  0.9519455  0.9507704  0.93283147]",2.2286848e-14,13.77506399154663,2006.0509866103046
Explicit NNODEgHMC,0.5,autograd,gaussian,SynchronousLeapfrog,0.3,"[0.9012226  0.8641102  0.8295555  0.5948489  0.9006952  0.93915355
 0.8224907  0.93150014 0.92922485 0.9062818  0.9368483  0.94634455
 0.9516289  0.8762398  0.94015354 0.9495691  0.7689613  0.8987398
 0.93258256 0.94747293 0.84085363 0.82090586 0.85778904 0.88317144
 0.8765644  0.9147481  0.9465275  0.81620824 0.8257863  0.80266
 0.7512581  0.93135357 0.9358174  0.90754294 0.9492277  0.95269275
 0.8038696  0.67849225 0.8889389  0.90675354 0.949672   0.89314735
 0.95638716 0.90045726 0.82319754 0.94860256 0.9073214  0.8135009
 0.94458985 0.7020004  0.91367733 0.93416953 0.94127405 0.9220078
 0.94227886 0.93949145 0.92002314 0.7453122  0.94098794 0.9003918
 0.94339705 0.9092889  0.9488535  0.940534   0.9055938  0.89934963
 0.90916795 0.95266646 0.9369497  0.5966299  0.7339832  0.94303435
 0.7135853  0.93204534 0.90636444 0.91760623 0.90137994 0.91911685
 0.9451121  0.9121353  0.7627082  0.8682243  0.9042411  0.9554981
 0.9112965  0.9168715  0.9134524  0.93561363 0.95052266 0.9344678
 0.91561717 0.9275317  0.95556563 0.85516953 0.9540822  0.9090898
 0.9413659  0.8730824  0.9264296  0.93611735]",4.0074508e-13,20.043126821517944,112.0338595362752
SymplecticNNgHMC,0.5,autograd,gaussian,SynchronousLeapfrog,0.3,"[0.92842615 0.94435215 0.91476935 0.9159302  0.9453459  0.9501008
 0.92392635 0.9498681  0.93757844 0.94294083 0.9319913  0.9491037
 0.95131016 0.94538724 0.94841814 0.953572   0.9203466  0.9227881
 0.9439739  0.95468664 0.9451968  0.92885876 0.9410693  0.9467082
 0.94291544 0.9462166  0.94808215 0.91423386 0.93316984 0.8783984
 0.9302155  0.9420697  0.948411   0.9405095  0.9533493  0.95706916
 0.9372555  0.9320456  0.92567414 0.9365586  0.9471139  0.933494
 0.9552774  0.92725533 0.8928804  0.9488245  0.9357502  0.9033476
 0.94829786 0.9371583  0.9123486  0.93967766 0.9460845  0.9317745
 0.9387373  0.94168115 0.92004204 0.929429   0.95526785 0.94204134
 0.94486725 0.92844784 0.95360136 0.9461321  0.9446191  0.9311819
 0.9414425  0.9504746  0.94488597 0.9342982  0.8760575  0.94446176
 0.93038595 0.95092475 0.9271223  0.9423978  0.952167   0.9509439
 0.9474411  0.9204497  0.9333     0.92817277 0.94383705 0.9501888
 0.9379747  0.9239947  0.9410686  0.9559618  0.94573945 0.9322294
 0.9291078  0.9309958  0.9591791  0.93373847 0.9559945  0.9506232
 0.94598734 0.952003   0.9504578  0.9339315 ]",3.0143317e-05,33.29934573173523,2074.286720960074
GSymplecticNNgHMC,0.5,autograd,gaussian,SynchronousLeapfrog,0.3,"[0.9281933  0.94445485 0.9146549  0.9162502  0.94536304 0.94991684
 0.9240157  0.94996977 0.9377157  0.9431009  0.9317299  0.9490299
 0.951514   0.9454381  0.9483652  0.95353526 0.9201269  0.92312086
 0.94392556 0.95476216 0.94529974 0.92901987 0.9409687  0.9468629
 0.94285583 0.9462406  0.94783056 0.91408384 0.93307894 0.8783871
 0.93035567 0.94212484 0.94838876 0.9405526  0.95349115 0.9570602
 0.93722266 0.93211734 0.9257568  0.9366293  0.947292   0.933493
 0.955431   0.9272455  0.8929306  0.9488859  0.93603694 0.9034556
 0.94847363 0.93718493 0.9124763  0.93952394 0.94590545 0.93162984
 0.9390242  0.941893   0.9201602  0.9294628  0.95530236 0.9422394
 0.94502705 0.9280154  0.95364416 0.94609946 0.9447812  0.93152094
 0.9415827  0.9503931  0.94489133 0.9342607  0.8759196  0.9443259
 0.93052256 0.9506387  0.927359   0.9425056  0.9521322  0.9510789
 0.9476561  0.92042243 0.933462   0.92794055 0.9439532  0.9504015
 0.9382126  0.92398345 0.940956   0.95591605 0.94567335 0.93202674
 0.9288839  0.930926   0.95922446 0.93379366 0.9561143  0.95060205
 0.94598293 0.9519975  0.95059794 0.9342596 ]",3.9093604e-05,12.553009510040283,340.92271069932644
GradSymplecticNNgHMC,0.5,autograd,gaussian,SynchronousLeapfrog,0.3,"[0.9287623  0.9445118  0.91543525 0.91754454 0.94571894 0.9504048
 0.924493   0.95006824 0.9378332  0.9435848  0.9323118  0.949101
 0.95140684 0.94621223 0.9483695  0.95360696 0.92029285 0.9230455
 0.944098   0.95484895 0.9452871  0.9294343  0.9409894  0.94734323
 0.94330454 0.94635963 0.9480715  0.9145066  0.93336904 0.87926865
 0.9304487  0.9422066  0.9483193  0.94079447 0.9536637  0.9570563
 0.9374347  0.93211716 0.9261781  0.93727136 0.9474468  0.9336683
 0.9555308  0.9271769  0.8929151  0.9489534  0.93627805 0.90363187
 0.9483447  0.93727195 0.9125995  0.93989193 0.9461212  0.9323602
 0.9387538  0.9417514  0.9197868  0.93006265 0.9553298  0.94208276
 0.9452404  0.9289627  0.9537091  0.9461576  0.94484663 0.93132734
 0.9418518  0.9503412  0.944955   0.9347822  0.87596655 0.94441533
 0.9305967  0.9510824  0.92720366 0.9424057  0.95208883 0.9515041
 0.94756496 0.9210551  0.9335097  0.9286659  0.9439672  0.9502987
 0.9381129  0.92447203 0.94128656 0.9561314  0.945728   0.932269
 0.92981595 0.9309349  0.9592606  0.93365645 0.95605874 0.95072025
 0.9460262  0.95210505 0.9505827  0.9339398 ]",5.52111e-06,83.7914547920227,283.2694074058093
GradGSymplecticNNgHMC,0.5,autograd,gaussian,SynchronousLeapfrog,0.3,"[0.9287579  0.94460577 0.9155177  0.9178566  0.9457738  0.9503982
 0.9245507  0.9500601  0.9379072  0.9436342  0.93233633 0.9490713
 0.9514512  0.94616145 0.9483355  0.9535901  0.92035675 0.9231373
 0.9441184  0.9548665  0.9453281  0.9295045  0.9409331  0.9473853
 0.94331384 0.9463958  0.9480275  0.91450757 0.9334283  0.8793136
 0.9305271  0.9421727  0.9483237  0.9408824  0.95362365 0.9570836
 0.93751335 0.9322324  0.92623746 0.93717134 0.9474727  0.93377274
 0.95551986 0.92721146 0.892961   0.94891995 0.9363782  0.9036376
 0.94839925 0.9373314  0.91255033 0.93990576 0.9461093  0.93241453
 0.9388994  0.9418597  0.9199919  0.93003845 0.9553647  0.9421928
 0.9452714  0.92895526 0.95378083 0.94615126 0.94488764 0.9314455
 0.9419334  0.9503311  0.94493043 0.9348167  0.87602013 0.9443768
 0.93074644 0.95107734 0.92732924 0.94244665 0.9520711  0.95151854
 0.9475837  0.9210323  0.933588   0.9285864  0.9440012  0.95035386
 0.93820924 0.9243659  0.9413084  0.95615005 0.94572973 0.93224263
 0.92990255 0.9309556  0.959264   0.93371904 0.9560927  0.95072556
 0.9459755  0.95214164 0.95063895 0.9340593 ]",1.849683e-05,19.85105061531067,162.75333806238214
HMC,0.5,autograd,high_dimensional_gaussian,SynchronousLeapfrog,0.1,"[0.9358357  0.92824304 0.93705356 0.9328078  0.9480337  0.9360192
 0.9399476  0.94035995 0.933201   0.94178617 0.939125   0.92685986
 0.93000436 0.93267024 0.9341184  0.94993246 0.9338016  0.92666245
 0.9408282  0.9321522  0.938354   0.93732876 0.9426334  0.94398373
 0.9328272  0.928069   0.9406885  0.94413203 0.93373024 0.9356413
 0.9315715  0.94096565 0.93696326 0.9364042  0.92810917 0.9284381
 0.9399058  0.9422239  0.9425057  0.93070793 0.93789613 0.9420258
 0.9406082  0.94030035 0.9361286  0.9384235  0.93691534 0.94012237
 0.9292692  0.93604517 0.9451789  0.9376911  0.95056313 0.9397089
 0.9441565  0.93172973 0.9395503  0.9415771  0.9455487  0.9332573
 0.9336332  0.94370544 0.93363464 0.93985    0.93672055 0.93585443
 0.942383   0.93665576 0.9369721  0.94224024 0.9371402  0.9372176
 0.9444463  0.9414686  0.9333334  0.94161624 0.9300065  0.9312091
 0.94733083 0.93009746 0.93812776 0.931641   0.94187665 0.92730445
 0.9398688  0.9421579  0.9323468  0.9318156  0.9367115  0.93892395
 0.9160619  0.9330938  0.94052494 0.9410574  0.9420693  0.9398148
 0.93230534 0.93440735 0.9327423  0.93847317]",1.4984802e-15,50.08733248710632,274.45768328952494
NNgHMC,0.5,autograd,high_dimensional_gaussian,SynchronousLeapfrog,0.1,"[0.93581486 0.9281182  0.937024   0.93266237 0.9480497  0.9359673
 0.939953   0.9403449  0.9331641  0.9417965  0.9391098  0.9267761
 0.9299314  0.93260634 0.93402785 0.94996035 0.9337699  0.926531
 0.9408431  0.93215656 0.9383563  0.93728924 0.94265604 0.9439909
 0.9327698  0.9279164  0.94068563 0.9441447  0.933701   0.9356424
 0.9314491  0.9409673  0.93693304 0.93635434 0.9280038  0.9282923
 0.9398991  0.942235   0.9425297  0.93060696 0.9378648  0.9420614
 0.9406042  0.9403118  0.9361272  0.9384054  0.9369075  0.94013965
 0.9291035  0.93596905 0.94523084 0.93765557 0.9506086  0.9396961
 0.9441699  0.9316754  0.93955916 0.9416296  0.9455905  0.9332101
 0.9335985  0.94372153 0.9336009  0.9398505  0.9366702  0.93580127
 0.9423911  0.9366247  0.93697035 0.9422545  0.93712777 0.93720126
 0.944472   0.9414756  0.93339443 0.941642   0.92991877 0.93116444
 0.9473494  0.93005264 0.93814707 0.93157476 0.94191563 0.92709434
 0.93984336 0.94219154 0.93227285 0.9316907  0.93667746 0.9389082
 0.9157523  0.93304294 0.9405605  0.9411167  0.94210684 0.9398005
 0.9322604  0.9343621  0.9326601  0.93846023]",1.7445645e-15,46.90790510177612,268.4113182302257
NNODEgHMC,0.5,autograd,high_dimensional_gaussian,SynchronousLeapfrog,0.1,"[0.93584096 0.92818946 0.9370166  0.93271255 0.948038   0.93600786
 0.93993616 0.9403598  0.93315554 0.94179964 0.9391367  0.9267429
 0.92982787 0.9326081  0.9340838  0.94995487 0.9338044  0.9264414
 0.94083273 0.93212223 0.9383291  0.9373016  0.9426898  0.9439988
 0.9327401  0.9279336  0.9406883  0.9441441  0.93365526 0.93560934
 0.93153405 0.94095457 0.9369387  0.936388   0.92794675 0.92832994
 0.939885   0.94224584 0.94251317 0.93065804 0.93784904 0.94205797
 0.940571   0.9403042  0.9361517  0.9384471  0.936913   0.9401336
 0.9291191  0.93593013 0.9452078  0.93766403 0.950603   0.93971133
 0.9441843  0.9316179  0.93955755 0.9415722  0.94560623 0.9332408
 0.93354166 0.94372195 0.9335798  0.9398484  0.93674743 0.93579453
 0.94237626 0.9366611  0.9369792  0.9422485  0.9371397  0.93717384
 0.9444674  0.9414734  0.9332978  0.94162405 0.92989635 0.93112606
 0.9473833  0.9299989  0.9380884  0.9315869  0.9418882  0.927122
 0.93982786 0.9421673  0.9322979  0.9316847  0.9366689  0.9388833
 0.91577756 0.9330629  0.9405445  0.9411067  0.9421109  0.939834
 0.9322077  0.9343836  0.93266743 0.93846625]",1.3517969e-14,39.703601598739624,261.9539262258785
Explicit NNODEgHMC,0.5,autograd,high_dimensional_gaussian,SynchronousLeapfrog,0.1,"[0.9330916  0.9243611  0.933843   0.9298603  0.94674945 0.9348418
 0.9369664  0.9381956  0.9292959  0.9404084  0.93692195 0.9243498
 0.9267056  0.93030113 0.93182135 0.94893944 0.9323462  0.92221856
 0.94037974 0.9291072  0.93671525 0.93253773 0.9397763  0.94277656
 0.93021476 0.923979   0.94008017 0.9427328  0.9312274  0.93152225
 0.92721653 0.9399087  0.935131   0.9348416  0.9224002  0.9247798
 0.9388818  0.94119775 0.9380166  0.9237127  0.9351846  0.94055194
 0.93885326 0.93795526 0.9331229  0.93466806 0.93211174 0.9384009
 0.92359483 0.9342494  0.94270086 0.93517554 0.9480666  0.9372654
 0.94234884 0.9290599  0.93749166 0.939579   0.94358367 0.9306938
 0.9309044  0.9408741  0.93065995 0.9366931  0.93337166 0.9328772
 0.9404789  0.9338535  0.9330615  0.93955535 0.93461794 0.9368679
 0.9429964  0.93951195 0.9301281  0.9412663  0.9269311  0.92576253
 0.94579506 0.9275562  0.93573177 0.9287338  0.9402137  0.9230845
 0.9383465  0.94084454 0.92956305 0.9280552  0.93476486 0.936581
 0.9130167  0.93013394 0.93837965 0.9381086  0.9396261  0.9369341
 0.9279701  0.9298897  0.9312617  0.93678397]",1.6623103e-14,57.944331645965576,43.874775031637256
SymplecticNNgHMC,0.5,autograd,high_dimensional_gaussian,SynchronousLeapfrog,0.1,"[0.93583095 0.9282427  0.93705094 0.9328027  0.9480297  0.9360184
 0.9399473  0.94036007 0.9332005  0.9417827  0.9391303  0.92686385
 0.93000984 0.9326717  0.93411416 0.9499308  0.9338002  0.926655
 0.940829   0.93214464 0.9383453  0.93732965 0.94263196 0.9439868
 0.9328259  0.9280716  0.94068766 0.94413376 0.93373096 0.9356388
 0.9315748  0.94096935 0.9369744  0.9364027  0.9281041  0.9284333
 0.93990177 0.94222164 0.9425081  0.9307096  0.9378946  0.9420237
 0.94060934 0.9402997  0.9361396  0.93842816 0.93691677 0.94011784
 0.9292657  0.9360447  0.9451771  0.9376857  0.95056266 0.9397046
 0.94416064 0.93173265 0.93955326 0.9415735  0.94554806 0.93325895
 0.9336308  0.9437038  0.93363327 0.93984985 0.9367267  0.9358535
 0.9423865  0.9366541  0.93697685 0.9422401  0.9371413  0.93722093
 0.94445276 0.94148004 0.933329   0.94161165 0.9299922  0.9312043
 0.94732773 0.9300966  0.93812144 0.93163985 0.9418788  0.92731345
 0.9398719  0.94216156 0.93233967 0.93181723 0.9367119  0.93891704
 0.916058   0.9330904  0.9405265  0.9410588  0.9420668  0.9398121
 0.93230915 0.93441224 0.9327445  0.9384675 ]",3.9235e-07,99.71537280082703,281.6422257965096
GSymplecticNNgHMC,0.5,autograd,high_dimensional_gaussian,SynchronousLeapfrog,0.1,"[0.9358346  0.92824215 0.93707865 0.93280023 0.9480336  0.9360215
 0.9399519  0.9403633  0.9332015  0.9417896  0.93913573 0.92685366
 0.9300191  0.9326693  0.9341185  0.94993305 0.93380153 0.9266604
 0.9408276  0.9321434  0.9383606  0.9373317  0.94264686 0.94397736
 0.9328165  0.9281057  0.9406805  0.9441376  0.9337386  0.9356529
 0.931581   0.9409623  0.9369518  0.93639314 0.92812765 0.9284419
 0.93989867 0.9422218  0.9425026  0.93071747 0.9379069  0.9420346
 0.9406116  0.9402849  0.93611705 0.9384327  0.9369108  0.94012946
 0.92926586 0.936042   0.9451786  0.9377009  0.95056695 0.93970084
 0.94415754 0.93171406 0.9395291  0.9415857  0.945539   0.93325937
 0.9336297  0.9437041  0.933643   0.93985003 0.93672985 0.93586177
 0.94239175 0.93664455 0.93697757 0.9422406  0.9371599  0.9372153
 0.9444479  0.94148445 0.93334186 0.94162863 0.9300253  0.93124187
 0.9473256  0.930083   0.9381165  0.9316443  0.94188136 0.9272932
 0.93986076 0.9421584  0.9323478  0.9318465  0.936718   0.9389388
 0.916064   0.93310404 0.94052494 0.9410695  0.942064   0.9398202
 0.93230844 0.93440163 0.93275476 0.9384842 ]",1.6121516e-05,47.810312032699585,276.7940167054651
GradSymplecticNNgHMC,0.5,autograd,high_dimensional_gaussian,SynchronousLeapfrog,0.1,"[0.93583316 0.9282505  0.93705934 0.9328136  0.94803345 0.93601704
 0.9399488  0.94036    0.93320197 0.94178766 0.9391304  0.9268653
 0.9300108  0.9326714  0.93412894 0.94993323 0.93380404 0.9266672
 0.9408285  0.9321534  0.9383518  0.937333   0.9426371  0.94398594
 0.93283296 0.9280748  0.9406845  0.94413584 0.93373555 0.9356463
 0.9315753  0.94096464 0.9369721  0.9364063  0.92811143 0.92843693
 0.9399028  0.9422244  0.94250727 0.93071175 0.9378969  0.9420311
 0.94061154 0.94030184 0.93613404 0.9384289  0.93691814 0.94012487
 0.92927253 0.93604624 0.94518185 0.9376895  0.9505662  0.939706
 0.9441616  0.93173075 0.9395549  0.9415804  0.9455523  0.9332565
 0.9336351  0.9437059  0.93363273 0.9398491  0.9367244  0.9358599
 0.9423826  0.9366536  0.9369768  0.9422381  0.93713987 0.9372182
 0.94444895 0.94147676 0.9333395  0.94161415 0.9300119  0.931208
 0.9473314  0.9300976  0.93813056 0.9316425  0.941879   0.9273211
 0.93986773 0.94216    0.9323462  0.9318277  0.93671036 0.93892765
 0.9160632  0.9330988  0.94052446 0.94106233 0.9420749  0.9398179
 0.93231076 0.93441004 0.93274707 0.93847555]",2.4591887e-07,255.0569076538086,278.89351718426934
GradGSymplecticNNgHMC,0.5,autograd,high_dimensional_gaussian,SynchronousLeapfrog,0.1,"[0.93584573 0.92825544 0.9370756  0.9328178  0.94803476 0.93602514
 0.93994856 0.94036245 0.9331994  0.9417819  0.93913    0.92685145
 0.9300139  0.9326703  0.93411654 0.9499321  0.9337983  0.92666596
 0.940827   0.9321456  0.9383561  0.9373359  0.94264686 0.9439852
 0.932831   0.9280729  0.9406787  0.9441314  0.9337368  0.935658
 0.93158627 0.9409776  0.9369589  0.9364085  0.9281289  0.92843664
 0.93989676 0.9422269  0.94251144 0.9307313  0.937902   0.9420328
 0.94061655 0.9402857  0.93612385 0.93843764 0.9369075  0.94013995
 0.9292741  0.9360382  0.94519174 0.9376974  0.95056456 0.9397065
 0.94415826 0.9317255  0.93954    0.9415755  0.9455434  0.9332558
 0.9336357  0.9437034  0.93364114 0.9398432  0.9367269  0.93585825
 0.9423976  0.9366531  0.9369763  0.942248   0.9371412  0.9372182
 0.9444565  0.941484   0.9333358  0.9416296  0.930014   0.93122447
 0.9473309  0.930094   0.9381282  0.9316456  0.94187903 0.9273071
 0.93987024 0.9421599  0.9323344  0.93180764 0.936725   0.9389333
 0.9160761  0.9331037  0.9405348  0.94106907 0.9420625  0.93982255
 0.932318   0.93440646 0.932749   0.9384769 ]",1.432888e-05,142.56677913665771,276.9795884170813
HMC,0.5,autograd,normal_normal,SynchronousLeapfrog,0.1,"[0.9363717  0.9388478  0.94002175 0.928596   0.9169776  0.95323294
 0.94292706 0.9323344  0.9488098  0.9224776  0.94104946 0.9203006
 0.9448384  0.9101548  0.94978523 0.9483583  0.9498757  0.90789384
 0.952629   0.9423933  0.910361   0.95336646 0.9458775  0.9470432
 0.9272337  0.93444246 0.94892645 0.9522319  0.94715357 0.9496221
 0.9477303  0.9500944  0.94293755 0.9369916  0.94364023 0.94196147
 0.9357914  0.9461945  0.91354847 0.86960304 0.9493593  0.9400565
 0.9524025  0.93845546 0.94732654 0.9406244  0.9350381  0.9352727
 0.9327172  0.93880576 0.9410264  0.93553865 0.93913305 0.9509443
 0.943697   0.9511344  0.91103363 0.9445292  0.929162   0.95210475
 0.9404572  0.89784    0.9514105  0.9464458  0.93402064 0.9388608
 0.94935673 0.9337587  0.9431078  0.9452696  0.94648284 0.9408013
 0.9151466  0.9516386  0.948379   0.940613   0.9452795  0.94678485
 0.9465186  0.93003607 0.94542253 0.952978   0.93044627 0.92160225
 0.8849764  0.8990294  0.9391913  0.94108963 0.9430547  0.92729616
 0.92124796 0.9410709  0.94140685 0.9492587  0.9231167  0.93098414
 0.94687    0.94104403 0.9516337  0.9428468 ]",1.000467e-15,81.63650250434875,429.776053413101
NNgHMC,0.5,autograd,normal_normal,SynchronousLeapfrog,0.1,"[0.9362607  0.9393775  0.9400727  0.9285145  0.91095006 0.9528619
 0.9431543  0.933288   0.9489454  0.91852015 0.94047916 0.91035616
 0.9447496  0.9092506  0.9496908  0.947845   0.9499215  0.90254056
 0.9527931  0.94200295 0.9114437  0.9534187  0.94566846 0.9468025
 0.9277045  0.9345061  0.94918174 0.95245636 0.94731045 0.9497058
 0.9480375  0.9508238  0.9432839  0.93709725 0.9433265  0.9414317
 0.93479294 0.9460368  0.91308373 0.8723564  0.95016164 0.93997806
 0.9522042  0.9380375  0.9470029  0.9406237  0.93596333 0.9327072
 0.93302155 0.9382011  0.94084895 0.9348032  0.93918467 0.9509134
 0.94340503 0.9506652  0.91109204 0.9449929  0.929813   0.95199084
 0.9401603  0.8994117  0.9511672  0.9468168  0.9343273  0.9383644
 0.9492756  0.9339442  0.9433012  0.94538    0.946125   0.9412834
 0.9150872  0.9511436  0.9484334  0.94089645 0.9458356  0.94675225
 0.9465668  0.92988056 0.9457478  0.95318115 0.9304568  0.9215593
 0.8852293  0.90071714 0.93888843 0.9401223  0.943056   0.92732763
 0.9210919  0.9417283  0.9427001  0.9488363  0.92031735 0.93094313
 0.94725466 0.9411151  0.95199627 0.94313926]",1.3241664e-15,68.27074933052063,369.4326809703129
NNODEgHMC,0.5,autograd,normal_normal,SynchronousLeapfrog,0.1,"[0.9367187  0.93922305 0.9400143  0.9284258  0.9146025  0.9531441
 0.9430749  0.933105   0.9490029  0.9213669  0.94059896 0.91605824
 0.9451269  0.9097078  0.9498067  0.9483619  0.94999504 0.90949297
 0.9527569  0.94253576 0.91008914 0.9534205  0.94578093 0.94728315
 0.927577   0.9342787  0.9491329  0.952192   0.94722843 0.9497361
 0.94801855 0.9502711  0.94272935 0.93707645 0.94386786 0.94221115
 0.9354433  0.94630164 0.9135925  0.8702475  0.94962776 0.9401369
 0.95241445 0.93850577 0.9473666  0.9405526  0.9356925  0.9342381
 0.93295693 0.9387065  0.9411539  0.93628776 0.93914765 0.9509828
 0.9436672  0.9510262  0.9114455  0.9447538  0.9293752  0.9520657
 0.94044304 0.89861786 0.951296   0.94659793 0.9341042  0.93852615
 0.94941187 0.93390715 0.9433369  0.9453001  0.94642365 0.9410447
 0.91497934 0.9516109  0.94838095 0.9403832  0.94539726 0.9469826
 0.9467391  0.9299735  0.9456425  0.9529945  0.9301674  0.9216341
 0.8842468  0.89861554 0.939011   0.94080293 0.9430291  0.9270889
 0.9213664  0.94203824 0.9430081  0.9492213  0.9223436  0.9307221
 0.94702935 0.94101405 0.9516586  0.94294584]",1.4438832e-14,50.263771772384644,358.04724668882113
Explicit NNODEgHMC,0.5,autograd,normal_normal,SynchronousLeapfrog,0.1,"[0.9376613  0.93879545 0.9386625  0.928169   0.8843769  0.9533207
 0.94204605 0.93223333 0.94645584 0.89554644 0.93664616 0.87955064
 0.94280505 0.91001105 0.9498824  0.94792384 0.9483781  0.8685898
 0.9521297  0.9384748  0.9042139  0.9531753  0.94580954 0.9447175
 0.92490625 0.9349803  0.94523466 0.95168656 0.9467084  0.9491068
 0.9426419  0.9483099  0.9443635  0.93627226 0.9430753  0.92697066
 0.92172253 0.94449234 0.90477085 0.85697305 0.9479019  0.9353949
 0.95204353 0.938564   0.9468581  0.9393902  0.9335294  0.91524494
 0.93231505 0.93135136 0.9434686  0.9204954  0.9383707  0.9502179
 0.9408468  0.9510995  0.90537345 0.94157207 0.9235949  0.952036
 0.93506354 0.8947958  0.9502133  0.9458167  0.92947376 0.93763894
 0.94926375 0.93129796 0.9412281  0.9435665  0.9452696  0.9412405
 0.9143925  0.95189655 0.9440452  0.9344629  0.93888986 0.9450431
 0.94430035 0.93066275 0.9448612  0.95317596 0.9265593  0.91979504
 0.881708   0.8917717  0.9375865  0.93253696 0.9400687  0.9249097
 0.9188285  0.9297103  0.9329406  0.94795    0.9029592  0.9281921
 0.9456403  0.9392605  0.94994307 0.9431102 ]",2.041079e-14,69.68328070640564,247.8188942114839
SymplecticNNgHMC,0.5,autograd,normal_normal,SynchronousLeapfrog,0.1,"[0.93528926 0.9389278  0.9397003  0.9289088  0.8945823  0.95260465
 0.9428457  0.93239796 0.94906545 0.9091489  0.9398484  0.9071578
 0.94355726 0.9089204  0.9495222  0.9470997  0.94981426 0.8999934
 0.9527824  0.94095695 0.9115698  0.9533522  0.94598234 0.9459051
 0.9273112  0.93491364 0.9494426  0.95270014 0.9472904  0.9494729
 0.9473095  0.95083517 0.9439775  0.93656564 0.9424984  0.93939877
 0.9308754  0.9459433  0.909393   0.87057245 0.95044935 0.9397341
 0.9519148  0.9377021  0.94673157 0.9410385  0.935615   0.9281194
 0.93224406 0.9347378  0.9408325  0.93197936 0.9392089  0.95085835
 0.94324946 0.95026505 0.90908927 0.94553554 0.9278971  0.9518034
 0.94010705 0.8966551  0.951149   0.94724894 0.9336755  0.9381528
 0.9490179  0.9332134  0.9424075  0.94584626 0.9454942  0.9409994
 0.9156741  0.9506496  0.94762677 0.93898046 0.94561946 0.94592524
 0.9458201  0.9305198  0.9455411  0.9533496  0.93102837 0.9213092
 0.88670653 0.9007888  0.93846834 0.93983954 0.9430965  0.927787
 0.92011184 0.93992853 0.9418475  0.9481969  0.91301143 0.93124425
 0.94736123 0.9413432  0.9522345  0.9429921 ]",0.00040984355,79.40584254264832,77.68090795552779
GSymplecticNNgHMC,0.5,autograd,normal_normal,SynchronousLeapfrog,0.1,"[0.936478   0.9389206  0.93995893 0.92858493 0.9167268  0.95323896
 0.94288987 0.93252265 0.948815   0.92225045 0.9411696  0.92013234
 0.94476414 0.91008604 0.9497732  0.9483685  0.9498639  0.91360015
 0.9526429  0.9423202  0.9103694  0.9533752  0.9457722  0.9469328
 0.927221   0.9343843  0.94885224 0.95222604 0.94717836 0.9496044
 0.9477658  0.95010304 0.9430029  0.93704164 0.94364184 0.94192266
 0.9359546  0.94608873 0.91373247 0.86867344 0.9493766  0.94004935
 0.95239305 0.93822575 0.94729614 0.94060296 0.9351467  0.9351783
 0.93275356 0.9391057  0.94097614 0.935894   0.93913853 0.95095336
 0.9435724  0.9511313  0.9112155  0.94458455 0.92902863 0.9521133
 0.94032097 0.8983433  0.951393   0.9464654  0.93402714 0.938805
 0.94932425 0.9337756  0.94306564 0.9452181  0.9464762  0.9409103
 0.91507167 0.95166206 0.94842476 0.94068384 0.9451976  0.94671124
 0.9464878  0.93003607 0.94544876 0.9529903  0.9305134  0.92163503
 0.8846215  0.89898574 0.939171   0.9410991  0.94304883 0.92730045
 0.92135286 0.9412036  0.9417917  0.9492364  0.9228953  0.9310226
 0.9469595  0.94102883 0.9516033  0.9429562 ]",2.2566215e-05,47.8969669342041,436.61752754911856
GradSymplecticNNgHMC,0.5,autograd,normal_normal,SynchronousLeapfrog,0.1,"[0.93590784 0.93895674 0.93972445 0.9293313  0.8979219  0.9526758
 0.9428729  0.9323435  0.94908476 0.90851563 0.94023055 0.907813
 0.9439861  0.9099335  0.9496646  0.947433   0.94950724 0.90342045
 0.9526114  0.9413738  0.91155803 0.95328367 0.945693   0.9461802
 0.9270398  0.935127   0.9495207  0.952728   0.94724643 0.9495348
 0.94767237 0.9510619  0.94388264 0.9367024  0.94281733 0.94021654
 0.9307146  0.94553804 0.9094198  0.8700885  0.9506817  0.9393196
 0.95206106 0.9381658  0.94679374 0.9406637  0.9351973  0.92797315
 0.9324171  0.9352802  0.94087476 0.93329394 0.9392637  0.9507138
 0.94260776 0.9504559  0.9096238  0.9447457  0.9284615  0.95188713
 0.9393317  0.89667296 0.95112884 0.94677687 0.9338833  0.93854225
 0.9491665  0.9330492  0.9426731  0.9453739  0.9459302  0.94110096
 0.9155976  0.9508139  0.94793177 0.9398966  0.94597507 0.94616604
 0.9460435  0.9301667  0.94549435 0.95325315 0.931029   0.92134494
 0.88605946 0.90096354 0.93890494 0.93982875 0.94306993 0.9276866
 0.92041916 0.9410898  0.942604   0.94838274 0.91258645 0.9313692
 0.94767046 0.9410655  0.95229423 0.94336784]",0.00023060672,164.19457125663757,6.517737229756751
GradGSymplecticNNgHMC,0.5,autograd,normal_normal,SynchronousLeapfrog,0.1,"[0.9366028  0.93885887 0.94000435 0.92865443 0.9172177  0.9532312
 0.9429552  0.9323652  0.94870317 0.9229123  0.94105816 0.9207675
 0.94494617 0.9101337  0.9497757  0.9483857  0.9498536  0.91303253
 0.9526391  0.9424805  0.91022635 0.9533677  0.94584244 0.94709873
 0.92722595 0.9343405  0.94879043 0.9522518  0.94717187 0.9496228
 0.94769907 0.9501443  0.9428627  0.9370146  0.94369304 0.9418665
 0.9361031  0.94618464 0.913757   0.8688013  0.9493967  0.93997633
 0.9523908  0.93845856 0.94733167 0.94060963 0.9350219  0.93546915
 0.9327245  0.9390906  0.94111395 0.9356407  0.9391305  0.9509079
 0.9436344  0.95113635 0.911206   0.94461817 0.9294676  0.95209336
 0.9403225  0.8976542  0.9513687  0.94647497 0.93417895 0.9389092
 0.9493494  0.93379736 0.94317317 0.94525164 0.9464924  0.94083756
 0.91508746 0.9516618  0.94839406 0.9406826  0.94524276 0.9468431
 0.94658154 0.93003166 0.9454565  0.95299786 0.9304805  0.9215622
 0.8841622  0.89880437 0.9392798  0.94097984 0.94306326 0.92730224
 0.921309   0.94107616 0.9415328  0.94925207 0.9234349  0.93102646
 0.9468867  0.94104135 0.9516412  0.9429099 ]",1.6174263e-05,72.9810802936554,451.83058008830386
HMC,0.6,autograd,banana,SynchronousLeapfrog,0.1,"[0.9272749  0.8919028  0.9780284  0.8534821  0.83968055 0.8860013
 0.93371695 0.9221775  0.9676517  0.8709039  0.94449306 0.92272633
 0.9717204  0.8109245  0.967059   0.87233037 0.9843113  0.91112506
 0.9517932  0.78518295 0.8804722  0.9919602  0.8568864  0.9659974
 0.9084298  0.9785286  0.9576726  0.96082866 0.98031276 0.96142054
 0.948462   0.9312475  0.90604913 0.9903855  0.85312223 0.94979954
 0.9164795  0.9025421  0.93048096 0.9599852  0.92286956 0.9197587
 0.8689146  0.87339276 0.888958   0.9309912  0.8855386  0.92095757
 0.93675965 0.97570837 0.8963771  0.93807936 0.9799161  0.9905082
 0.9331589  0.93179786 0.93126905 0.91612977 0.89890087 0.9446923
 0.93592536 0.95890784 0.968438   0.75194234 0.9601563  0.9397111
 0.9785274  0.74684334 0.95440215 0.86247176 0.89986706 0.9743883
 0.97452056 0.79646254 0.95514125 0.9198606  0.95444226 0.9867581
 0.96884096 0.88066757 0.96636313 0.7851801  0.9847206  0.8701817
 0.8998784  0.92589283 0.9690191  0.9181077  0.9793617  0.9577519
 0.9555723  0.95824194 0.9500264  0.94510525 0.9614725  0.96824074
 0.9471227  0.91530174 0.947941   0.92281246]",7.691625e-15,21.55229640007019,1.4629550561710511
NNgHMC,0.6,autograd,banana,SynchronousLeapfrog,0.1,"[0.92188597 0.6127834  0.57870865 0.28594625 0.28907847 0.8208828
 0.7024924  0.84947604 0.9700335  0.03715313 0.867294   0.5640512
 0.93837446 0.06725892 0.70140785 0.00706635 0.97908354 0.47775412
 0.8075385  0.47405922 0.9005758  0.9108733  0.2483264  0.6101532
 0.96622884 0.7237352  0.8753954  0.8880843  0.9319295  0.912811
 0.394806   0.51096904 0.64873195 0.96989524 0.20323035 0.8674922
 0.66764235 0.19028884 0.41322565 0.95787275 0.83945507 0.9258628
 0.9442327  0.42895383 0.61099994 0.21162245 0.11621972 0.5700994
 0.8777084  0.6909976  0.23921452 0.2580799  0.95061845 0.9803405
 0.23237741 0.95069027 0.36131796 0.03758939 0.33769673 0.91116923
 0.8955425  0.94639176 0.96599483 0.8461065  0.73150176 0.57264435
 0.8549234  0.73658913 0.9482469  0.74921155 0.5167006  0.821115
 0.89712286 0.7082701  0.89157414 0.46981716 0.9291959  0.8677198
 0.9427564  0.8514821  0.9764385  0.10748459 0.92883873 0.02729018
 0.64311546 0.78351974 0.9710134  0.82955015 0.8652913  0.9490247
 0.70752305 0.87393683 0.6606585  0.9060843  0.97212315 0.94891024
 0.88471496 0.01726617 0.97672653 0.76673955]",4.2810197e-15,17.587735176086426,4.594310915886689
NNODEgHMC,0.6,autograd,banana,SynchronousLeapfrog,0.1,"[0.9280948  0.5486177  0.49243912 0.37390646 0.20139246 0.7804967
 0.7579042  0.8743035  0.9549451  0.18979296 0.8945422  0.6520597
 0.91562116 0.12299888 0.62773466 0.1326537  0.97965544 0.38373744
 0.7549895  0.43935794 0.90064704 0.8777733  0.13228416 0.5457615
 0.96779937 0.65818256 0.90687215 0.9140588  0.8980745  0.93826663
 0.3149597  0.4440826  0.7167894  0.97109765 0.30171573 0.8306086
 0.72308826 0.11986504 0.3103065  0.9610617  0.7914657  0.90760106
 0.95528436 0.367329   0.6753253  0.1212855  0.23829257 0.6467726
 0.84373796 0.63289356 0.16187994 0.41748285 0.9254355  0.9717044
 0.1364603  0.9520707  0.28801915 0.05053823 0.25515133 0.92642546
 0.8784776  0.9509392  0.9443667  0.8325712  0.69432014 0.5147171
 0.8198017  0.686275   0.9649986  0.92911786 0.58284014 0.77506244
 0.85003066 0.6613976  0.9093908  0.3945603  0.9440541  0.82638013
 0.9600955  1.035188   0.9792751  0.2258855  0.89769554 0.14820677
 0.5836298  0.7255478  0.96018016 0.85787266 0.82731694 0.9544098
 0.76345587 0.86155957 0.60038954 0.8698606  0.9805629  0.959227
 0.9164926  0.15152751 0.97260064 0.8104757 ]",4.2845016e-11,25.480363845825195,7.8652062745421425
Explicit NNODEgHMC,0.6,autograd,banana,SynchronousLeapfrog,0.1,"[0.83814925 0.7965468  0.7193742  0.12244054 0.53561723 0.9126035
 0.41387743 0.69427586 0.9806406  0.0179745  0.69515455 0.5108583
 0.9721982  0.12684354 0.81190145 0.22370195 0.980307   0.57725173
 0.92275876 0.58561665 0.8413574  0.9867129  0.31221363 0.8075198
 0.902616   0.8631376  0.6843011  0.73109126 0.9768934  0.75707245
 0.65165836 0.72507286 0.4850678  0.9796785  0.25983262 0.95305794
 0.37896872 0.4230059  0.5314259  0.88996124 0.9155445  0.9565247
 0.8816495  0.634604   0.2934748  0.5080919  0.12533763 0.3873938
 0.95683426 0.86824775 0.5020964  0.17306334 0.9776827  0.99213403
 0.5058855  0.954303   0.6042919  0.34223375 0.5839874  0.790625
 0.9461646  0.8839692  0.97387266 0.8647779  0.7536248  0.7529781
 0.94656026 0.82298934 0.8174462  0.63543564 0.18963218 0.94337624
 0.9241588  0.8275403  0.8747891  0.7005422  0.80652666 0.9680971
 0.810085   0.73842347 0.92684054 0.16972622 0.9874019  0.21543106
 0.81827116 0.8486282  0.9543816  0.65531456 0.96255416 0.89456165
 0.6864521  0.92178094 0.8447982  0.9184673  0.88150346 0.8472446
 0.86215395 0.12132822 0.93131685 0.5449153 ]",6.3003325e-11,41.21540641784668,9.122952594953226
SymplecticNNgHMC,0.6,autograd,banana,SynchronousLeapfrog,0.1,"[0.75398684 0.8871856  0.9397863  0.25352824 0.70836496 0.94165105
 0.32552367 0.6314894  0.97214055 0.9403178  0.57304376 0.15277994
 0.9416808  0.23900089 0.9538851  0.8547799  0.98246855 0.8624918
 0.94725096 0.64985555 0.73323536 0.98532295 0.13309672 0.9011806
 0.8851468  0.96496916 0.5897447  0.67621875 0.92891073 0.61888427
 0.7886912  0.81547236 0.12851521 0.98678386 0.27115798 0.96607447
 0.29639906 0.54633874 0.8816671  0.7631917  0.9483714  0.93264174
 0.71175086 0.7247092  0.29491776 0.6802435  0.65187955 0.03669162
 0.9394808  0.93114316 0.6416756  0.5674889  0.8922484  0.9816744
 0.7334671  0.9493933  0.731182   0.49999627 0.7602743  0.6462956
 0.9556119  0.7290079  0.8291155  0.8271777  0.7610675  0.8343052
 0.97323847 0.88826036 0.7519676  0.25487867 0.12248542 0.9670638
 0.9140722  0.8809198  0.9007181  0.8171248  0.7354388  0.9817264
 0.70843303 0.16858119 0.7632128  0.5375998  0.9751109  0.6239619
 0.8933703  0.94471884 0.9112708  0.54886353 0.98424983 0.8503761
 0.74260545 0.93724597 0.90755385 0.8170799  0.84701884 0.7240817
 0.439431   0.6796424  0.90003896 0.39642262]",0.11457403,56.42985796928406,1.3583344646961883
GSymplecticNNgHMC,0.6,autograd,banana,SynchronousLeapfrog,0.1,"[3.1519004e+07 7.9874288e+07 1.1177211e+09 6.8364984e+07 2.3871320e+08
 7.7667800e+07 3.4985880e+07 1.9942009e+06 3.6714824e+04 7.2311931e+09
 5.4345512e+07 3.6899123e+09 2.1558628e+07 2.2280728e-02 1.2309364e+09
 1.5494885e+09 9.8089695e-01 2.0047686e+09 4.0098061e+08 4.1146237e-01
 3.0665726e+07 1.4409558e+07 6.2607610e-01 4.0465104e+07 1.2139860e+06
 5.2993878e+08 3.6771100e+07 5.9361544e+05 8.7445088e+08 1.4600923e+08
 4.2461132e+07 5.3085580e+06 1.1195811e+09 9.8678601e-01 2.7815900e+07
 3.3534486e+07 3.3074016e+07 6.8683179e+03 1.7462454e+09 2.0502496e+08
 8.9664531e+08 6.1669639e+03 7.7852365e+08 4.2419812e+05 1.8030154e+06
 6.3337528e+07 1.3567226e+09 1.1319299e+09 3.3247744e+07 2.1131982e+07
 9.2141810e+06 3.3515520e+09 6.0728992e+08 9.4691581e-01 2.2709066e+08
 9.5143574e-01 6.9786640e+06 4.8665370e+06 1.1302365e+08 9.9331544e+07
 8.4472752e-01 4.2117690e+08 2.8547566e+09 3.2217987e+01 2.8398144e-01
 1.6937288e+05 3.6831677e+03 6.7345382e+08 1.5705346e+07 2.9758656e+09
 2.4489412e+06 5.6745100e+07 3.0779203e+09 4.9299128e+07 9.3925536e-01
 8.2460256e+07 2.8250294e+07 7.2535744e+07 5.1853148e+07 3.0408620e+09
 6.1163456e+08 5.3989670e+08 7.9474496e+07 7.9894310e+08 2.9185996e+07
 1.4774208e+09 1.9606174e+07 5.7681700e+06 3.5986288e+06 1.4395402e-01
 8.9941394e-01 8.8522613e-01 3.9918264e+07 3.5889577e+09 1.5999400e+06
 1.0125221e+08 3.4472975e+09 1.9711703e+09 1.1389094e+07 1.5873760e+08]",12277.302,26.269469261169434,33.643579525858634
GradSymplecticNNgHMC,0.6,autograd,banana,SynchronousLeapfrog,0.1,"[0.8322248  0.812634   0.83994526 0.07034478 0.5698557  0.9257413
 0.46813035 0.7236783  0.9853591  0.47537643 0.7006465  0.18121654
 0.9645728  0.1261889  0.8981484  0.5118758  0.9796344  0.7407071
 0.93002355 0.58839774 0.8190733  0.9817219  0.3390728  0.81968117
 0.9260413  0.9114749  0.70810795 0.76189137 0.97097796 0.7492074
 0.66429126 0.72050226 0.3608687  0.9785754  0.12350708 0.9534208
 0.44031918 0.42587036 0.7406343  0.86290467 0.944843   0.94574034
 0.83278584 0.63054657 0.39629444 0.5228758  0.33411846 0.22765964
 0.9425819  0.8643931  0.5117051  0.2605949  0.9537052  0.9891495
 0.57250726 0.95138156 0.6156842  0.33877373 0.6337551  0.76946056
 0.9388987  0.8450346  0.93536705 0.8488673  0.79112184 0.75497764
 0.9445362  0.8698859  0.83625066 0.12793124 0.25890478 0.93826485
 0.95810574 0.84538794 0.86322993 0.7083294  0.8246605  0.9685165
 0.8128475  0.23565897 0.87940216 0.3230642  0.98648775 0.40665787
 0.8256266  0.9287065  0.95416343 0.66474247 0.961723   0.8975977
 0.6552757  0.9136573  0.8370322  0.9068264  0.90448546 0.8323509
 0.6698522  0.44006893 0.94540423 0.5544722 ]",0.050819144,77.24114465713501,1.3180954180085989
GradGSymplecticNNgHMC,0.6,autograd,banana,SynchronousLeapfrog,0.1,"[2.08620625e+04 4.13342344e+04 4.10691875e+05 4.07644766e+04
 9.81491250e+04 4.25254375e+04 2.48711289e+04 3.37650854e+03
 2.99988281e+02 2.49736975e+06 3.36946875e+04 1.30286950e+06
 1.56935078e+04 1.99132785e-01 4.57149344e+05 5.82269500e+05
 9.78421867e-01 6.78486812e+05 1.66177156e+05 3.89858425e-01
 2.09270371e+04 1.11374980e+04 4.99223053e-01 2.50535469e+04
 2.39463525e+03 2.19072719e+05 2.52076836e+04 1.64126489e+03
 3.34901438e+05 7.46867969e+04 2.35549844e+04 4.79417383e+03
 4.46231594e+05 9.75580394e-01 2.03924727e+04 2.11490020e+04
 2.43819277e+04 1.01956566e+02 6.15562000e+05 9.85928750e+04
 3.41244156e+05 1.04345726e+02 3.10435250e+05 1.34514929e+03
 3.17432495e+03 3.23943965e+04 5.30359375e+05 4.46819500e+05
 2.05714336e+04 1.37715264e+04 9.07937695e+03 1.09083562e+06
 2.43844594e+05 9.41210032e-01 1.04925648e+05 9.60482121e-01
 6.77845898e+03 4.47172217e+03 5.75811172e+04 5.36131406e+04
 8.59078884e-01 1.80172844e+05 1.00164575e+06 6.67543745e+00
 5.69581211e-01 5.88629028e+02 7.34830017e+01 2.67601938e+05
 1.29739395e+04 1.02009300e+06 3.89823438e+03 3.06315820e+04
 1.05539325e+06 2.93770664e+04 9.35830295e-01 3.95322461e+04
 2.03370469e+04 4.00578477e+04 3.20811094e+04 9.67825188e+05
 2.50294922e+05 2.07980219e+05 4.30923672e+04 2.97064062e+05
 1.84403125e+04 5.61017500e+05 1.47603223e+04 6.47206006e+03
 4.15474512e+03 5.32880843e-01 9.50496078e-01 8.70859325e-01
 2.18887871e+04 1.26719075e+06 2.86895703e+03 5.43486992e+04
 1.21082225e+06 6.74688625e+05 1.02336904e+04 8.24074531e+04]",3487.6316,50.942413330078125,3.067093579522229
HMC,0.6,autograd,gaussian,SynchronousLeapfrog,0.3,"[0.9107496  0.9337141  0.90721023 0.92941254 0.90348184 0.9388337
 0.9447252  0.95008725 0.9420929  0.9523982  0.9394585  0.9245512
 0.9446582  0.9412319  0.94098395 0.92615724 0.9506461  0.9409498
 0.9185132  0.9469061  0.9510951  0.93676347 0.9500661  0.9288552
 0.9287321  0.95964515 0.93497026 0.9459278  0.9434401  0.9243885
 0.94606465 0.92490244 0.958624   0.9175582  0.93033636 0.9430014
 0.9489662  0.95238394 0.9525089  0.9329437  0.95267344 0.94914293
 0.951743   0.95633334 0.95593214 0.95352525 0.9170475  0.92613
 0.95881855 0.9491455  0.9351921  0.9348256  0.9404928  0.9410893
 0.95813507 0.95563257 0.95173144 0.94295806 0.9502051  0.93920916
 0.9358659  0.88376    0.9519033  0.953776   0.9347205  0.9339254
 0.9358506  0.9383191  0.9449584  0.91560555 0.9421954  0.9552187
 0.92596483 0.95461786 0.941111   0.95945823 0.9272892  0.9453966
 0.94026965 0.90461934 0.9200224  0.91121185 0.9311732  0.94858706
 0.9430706  0.91094685 0.92724323 0.93839073 0.93626404 0.9405221
 0.93236107 0.95227855 0.93771553 0.94751596 0.95556897 0.95456666
 0.95186347 0.9444046  0.9444288  0.94426   ]",6.316059e-15,17.213721752166748,1884.4178586704893
NNgHMC,0.6,autograd,gaussian,SynchronousLeapfrog,0.3,"[0.9099531  0.93421113 0.90155697 0.9298556  0.9004725  0.93924606
 0.94525    0.95057887 0.9426662  0.95305717 0.93939775 0.92402524
 0.9446358  0.9420003  0.9407322  0.92632455 0.9507812  0.94051427
 0.91762817 0.94707346 0.9512028  0.9371699  0.95018995 0.9284228
 0.92886245 0.9598632  0.93517435 0.94588774 0.94311184 0.9229576
 0.9461588  0.92503184 0.95884866 0.9171827  0.9302287  0.9433985
 0.94920456 0.9527974  0.9530823  0.93305707 0.95284224 0.9496523
 0.95179987 0.9564166  0.956036   0.953448   0.9149318  0.92677605
 0.95899904 0.94944537 0.9344491  0.9337052  0.9400853  0.9421765
 0.9581069  0.9553492  0.95197475 0.9426981  0.950271   0.9397539
 0.9359704  0.88145816 0.95207286 0.9539051  0.93464744 0.9334089
 0.93645775 0.93833447 0.9446799  0.9148981  0.94210863 0.9554674
 0.92680854 0.95525026 0.94105816 0.95934856 0.92807424 0.9453392
 0.94030344 0.9028145  0.91947985 0.9115578  0.9308336  0.9484066
 0.943176   0.90738    0.9271108  0.93826765 0.9358696  0.9401499
 0.9332553  0.95263165 0.9375452  0.9476463  0.9555721  0.95479774
 0.9519886  0.9445691  0.9445753  0.94456244]",7.254059e-15,16.47827410697937,1874.7291732576602
NNODEgHMC,0.6,autograd,gaussian,SynchronousLeapfrog,0.3,"[0.91029906 0.93452233 0.9033859  0.9299854  0.8983793  0.9395363
 0.94545287 0.9505741  0.9425709  0.9531836  0.93919724 0.9239501
 0.9447541  0.94213605 0.9404533  0.9264312  0.9506506  0.9405686
 0.91695964 0.94715285 0.95123214 0.93710876 0.95035684 0.92852855
 0.92874014 0.95987034 0.9354377  0.94575876 0.94312763 0.9218651
 0.94634056 0.92488337 0.95888126 0.9170141  0.92989624 0.9438442
 0.9488549  0.95281684 0.9532277  0.9331829  0.95274365 0.94981027
 0.95188445 0.9563729  0.9559139  0.9534139  0.9151597  0.92724514
 0.9591284  0.94951886 0.9344505  0.9330718  0.9398052  0.9425324
 0.95820653 0.9553175  0.9519979  0.9426993  0.95018405 0.9397044
 0.9357316  0.87856215 0.95207185 0.9539226  0.93481827 0.9336037
 0.9365007  0.93804646 0.9445664  0.9139878  0.94217366 0.95548934
 0.9270877  0.955405   0.94098055 0.9592562  0.928473   0.9452545
 0.94047356 0.9027018  0.919326   0.9114081  0.93145597 0.9482979
 0.9429454  0.90635717 0.9269203  0.9387716  0.93567127 0.9400691
 0.933012   0.95257497 0.93758965 0.947781   0.95560807 0.95480716
 0.9519844  0.94436234 0.9443841  0.94454646]",1.8894623e-14,14.118881225585938,1834.7344301868918
Explicit NNODEgHMC,0.6,autograd,gaussian,SynchronousLeapfrog,0.3,"[0.7900254  0.9331448  0.86568516 0.72518677 0.84420794 0.93558764
 0.9022616  0.93101025 0.9323019  0.9046354  0.8499962  0.91311187
 0.9280958  0.9043325  0.931337   0.9213554  0.92934245 0.9304985
 0.8814138  0.87085867 0.94857216 0.92156637 0.9450172  0.9115863
 0.8721174  0.93446416 0.8942518  0.9280783  0.87247676 0.8694767
 0.88680637 0.91721714 0.942733   0.902879   0.9374342  0.9407095
 0.94263256 0.94464535 0.9305086  0.794248   0.9469782  0.9437437
 0.95242614 0.95704305 0.94923544 0.9514372  0.83410823 0.85829824
 0.95496744 0.95346713 0.9276831  0.92989725 0.91181755 0.91018677
 0.95533836 0.9539417  0.94220006 0.8451437  0.94806993 0.92183775
 0.7988211  0.81988823 0.9416264  0.94106025 0.94266784 0.9265498
 0.8939726  0.93549824 0.94733685 0.6487975  0.9332556  0.94584787
 0.9175699  0.9213111  0.9108318  0.96120036 0.922155   0.8847954
 0.92274016 0.86763847 0.85314775 0.6579525  0.8835207  0.9499952
 0.9261098  0.9063829  0.8520872  0.8848896  0.9143791  0.9416032
 0.84187573 0.90857685 0.9387764  0.94420946 0.9560914  0.94713086
 0.93563867 0.94696826 0.9107307  0.9000006 ]",3.2205724e-13,20.278178691864014,123.78464011323223
SymplecticNNgHMC,0.6,autograd,gaussian,SynchronousLeapfrog,0.3,"[0.91078633 0.93376005 0.9071967  0.92930955 0.90335387 0.9388487
 0.94471186 0.95004916 0.9420902  0.95240706 0.9394266  0.92456126
 0.94469035 0.9411747  0.94092524 0.9261044  0.9506192  0.94099355
 0.91843194 0.94685316 0.9510467  0.93679684 0.95007277 0.92887247
 0.9286391  0.9596357  0.93495643 0.9459343  0.943408   0.92438716
 0.9460694  0.924899   0.95861816 0.9176873  0.9302744  0.94303083
 0.9489193  0.9523508  0.9524549  0.93304366 0.95263356 0.94916344
 0.9516872  0.95629394 0.95588005 0.9535265  0.9170995  0.9261365
 0.95882595 0.94909924 0.935142   0.93478554 0.94044745 0.9410672
 0.9581306  0.9556805  0.9516748  0.94298    0.95015776 0.9392359
 0.9359411  0.8835701  0.951956   0.95374626 0.93466675 0.93389225
 0.9357773  0.93828815 0.94493866 0.91573167 0.9422374  0.9552631
 0.9259523  0.95466137 0.9410841  0.9594573  0.92724586 0.94544286
 0.9402325  0.9045646  0.92002666 0.9110934  0.9311656  0.9485244
 0.9430348  0.91094893 0.9273393  0.9383372  0.93624896 0.9405534
 0.93225765 0.9522757  0.9376712  0.94747615 0.9556002  0.95457125
 0.951827   0.94434106 0.9444305  0.9442973 ]",2.0858646e-05,40.64828848838806,1940.237991598543
GSymplecticNNgHMC,0.6,autograd,gaussian,SynchronousLeapfrog,0.3,"[0.9109597  0.9337872  0.9071164  0.9293361  0.9034878  0.93886495
 0.94474864 0.9501169  0.94203496 0.9523403  0.93955517 0.92480516
 0.94476795 0.9411763  0.94099295 0.92640877 0.95071924 0.9410248
 0.9186179  0.94704676 0.95114326 0.936736   0.9499911  0.92888373
 0.92906666 0.9596283  0.93506455 0.9458598  0.943597   0.9244636
 0.94608915 0.9249797  0.9586452  0.91756314 0.9304218  0.94305074
 0.9489514  0.9523697  0.95247316 0.933078   0.95267355 0.9491534
 0.9517762  0.95635843 0.9559328  0.95349807 0.9170787  0.92628527
 0.9588375  0.9491637  0.9353318  0.9349046  0.94067025 0.94107115
 0.95813674 0.95565283 0.95182914 0.94289196 0.95028245 0.93936
 0.93590057 0.8839633  0.9518937  0.9538603  0.93483657 0.9338841
 0.9359832  0.9383602  0.94507736 0.9156591  0.9421562  0.95518994
 0.92595756 0.9545848  0.94126457 0.95944417 0.9274685  0.94544005
 0.9403155  0.904631   0.92037225 0.91153574 0.93137    0.9486541
 0.94311345 0.9106466  0.9271883  0.9384672  0.9362036  0.94061124
 0.93250364 0.95227814 0.9378368  0.9475782  0.9555933  0.95452994
 0.95189685 0.94442385 0.94445884 0.94431865]",5.6693814e-05,11.999630451202393,1816.1292084988174
GradSymplecticNNgHMC,0.6,autograd,gaussian,SynchronousLeapfrog,0.3,"[0.9111168  0.93380535 0.9078522  0.9307165  0.903763   0.93925637
 0.9452467  0.950271   0.94219774 0.95282906 0.9399325  0.9245752
 0.9446696  0.94187355 0.94095486 0.926013   0.9508331  0.94103897
 0.91860735 0.9470379  0.95118654 0.93707705 0.9501054  0.9293822
 0.92911553 0.9597907  0.93507713 0.9462737  0.943607   0.92512286
 0.9463346  0.925017   0.95867825 0.91786575 0.93046904 0.9430043
 0.949212   0.95258844 0.95287246 0.93351454 0.95286834 0.94943994
 0.9518708  0.956367   0.95591635 0.9535059  0.91727626 0.9262387
 0.9588785  0.9493431  0.9353806  0.93516827 0.9405346  0.941784
 0.95816535 0.95563734 0.9517536  0.94352376 0.95025533 0.9391939
 0.9361142  0.8842902  0.951959   0.9538456  0.93489385 0.9340622
 0.9362361  0.9382318  0.94491494 0.9162027  0.9421716  0.9553029
 0.92627114 0.954916   0.9410345  0.9594781  0.9272458  0.9458022
 0.9403202  0.90512764 0.92024434 0.9117224  0.93118477 0.94861734
 0.943107   0.9114051  0.9276659  0.9385257  0.93634576 0.9406915
 0.9331369  0.95238924 0.9377534  0.9474739  0.95558065 0.9546437
 0.9519679  0.94452024 0.9445491  0.94434726]",7.494953e-06,117.15376710891724,1921.3707608153418
GradGSymplecticNNgHMC,0.6,autograd,gaussian,SynchronousLeapfrog,0.3,"[0.91131324 0.9338732  0.90803146 0.93081    0.9038972  0.93925333
 0.94525456 0.9502584  0.94224393 0.95288193 0.94000757 0.9246942
 0.9447014  0.9418461  0.9409412  0.92613494 0.9508955  0.9411162
 0.91876507 0.9470633  0.951169   0.9370455  0.9500698  0.929427
 0.9292907  0.95979345 0.9352015  0.94626397 0.94374275 0.925148
 0.94636315 0.92501736 0.95866764 0.9177904  0.93045515 0.94301426
 0.94925755 0.95262563 0.952858   0.9336127  0.95289445 0.9494244
 0.9518635  0.9563948  0.95596576 0.9535079  0.917488   0.9263611
 0.95885915 0.9493498  0.9353878  0.9352182  0.94059324 0.94179505
 0.9581563  0.9556372  0.9517727  0.9435746  0.95030105 0.93925035
 0.93614256 0.8845002  0.95196414 0.9538588  0.93492794 0.93404263
 0.93628424 0.9383677  0.9449831  0.9162421  0.94219434 0.9553196
 0.92633283 0.9548856  0.9411043  0.95946044 0.9273371  0.94587076
 0.94032943 0.9050752  0.9204685  0.9118564  0.93124294 0.9486303
 0.9431486  0.9114531  0.92768806 0.93871915 0.936293   0.94070387
 0.93327516 0.95236945 0.93775856 0.94757926 0.95557654 0.95461625
 0.9519434  0.9445671  0.944515   0.94434476]",3.109167e-05,16.39989972114563,1816.1407757330069
HMC,0.6,autograd,high_dimensional_gaussian,SynchronousLeapfrog,0.1,"[0.92261684 0.9265202  0.9400978  0.9420449  0.9368536  0.9377796
 0.94958353 0.9335207  0.9339439  0.9388685  0.9377963  0.9343295
 0.94223636 0.9347911  0.93588996 0.93466747 0.93829584 0.9385817
 0.93451655 0.93874574 0.9283012  0.94370306 0.93150425 0.93322176
 0.9367704  0.93480146 0.93777275 0.93884397 0.9382455  0.94076276
 0.929013   0.9326134  0.932106   0.93901384 0.9382197  0.93011355
 0.9369916  0.94153416 0.9361801  0.9280068  0.9390103  0.9392593
 0.9377245  0.9359368  0.9370738  0.94264936 0.93725574 0.9450067
 0.9364721  0.9413079  0.93887615 0.926806   0.9456408  0.9260699
 0.934587   0.9401804  0.9288413  0.9367223  0.9410617  0.93203133
 0.94062394 0.9421096  0.9403731  0.9436625  0.9319481  0.935565
 0.93750334 0.93996334 0.9432858  0.94076675 0.9349882  0.93910044
 0.9344715  0.9329654  0.9381304  0.9327232  0.94191396 0.93192375
 0.94201297 0.93547887 0.9388351  0.9355871  0.9368715  0.93431586
 0.9454832  0.9316799  0.94224286 0.93618166 0.931396   0.9353833
 0.94065034 0.9372425  0.94480866 0.9380368  0.9218065  0.93374085
 0.9326471  0.9367201  0.93442523 0.9432909 ]",1.3535559e-15,50.709810972213745,253.5159431168258
NNgHMC,0.6,autograd,high_dimensional_gaussian,SynchronousLeapfrog,0.1,"[0.9225689  0.9263498  0.9401393  0.9421255  0.9368081  0.9377672
 0.949623   0.93352175 0.9339572  0.9388356  0.93781865 0.9342917
 0.9422609  0.9347247  0.9359045  0.93464816 0.9383205  0.93858355
 0.93452585 0.9387392  0.92819786 0.9437215  0.9314134  0.9331101
 0.93680805 0.93479955 0.93777025 0.93884706 0.93822706 0.94078434
 0.9289365  0.9325795  0.93211496 0.93902934 0.9381982  0.9300585
 0.93697095 0.941579   0.9361328  0.9278938  0.9390008  0.93928975
 0.93770504 0.9359274  0.93706894 0.94266385 0.937251   0.94501704
 0.9364745  0.941292   0.938872   0.926619   0.9456541  0.92590463
 0.9345741  0.9401864  0.9287666  0.93670845 0.94111013 0.9320018
 0.94061136 0.9421362  0.9403908  0.9436883  0.9318983  0.9355563
 0.93751687 0.9399993  0.9433093  0.94076335 0.93501043 0.939075
 0.93450856 0.9328572  0.93812764 0.93262565 0.9419696  0.9318576
 0.9420233  0.9354645  0.9388415  0.9355666  0.9368335  0.9342818
 0.94550276 0.9315934  0.94227594 0.9361911  0.9313339  0.93534416
 0.9406287  0.9372244  0.94483346 0.93803644 0.92155695 0.9337249
 0.9326121  0.9367223  0.9344017  0.9432882 ]",1.6978195e-15,47.29715156555176,246.77724927403358
NNODEgHMC,0.6,autograd,high_dimensional_gaussian,SynchronousLeapfrog,0.1,"[0.9224024  0.9264459  0.94013774 0.94205797 0.9368739  0.9377744
 0.9496352  0.93348426 0.9338595  0.93889225 0.93780136 0.9343507
 0.94225395 0.9347386  0.9358856  0.93463105 0.9383191  0.93855
 0.93447274 0.9387774  0.9281906  0.9437642  0.93144673 0.9331479
 0.93679225 0.9347579  0.9377202  0.938852   0.9382396  0.940741
 0.9289278  0.932546   0.93203604 0.93903583 0.9382086  0.93006074
 0.9370185  0.94156927 0.93615043 0.9279175  0.93902415 0.9392433
 0.9377469  0.93591225 0.93708533 0.94268197 0.93724656 0.9450215
 0.93645716 0.94130874 0.93887186 0.9266287  0.94568527 0.9259817
 0.9345126  0.9401962  0.92876977 0.93669164 0.9410783  0.93198
 0.94065034 0.94212455 0.9403689  0.9436817  0.931895   0.93551636
 0.93748164 0.9399797  0.94330883 0.94077605 0.93498266 0.93908644
 0.93445104 0.9329564  0.9381458  0.9326838  0.9419656  0.9318482
 0.9420023  0.93545806 0.9388479  0.9355361  0.93688214 0.9343189
 0.94548553 0.9315628  0.9422385  0.93616503 0.9313835  0.93534327
 0.9406676  0.93728393 0.9448342  0.9379493  0.92150676 0.93370366
 0.9325752  0.93673325 0.9343704  0.94332266]",1.4031076e-14,40.68159222602844,240.84881996479908
Explicit NNODEgHMC,0.6,autograd,high_dimensional_gaussian,SynchronousLeapfrog,0.1,"[0.91870534 0.9220071  0.93823355 0.9387002  0.93344915 0.93414515
 0.94884175 0.9304441  0.93141747 0.93660235 0.9346525  0.932019
 0.94072485 0.93285525 0.93209    0.93109334 0.9340724  0.9355661
 0.9310443  0.93495005 0.92504853 0.9397661  0.9273738  0.9297519
 0.93509007 0.93117046 0.93464077 0.9364215  0.936259   0.9381238
 0.9256298  0.9297756  0.9226799  0.936988   0.9342567  0.92614985
 0.9327636  0.9387983  0.9325716  0.92422456 0.9349121  0.9371955
 0.93473786 0.93259    0.93438375 0.93947124 0.93243426 0.9415135
 0.9330858  0.9361069  0.93662596 0.9207156  0.9435751  0.92174506
 0.9328739  0.9381342  0.92241114 0.9344388  0.9388145  0.9296341
 0.93758124 0.94027585 0.93937373 0.941885   0.92734444 0.93019235
 0.93488836 0.9376663  0.9410132  0.9383127  0.9310083  0.93549776
 0.9312856  0.92887366 0.9335998  0.9274268  0.9404706  0.926953
 0.9384281  0.93175685 0.9376861  0.9310703  0.9326576  0.93063724
 0.94466996 0.9274944  0.939748   0.93433875 0.9289861  0.9327266
 0.9373607  0.9359044  0.94190997 0.9355874  0.91314197 0.93085015
 0.9292917  0.93256485 0.93074596 0.94102466]",1.9852975e-14,58.77776789665222,48.29733781405743
SymplecticNNgHMC,0.6,autograd,high_dimensional_gaussian,SynchronousLeapfrog,0.1,"[0.9226178  0.9265253  0.9400985  0.9420396  0.936849   0.93777704
 0.9495818  0.93351984 0.93394935 0.9388671  0.9377955  0.9343297
 0.94223595 0.9347903  0.93588626 0.9346651  0.9383008  0.93858004
 0.93451285 0.9387455  0.9282991  0.943702   0.93150187 0.93322843
 0.93676674 0.9348012  0.93777245 0.93884325 0.9382472  0.9407599
 0.9290086  0.93260515 0.93212354 0.939021   0.93821514 0.9301138
 0.93698823 0.94153166 0.9361805  0.928005   0.93901443 0.9392554
 0.93772453 0.93594116 0.93707985 0.9426532  0.93725634 0.94500655
 0.9364662  0.94130635 0.93887365 0.9268012  0.9456391  0.92606324
 0.934589   0.9401803  0.92884845 0.9367232  0.9410572  0.9320323
 0.94061947 0.9421053  0.9403739  0.94366014 0.9319459  0.9355714
 0.9375043  0.93996084 0.9432911  0.9407646  0.9349868  0.93910015
 0.934473   0.9329664  0.9381296  0.9327197  0.94190925 0.93191195
 0.94201267 0.9354795  0.9388356  0.93558156 0.93687004 0.93430936
 0.9454849  0.9316761  0.9422428  0.9361808  0.9314008  0.93538284
 0.9406494  0.93724203 0.94480836 0.93803775 0.921802   0.9337403
 0.9326619  0.9367176  0.9344268  0.9432859 ]",6.7902283e-07,108.09529662132263,278.0254979732633
GSymplecticNNgHMC,0.6,autograd,high_dimensional_gaussian,SynchronousLeapfrog,0.1,"[0.9226289  0.9265255  0.9400983  0.94204855 0.93685406 0.9377796
 0.94958925 0.9335226  0.9339549  0.9388687  0.93778676 0.9343225
 0.94223297 0.93478817 0.9358856  0.9346695  0.93830574 0.9385759
 0.93451977 0.93875587 0.92830104 0.9437071  0.93150806 0.93321836
 0.93679017 0.93482494 0.9377856  0.93883276 0.9382371  0.9407703
 0.92901754 0.9326011  0.93210715 0.93903005 0.93821687 0.93010724
 0.9369931  0.9415364  0.93618053 0.9280006  0.939017   0.9392521
 0.9377295  0.9359519  0.93708056 0.94265383 0.9372358  0.9450075
 0.9364681  0.94130677 0.93887854 0.92680377 0.94563913 0.9260716
 0.934587   0.9401917  0.9288385  0.9366909  0.9410679  0.9320261
 0.940619   0.9421054  0.94037104 0.943654   0.93194807 0.9355686
 0.9374973  0.9399583  0.9432864  0.9407708  0.9349921  0.93908995
 0.9344656  0.93297434 0.9381351  0.9327282  0.9419098  0.9319245
 0.9420034  0.935472   0.93883145 0.93558776 0.93687665 0.9343157
 0.94548106 0.93167305 0.9422443  0.93618315 0.9313741  0.93537873
 0.94064426 0.9372449  0.94481444 0.93803614 0.92180604 0.93373835
 0.9326576  0.93671703 0.93441284 0.9432926 ]",1.2546266e-05,53.13566493988037,278.1545837331858
GradSymplecticNNgHMC,0.6,autograd,high_dimensional_gaussian,SynchronousLeapfrog,0.1,"[0.9226204  0.92652243 0.94010293 0.9420481  0.936856   0.9377825
 0.94958735 0.93352    0.9339533  0.9388732  0.9377985  0.93433636
 0.94223756 0.9347919  0.93589324 0.9346682  0.9383051  0.93858427
 0.9345204  0.93875045 0.92829704 0.94370645 0.93150747 0.93322647
 0.9367763  0.9348063  0.93777454 0.93884313 0.93824667 0.9407624
 0.92900825 0.9326128  0.9321138  0.93901986 0.9382195  0.9301133
 0.9369935  0.9415342  0.93617964 0.9280095  0.939016   0.9392623
 0.93772954 0.9359411  0.93707967 0.9426522  0.93726337 0.945009
 0.9364742  0.94130725 0.9388764  0.92681086 0.94564074 0.92606544
 0.93458974 0.940186   0.9288492  0.9367255  0.94106483 0.93203354
 0.9406223  0.9421107  0.94037235 0.943666   0.9319509  0.9355682
 0.9375051  0.9399636  0.943289   0.9407685  0.9349863  0.93910027
 0.9344815  0.93297046 0.93813485 0.93272704 0.94191873 0.9319278
 0.9420146  0.93547666 0.938835   0.935586   0.93687457 0.9343135
 0.9454834  0.9316823  0.9422445  0.93618125 0.9314019  0.93538654
 0.9406521  0.93724394 0.94481146 0.9380376  0.9218177  0.9337424
 0.93265533 0.93672407 0.93442774 0.94329566]",1.8859377e-07,286.5259516239166,278.9694030882868
GradGSymplecticNNgHMC,0.6,autograd,high_dimensional_gaussian,SynchronousLeapfrog,0.1,"[0.9226267  0.9265288  0.94009054 0.9420489  0.9368593  0.9377877
 0.9495837  0.9335243  0.9339441  0.9388668  0.9378025  0.9343343
 0.9422276  0.9348028  0.9358966  0.93466866 0.93830156 0.9385781
 0.93452954 0.93875444 0.9283055  0.94371337 0.9315116  0.9332301
 0.93679035 0.9348062  0.93777955 0.9388478  0.9382383  0.94076556
 0.92902154 0.93261564 0.93211603 0.93901557 0.9382081  0.93011063
 0.93699473 0.9415399  0.9361763  0.92800325 0.9390211  0.9392443
 0.9377386  0.93595874 0.93707204 0.9426552  0.9372532  0.94500303
 0.9364702  0.94130754 0.93887013 0.92681336 0.945639   0.92607355
 0.934584   0.9401723  0.92884344 0.93671215 0.9410616  0.9320288
 0.94061995 0.9421134  0.9403596  0.94365996 0.9319451  0.9355776
 0.93750334 0.9399694  0.943293   0.9407735  0.93498147 0.93909633
 0.9344715  0.9329779  0.93813103 0.9327272  0.94192123 0.93192095
 0.94201225 0.9354867  0.938837   0.9355876  0.9368865  0.934313
 0.94547963 0.93168116 0.9422394  0.9361912  0.9313817  0.9353776
 0.9406457  0.93725604 0.9448186  0.938035   0.92181015 0.9337392
 0.9326606  0.936725   0.9344322  0.9432998 ]",1.3221151e-05,166.09648728370667,277.2361032030012
HMC,0.6,autograd,normal_normal,SynchronousLeapfrog,0.1,"[0.87145156 0.9515108  0.9461958  0.9139396  0.91785634 0.9379084
 0.9420433  0.94604605 0.9484912  0.9399134  0.9347827  0.9499372
 0.9471995  0.91325915 0.9472736  0.9367931  0.9364904  0.92479146
 0.9486898  0.9444541  0.9389281  0.95383644 0.8897637  0.93269104
 0.9380517  0.9400935  0.9489937  0.91715974 0.95259875 0.9517386
 0.9361588  0.9489988  0.9323882  0.94726145 0.9418595  0.9406291
 0.94501007 0.9464601  0.93206966 0.9482126  0.9254817  0.9492721
 0.9138066  0.93406886 0.9469274  0.9471493  0.9418087  0.9485793
 0.95180386 0.95199287 0.91828597 0.9421894  0.92172754 0.94969195
 0.936039   0.93408936 0.9339094  0.9386178  0.94140786 0.93903816
 0.9413576  0.9361659  0.9276704  0.95151794 0.89926434 0.9434264
 0.92890584 0.9336602  0.9281579  0.9423026  0.9477334  0.9468231
 0.94979644 0.9069363  0.92924833 0.92925775 0.92902344 0.9376485
 0.9339502  0.92917126 0.951409   0.93647784 0.9294567  0.94082165
 0.9265854  0.937168   0.9478768  0.94441766 0.9514189  0.9465038
 0.9248382  0.93608856 0.93930763 0.95063484 0.93062705 0.9270305
 0.9296929  0.927925   0.9482202  0.9461913 ]",1.967454e-15,80.16151976585388,403.0086656360976
NNgHMC,0.6,autograd,normal_normal,SynchronousLeapfrog,0.1,"[0.8704469  0.9516872  0.94620866 0.91291225 0.9052807  0.93814677
 0.9420373  0.9467405  0.94848347 0.94039905 0.93306845 0.95019567
 0.9469484  0.9140784  0.9471232  0.9359857  0.9363443  0.9216722
 0.9488417  0.9436413  0.93910253 0.9538679  0.88075083 0.9327382
 0.93822765 0.9402318  0.94933337 0.91764414 0.95287865 0.95183456
 0.9365071  0.9492717  0.93077886 0.9472811  0.941425   0.93991745
 0.945354   0.9462356  0.9321723  0.9477401  0.9163046  0.94930243
 0.9131963  0.93400145 0.94642943 0.9474074  0.94252837 0.9489708
 0.95217526 0.952274   0.9183309  0.9421112  0.92145455 0.9496402
 0.936089   0.93423223 0.9340682  0.9388256  0.9412946  0.9390044
 0.941393   0.9369027  0.92807424 0.9518911  0.8998024  0.94341505
 0.92891806 0.9336704  0.9279647  0.9420621  0.9473347  0.9477211
 0.9501009  0.90664256 0.9286554  0.92913836 0.9235848  0.93797886
 0.9338738  0.930504   0.9514107  0.93665814 0.9291824  0.9409765
 0.92653775 0.93704987 0.9474971  0.9443895  0.9515235  0.9466028
 0.92513317 0.93639535 0.9390489  0.9502677  0.9258792  0.92722356
 0.92477435 0.9260608  0.9483327  0.9466085 ]",1.0109968e-15,69.35175347328186,360.2396767273622
NNODEgHMC,0.6,autograd,normal_normal,SynchronousLeapfrog,0.1,"[0.8677763  0.9514365  0.94622725 0.91350305 0.91147983 0.93802685
 0.94217443 0.9463203  0.9484817  0.9400529  0.9334694  0.9498857
 0.947399   0.91348577 0.94724697 0.93609923 0.9363982  0.9229456
 0.9488982  0.94394654 0.9390599  0.95383966 0.8837999  0.9324257
 0.9380929  0.9402217  0.9490733  0.91704434 0.952567   0.9517561
 0.9364392  0.9489411  0.93152016 0.9472828  0.94184893 0.9402994
 0.94489044 0.9466166  0.93228185 0.9482459  0.92069566 0.949229
 0.91345775 0.9340786  0.9467434  0.9472019  0.94215953 0.9484944
 0.9520673  0.9519858  0.91748846 0.94236153 0.92165697 0.949815
 0.93590677 0.93411463 0.93390834 0.93878746 0.94176245 0.9389119
 0.9414019  0.9368202  0.92758507 0.9515743  0.89847445 0.9433567
 0.92851275 0.9337753  0.92801946 0.9421777  0.94756496 0.94753146
 0.94992054 0.907114   0.9290666  0.92966855 0.92756504 0.93783104
 0.9336542  0.9317619  0.9513738  0.9368019  0.9293122  0.9410013
 0.926968   0.937216   0.94798076 0.94443953 0.9515413  0.94652456
 0.92472136 0.93635225 0.9391267  0.950765   0.92827165 0.92702293
 0.9273207  0.9280078  0.9482131  0.94614315]",1.5423518e-14,51.9466495513916,353.2884228217644
Explicit NNODEgHMC,0.6,autograd,normal_normal,SynchronousLeapfrog,0.1,"[0.8580158  0.9519744  0.94504833 0.9073207  0.7993401  0.9346324
 0.9341075  0.9457595  0.94735014 0.9403976  0.9262206  0.95008516
 0.9459599  0.9087572  0.94481003 0.9331702  0.9347903  0.8927531
 0.9459454  0.94624776 0.93728614 0.9537128  0.8604053  0.92761314
 0.9365579  0.9381689  0.9482641  0.9142426  0.95255697 0.9516281
 0.9361259  0.9497963  0.90810144 0.94695204 0.9404111  0.92407644
 0.9461386  0.94434184 0.9258237  0.94841784 0.8364533  0.949306
 0.89254177 0.92912185 0.9470115  0.9444544  0.940197   0.94827545
 0.95087117 0.95233893 0.9102745  0.9291529  0.9190146  0.9482062
 0.9319026  0.9304919  0.93061846 0.9387557  0.93773603 0.9367649
 0.9380385  0.93208015 0.92290306 0.95172405 0.8916522  0.94319004
 0.9252205  0.9257269  0.92438984 0.94238776 0.9477495  0.94015306
 0.94974923 0.8989734  0.92289925 0.9160766  0.85780305 0.9336547
 0.9320795  0.9062252  0.9511704  0.9308218  0.9284854  0.938512
 0.9116317  0.93360347 0.94592136 0.9425707  0.95018095 0.94587255
 0.9208821  0.93592256 0.93263245 0.9496689  0.8814165  0.92459315
 0.87730205 0.89111567 0.94833994 0.9473256 ]",1.7915526e-14,68.63871598243713,215.5803325743916
SymplecticNNgHMC,0.6,autograd,normal_normal,SynchronousLeapfrog,0.1,"[0.8833994  0.95194674 0.9455128  0.91558236 0.87738705 0.93702364
 0.9416124  0.9467977  0.9481973  0.9409682  0.9326905  0.95057046
 0.94660056 0.9120245  0.94665927 0.93527305 0.93514156 0.9020041
 0.9487278  0.94293755 0.93893003 0.9539048  0.87975764 0.93425125
 0.93803406 0.9401108  0.9496193  0.91711986 0.9532277  0.95188093
 0.9359689  0.94985265 0.9233564  0.94705665 0.94182056 0.9369723
 0.9458374  0.94560397 0.93124884 0.947628   0.9061626  0.9491862
 0.91166323 0.93515706 0.9463632  0.9473653  0.94256115 0.949456
 0.95221424 0.9525919  0.9230127  0.94072026 0.9209703  0.9487717
 0.93708193 0.9338507  0.9353303  0.93786657 0.94110554 0.938774
 0.9411739  0.9342866  0.9279171  0.9522675  0.90123695 0.9436002
 0.9299721  0.9334049  0.92749536 0.9414012  0.9470762  0.9475824
 0.9501392  0.9054467  0.927925   0.91852367 0.918702   0.93711823
 0.93415666 0.9290185  0.951348   0.9352695  0.929156   0.94054437
 0.9228064  0.9371878  0.94721067 0.94378805 0.9515462  0.9463431
 0.9272239  0.9364909  0.9382113  0.94974774 0.9220003  0.9261602
 0.9174401  0.92572427 0.94819546 0.94687736]",0.007817176,106.19101572036743,278.79531715283633
GSymplecticNNgHMC,0.6,autograd,normal_normal,SynchronousLeapfrog,0.1,"[0.8707514  0.9515399  0.94622743 0.9136232  0.9173932  0.93780464
 0.94214654 0.94602656 0.94849104 0.9400238  0.9346938  0.9499242
 0.94709796 0.9130565  0.9472101  0.9367075  0.936526   0.92492807
 0.94864124 0.94450986 0.93890685 0.95384264 0.8913803  0.93256587
 0.9380793  0.9400399  0.94900787 0.91719866 0.9526061  0.9517144
 0.9362108  0.9490491  0.93277967 0.94728696 0.9417472  0.94081515
 0.94504774 0.94638413 0.9321191  0.9481443  0.92539847 0.94931406
 0.9137384  0.93385494 0.94687194 0.947215   0.94191015 0.948579
 0.95179117 0.95202935 0.91794574 0.9422889  0.92180765 0.9496635
 0.9359397  0.93392503 0.93377066 0.9386586  0.9412371  0.93899363
 0.94132996 0.9363033  0.9276385  0.95155513 0.89894664 0.9434347
 0.9288126  0.933684   0.9280469  0.94233286 0.9477128  0.9467851
 0.9498061  0.90680826 0.9290674  0.92943114 0.92872477 0.93763417
 0.9339337  0.9294249  0.95140374 0.93654287 0.92946285 0.9408606
 0.9267328  0.93697083 0.947776   0.9443712  0.95139515 0.9465377
 0.92465687 0.9360523  0.939223   0.95055807 0.93076867 0.9270667
 0.93008345 0.92768514 0.94824445 0.94619125]",2.2522103e-05,52.20309567451477,406.6030426193741
GradSymplecticNNgHMC,0.6,autograd,normal_normal,SynchronousLeapfrog,0.1,"[0.8780696  0.95191765 0.94594306 0.9133061  0.89027566 0.93741786
 0.94052505 0.94743395 0.94843024 0.94077194 0.9330208  0.9504301
 0.94649386 0.91252345 0.946723   0.93603873 0.9360239  0.91399354
 0.94856274 0.94306743 0.9391019  0.95384586 0.87402093 0.9334779
 0.93826026 0.9401795  0.9492291  0.91707057 0.9530792  0.95182294
 0.9359659  0.9496788  0.9254236  0.94721746 0.94084704 0.93690383
 0.94583476 0.94574994 0.9304082  0.9473156  0.905866   0.94931287
 0.9098143  0.9341933  0.9461802  0.94713044 0.942057   0.94928694
 0.952105   0.95251036 0.9209428  0.9406306  0.9216386  0.94921625
 0.936633   0.9338347  0.93467325 0.9381528  0.940379   0.93902016
 0.9412955  0.9348096  0.9278852  0.952132   0.9002857  0.9434923
 0.9297991  0.9321365  0.92787254 0.94195294 0.9471358  0.9476201
 0.95023537 0.9060192  0.92736185 0.92365766 0.918663   0.9373533
 0.9342718  0.92983454 0.9515064  0.9346745  0.9295494  0.9400673
 0.9222379  0.9364228  0.94680166 0.9441201  0.9514761  0.9465178
 0.9264246  0.93634593 0.938476   0.94969046 0.91992676 0.92682904
 0.9163849  0.9244847  0.94848335 0.94729185]",0.00029301675,166.51261568069458,7.3021319138135325
GradGSymplecticNNgHMC,0.6,autograd,normal_normal,SynchronousLeapfrog,0.1,"[0.87148875 0.95151746 0.94619864 0.91414994 0.91726756 0.9379587
 0.9419505  0.94614    0.9484643  0.9398524  0.9347434  0.94995165
 0.9472987  0.91327137 0.94722193 0.9365692  0.9365584  0.9246464
 0.94868124 0.94460285 0.93898475 0.95383155 0.89138913 0.93281925
 0.93805134 0.9401371  0.94897306 0.9171412  0.95262897 0.9517282
 0.93608356 0.94899815 0.93255174 0.94725835 0.9420025  0.94066286
 0.9449875  0.9465084  0.9320954  0.94829124 0.9253275  0.94926643
 0.91362095 0.934173   0.9469747  0.94717264 0.94176185 0.94862384
 0.9518544  0.95201683 0.9183426  0.9421098  0.92171705 0.9497174
 0.93614435 0.93416786 0.93402356 0.9385643  0.94160795 0.93903935
 0.9414296  0.93618107 0.9276938  0.9515554  0.89894104 0.94337034
 0.9289346  0.93362844 0.92825556 0.9423126  0.94776577 0.9467945
 0.94984055 0.90685767 0.92910427 0.92934036 0.9288311  0.9377646
 0.93400043 0.9295697  0.9513936  0.936505   0.92947316 0.9408039
 0.9267394  0.9373886  0.94799066 0.9444318  0.95137393 0.9464845
 0.9248462  0.93607324 0.9394554  0.9507017  0.9304945  0.9270344
 0.9297633  0.928264   0.9482517  0.9462251 ]",2.6994598e-05,84.1075427532196,419.6589837896127
HMC,0.7000000000000001,autograd,banana,SynchronousLeapfrog,0.1,"[0.91007936 0.96559757 0.9733714  0.8607291  0.87182564 0.9467144
 0.7147781  0.9507577  0.9587846  0.8546447  0.96758187 0.8407589
 0.857438   0.72186846 0.9683924  0.8340446  0.98121566 0.8973112
 0.97062176 0.9396419  0.9854393  0.9862366  0.83815813 0.9661438
 0.9067523  0.95887107 0.96251744 0.89472055 0.96811295 0.950555
 0.9710516  0.9582912  0.8311428  0.83878076 0.8264296  0.7873883
 0.90287864 0.9269811  0.9779738  0.9518158  0.8885686  0.9235367
 0.83716315 0.8498613  0.86870664 0.9050025  0.8596722  0.8941118
 0.9756117  0.9244177  0.9093574  0.9348682  0.97370446 0.97983855
 0.91402066 0.9371276  0.9015912  0.90354055 0.85617465 0.9694303
 0.95194525 0.9532585  0.9710044  0.93845624 0.9509634  0.88544035
 0.9889604  0.9410819  0.95812464 0.88774    0.8736846  0.8453368
 0.97163075 0.9274342  0.95564556 0.94871664 0.9366541  0.9377583
 0.9185796  0.8750777  0.9590292  0.95092475 0.9719434  0.956413
 0.98351765 0.96238846 0.87089217 0.8120963  0.9958781  0.93129146
 0.95148325 0.957087   0.93311304 0.96932137 0.94100094 0.98674047
 0.9175819  0.93397754 0.9675414  0.87015575]",3.1718627e-13,21.30279850959778,1.4144196989725706
NNgHMC,0.7000000000000001,autograd,banana,SynchronousLeapfrog,0.1,"[0.9219792  0.8804668  0.64589345 0.66298604 0.24790373 0.9028839
 0.01723173 0.96289825 0.9479162  0.5556257  0.9755656  0.09783506
 0.8848773  1.7740293  0.29363167 0.22913778 0.6731485  0.28039435
 0.47241375 0.55799663 0.9782988  0.8791299  0.42154154 0.59313315
 0.96439904 0.32434905 0.9353279  0.953462   0.83981436 0.86224973
 0.6870698  0.5460049  0.06841542 0.86490315 0.6873314  0.7742688
 0.8277747  0.34932634 0.5640678  0.94483495 0.87049854 0.85248077
 0.28707093 0.16169657 0.4490561  0.12180689 0.15319696 0.4653154
 0.8002051  0.2699871  0.85587996 0.24548957 0.85618985 0.8971243
 0.53155124 0.8386468  0.15020813 0.20278007 0.29637548 0.9562664
 0.3011123  0.94962204 0.9631662  0.24474171 0.8868601  0.32768682
 0.881132   0.96318054 0.9531821  0.01554866 0.8999841  0.10372488
 0.8631675  0.9106889  0.8516516  0.74356383 0.9497158  0.8911147
 0.96899575 1.2638533  0.9356599  0.59000576 0.8210583  0.826566
 0.8765797  0.927688   0.81809044 0.76636523 0.9772309  0.7908045
 0.3389349  0.7133225  0.3409023  0.8132738  0.8077916  0.99167204
 0.7617528  0.47650856 0.9813015  0.6785499 ]",3.9790393e-15,17.66840887069702,5.200060389137132
NNODEgHMC,0.7000000000000001,autograd,banana,SynchronousLeapfrog,0.1,"[0.93054855 0.9301536  0.75133944 0.5705062  0.39650545 0.94818866
 0.17196143 0.95842713 0.92918223 0.3969655  0.96094453 0.11865668
 0.87910104 1.5920079  0.4524084  0.46279144 0.7494158  0.43966278
 0.61297417 0.64290893 0.9834237  0.9259264  0.31543761 0.6769055
 0.94830656 0.4849618  0.9087992  0.9544252  0.91139066 0.79253405
 0.75580156 0.6331676  0.14687125 0.87909335 0.62225914 0.73829937
 0.7504523  0.4226365  0.6919636  0.9283506  0.8477135  0.89453995
 0.10126798 0.05990746 0.31568483 0.25774843 0.3930379  0.29216442
 0.85732144 0.3848666  0.86431885 0.03299028 0.92246103 0.9366263
 0.29517767 0.77736974 0.25815508 0.05119365 0.09294502 0.97669905
 0.40928036 0.9529933  0.95580673 0.353767   0.8618638  0.41748834
 0.92446154 0.9731672  0.9316459  0.14362013 0.85016245 0.25110874
 0.9240931  0.9376089  0.8932873  0.8031659  0.926999   0.9256808
 0.9632117  1.0104991  0.8947518  0.6686325  0.8974695  0.8781032
 0.9260278  0.9511911  0.7745061  0.8137908  0.9865906  0.84836864
 0.43619794 0.7756781  0.44380373 0.87940145 0.71634597 0.9877486
 0.67938155 0.558593   0.9715707  0.6046357 ]",5.4625957e-11,25.648176908493042,11.26720218729486
Explicit NNODEgHMC,0.7000000000000001,autograd,banana,SynchronousLeapfrog,0.1,"[0.89088583 0.96262026 0.8633105  0.23391184 0.52907    0.96299505
 0.6930957  0.88085353 0.8045727  0.27848527 0.84657514 0.30846363
 0.8017966  1.1300015  0.56977    0.7985103  0.9069691  0.540976
 0.7006664  0.82023084 0.9777495  0.9873682  0.04371269 0.8542304
 0.82752216 0.5749206  0.80092084 0.88122404 0.95316094 0.62679327
 0.90076894 0.82296836 0.3082104  0.84918994 0.40402573 0.56566966
 0.50204295 0.5985905  0.7669352  0.8535174  0.7956624  0.95641494
 0.10496259 0.19260526 0.13612273 0.55628604 0.6342988  0.1060506
 0.9625174  0.64420766 0.8978796  0.1159031  0.9585201  0.9845452
 0.14612105 0.53736943 0.5139942  0.3027169  0.05260904 0.9676126
 0.6602896  0.9441986  0.88920593 0.60984015 0.7636844  0.6239579
 0.98824346 0.9598583  0.8401694  0.46219516 0.6337031  0.50555205
 0.9524722  0.9543284  0.9664521  0.9193548  0.8282339  0.9442985
 0.89915764 0.6906918  0.85195655 0.83739686 0.933552   0.9657976
 0.9834274  0.9550006  0.5996656  0.88317364 0.99539423 0.94110507
 0.66541123 0.9034206  0.68039054 0.9568652  0.639161   0.9484478
 0.49001294 0.74299663 0.8837812  0.325154  ]",5.4897382e-11,40.3071653842926,2.204959273808326
SymplecticNNgHMC,0.7000000000000001,autograd,banana,SynchronousLeapfrog,0.1,"[0.77378106 0.83007693 0.92608297 0.07545552 0.8083877  0.81978
 1.1617532  0.7613668  0.58188224 0.5959111  0.6683495  1.5467061
 0.6134948  1.0842083  0.8327834  1.9227564  0.9544072  0.80298984
 0.8712551  0.89701855 0.92583835 0.9396783  0.02997766 0.917068
 0.6689522  0.8326933  0.6743492  0.7529087  0.8483369  0.11463459
 0.94863534 0.91398025 1.4908702  0.6800561  0.29721943 0.2627869
 0.15107296 0.69560975 0.9148986  0.50148374 0.36961445 0.9085366
 1.266999   0.30700463 0.46538734 0.65565634 1.7749507  0.9002714
 0.966197   0.79559535 0.91264415 0.4758149  0.81254923 0.92928094
 0.21673803 0.30136067 0.65094364 0.42906928 0.49243015 0.888416
 0.7605297  0.6181649  0.58921325 0.7462443  0.62242985 0.76345944
 0.96018887 0.6956899  0.71911377 0.5500177  0.41778025 0.7545419
 0.84294146 0.9139247  0.95795953 0.9437208  0.53875077 0.8146071
 0.64585006 0.3065302  0.30802393 0.9294116  0.8982865  0.94493836
 0.9250374  0.872188   0.2035084  0.9100396  0.9648732  0.9622235
 0.7610259  0.9465632  0.80907583 0.93145573 0.08961029 0.86622447
 0.06550588 0.85969806 0.7559948  0.04783172]",0.3307923,78.0652813911438,1.2964103694958262
GSymplecticNNgHMC,0.7000000000000001,autograd,banana,SynchronousLeapfrog,0.1,"[2.63167949e+09 2.64101298e+11 2.13742109e+11 3.66436531e+09
 2.85280535e+11 5.18533677e+11 6.06893619e+09 1.06674022e+09
 5.47327846e+09 6.02826473e+11 5.94248397e+09 1.05125144e+12
 1.60113190e+09 5.25108173e+09 3.73026947e+11 2.47617618e+11
 2.61867341e+09 7.35862194e+11 4.78329143e+11 5.78686720e+09
 9.30424809e-01 9.78646835e+09 5.14593344e+05 4.16574618e+09
 8.61641318e+09 6.18766402e+11 8.85057330e-01 1.55354460e+10
 1.27636354e+12 1.55776713e+11 2.90789984e+08 1.70196109e+09
 8.27273511e+11 1.38516726e+10 7.07065463e-01 1.17731820e+10
 5.95491799e+10 7.68515991e+02 5.16203577e+11 1.53279021e+11
 2.79253910e+11 1.65808205e+09 1.46966249e+12 1.60726920e+07
 9.61333658e+09 2.19724861e+10 3.80679848e+11 1.40174112e+12
 1.36485926e+09 5.17345024e+09 8.37556481e-01 4.28563169e+11
 1.28467442e+12 3.71105050e+09 5.22747478e+11 4.11113312e+08
 1.02633114e+09 1.31030415e+10 3.74116647e+11 2.28027290e+09
 3.20202906e+09 6.23422407e+11 1.24575990e+11 1.12337869e+09
 9.05860305e-01 5.29412280e+07 1.39096307e+09 3.25144150e+11
 9.59317684e-01 1.49582807e+10 6.48136704e+09 7.60931123e+10
 6.13273043e+11 4.52410848e+08 1.35298220e+07 5.64207104e+08
 1.06412138e+11 4.21883494e+10 1.18742368e+11 1.82608396e+11
 7.64270543e+11 3.95807040e+08 5.99299916e+11 2.06844698e+09
 3.19566602e+10 2.45918950e+09 5.36345887e+10 1.03794803e+09
 9.42901552e-01 5.14969088e+09 4.53110464e+08 1.27671576e+08
 1.47757606e+09 9.66186598e+10 5.40895183e+11 9.67591882e-01
 1.54866975e+11 2.84232220e+07 2.21512480e+08 1.11701030e+09]",3.3547562e+08,28.638501405715942,40.98492019613493
GradSymplecticNNgHMC,0.7000000000000001,autograd,banana,SynchronousLeapfrog,0.1,"[0.88415927 0.926763   0.9402172  0.28322917 0.7445682  0.9271064
 0.628665   0.89413893 0.7876064  0.10113194 0.85120314 0.8907145
 0.76524156 0.9801048  0.8189391  1.1837779  0.91689295 0.7930902
 0.8944065  0.84738624 0.97317046 0.97888505 0.00907765 0.8736967
 0.8454813  0.8430443  0.82396567 0.8919198  0.94026226 0.4738092
 0.90646267 0.84061235 0.85636705 0.8031957  0.489371   0.5221722
 0.4824571  0.6256542  0.93235624 0.7314281  0.61353636 0.9411124
 0.682253   0.2460793  0.0443351  0.6178155  1.0838048  0.36295533
 0.9600951  0.6853806  0.8985785  0.5148839  0.9198649  0.97341967
 0.3457229  0.5765442  0.56179553 0.3809676  0.46406922 0.9695147
 0.69745964 0.8036289  0.7966301  0.6442806  0.77725935 0.6552016
 0.9830615  0.8652529  0.8562166  0.52490276 0.6695684  0.6308514
 0.93620527 0.95970935 0.96018046 0.9201895  0.76499164 0.9064412
 0.83934915 0.2580713  0.5897312  0.8531367  0.9652032  0.95733595
 0.97534055 0.9457771  0.49659166 0.8973187  0.99288785 0.9520601
 0.69364184 0.907071   0.7089652  0.9669668  0.30563545 0.9523791
 0.32205886 0.7622776  0.89756435 0.362609  ]",0.07183893,110.03275418281555,1.293918952702529
GradGSymplecticNNgHMC,0.7000000000000001,autograd,banana,SynchronousLeapfrog,0.1,"[1.12610779e+03 9.41050977e+03 8.55919434e+03 1.23054443e+03
 9.66972656e+03 1.28960156e+04 1.62201318e+03 7.90541626e+02
 1.63021191e+03 1.35055566e+04 1.64966150e+03 1.78674922e+04
 9.99217712e+02 1.64754077e+03 1.11834951e+04 8.60833008e+03
 1.27258643e+03 1.52689600e+04 1.27132764e+04 1.65734839e+03
 9.29515302e-01 2.13820215e+03 9.20591431e+01 1.49661621e+03
 1.87963794e+03 1.41788633e+04 9.13665175e-01 2.44414795e+03
 1.99304590e+04 7.10211523e+03 5.48479431e+02 1.08266357e+03
 1.57803262e+04 2.51110620e+03 7.73000419e-01 2.30506226e+03
 4.42939844e+03 1.59475155e+01 1.31466289e+04 6.98116943e+03
 9.58718750e+03 1.07343970e+03 2.09768906e+04 1.70362961e+02
 1.87363660e+03 3.19863257e+03 1.07333262e+04 2.03355586e+04
 9.85051758e+02 1.69089441e+03 8.53169203e-01 1.22049219e+04
 2.00388223e+04 1.43372852e+03 1.31546680e+04 5.10587982e+02
 8.44416870e+02 2.59388818e+03 1.08459727e+04 1.11681335e+03
 1.38874011e+03 1.41237139e+04 6.46320654e+03 9.38450928e+02
 9.36251819e-01 2.65091553e+02 9.60015808e+02 1.02101631e+04
 9.72869515e-01 2.70789917e+03 1.62039294e+03 5.27567139e+03
 1.41912188e+04 5.65444641e+02 1.76367661e+02 7.00344849e+02
 5.92640967e+03 3.99606104e+03 6.22382324e+03 8.17510449e+03
 1.55783311e+04 5.90837585e+02 1.39906250e+04 1.16723193e+03
 3.55808569e+03 1.14463110e+03 4.32783398e+03 7.84840698e+02
 9.23615932e-01 1.59565186e+03 6.53179565e+02 3.96918823e+02
 1.04033105e+03 5.71185449e+03 1.30920039e+04 9.72691536e-01
 7.11047168e+03 2.20818329e+02 4.15193451e+02 7.94844727e+02]",26992.95,56.82209324836731,2.6771619109012477
HMC,0.7000000000000001,autograd,gaussian,SynchronousLeapfrog,0.3,"[0.93455094 0.9564988  0.9314976  0.9150795  0.9333744  0.9389601
 0.9356139  0.94899833 0.9013691  0.93748254 0.9386554  0.9117152
 0.9542462  0.9382164  0.9304341  0.94122493 0.94564295 0.89538187
 0.9364562  0.94440365 0.8784091  0.9348711  0.9535734  0.9463954
 0.9065509  0.9249489  0.9381611  0.94446534 0.9350064  0.92961967
 0.94206035 0.9495549  0.94964707 0.944797   0.9269182  0.94993734
 0.9460261  0.94285536 0.93296087 0.938694   0.95693654 0.9233898
 0.9491545  0.9512068  0.95075345 0.9460608  0.95303535 0.95394087
 0.91664886 0.943347   0.93621796 0.9479319  0.93779767 0.9417999
 0.9361436  0.95118773 0.9485604  0.929335   0.95109737 0.9610659
 0.947663   0.94097936 0.94870394 0.93099964 0.956951   0.9474851
 0.91046715 0.9410307  0.9076433  0.9456691  0.95233506 0.95876217
 0.94489735 0.9365727  0.94661826 0.9309985  0.9565257  0.9356436
 0.90923357 0.92477673 0.9466289  0.94540805 0.9606821  0.9424472
 0.9401833  0.95039403 0.9412669  0.92623997 0.9538528  0.94719005
 0.93703604 0.9250797  0.94083303 0.9593327  0.95123136 0.92422235
 0.93773735 0.94807184 0.94646776 0.95498174]",6.1870217e-15,17.1141939163208,1732.8347790756443
NNgHMC,0.7000000000000001,autograd,gaussian,SynchronousLeapfrog,0.3,"[0.9346687  0.9567196  0.93170786 0.9138464  0.9326037  0.93844813
 0.93585414 0.9491376  0.8973705  0.93699855 0.93890524 0.9111754
 0.9540205  0.9376704  0.92978096 0.9416398  0.9459132  0.8956361
 0.9364189  0.94456756 0.8753518  0.9350631  0.95357454 0.9467327
 0.90391153 0.92492414 0.938354   0.9449868  0.93519473 0.9294771
 0.94237393 0.9497174  0.9497921  0.945075   0.9271642  0.9500567
 0.9462156  0.9427905  0.9323777  0.93833876 0.9572754  0.9226694
 0.9491534  0.9510611  0.950844   0.94618195 0.9535476  0.9540075
 0.91704416 0.9436351  0.9361849  0.94836277 0.93812275 0.9416541
 0.93618315 0.95123863 0.94848275 0.9288715  0.9510478  0.96105003
 0.94771403 0.9416808  0.9483244  0.9307949  0.9574279  0.94771373
 0.9083165  0.94118106 0.9070901  0.94600856 0.9522115  0.95871437
 0.9454373  0.9362194  0.9466971  0.93001413 0.95647377 0.935091
 0.90738    0.92443967 0.94665617 0.9456496  0.9606886  0.9423863
 0.93981713 0.95110273 0.94164836 0.92632616 0.9539046  0.9475514
 0.93699783 0.9252825  0.9410509  0.9592856  0.9510266  0.92391104
 0.93716896 0.9480325  0.9460286  0.9548051 ]",6.7233634e-15,16.385973691940308,1727.3570867882956
NNODEgHMC,0.7000000000000001,autograd,gaussian,SynchronousLeapfrog,0.3,"[0.9347147  0.9568757  0.93175125 0.9128994  0.9322152  0.9384042
 0.9357282  0.94897455 0.89626974 0.93694866 0.939352   0.91208386
 0.95409673 0.9376644  0.9288964  0.94169116 0.945883   0.89608514
 0.93642634 0.9444937  0.87664026 0.93499684 0.95363677 0.9470496
 0.9030409  0.92463255 0.9383911  0.94514096 0.93526506 0.92961025
 0.94271183 0.9496538  0.94969606 0.94504416 0.92697215 0.95003
 0.94634473 0.9428828  0.9325156  0.9384648  0.957369   0.92250955
 0.9492811  0.95114917 0.95078945 0.94635427 0.9535947  0.95397794
 0.91709375 0.9438529  0.9359552  0.94843787 0.93807524 0.9414563
 0.9362464  0.9513402  0.9486654  0.9290125  0.95097226 0.96107566
 0.9477503  0.9422726  0.9480564  0.93093896 0.9576437  0.94751215
 0.90710247 0.94115615 0.90703166 0.9462993  0.9520736  0.9586811
 0.9455588  0.9359676  0.9466416  0.92951155 0.95638025 0.9350662
 0.9070852  0.9241233  0.9466542  0.9455525  0.96064615 0.94250774
 0.9399063  0.9514464  0.9417827  0.9265666  0.95399415 0.94772243
 0.9372753  0.9252083  0.94121313 0.9592225  0.95087737 0.92384356
 0.9365787  0.94800895 0.94600934 0.95477337]",4.0889912e-14,14.242795944213867,1676.9362357964335
Explicit NNODEgHMC,0.7000000000000001,autograd,gaussian,SynchronousLeapfrog,0.3,"[0.91483164 0.95927024 0.7913334  0.8334417  0.9064033  0.8964045
 0.8502802  0.9433116  0.8901135  0.8851136  0.8735692  0.884377
 0.9372406  0.8694409  0.9310783  0.92638147 0.9486014  0.8774678
 0.9264854  0.9285865  0.7559761  0.8481159  0.95367783 0.9114404
 0.8865099  0.9045181  0.9230995  0.93727314 0.9266259  0.80055046
 0.93773246 0.94225717 0.9447235  0.8877093  0.9193372  0.9512118
 0.93700516 0.8836521  0.9202792  0.84255666 0.9021332  0.89740443
 0.9531269  0.93043154 0.93185943 0.93182033 0.897232   0.93304443
 0.91064024 0.94219863 0.875574   0.9276999  0.9483709  0.8684944
 0.91972256 0.9368288  0.93715    0.8038189  0.90331495 0.9582574
 0.91225445 0.9012835  0.9456433  0.9149255  0.94865483 0.89175785
 0.88099515 0.936226   0.88836515 0.8327281  0.94878185 0.9573762
 0.92217135 0.86229753 0.9273976  0.90030706 0.9477329  0.8780536
 0.7150527  0.88263834 0.9215158  0.8809692  0.9618242  0.9417488
 0.875684   0.9173848  0.91298985 0.87507725 0.91988504 0.94434613
 0.8036439  0.9271836  0.917736   0.9609603  0.94299144 0.8954828
 0.9190382  0.92521024 0.91334367 0.9329901 ]",3.5446825e-13,19.9130642414093,94.88358606829662
SymplecticNNgHMC,0.7000000000000001,autograd,gaussian,SynchronousLeapfrog,0.3,"[0.93452424 0.9565045  0.9313471  0.9150355  0.9333231  0.938879
 0.93553704 0.94900906 0.90088576 0.9375428  0.938692   0.9116607
 0.9542881  0.9382719  0.93043613 0.9411871  0.9456103  0.8953937
 0.9364706  0.94439197 0.8785596  0.93480766 0.9535719  0.946391
 0.90666664 0.92487705 0.93813753 0.94443405 0.9350182  0.92976063
 0.9420673  0.9495511  0.94964254 0.9447288  0.9269683  0.94996136
 0.9460434  0.9428832  0.9330198  0.9387478  0.9569434  0.92342424
 0.94914216 0.9512391  0.95075077 0.9461497  0.9530728  0.9539868
 0.9165888  0.94334614 0.9362817  0.94793224 0.9377949  0.94182205
 0.93616194 0.95119274 0.9485814  0.9294629  0.95100904 0.96109855
 0.9477234  0.9410021  0.9487653  0.93101966 0.95698327 0.9474613
 0.9105913  0.9410183  0.9076407  0.94573224 0.95236397 0.9587641
 0.9448581  0.9364531  0.94657916 0.93072385 0.9565052  0.9356546
 0.909321   0.9247689  0.9466703  0.9454186  0.9606763  0.9424224
 0.9400872  0.95036477 0.9412266  0.92618793 0.95378876 0.9472279
 0.93695754 0.9249863  0.94080067 0.9593204  0.9511992  0.9242239
 0.9377346  0.9481174  0.94641244 0.9549379 ]",4.508019e-05,40.72349214553833,1716.3994144974524
GSymplecticNNgHMC,0.7000000000000001,autograd,gaussian,SynchronousLeapfrog,0.3,"[0.9345047  0.9564924  0.9313581  0.91488165 0.93327683 0.9388844
 0.9357435  0.9490179  0.9010743  0.9375555  0.9385821  0.91170925
 0.95431536 0.9382714  0.93059987 0.9411435  0.94563264 0.8954263
 0.93652934 0.94453114 0.878847   0.9348992  0.9536206  0.9463365
 0.9065601  0.92489785 0.93815815 0.94443125 0.9350206  0.92995113
 0.9421381  0.9495543  0.9496376  0.94476557 0.92704356 0.9500098
 0.9459948  0.94291675 0.9330332  0.9387939  0.95690536 0.9234447
 0.94912565 0.9512353  0.9508288  0.9462476  0.95309913 0.95400536
 0.91672707 0.9434254  0.9363717  0.94787425 0.9379208  0.9417577
 0.9362253  0.95124245 0.9486636  0.92960536 0.9510595  0.96111965
 0.94772977 0.9408776  0.94873923 0.9310762  0.95698583 0.9475953
 0.9105053  0.94106877 0.90772426 0.94577634 0.9523282  0.9587094
 0.944816   0.9365319  0.9466545  0.93088883 0.95657575 0.93562746
 0.9094852  0.92489386 0.9466752  0.9453682  0.9606966  0.94241345
 0.94019604 0.95028937 0.94113004 0.9263568  0.95381486 0.9472077
 0.9370403  0.92513037 0.9409338  0.9593258  0.95123094 0.9241742
 0.93795013 0.9481493  0.9465217  0.9550025 ]",0.00013572285,14.202005624771118,85.39908465314254
GradSymplecticNNgHMC,0.7000000000000001,autograd,gaussian,SynchronousLeapfrog,0.3,"[0.93493974 0.9566096  0.93213934 0.91632867 0.9336157  0.93930143
 0.936042   0.9491257  0.9012841  0.93791264 0.939      0.9116317
 0.954271   0.93886244 0.9303893  0.9412923  0.94578445 0.89553374
 0.9365951  0.94451296 0.87842274 0.9352578  0.9535686  0.94694793
 0.9070045  0.9250492  0.9382771  0.9447447  0.93517554 0.93024844
 0.94235915 0.94965494 0.9496843  0.9451086  0.927073   0.9499363
 0.9463112  0.9430933  0.9333974  0.93927264 0.95719385 0.923634
 0.9492694  0.9512817  0.95069855 0.946123   0.953421   0.9540848
 0.9166026  0.943515   0.936506   0.9482714  0.93784845 0.94247836
 0.93616694 0.9511806  0.94852877 0.9298878  0.9511142  0.96106946
 0.9479198  0.9415123  0.9487462  0.93105173 0.9571481  0.9476065
 0.910937   0.9410159  0.90764016 0.94626474 0.9523586  0.9588355
 0.9452691  0.93678117 0.9466213  0.9309377  0.9565067  0.93609035
 0.90935695 0.9253315  0.9468474  0.9459244  0.9607009  0.9424855
 0.94018143 0.9509561  0.9416734  0.9263375  0.95393795 0.9473394
 0.93779224 0.9250509  0.9408586  0.95934284 0.951229   0.9243099
 0.937785   0.94823235 0.9464841  0.9550142 ]",2.8093427e-06,115.35893940925598,1730.263135003682
GradGSymplecticNNgHMC,0.7000000000000001,autograd,gaussian,SynchronousLeapfrog,0.3,"[0.93488234 0.9566485  0.9321927  0.9164758  0.9336668  0.93929625
 0.9359883  0.9490997  0.9016072  0.9379968  0.9389858  0.911816
 0.95432156 0.9389473  0.9303855  0.94124615 0.94587755 0.895491
 0.9366536  0.94447017 0.8786267  0.9352478  0.95355856 0.9469334
 0.9069462  0.9250765  0.9382393  0.9448333  0.9351779  0.9304557
 0.942346   0.9496162  0.94969606 0.945104   0.9271412  0.9499876
 0.9462702  0.9432143  0.93331575 0.9393057  0.9572463  0.92367554
 0.94923556 0.9513442  0.95071507 0.9461738  0.95347357 0.9541253
 0.9166147  0.9435262  0.93641603 0.9483155  0.93795633 0.9425005
 0.9361987  0.95128334 0.9486069  0.9300511  0.9511795  0.96108407
 0.9480016  0.94152975 0.948768   0.931081   0.9571328  0.94755745
 0.9107768  0.9410056  0.9076333  0.94635    0.95235413 0.95878905
 0.94529295 0.9368241  0.94675386 0.93115675 0.9564719  0.93602246
 0.9092723  0.9252307  0.9468867  0.94591653 0.9606817  0.9424495
 0.9401655  0.95091146 0.94165754 0.9262923  0.953948   0.94736135
 0.9377877  0.92524666 0.9408277  0.95933264 0.9511832  0.9242878
 0.93773687 0.94830775 0.9464567  0.9549915 ]",2.0876498e-05,28.23918390274048,220.72658304999052
HMC,0.7000000000000001,autograd,high_dimensional_gaussian,SynchronousLeapfrog,0.1,"[0.9394998  0.93630123 0.92843187 0.9423044  0.9408008  0.94280815
 0.9367375  0.93348455 0.93685055 0.9392756  0.9332568  0.9318799
 0.9354953  0.9362785  0.93442905 0.93900174 0.93503284 0.92508984
 0.93286324 0.92907447 0.934669   0.9413218  0.9449689  0.9402851
 0.93505895 0.931057   0.9299902  0.9315052  0.93009937 0.9338769
 0.92991227 0.93719816 0.93585986 0.9361079  0.92339694 0.933156
 0.9343103  0.94152033 0.9427778  0.9415311  0.9385425  0.931653
 0.93873405 0.9340795  0.94189394 0.9394962  0.9383308  0.94260454
 0.9317476  0.9455056  0.9402744  0.94235414 0.93633145 0.9426899
 0.939196   0.93605936 0.9336951  0.9368111  0.9398794  0.94565094
 0.9417896  0.9390322  0.9364993  0.936973   0.93999547 0.9394764
 0.94350266 0.93320847 0.9309184  0.94444084 0.9386648  0.9385922
 0.92991257 0.93043137 0.93817395 0.9321395  0.93326056 0.93836683
 0.9404979  0.94044256 0.9250809  0.9390038  0.94052553 0.9378847
 0.92562574 0.9271717  0.9412006  0.93410623 0.9400244  0.9419321
 0.93952245 0.9394378  0.9391772  0.9384855  0.9330923  0.93457836
 0.9418001  0.94657105 0.93246543 0.94561565]",1.3433589e-15,49.7436420917511,241.58867779416087
NNgHMC,0.7000000000000001,autograd,high_dimensional_gaussian,SynchronousLeapfrog,0.1,"[0.9395353  0.93635345 0.9283701  0.9423164  0.9408015  0.9428134
 0.93673027 0.93353474 0.9368806  0.9392512  0.93317765 0.93185794
 0.9354808  0.9362814  0.9344742  0.93899965 0.93500817 0.92503256
 0.93281436 0.92898357 0.9345827  0.9413192  0.945007   0.9402876
 0.9350392  0.93102837 0.92995596 0.931437   0.9300102  0.93384683
 0.9298204  0.93719864 0.9359097  0.9360914  0.92334163 0.9330925
 0.93431157 0.94152707 0.9428026  0.9415552  0.9385478  0.9316466
 0.9387697  0.9340433  0.9419524  0.93950987 0.9383352  0.94265175
 0.9316635  0.94551945 0.94028443 0.9424083  0.9363556  0.9426961
 0.93917465 0.9360575  0.93362635 0.93684644 0.9398812  0.9456789
 0.9418079  0.93905056 0.9364971  0.936977   0.9400365  0.9394871
 0.94350165 0.933191   0.9308791  0.9444615  0.9386653  0.9385828
 0.92988694 0.9303872  0.9381952  0.9321008  0.93325746 0.9383937
 0.9405095  0.94046515 0.92500603 0.9389965  0.9405211  0.93786544
 0.92547524 0.92707384 0.9411998  0.9341304  0.94004416 0.941944
 0.93951625 0.93944263 0.9392133  0.938516   0.93310285 0.9345119
 0.94182384 0.9465971  0.9323963  0.94564885]",1.5137121e-15,49.80222702026367,232.89235751417763
NNODEgHMC,0.7000000000000001,autograd,high_dimensional_gaussian,SynchronousLeapfrog,0.1,"[0.93954223 0.9362661  0.92840403 0.9423107  0.9408075  0.9428398
 0.936752   0.93347895 0.9368435  0.9392806  0.93324757 0.9319005
 0.9355271  0.9362497  0.9344389  0.93901557 0.9350006  0.9249987
 0.932862   0.92905796 0.93467    0.94133544 0.94501936 0.9403097
 0.9350575  0.9310309  0.9299531  0.93143594 0.92999715 0.93384933
 0.9299034  0.9372654  0.93589866 0.9361062  0.923303   0.9330878
 0.93427724 0.9415319  0.9427936  0.94154227 0.9385754  0.93160933
 0.93873775 0.9340653  0.9419393  0.9395348  0.9383726  0.9426638
 0.9316868  0.94550693 0.9402665  0.94237036 0.93632746 0.9426925
 0.9392028  0.9360778  0.933651   0.9368508  0.9398844  0.94568
 0.9418087  0.9390458  0.9365057  0.9369766  0.9400109  0.9395308
 0.94351405 0.9331566  0.9309361  0.9444536  0.9386637  0.9385745
 0.9298936  0.9303999  0.93817997 0.9321474  0.93324107 0.9383609
 0.94051147 0.9404499  0.92497134 0.9390187  0.9405481  0.93789244
 0.92549026 0.92700183 0.94124883 0.9341068  0.94002885 0.9419614
 0.9395114  0.9394573  0.939198   0.9384693  0.93304145 0.9345595
 0.9418292  0.9465903  0.93248194 0.94567525]",1.2376655e-14,41.44497752189636,231.56686455937177
Explicit NNODEgHMC,0.7000000000000001,autograd,high_dimensional_gaussian,SynchronousLeapfrog,0.1,"[0.9368522  0.93400997 0.9265573  0.9416072  0.93862057 0.9405986
 0.9350688  0.9300248  0.935954   0.93709993 0.9315707  0.9282338
 0.9330003  0.93278044 0.9330961  0.9348663  0.93028116 0.92248917
 0.9296135  0.92620707 0.9322745  0.9409051  0.9431958  0.9382002
 0.9322886  0.92671335 0.9269726  0.9284198  0.9267084  0.9320876
 0.92548704 0.9345226  0.93286264 0.933037   0.91764355 0.93140286
 0.9330292  0.9397735  0.94031924 0.94017935 0.9367348  0.9291029
 0.9367602  0.9312873  0.9405076  0.9384689  0.93635654 0.9394688
 0.92902946 0.943138   0.9385156  0.9414786  0.9330826  0.9413637
 0.9372926  0.9344026  0.93161726 0.9336518  0.937466   0.9444887
 0.94066465 0.9375267  0.93104136 0.9354841  0.9378358  0.9369267
 0.94181335 0.93039656 0.927145   0.94330096 0.9371542  0.9367558
 0.92820615 0.92793095 0.93577754 0.9296209  0.9279868  0.9340202
 0.93864435 0.9382752  0.920297   0.9369156  0.93812215 0.9362332
 0.9201671  0.92321336 0.9366123  0.9312806  0.9391526  0.9398932
 0.9375404  0.9379813  0.9363526  0.93391454 0.93115616 0.9314933
 0.9405904  0.9454397  0.9279574  0.9444493 ]",1.7499184e-14,58.0268771648407,46.33218544920986
SymplecticNNgHMC,0.7000000000000001,autograd,high_dimensional_gaussian,SynchronousLeapfrog,0.1,"[0.9395036  0.93629783 0.9284303  0.9423026  0.9408002  0.94281095
 0.93673277 0.93347585 0.9368508  0.9392728  0.9332525  0.93187714
 0.9354986  0.9362751  0.9344265  0.93899846 0.9350283  0.92508477
 0.9328591  0.9290718  0.9346704  0.9413235  0.94496864 0.9402857
 0.93505496 0.9310576  0.929983   0.93150467 0.930103   0.9338747
 0.92991227 0.9371934  0.9358573  0.93610734 0.923398   0.9331519
 0.93430936 0.94151825 0.94277465 0.94153184 0.9385427  0.93164766
 0.93872905 0.9340842  0.9418971  0.93949765 0.9383278  0.94260615
 0.9317527  0.9455053  0.9402744  0.94235563 0.9363313  0.9426894
 0.9391954  0.9360571  0.93368596 0.93680954 0.93987864 0.9456512
 0.94179    0.93903106 0.93650043 0.9369749  0.93999213 0.93947524
 0.9434998  0.933207   0.9309179  0.9444422  0.9386655  0.93858826
 0.92991304 0.93042994 0.93817776 0.93213594 0.93326175 0.93836564
 0.9404988  0.9404454  0.92508286 0.9390039  0.9405262  0.9378805
 0.9256274  0.92717254 0.94119966 0.93410444 0.9400201  0.9419319
 0.93951786 0.9394368  0.93917704 0.9384855  0.93309104 0.93457407
 0.94180155 0.9465713  0.9324672  0.9456103 ]",4.364621e-07,120.25730562210083,239.1347314060325
GSymplecticNNgHMC,0.7000000000000001,autograd,high_dimensional_gaussian,SynchronousLeapfrog,0.1,"[0.9394778  0.9363127  0.92842925 0.94230545 0.9407982  0.9428159
 0.9367384  0.9334763  0.9368598  0.9392776  0.9332726  0.9318857
 0.93550557 0.9362825  0.934426   0.9389957  0.935013   0.9250867
 0.932876   0.929078   0.9346711  0.94132745 0.94497603 0.9403037
 0.9350711  0.9310531  0.9299799  0.9315051  0.9301001  0.9338784
 0.9299216  0.9372024  0.9358796  0.93610954 0.9233749  0.9331567
 0.9343078  0.94151545 0.9427778  0.9415345  0.93854254 0.9316554
 0.93874353 0.9340855  0.9418799  0.93949544 0.9383432  0.942605
 0.93175286 0.9454996  0.9402777  0.9423587  0.93633306 0.94268245
 0.93919104 0.9360373  0.93368167 0.93682134 0.93988293 0.94565886
 0.9417896  0.9390475  0.93650794 0.93697155 0.939995   0.9394808
 0.9434931  0.9332077  0.93090695 0.9444431  0.938667   0.93858546
 0.92990917 0.9304447  0.93817997 0.93214273 0.93326974 0.93837357
 0.9404994  0.9404442  0.9250778  0.93900347 0.9405259  0.9378904
 0.9256108  0.9271657  0.94119346 0.9341189  0.9400169  0.9419311
 0.93951577 0.93944347 0.9391918  0.9384853  0.9331001  0.9345832
 0.9418043  0.94657266 0.9324578  0.9456192 ]",1.2540308e-05,58.170655488967896,239.06010571696896
GradSymplecticNNgHMC,0.7000000000000001,autograd,high_dimensional_gaussian,SynchronousLeapfrog,0.1,"[0.9395056  0.93630284 0.92842865 0.9423064  0.94080466 0.9428152
 0.93673825 0.93348503 0.9368566  0.9392759  0.9332603  0.9318818
 0.9355003  0.9362813  0.93443173 0.93900126 0.9350343  0.92509335
 0.93286437 0.92907465 0.9346742  0.9413229  0.9449706  0.9402865
 0.935055   0.9310567  0.9299879  0.93150896 0.9301014  0.9338789
 0.9299159  0.93720186 0.935864   0.9361133  0.92340153 0.9331541
 0.9343145  0.9415177  0.94277805 0.9415344  0.938544   0.9316551
 0.9387352  0.93408215 0.94189906 0.9394978  0.93833256 0.94260806
 0.9317526  0.94550407 0.94027424 0.9423577  0.9363321  0.9426874
 0.93919295 0.9360623  0.9336951  0.93681544 0.9398818  0.94565177
 0.94179076 0.9390359  0.9365034  0.93697083 0.93999994 0.9394816
 0.94350016 0.9332117  0.9309201  0.944442   0.9386644  0.9385896
 0.9299135  0.9304341  0.93818235 0.9321407  0.93326753 0.9383724
 0.94049686 0.9404427  0.9250847  0.9390041  0.9405245  0.9378831
 0.9256241  0.9271779  0.94120234 0.9341111  0.9400219  0.9419324
 0.9395234  0.9394369  0.93918216 0.9384865  0.9330951  0.93457794
 0.9418038  0.946573   0.9324721  0.94561684]",1.3002784e-07,320.06525588035583,239.0257704216048
GradGSymplecticNNgHMC,0.7000000000000001,autograd,high_dimensional_gaussian,SynchronousLeapfrog,0.1,"[0.9394984  0.93630683 0.9284115  0.94230855 0.9408111  0.9428164
 0.9367373  0.9334779  0.93685806 0.9392783  0.9332678  0.93188274
 0.9355122  0.93629134 0.93440247 0.93901414 0.93503255 0.9250889
 0.93287504 0.92908144 0.9346835  0.9413264  0.94497347 0.94030046
 0.93505955 0.9310732  0.9299927  0.9315115  0.93011045 0.9338786
 0.92992485 0.93720454 0.9358716  0.9361142  0.92337483 0.93315214
 0.93431664 0.94151545 0.9427718  0.9415339  0.9385481  0.93167084
 0.9387381  0.93408227 0.9418838  0.93948793 0.9383359  0.94260305
 0.9317567  0.9455053  0.9402789  0.9423637  0.9363309  0.9426858
 0.9391916  0.9360399  0.9337082  0.9368262  0.93989    0.94565123
 0.9417925  0.93904537 0.93650913 0.93696773 0.9399977  0.9394821
 0.9434886  0.9332144  0.930916   0.9444389  0.93865937 0.93858576
 0.9299128  0.9304446  0.9381816  0.93213767 0.93325824 0.93837136
 0.9404971  0.94043803 0.92508507 0.93900746 0.94052565 0.9378946
 0.9256193  0.92718065 0.9412026  0.93410796 0.94002235 0.9419259
 0.93952054 0.9394398  0.9391688  0.9384928  0.9330921  0.9345808
 0.94181    0.9465706  0.9324748  0.9456196 ]",1.3336743e-05,191.04829263687134,239.7299278795144
HMC,0.7000000000000001,autograd,normal_normal,SynchronousLeapfrog,0.1,"[0.9352542  0.9408448  0.94684094 0.9359347  0.91726005 0.9499439
 0.9477896  0.93369925 0.9320428  0.9461044  0.9418297  0.9142231
 0.94147605 0.9173228  0.9508468  0.91847897 0.9416108  0.9122855
 0.9459557  0.9422879  0.93703526 0.9439925  0.937323   0.9210951
 0.93120193 0.94673634 0.9459514  0.9380438  0.9512452  0.947982
 0.9303938  0.9457483  0.9106288  0.92407393 0.9389875  0.94325465
 0.9140686  0.91780347 0.9521495  0.93933666 0.9364907  0.9413047
 0.91675013 0.93952227 0.92861176 0.94299495 0.94090605 0.9336189
 0.91048044 0.9494227  0.9293108  0.94186056 0.92267    0.94811225
 0.9433856  0.94510955 0.9414933  0.93296546 0.9439087  0.94699717
 0.931173   0.9401743  0.95209974 0.92730343 0.9420852  0.9502435
 0.9520657  0.944956   0.9429428  0.94217986 0.92934215 0.9208394
 0.92478293 0.94723594 0.9328475  0.93489337 0.94510067 0.93615794
 0.92223144 0.93136835 0.9392809  0.94677424 0.9482465  0.94898456
 0.9469353  0.9410431  0.9348949  0.9349622  0.9454926  0.95052075
 0.9361299  0.9367722  0.93708646 0.93921465 0.94035596 0.9384283
 0.9472209  0.9450128  0.9465329  0.9368272 ]",1.1629586e-15,79.65293598175049,402.5441314452196
NNgHMC,0.7000000000000001,autograd,normal_normal,SynchronousLeapfrog,0.1,"[0.93405163 0.94100493 0.946943   0.93501794 0.91031253 0.9495799
 0.94793814 0.9311967  0.9312753  0.9464598  0.9418866  0.91393805
 0.9413299  0.91783714 0.95079076 0.9183361  0.94125766 0.9126136
 0.9459728  0.9416427  0.9373665  0.94407594 0.9373816  0.9211894
 0.93109584 0.9463212  0.9459733  0.938419   0.9515459  0.9479588
 0.9305347  0.94692796 0.91231215 0.9177017  0.93891466 0.9444475
 0.9112839  0.918753   0.9523171  0.9394724  0.9366671  0.9410307
 0.91693825 0.9389798  0.9285983  0.9433621  0.9413767  0.93376607
 0.9106495  0.9495654  0.930424   0.94214886 0.92298174 0.94809246
 0.9432108  0.94523513 0.9411987  0.9322059  0.9434366  0.9471201
 0.9303819  0.93961155 0.95186055 0.9274246  0.9422884  0.94992226
 0.951936   0.94514835 0.9429451  0.9422335  0.92955446 0.9207081
 0.9250032  0.9469371  0.9290484  0.93646896 0.9454926  0.93613666
 0.92241496 0.9300698  0.93941605 0.9470142  0.9481596  0.94948006
 0.94711566 0.94011855 0.93506354 0.93496644 0.9455379  0.9507201
 0.9354923  0.9382235  0.9373805  0.93951404 0.9408692  0.93842185
 0.9474915  0.9450654  0.94663084 0.9368466 ]",8.0303816e-16,69.37370085716248,357.33597755064034
NNODEgHMC,0.7000000000000001,autograd,normal_normal,SynchronousLeapfrog,0.1,"[0.9342402  0.94089353 0.9470431  0.9353956  0.91554993 0.94981956
 0.9478259  0.9329599  0.9316577  0.94605815 0.941834   0.91418666
 0.94140834 0.9174489  0.95090854 0.9181745  0.94162166 0.9157478
 0.9459984  0.9422185  0.93726766 0.9440292  0.9373128  0.920658
 0.9310416  0.9464774  0.9458837  0.93821377 0.95124424 0.94803685
 0.93069565 0.94657105 0.9112468  0.91954154 0.93924636 0.9442598
 0.9133128  0.91802186 0.95222896 0.9395193  0.9366662  0.94139403
 0.9167422  0.939393   0.9284386  0.943244   0.94142437 0.93360466
 0.9110038  0.94933677 0.9300413  0.941885   0.92280996 0.9481694
 0.9435055  0.9453124  0.94158316 0.9330628  0.94406605 0.9470835
 0.9310588  0.93993396 0.952037   0.9273524  0.9421288  0.9502816
 0.9520581  0.9451143  0.9431564  0.94216555 0.929434   0.9213637
 0.92473334 0.94727075 0.93040216 0.9367688  0.94494104 0.9360566
 0.9222023  0.9309971  0.93926334 0.9469893  0.9482535  0.949345
 0.94708514 0.9402548  0.93509567 0.93509233 0.94552314 0.95052356
 0.9361025  0.93850803 0.9374239  0.93951505 0.940613   0.9383895
 0.9472197  0.94497013 0.94650984 0.93670464]",2.0542465e-14,53.73935079574585,370.54563044692225
Explicit NNODEgHMC,0.7000000000000001,autograd,normal_normal,SynchronousLeapfrog,0.1,"[0.93896806 0.94010925 0.9436833  0.9376904  0.85571754 0.95003814
 0.94601697 0.9082317  0.9277543  0.9461598  0.9417051  0.9116498
 0.94064724 0.9126308  0.950567   0.91260237 0.93806684 0.86416906
 0.94517016 0.9407157  0.9331257  0.94374645 0.9352261  0.9144386
 0.92935026 0.94696486 0.9462268  0.93783474 0.9508679  0.94742095
 0.92760867 0.94204235 0.9092635  0.8989403  0.93666756 0.93686473
 0.87961745 0.9132737  0.95205355 0.9400115  0.9360368  0.93324965
 0.9097342  0.93962634 0.92737454 0.9416131  0.9337422  0.9332754
 0.9068271  0.94985074 0.93398607 0.94169617 0.9207668  0.9466938
 0.9420967  0.94374865 0.93844736 0.9107434  0.94270724 0.94616497
 0.92492956 0.9301135  0.9520704  0.9263941  0.9405314  0.95038456
 0.95211905 0.94388187 0.9405958  0.9406524  0.92677087 0.90460366
 0.92271745 0.947458   0.91377115 0.92002463 0.9454414  0.9321554
 0.9186303  0.9135048  0.9380549  0.94547194 0.9474282  0.9466678
 0.9421692  0.94354093 0.9300593  0.9310131  0.94471014 0.94959736
 0.9304714  0.9229238  0.93448013 0.93577886 0.9400658  0.93672985
 0.9479604  0.9445143  0.9466076  0.9378276 ]",2.0777928e-14,69.16909170150757,189.53168603532717
SymplecticNNgHMC,0.7000000000000001,autograd,normal_normal,SynchronousLeapfrog,0.1,"[0.93297195 0.9406413  0.946787   0.9345018  0.89433205 0.9488468
 0.9480905  0.92640734 0.92978704 0.9469012  0.94132847 0.91404486
 0.9412892  0.9159465  0.9504266  0.9200751  0.9407048  0.90591735
 0.94513524 0.941236   0.9365791  0.944093   0.93760675 0.9238124
 0.9305763  0.9457325  0.9456393  0.93876207 0.9519474  0.9473661
 0.93057984 0.94730014 0.9084236  0.9163526  0.9387754  0.9447155
 0.8938304  0.91629744 0.95225275 0.9400271  0.9360139  0.9410648
 0.9162783  0.93868583 0.92928076 0.94427145 0.9417321  0.9343068
 0.90982044 0.94986415 0.93148506 0.94285    0.922737   0.94786155
 0.9421076  0.94476956 0.94104195 0.93388855 0.94298285 0.9465739
 0.92996156 0.93747723 0.9516017  0.9266269  0.9417054  0.94941807
 0.9518222  0.9452876  0.9422231  0.9420613  0.9294321  0.9103091
 0.9243182  0.9469079  0.92889106 0.9343671  0.9460964  0.9362904
 0.9214783  0.92400926 0.9390358  0.9468713  0.9474604  0.94989884
 0.9473373  0.9389     0.9351907  0.93443555 0.9448743  0.95108056
 0.9357249  0.9367899  0.93456477 0.9386668  0.94110143 0.9377967
 0.94765556 0.94485635 0.9465579  0.9378068 ]",0.009224471,120.33179879188538,454.83779430522395
GSymplecticNNgHMC,0.7000000000000001,autograd,normal_normal,SynchronousLeapfrog,0.1,"[0.9351715  0.94085336 0.94693637 0.93605965 0.9173793  0.9499178
 0.9477726  0.9332401  0.9321991  0.9461546  0.9418833  0.91415423
 0.9414104  0.9170263  0.9508435  0.9185836  0.9416276  0.91608787
 0.9459089  0.9421255  0.93701625 0.94402045 0.9371313  0.9211757
 0.9312558  0.94674563 0.9460192  0.93807954 0.9512725  0.94799256
 0.9303877  0.9458717  0.9108846  0.9235182  0.9389944  0.94344205
 0.91445494 0.9175984  0.95215315 0.93939817 0.9366025  0.9411838
 0.91665685 0.93941355 0.9284608  0.94299173 0.94072855 0.93359184
 0.91049737 0.9494182  0.92953104 0.9418119  0.92275846 0.948154
 0.9432583  0.94507426 0.9413022  0.9334137  0.94380236 0.9469737
 0.9310422  0.94014233 0.9521116  0.92723674 0.9420377  0.95019996
 0.95207214 0.94497013 0.9429487  0.94204444 0.9291843  0.92164576
 0.9247111  0.9473011  0.9327749  0.9352788  0.94520366 0.9361725
 0.92213386 0.9312242  0.93925405 0.9468509  0.9482198  0.94896716
 0.94684505 0.94094    0.9349084  0.93498695 0.9454607  0.950545
 0.9360739  0.93704855 0.93748224 0.9391763  0.94042385 0.93845975
 0.9472871  0.94494694 0.94655323 0.93681973]",4.1836225e-05,56.78764319419861,331.8299022732242
GradSymplecticNNgHMC,0.7000000000000001,autograd,normal_normal,SynchronousLeapfrog,0.1,"[0.9330814  0.94099325 0.946675   0.9346962  0.90245867 0.9491787
 0.9479386  0.92745876 0.930391   0.94708747 0.9418421  0.9145109
 0.94110155 0.91610074 0.95047605 0.9190418  0.9405669  0.9114722
 0.9456357  0.9407439  0.9365701  0.94400495 0.93737215 0.9231553
 0.9311937  0.9458823  0.9460651  0.9385766  0.95178497 0.947773
 0.9299895  0.9471798  0.9097494  0.9163822  0.93803346 0.94481087
 0.8964881  0.9168746  0.95230854 0.9396865  0.9362774  0.9404456
 0.91578025 0.938166   0.9293696  0.94336605 0.9419836  0.9342704
 0.9093029  0.949831   0.9313673  0.94245636 0.92232656 0.94788504
 0.94244003 0.94471353 0.9405961  0.93199056 0.9424542  0.94681776
 0.9294609  0.93732107 0.95169055 0.92713165 0.9419031  0.9494729
 0.9518018  0.9448637  0.9423439  0.94216394 0.929223   0.91170645
 0.9247656  0.9467449  0.9280213  0.9358406  0.94609326 0.93646526
 0.921813   0.9265172  0.93931144 0.9468427  0.9479379  0.9495274
 0.94678295 0.9393624  0.9345829  0.9335458  0.9452297  0.950756
 0.934679   0.93763494 0.93521965 0.9384891  0.940756   0.9384286
 0.9478771  0.945106   0.94676036 0.9375894 ]",0.00037707455,206.21468353271484,1.4210087848996822
GradGSymplecticNNgHMC,0.7000000000000001,autograd,normal_normal,SynchronousLeapfrog,0.1,"[0.9354471  0.94089067 0.94686425 0.93609685 0.917766   0.94990987
 0.9477534  0.9333637  0.93207693 0.9461546  0.94186723 0.9142747
 0.9415502  0.9174212  0.95083964 0.91844463 0.94162035 0.91543293
 0.94596976 0.942291   0.9370861  0.94399804 0.93725365 0.92130184
 0.9312452  0.94673526 0.9459685  0.9380304  0.95126474 0.9480232
 0.930453   0.9457978  0.91069716 0.92361516 0.93903106 0.9432716
 0.914262   0.9177642  0.95215863 0.9393894  0.9365918  0.9411191
 0.91662854 0.93957776 0.92863786 0.94306374 0.940699   0.93359154
 0.910587   0.9494271  0.9296047  0.94186276 0.92264    0.94810313
 0.9434354  0.9451048  0.94144297 0.93312585 0.9439715  0.9470022
 0.9311247  0.9400896  0.95210147 0.92736375 0.94210756 0.95023316
 0.95206326 0.94492507 0.9429843  0.94211805 0.92927146 0.9212167
 0.9247815  0.9472642  0.932693   0.93509316 0.9451835  0.9361907
 0.9222497  0.9312177  0.93931293 0.94684565 0.9482206  0.9489433
 0.9468334  0.9410579  0.9349586  0.93496716 0.9455089  0.9505129
 0.93612474 0.9368407  0.93721956 0.9392855  0.94032526 0.9384465
 0.9472847  0.9449867  0.9465744  0.9367651 ]",2.3270042e-05,91.63974404335022,321.923039374264
HMC,0.8,autograd,banana,SynchronousLeapfrog,0.1,"[0.9145162  0.94038934 0.9715737  0.75908554 0.9136714  0.9648881
 0.9399041  0.8599396  0.95105493 0.87628865 0.9281082  0.92882633
 0.9682268  0.70812714 0.92544854 0.8316938  0.9482341  0.91681546
 0.9013723  0.9448952  0.98401064 0.9410955  0.743907   0.9551067
 0.9287204  0.97302985 0.9071955  0.925832   0.98621386 0.92746425
 0.9515734  0.95060587 0.9009344  0.9655092  0.7549814  0.97395486
 0.7979547  0.89627665 0.9197129  0.8860067  0.93563837 0.90049255
 0.92697066 0.83618224 0.86665595 0.860116   0.89326304 0.91172236
 0.93300855 0.9728422  0.8653002  0.93985605 0.9560443  0.96590185
 0.9245964  0.91485345 0.8919727  0.8834224  0.9294502  0.96607447
 0.9416857  0.9666635  0.9219718  0.8733503  0.9376146  0.94428986
 0.9894252  0.8877028  0.8952416  0.92128503 0.91841054 0.9680041
 0.96035093 0.86095303 0.9517476  0.9398869  0.9397305  0.93251216
 0.9539213  0.89191186 0.96386707 0.97704124 0.969722   0.9371228
 0.9719073  0.96263826 0.88754153 0.97149104 0.83183575 0.9713012
 0.749387   0.91874313 0.91618204 0.97713035 0.93752134 0.9722972
 0.92616343 0.98078704 0.92875946 0.9279833 ]",7.418066e-14,22.515449285507202,1.3771307227762617
NNgHMC,0.8,autograd,banana,SynchronousLeapfrog,0.1,"[8.3229011e-01 9.3397093e-01 6.5930581e-01 4.4122148e-01 7.4641728e-01
 9.6691406e-01 6.8874526e-01 9.1483295e-01 8.7550998e-01 7.5445604e-01
 6.9858873e-01 8.2089514e-01 8.8750237e-01 3.4573727e+00 6.0238969e-01
 8.5215032e-02 2.4955212e-01 8.6190724e-01 6.1535937e-01 7.9386348e-01
 9.7758532e-01 9.4366664e-01 1.1707787e-01 4.2612204e-01 6.0084146e-01
 9.7498167e-01 3.5680699e-01 5.5584240e-01 9.8576558e-01 9.4417828e-01
 5.4411113e-01 6.3072693e-01 7.9292297e-01 9.7511530e-01 5.2909911e-01
 9.7292084e-01 4.6847296e-01 8.5573763e-01 9.4304645e-01 7.3408717e-01
 9.0819538e-01 8.9761323e-01 7.9186648e-01 1.7562203e+00 3.4138765e-03
 6.6439122e-01 5.8308804e-01 4.0070057e-01 7.2877729e-01 8.3601826e-01
 9.1566944e-01 4.5632416e-01 9.3867671e-01 9.1563106e-01 4.0752721e-01
 4.4898951e-01 5.2405107e-01 6.6889924e-01 2.7193919e-01 9.1020334e-01
 5.0230980e-01 9.6119511e-01 9.3537825e-01 6.3976449e-01 6.9958103e-01
 1.2331174e-01 9.3316305e-01 6.2546128e-01 8.3688807e-01 6.2722898e-01
 6.6723365e-01 8.8268661e-01 8.9084959e-01 8.8286662e-01 3.1523323e-01
 5.7333499e-01 8.1039381e-01 9.4621837e-01 8.8082850e-01 4.6342537e-01
 8.7509346e-01 8.3264732e-01 9.6117604e-01 9.5456576e-01 9.7447729e-01
 9.6495742e-01 9.1543102e-01 9.6998543e-01 6.7292500e-01 9.6531028e-01
 1.1706727e+00 6.2328899e-01 4.1419023e-01 9.7651953e-01 7.0330113e-01
 9.8238516e-01 8.8756597e-01 9.4017524e-01 7.2372025e-01 8.0870956e-01]",7.7875484e-14,18.410823583602905,1.8563267681336288
NNODEgHMC,0.8,autograd,banana,SynchronousLeapfrog,0.1,"[0.81952035 0.94303083 0.74478424 0.55008817 0.8030464  0.9573347
 0.6881536  0.91642714 0.85535586 0.728302   0.6295561  0.8016333
 0.9132565  3.2378178  0.63586617 0.08028431 0.35893822 0.87706697
 0.62445617 0.8065095  0.9768897  0.9500484  0.1383802  0.51391333
 0.55456376 0.9747257  0.22700004 0.44639286 0.98516595 0.9440245
 0.6290857  0.67250955 0.75724447 0.97543263 0.73901844 0.9715332
 0.66704607 0.6900195  0.9434968  0.6698944  0.8968317  0.91450423
 0.723067   1.5492048  0.01785365 0.53832906 0.53698605 0.2927824
 0.7989127  0.85193557 0.75609124 0.49204022 0.93877316 0.9437623
 0.24864542 0.39745545 0.51696813 0.4990334  0.38893265 0.89334905
 0.5113168  0.95038176 0.944536   0.46224135 0.6709263  0.25235152
 0.9488551  0.5348333  0.770621   0.62029546 0.63400024 0.88561094
 0.929222   0.9084813  0.42272002 0.6590822  0.7530238  0.94658697
 0.8310193  0.47886094 0.8286964  0.8746437  0.96599853 0.95513725
 0.9746701  0.9654433  0.9168315  0.95605505 0.6766397  0.96618575
 1.0261548  0.63981223 0.5237669  0.97632253 0.641914   0.97389144
 0.83708423 0.93574333 0.6800379  0.76007956]",5.1571192e-11,25.493130922317505,1.6765966877143657
Explicit NNODEgHMC,0.8,autograd,banana,SynchronousLeapfrog,0.1,"[0.74220175 0.8780152  0.94656324 0.92561364 0.90640324 0.78049916
 0.59198487 0.9003371  0.7595892  0.5935757  0.37541112 0.69028014
 0.96114075 2.6307507  0.7471105  0.76884717 0.6238251  0.9154544
 0.7070338  0.8673627  0.98437166 0.93021536 0.27187973 0.72111505
 0.36602327 0.9805565  0.3115066  0.06800728 0.97064066 0.9091469
 0.8229356  0.79114926 0.60954237 0.97799826 1.5009087  0.9516306
 1.4642957  0.25187415 0.92844695 0.37411878 0.8334114  0.93933505
 0.45514536 0.9667171  0.1147128  0.2042934  0.3394844  0.07578082
 0.94123024 0.91610545 0.33432263 0.62537813 0.95899236 0.9736287
 0.17840777 0.18330984 0.57720536 0.04123315 0.6956452  0.8091857
 0.6068357  0.8882753  0.9513747  0.04881568 0.530555   0.5870475
 0.98419356 0.00498327 0.37323937 0.6786348  0.47331497 0.92569464
 0.9603674  0.9101874  0.6813463  0.853184   0.52531004 0.9255723
 0.6178895  0.5858648  0.63489336 0.9572896  0.8941078  0.9664115
 0.9609914  0.95779055 0.92726535 0.88232535 0.73953617 0.8588265
 0.6421761  0.7306266  0.81629366 0.9800806  0.42147705 0.9143075
 0.5828539  0.9498749  0.5108783  0.57769245]",5.9499995e-11,39.84834098815918,10.620397677332294
SymplecticNNgHMC,0.8,autograd,banana,SynchronousLeapfrog,0.1,"[0.65688133 0.6182771  0.94689894 0.9140017  0.87053627 0.52765435
 0.6119378  0.888101   0.6496217  0.6176395  0.14112142 0.6812967
 0.96508205 1.471715   0.87404    0.8855616  0.8901881  0.9140474
 0.8239712  0.9329607  0.9817648  0.8121535  0.5379724  0.91951895
 0.2931846  0.9634239  0.6765239  0.41668797 0.932974   0.8989927
 0.961909   0.91367996 0.5916987  0.9488492  1.438772   0.9068966
 1.8070021  0.38700056 0.84914386 0.03868773 0.7375808  0.88062066
 0.27083856 0.06878293 0.00949208 0.30360693 0.38306367 0.23519161
 0.9002708  0.9711494  0.30349642 0.81246316 0.9749979  0.8884255
 0.6998532  0.1464936  0.7088892  0.58244175 0.91901416 0.7117335
 0.7741747  0.8136444  0.9407367  0.61922455 0.44577664 0.89553773
 0.982016   0.41991132 0.15329425 0.8064573  0.47236967 0.96468914
 0.84992117 0.83123606 0.9204976  0.9431583  0.3129285  0.83434266
 0.40351135 0.77143383 0.4184661  0.9746954  0.6566991  0.9456091
 0.9066005  0.9382137  0.9338982  0.8090889  0.81950796 0.60768473
 0.04639252 0.8509426  0.9348688  0.9723956  0.28346875 0.8393566
 0.34603792 0.97269356 0.3937354  0.4894172 ]",0.07381309,55.036014556884766,1.7293416588379764
GSymplecticNNgHMC,0.8,autograd,banana,SynchronousLeapfrog,0.1,"[8.6513031e-01 6.9118462e+00 1.3011911e+01 7.2506294e-02 4.8841457e+00
 1.1335376e+01 5.1960534e-01 8.8019443e-01 8.8859481e-01 4.0173638e-01
 6.0988885e-01 6.1654061e-01 8.7343502e-01 5.9500446e+00 7.5465572e-01
 4.8067179e+00 2.2024164e+00 8.3962727e-01 7.6471746e-01 7.9938078e-01
 9.8322105e-01 7.7636039e-01 2.2728464e-01 6.2905061e-01 5.8542913e-01
 9.6358126e-01 4.8991284e+00 7.2721167e+00 9.8149014e-01 8.4645748e-01
 1.6609316e+00 7.0005882e-01 5.6760764e-01 9.5902061e-01 1.8273453e+00
 9.6712005e-01 5.3648596e+00 4.0203466e+00 9.1237205e-01 4.4523177e+00
 9.1366786e-01 7.5816202e-01 9.4003499e-02 8.1638527e+00 6.6168353e-02
 7.3057544e-01 2.2846894e-01 6.0835743e-01 7.7888947e+00 8.0780029e-01
 3.4964790e+00 4.8561096e-01 9.7147787e-01 1.2966124e-02 6.9255257e+00
 4.1425619e-01 5.9270865e-01 6.6060481e+00 9.0909424e+00 9.0952909e-01
 5.3062457e-01 9.3920821e-01 9.6003217e-01 1.0608402e+01 7.0988452e-01
 7.2127151e+00 9.3065566e-01 1.1616234e+01 9.5276213e+00 5.4678583e-01
 4.6044654e-01 9.0639037e-01 7.5535483e+00 3.2404752e+00 3.0272250e+00
 5.7879066e+00 2.2130930e-01 9.1346514e-01 2.4827985e-01 3.1720394e-01
 3.6324686e-01 5.8071750e-01 5.2089310e+00 9.1615194e-01 9.6480930e-01
 9.6578211e-01 9.3271160e-01 9.3714833e-01 8.3896798e-01 8.4651794e+00
 1.0739532e+00 7.2281450e-01 1.2661723e+01 9.8134649e-01 7.7208537e-01
 9.6372002e-01 4.1430202e+00 9.3198860e-01 7.4680728e-01 7.8904951e-01]",0.08567009,31.31106209754944,26.65981091043436
GradSymplecticNNgHMC,0.8,autograd,banana,SynchronousLeapfrog,0.1,"[0.65827465 0.6878753  0.96605444 1.0450073  0.89600384 0.5851561
 0.58315456 0.8918165  0.6678764  0.5826074  0.15945089 0.66220605
 0.96960723 1.7965778  0.84443843 1.0131025  0.8375477  0.9187721
 0.79338074 0.92015547 0.9841366  0.8454231  0.44744444 0.8812002
 0.27610075 0.96963525 0.67628926 0.39697152 0.943449   0.8976418
 0.939624   0.8852204  0.56796813 0.9587239  1.6888279  0.9186621
 1.8691787  0.22549038 0.8726556  0.01470195 0.75816953 0.9015244
 0.26389885 0.29510164 0.07897347 0.16150561 0.32466346 0.273318
 0.92925376 0.95864725 0.14506356 0.7595943  0.97359025 0.91719115
 0.57887983 0.10479289 0.67076206 0.42098114 0.885767   0.7281132
 0.72389024 0.82708395 0.946401   0.48401076 0.44323248 0.8377929
 0.98673147 0.34766442 0.16419497 0.762022   0.43415493 0.9563893
 0.8884891  0.85261554 0.8763528  0.93974084 0.32964644 0.85967493
 0.41991806 0.71281374 0.44341725 0.9782109  0.71494293 0.9534282
 0.92230606 0.9427953  0.9355247  0.8193466  0.8022661  0.67012185
 0.2095196  0.81966823 0.92334354 0.97595143 0.28098723 0.8527098
 0.36917472 0.96470565 0.39778242 0.48019442]",0.07146258,94.02922201156616,1.3137348858414222
GradGSymplecticNNgHMC,0.8,autograd,banana,SynchronousLeapfrog,0.1,"[8.9115429e-01 3.1354782e+01 4.3709488e+01 6.8731606e-01 2.4228903e+01
 4.1990883e+01 7.0533961e-01 8.5504907e-01 9.2284507e-01 8.5480165e-01
 4.8298020e+00 8.7950027e-01 1.4917755e-01 1.6475229e+01 5.7327402e-01
 2.8845678e+01 1.4746574e+01 6.8448704e-01 8.2228243e-01 8.4531295e-01
 9.8494047e-01 1.4336650e+00 1.1360540e-01 7.7839484e+00 8.9963096e-01
 9.7459650e-01 2.8500900e+01 3.4659878e+01 9.8566914e-01 8.8742471e-01
 1.2853549e+01 2.1809998e-01 9.1921747e-01 9.7285700e-01 1.9504713e+01
 9.7337127e-01 2.9785065e+01 1.6822830e+01 8.6122465e-01 2.4843685e+01
 9.1959423e-01 2.7308507e-02 9.8684731e+00 2.5969833e+01 3.5601681e-01
 4.8561792e+00 8.7940943e-01 4.4210768e+00 3.1904119e+01 8.1524748e-01
 1.3907748e+01 4.5156360e-01 9.6914643e-01 7.0883856e+00 2.6090374e+01
 8.4764236e-01 7.1008891e-01 2.4784317e+01 3.2807571e+01 9.4036424e-01
 6.9738579e-01 7.0635337e-01 7.5283879e-01 3.6585930e+01 8.8897836e-01
 2.8798178e+01 7.2108078e-01 4.3326126e+01 3.9469547e+01 6.9938630e-01
 8.5103929e-01 9.4016308e-01 3.3267822e+01 2.1273018e+01 1.7931974e+01
 2.6530178e+01 8.3634825e+00 7.1876544e-01 1.1178668e+01 5.5950898e-01
 7.3451071e+00 2.6259828e+00 2.7003647e+01 9.4511080e-01 9.5272821e-01
 9.6385992e-01 9.2411917e-01 6.5444493e-01 8.5120916e-01 3.5847298e+01
 6.0907936e+00 7.7845335e-01 4.1634804e+01 9.8079985e-01 2.7156201e-01
 1.7096619e-01 2.5955429e+01 9.4723403e-01 7.9593313e-01 1.9928190e-01]",0.36353287,71.68673658370972,14.625467274523038
HMC,0.8,autograd,gaussian,SynchronousLeapfrog,0.3,"[0.9027225  0.9474993  0.92320293 0.92980564 0.94172084 0.9295025
 0.9413581  0.9463758  0.90809953 0.93519485 0.9376609  0.9487046
 0.9521693  0.9396254  0.9506129  0.93822545 0.9531733  0.95354474
 0.954262   0.90639514 0.9484231  0.9363005  0.9434384  0.9265868
 0.9294566  0.9465232  0.9401994  0.94545925 0.9384386  0.9042276
 0.95280117 0.9280529  0.9614848  0.918321   0.9317524  0.96188706
 0.9277312  0.94888276 0.926764   0.9446684  0.9306347  0.8940434
 0.9535402  0.9408082  0.95558035 0.9399266  0.8680959  0.92960805
 0.92556584 0.93875617 0.94060105 0.93533534 0.9487487  0.93529224
 0.94101095 0.9568171  0.9404831  0.94504976 0.9554283  0.95295024
 0.9524352  0.9409369  0.9445081  0.96389455 0.92216986 0.9433186
 0.9170207  0.9484124  0.92068976 0.9422218  0.9502033  0.94670767
 0.9321165  0.9343455  0.95302695 0.95204324 0.93254733 0.923335
 0.94148445 0.91370124 0.94539976 0.9418108  0.9534423  0.9507941
 0.9400501  0.9313385  0.91967237 0.9463639  0.9345083  0.9328488
 0.9298353  0.9500498  0.93831605 0.9535861  0.96140707 0.952244
 0.9492587  0.9476234  0.9515748  0.9298693 ]",5.4367737e-15,17.583783388137817,1592.934604012995
NNgHMC,0.8,autograd,gaussian,SynchronousLeapfrog,0.3,"[0.89997137 0.9475173  0.92278445 0.93002164 0.9413365  0.9295243
 0.94158304 0.94610155 0.9074666  0.93497217 0.93792474 0.9487647
 0.9523327  0.9398472  0.95062435 0.9382803  0.9533558  0.95380497
 0.95458716 0.90660083 0.94846886 0.9359657  0.9434204  0.925935
 0.92924917 0.9468534  0.9407033  0.94549626 0.937935   0.89946747
 0.95331645 0.9275383  0.9614968  0.9178626  0.93173003 0.96185327
 0.9268567  0.9486825  0.9257094  0.9446459  0.9306154  0.8922755
 0.9539609  0.9410259  0.95559025 0.94042987 0.8635715  0.9297036
 0.9254226  0.93865746 0.9409746  0.9343995  0.9490914  0.9348674
 0.94113034 0.9566195  0.94075745 0.9449913  0.9550967  0.9528903
 0.9523922  0.94237894 0.9444673  0.9640566  0.92150617 0.9428687
 0.9159894  0.9485502  0.92036855 0.94218767 0.9501227  0.9467206
 0.9323299  0.9346385  0.9528331  0.9523282  0.9333539  0.9219068
 0.9415855  0.91264963 0.94571817 0.94247216 0.95320815 0.9507696
 0.9396099  0.9312848  0.91807306 0.94674563 0.9341359  0.9323729
 0.9306375  0.94988126 0.93876284 0.95364726 0.9615555  0.95235336
 0.94924796 0.9478525  0.95185554 0.9300965 ]",7.33359e-15,16.827805995941162,1562.1588735349824
NNODEgHMC,0.8,autograd,gaussian,SynchronousLeapfrog,0.3,"[0.901142   0.94745654 0.9223293  0.92963475 0.94117343 0.92933583
 0.9414944  0.946159   0.9083756  0.9350437  0.93784046 0.94888437
 0.95232534 0.939975   0.95073104 0.93842363 0.9534337  0.95398235
 0.9545567  0.90714395 0.94860387 0.9358465  0.94328547 0.9258561
 0.92928433 0.94667405 0.94071186 0.94547415 0.9380269  0.9001453
 0.953319   0.9275152  0.9615003  0.9182183  0.9316287  0.9618084
 0.9267094  0.9486012  0.9257983  0.94458485 0.9306865  0.8905268
 0.9537662  0.9411683  0.95557326 0.940479   0.86448115 0.92959297
 0.92559123 0.93869275 0.9410634  0.93412125 0.94914794 0.9342806
 0.94114816 0.9566312  0.94080055 0.9449233  0.95507234 0.95283145
 0.9524344  0.9425725  0.9444804  0.9640626  0.92152214 0.9428444
 0.91552174 0.94858783 0.92048377 0.9419629  0.9500536  0.9468368
 0.9325247  0.93467283 0.9529008  0.9523806  0.9333722  0.92171
 0.94170225 0.912405   0.945488   0.9423722  0.9534304  0.9507303
 0.93950033 0.9314375  0.918245   0.9467859  0.9339306  0.932433
 0.9302437  0.9498474  0.9387128  0.9535155  0.9615526  0.95216227
 0.94917476 0.94789904 0.95193243 0.9302474 ]",2.4621764e-14,14.811883687973022,1546.6230569604934
Explicit NNODEgHMC,0.8,autograd,gaussian,SynchronousLeapfrog,0.3,"[0.8281624  0.90148115 0.9201154  0.7213833  0.85385627 0.9342815
 0.9229375  0.91826487 0.87790096 0.86750096 0.8977201  0.94299734
 0.9491438  0.84142816 0.94803643 0.92122555 0.93856037 0.9293994
 0.95889425 0.866234   0.91544217 0.91955346 0.93114346 0.8536854
 0.7380065  0.95363367 0.9279628  0.8727795  0.9409436  0.83703005
 0.9328908  0.8925601  0.9559965  0.9141905  0.931837   0.9546071
 0.9000069  0.910309   0.94257915 0.83465374 0.7251005  0.8690587
 0.9470123  0.9355864  0.952775   0.88915294 0.87026095 0.717199
 0.83107156 0.7774596  0.9116014  0.8512623  0.95560855 0.77539986
 0.9166287  0.9530136  0.8673946  0.8529522  0.9256915  0.95271635
 0.9167402  0.9157939  0.93821275 0.95521593 0.88452566 0.90253675
 0.80733526 0.92212665 0.8933711  0.8113494  0.95050734 0.9442262
 0.94638336 0.8205255  0.9503331  0.93540734 0.8871211  0.9322504
 0.94011676 0.82572955 0.9263546  0.86701286 0.95126784 0.95032394
 0.9031457  0.79138494 0.7693118  0.9379449  0.90955424 0.9362079
 0.827393   0.9187173  0.9153115  0.95497245 0.9566922  0.9565773
 0.95310843 0.95728654 0.9486784  0.79152095]",4.206785e-13,20.10297155380249,80.93442789233355
SymplecticNNgHMC,0.8,autograd,gaussian,SynchronousLeapfrog,0.3,"[0.9027378  0.9474802  0.9233615  0.9295467  0.9417033  0.9293351
 0.9413461  0.94635385 0.9080123  0.9352504  0.9375546  0.94877064
 0.95216167 0.93973553 0.9506385  0.9382219  0.9532115  0.9535636
 0.95430696 0.90638256 0.94846314 0.9363048  0.9434451  0.92666215
 0.9294917  0.9465189  0.9402207  0.945421   0.93845654 0.9042891
 0.9527852  0.9278935  0.9614587  0.91815007 0.9317488  0.96186495
 0.92764467 0.94890493 0.92700404 0.9447465  0.9306234  0.89402103
 0.95347667 0.9407444  0.95553607 0.9399872  0.8681871  0.92961323
 0.9255788  0.9387673  0.9405649  0.93531406 0.94879645 0.9352986
 0.94095397 0.95684326 0.94054526 0.94513    0.95542896 0.9529151
 0.9524654  0.94091606 0.94449395 0.96392196 0.92220783 0.9433273
 0.91704047 0.9483983  0.92071074 0.94231385 0.95015705 0.9467516
 0.93229234 0.9343326  0.9530492  0.95197034 0.9325298  0.9233265
 0.9414263  0.91365755 0.94535077 0.9417333  0.95347947 0.9507393
 0.94013774 0.9313916  0.91961163 0.9463949  0.93444574 0.93289065
 0.92969483 0.9500417  0.9383974  0.9535329  0.9613985  0.9522213
 0.9492952  0.947643   0.9516661  0.9298854 ]",1.6502505e-05,40.66408610343933,1634.6921045518236
GSymplecticNNgHMC,0.8,autograd,gaussian,SynchronousLeapfrog,0.3,"[0.9026992  0.9475912  0.9231779  0.92937446 0.941631   0.9294052
 0.9412044  0.94645923 0.90796745 0.9353056  0.9376426  0.9487006
 0.95215505 0.9397154  0.95057553 0.9381981  0.9531654  0.9535742
 0.9542556  0.9064729  0.948452   0.9362068  0.9434411  0.9266972
 0.9296662  0.94663495 0.94028246 0.9454932  0.9383854  0.90405434
 0.95282096 0.9281546  0.96148145 0.9185004  0.9318298  0.96190345
 0.92770314 0.94896674 0.9269702  0.9446718  0.93080926 0.8939883
 0.9535397  0.94094443 0.95560426 0.940031   0.86797875 0.9296342
 0.9255876  0.9388711  0.9406322  0.935362   0.948787   0.9350039
 0.9410385  0.9568555  0.9405231  0.94506943 0.9555043  0.95301074
 0.9525234  0.94080615 0.9445998  0.96387565 0.92232656 0.94337714
 0.9171711  0.9484164  0.9206554  0.9422374  0.95024216 0.9467087
 0.93226683 0.9344384  0.9530798  0.9520601  0.93266153 0.92324984
 0.94150853 0.9136526  0.94538546 0.9418203  0.95346355 0.95077574
 0.94024134 0.9315559  0.9196049  0.94638914 0.93455875 0.93278253
 0.9297948  0.9501293  0.93836516 0.95364255 0.9614043  0.9522972
 0.9493059  0.94772    0.95152205 0.92999506]",1.9224475e-05,15.22450876235962,1522.1320441670057
GradSymplecticNNgHMC,0.8,autograd,gaussian,SynchronousLeapfrog,0.3,"[0.9031385  0.94761294 0.92379856 0.9310891  0.94205785 0.92986643
 0.94181985 0.9464893  0.90819705 0.9355577  0.93815184 0.9487669
 0.9521794  0.94020844 0.95061433 0.93825483 0.9533672  0.953716
 0.9544207  0.9064695  0.94854325 0.9367253  0.94341767 0.9270004
 0.92986625 0.9466292  0.9403634  0.9457919  0.93862283 0.90497464
 0.9530791  0.9280883  0.9614932  0.9185728  0.9318897  0.9618964
 0.92796516 0.9490589  0.9270958  0.94524974 0.9307655  0.8942765
 0.95369905 0.94078577 0.9555804  0.93996286 0.86847436 0.9297347
 0.9256444  0.93891305 0.94079435 0.9356549  0.9488334  0.9359877
 0.94101834 0.95679206 0.9405016  0.94560146 0.9555024  0.9529214
 0.95263577 0.9414972  0.94454193 0.96396685 0.9222159  0.94337034
 0.91724145 0.9484416  0.92072034 0.9427976  0.95018494 0.94677037
 0.9324683  0.9346504  0.95302814 0.9520825  0.932496   0.92372197
 0.9415444  0.91415536 0.94566023 0.9423329  0.9534626  0.9508413
 0.94010496 0.93175495 0.92006576 0.9465358  0.93455285 0.9330062
 0.9306444  0.95013845 0.9383625  0.95357794 0.96142596 0.95229805
 0.9492826  0.9477538  0.9516921  0.92993903]",8.576286e-06,116.43485617637634,1629.54020217578
GradGSymplecticNNgHMC,0.8,autograd,gaussian,SynchronousLeapfrog,0.3,"[0.90315855 0.94766974 0.9237261  0.9311718  0.94208145 0.9298701
 0.94180006 0.94652736 0.908272   0.9356928  0.93820226 0.9487357
 0.95219463 0.94033474 0.9506111  0.9382858  0.95337105 0.9537605
 0.9544095  0.9065227  0.94859123 0.93674415 0.9434187  0.9271388
 0.9300288  0.94668233 0.94036424 0.9458307  0.93860817 0.90491664
 0.95313185 0.92817044 0.9614973  0.9187061  0.9319273  0.9619055
 0.928029   0.9491255  0.9271568  0.9453031  0.93093145 0.8943434
 0.95372593 0.940906   0.9555836  0.9400325  0.86845845 0.9297805
 0.92566746 0.93903065 0.9408622  0.93572855 0.9488386  0.9359717
 0.94103974 0.9568116  0.9405532  0.9456618  0.95552397 0.9529463
 0.95272505 0.94149566 0.9445857  0.96395797 0.92229533 0.9433956
 0.91738415 0.9484324  0.9207363  0.9428767  0.9502114  0.9467467
 0.93248224 0.934694   0.9530298  0.95213366 0.93254995 0.92369956
 0.94157976 0.91420424 0.94571185 0.94241947 0.9534677  0.9508252
 0.9401865  0.9319724  0.92011166 0.9465286  0.93462324 0.93302464
 0.9307585  0.95017767 0.9384153  0.9536106  0.96142864 0.9523334
 0.9492806  0.9477849  0.9516815  0.9300031 ]",1.7420203e-05,28.88457679748535,1569.248825192073
HMC,0.8,autograd,high_dimensional_gaussian,SynchronousLeapfrog,0.1,"[0.9399413  0.93915796 0.93509555 0.9375857  0.93806934 0.9342186
 0.94058335 0.9331109  0.9343754  0.9370806  0.9279355  0.94136137
 0.93554896 0.9294956  0.935044   0.9362396  0.94638604 0.9330692
 0.9401335  0.9339675  0.93399477 0.94118804 0.94196767 0.93832463
 0.9440861  0.9316025  0.9303094  0.9235968  0.93462396 0.9345498
 0.9387684  0.9278493  0.9400232  0.9321491  0.92998314 0.9408965
 0.9337028  0.938574   0.9471509  0.9322027  0.93173885 0.93501633
 0.940709   0.93291414 0.94034165 0.9341642  0.93083024 0.9459306
 0.9376099  0.9362124  0.942167   0.93491906 0.94182676 0.94088364
 0.9373082  0.9298431  0.93780243 0.9387959  0.9383373  0.94630384
 0.93576133 0.9308016  0.9358413  0.93720263 0.9374935  0.9396462
 0.94341916 0.93999404 0.9443638  0.93643093 0.941358   0.9328021
 0.9309634  0.9404007  0.93889236 0.9324857  0.9388294  0.93374586
 0.9427377  0.9316826  0.9415118  0.9383577  0.9370622  0.9353299
 0.9438378  0.94505763 0.9363493  0.9352748  0.9246191  0.94229186
 0.9323764  0.93381953 0.93320596 0.93423235 0.9321959  0.9293331
 0.9360878  0.9319267  0.93984735 0.9523591 ]",1.2686586e-15,49.90880465507507,223.55299501888217
NNgHMC,0.8,autograd,high_dimensional_gaussian,SynchronousLeapfrog,0.1,"[0.9399675  0.939175   0.93511933 0.93759555 0.93805856 0.9341482
 0.9406431  0.9331255  0.934337   0.93706244 0.9278557  0.9413891
 0.9355447  0.9294472  0.9350258  0.9362509  0.94642085 0.933067
 0.9401757  0.9339635  0.9339242  0.9411957  0.94199294 0.93832105
 0.9441263  0.93160915 0.9302334  0.9234419  0.93462485 0.9344946
 0.9388182  0.92770135 0.94007576 0.932091   0.92999053 0.9408716
 0.93371487 0.93856496 0.9471644  0.9321394  0.93167055 0.93500704
 0.9407236  0.9328849  0.9403906  0.9341244  0.9308135  0.9459491
 0.93765306 0.9362132  0.94217944 0.93492734 0.9418448  0.940931
 0.9373335  0.9297813  0.93779266 0.9388172  0.9383682  0.946336
 0.9357014  0.93069285 0.93587655 0.93720835 0.9374652  0.9396566
 0.94346654 0.94001555 0.94439363 0.9364079  0.9413738  0.93273556
 0.93085146 0.9403896  0.9388846  0.9324331  0.938873   0.93368804
 0.9427594  0.93158865 0.94152784 0.9383785  0.93707526 0.93532026
 0.94386476 0.94508934 0.9363389  0.93529767 0.9244747  0.94236207
 0.9323791  0.93381214 0.9331995  0.93425655 0.9321966  0.92926544
 0.9360703  0.9318864  0.9398498  0.9523966 ]",1.2620287e-15,47.34869313240051,212.00276177185106
NNODEgHMC,0.8,autograd,high_dimensional_gaussian,SynchronousLeapfrog,0.1,"[0.9399707  0.9391856  0.9351214  0.9375851  0.93807954 0.934195
 0.9406297  0.93306625 0.93436205 0.93706036 0.92788124 0.94139117
 0.93555725 0.9293897  0.93506515 0.9362335  0.9464445  0.93302345
 0.9401657  0.93396676 0.93400836 0.94122934 0.9420048  0.93834877
 0.9441144  0.9315952  0.9302459  0.9235115  0.93464935 0.9345124
 0.9387778  0.92775893 0.94002384 0.93212366 0.92991364 0.9409238
 0.93373317 0.9385225  0.9471779  0.9321724  0.9316818  0.9350125
 0.94072664 0.93294    0.9403492  0.9341111  0.9308082  0.94595116
 0.937611   0.9361998  0.94216365 0.93490857 0.9418477  0.9409
 0.93727386 0.92979044 0.9378168  0.9388363  0.938341   0.9463317
 0.9357721  0.93078077 0.9358696  0.93716234 0.93746805 0.93968123
 0.94346535 0.93998545 0.9443883  0.9364421  0.94140285 0.9327458
 0.93090105 0.9404057  0.9388871  0.93248606 0.93884915 0.93369246
 0.9427471  0.93161047 0.9415307  0.93836    0.9370465  0.9353363
 0.9438571  0.9451077  0.9363472  0.9352727  0.92451966 0.94233865
 0.9323195  0.9338206  0.9331979  0.9342021  0.93215644 0.92923254
 0.9360687  0.9318341  0.93984675 0.95240057]",1.3538076e-14,42.02435851097107,211.6921762594826
Explicit NNODEgHMC,0.8,autograd,high_dimensional_gaussian,SynchronousLeapfrog,0.1,"[0.93830824 0.9359163  0.930724   0.9342479  0.9348893  0.9304199
 0.93911    0.93139064 0.93064755 0.9331562  0.92423296 0.94070566
 0.9325544  0.9270913  0.9310767  0.9330987  0.94466674 0.9300891
 0.93763673 0.9328455  0.9295682  0.9397491  0.9401626  0.93616694
 0.9430872  0.92697513 0.92853916 0.9194006  0.93225783 0.9312517
 0.9357476  0.9235443  0.938928   0.9289093  0.92822427 0.9396433
 0.92941797 0.9363569  0.9456846  0.9290246  0.9280155  0.9326581
 0.93845093 0.93007994 0.93779707 0.93288106 0.92839783 0.9448962
 0.93368214 0.93290126 0.9398913  0.93260664 0.9403042  0.93880457
 0.9357201  0.9258754  0.93586624 0.93662393 0.9366752  0.9448948
 0.9336931  0.9287747  0.9337983  0.9346256  0.93425244 0.9356488
 0.9401959  0.9372915  0.9434453  0.934601   0.9407081  0.92943597
 0.92693824 0.9393083  0.9359772  0.9297764  0.93532866 0.93194914
 0.941868   0.92810285 0.9389272  0.9366135  0.93439406 0.9321718
 0.9415664  0.9434118  0.933846   0.9330427  0.92144144 0.9400439
 0.9261415  0.9311248  0.92753255 0.92963886 0.92697287 0.926111
 0.9338732  0.92888325 0.9388107  0.9515065 ]",1.7211911e-14,57.687779903411865,37.44739429180682
SymplecticNNgHMC,0.8,autograd,high_dimensional_gaussian,SynchronousLeapfrog,0.1,"[0.9399346  0.939154   0.9350917  0.9375879  0.93806523 0.9342248
 0.9405842  0.93311155 0.9343754  0.9370801  0.92792624 0.94135725
 0.93555564 0.9294957  0.9350475  0.93623173 0.94638455 0.93306935
 0.94013345 0.9339675  0.93399143 0.9411857  0.9419627  0.9383205
 0.9440808  0.93160295 0.9303082  0.92359483 0.9346239  0.93454975
 0.9387617  0.9278493  0.9400209  0.93215054 0.929978   0.94089764
 0.9337024  0.9385704  0.94714993 0.93220365 0.931736   0.9350122
 0.9407086  0.9329211  0.94034123 0.9341647  0.9308345  0.94593036
 0.937607   0.9362127  0.9421654  0.9349183  0.94182575 0.940884
 0.93730724 0.9298395  0.93780345 0.93878996 0.93833846 0.94630116
 0.93576086 0.9307987  0.9358411  0.9372014  0.93749094 0.93964183
 0.9434189  0.93998736 0.94436145 0.93642795 0.9413594  0.9328067
 0.9309621  0.9403943  0.9388892  0.93248415 0.93882275 0.9337419
 0.9427357  0.9316796  0.9415064  0.938352   0.93706244 0.9353251
 0.9438371  0.94506186 0.93634975 0.9352764  0.9246184  0.9422878
 0.9323737  0.93381685 0.93320704 0.9342229  0.93218863 0.9293293
 0.9360833  0.9319296  0.9398432  0.9523589 ]",1.3658467e-06,122.34657073020935,226.75002215186478
GSymplecticNNgHMC,0.8,autograd,high_dimensional_gaussian,SynchronousLeapfrog,0.1,"[0.9399512  0.9391601  0.9351031  0.9375782  0.93806905 0.93422115
 0.9405777  0.93311274 0.9343704  0.9370835  0.92796034 0.9413676
 0.93555135 0.9294981  0.9350433  0.93626094 0.94638646 0.93305445
 0.9401366  0.9339632  0.93400276 0.9411793  0.9419702  0.938318
 0.9440815  0.93160194 0.9303104  0.9235956  0.9346177  0.9345481
 0.9387643  0.92785066 0.9400181  0.9321661  0.93001425 0.9408972
 0.9337039  0.9385745  0.947153   0.9321933  0.9317424  0.9350219
 0.94071215 0.9329156  0.94033563 0.9341628  0.93083304 0.9459261
 0.9376159  0.9362108  0.94216144 0.93491924 0.94182634 0.94088495
 0.9373125  0.92986864 0.9378183  0.9388046  0.9383483  0.9463029
 0.9357641  0.930796   0.935842   0.93720454 0.9375038  0.9396467
 0.94342583 0.93998575 0.9443631  0.9364289  0.9413714  0.93280524
 0.93097055 0.94040227 0.9388975  0.9324796  0.93884313 0.9337405
 0.9427363  0.9316845  0.94151545 0.93835795 0.9370639  0.93533653
 0.9438406  0.94506264 0.9363513  0.93526185 0.92463875 0.94229794
 0.93237513 0.93381107 0.9332173  0.9342208  0.9321927  0.9293377
 0.9360843  0.9319376  0.9398403  0.95236033]",1.0798298e-05,66.29010558128357,224.51672272635707
GradSymplecticNNgHMC,0.8,autograd,high_dimensional_gaussian,SynchronousLeapfrog,0.1,"[0.93994415 0.939165   0.9350965  0.93758905 0.9380688  0.9342226
 0.94058746 0.93310994 0.93437636 0.9370818  0.9279363  0.94136465
 0.935554   0.9294952  0.9350454  0.93624496 0.94639003 0.9330721
 0.9401366  0.9339694  0.9340016  0.9411881  0.94197005 0.9383292
 0.944087   0.93160486 0.9303102  0.9235982  0.934625   0.9345554
 0.9387721  0.9278533  0.9400276  0.9321557  0.9299849  0.94089574
 0.9337101  0.9385766  0.94715023 0.9322009  0.93174076 0.9350178
 0.9407086  0.9329201  0.9403469  0.9341639  0.9308347  0.9459301
 0.93761504 0.9362147  0.9421689  0.93491554 0.9418272  0.94088477
 0.9373083  0.9298443  0.9378066  0.9387988  0.93834084 0.9463052
 0.93576217 0.93080586 0.9358451  0.937205   0.93749475 0.9396471
 0.94342184 0.9399965  0.9443635  0.9364313  0.94136107 0.9328054
 0.9309697  0.9404041  0.93889606 0.93248284 0.93883675 0.9337449
 0.94273776 0.93168783 0.9415142  0.93835896 0.9370636  0.9353304
 0.9438381  0.94505787 0.936351   0.9352759  0.9246224  0.9422943
 0.93238086 0.9338212  0.9332092  0.9342346  0.9322034  0.9293353
 0.93608785 0.9319269  0.9398491  0.952361  ]",8.7502414e-08,354.1502888202667,225.6934439636854
GradGSymplecticNNgHMC,0.8,autograd,high_dimensional_gaussian,SynchronousLeapfrog,0.1,"[0.9399476  0.9391588  0.93509364 0.9375755  0.93806934 0.93421763
 0.94058275 0.9331057  0.93437576 0.9370834  0.9279537  0.9413597
 0.9355547  0.9294956  0.9350257  0.93626153 0.9463827  0.93306136
 0.9401285  0.9339608  0.9340071  0.94119304 0.9419749  0.9383309
 0.94407815 0.9316127  0.930315   0.9235939  0.93460387 0.9345624
 0.938761   0.92785347 0.9400172  0.9321636  0.9299845  0.94090164
 0.93371123 0.9385707  0.947148   0.93219346 0.93175673 0.93500966
 0.9407115  0.9329219  0.9403361  0.9341733  0.93083775 0.9459286
 0.93763036 0.9362117  0.94216937 0.9349215  0.94182396 0.9408862
 0.9373081  0.92984074 0.9378061  0.938794   0.938342   0.9463052
 0.93577456 0.9308022  0.9358512  0.93720454 0.9374985  0.93965197
 0.9434339  0.93999547 0.94436145 0.93643993 0.9413623  0.9328124
 0.9309702  0.9404042  0.93888855 0.9324837  0.9388398  0.9337467
 0.9427368  0.9316921  0.94151545 0.93836486 0.9370698  0.93532246
 0.94383687 0.9450593  0.9363548  0.9352616  0.9246298  0.94230336
 0.93238425 0.93383205 0.93320704 0.9342288  0.9321999  0.92934215
 0.93609685 0.93193716 0.9398593  0.9523629 ]",9.490956e-06,215.53126311302185,224.63315274220597
HMC,0.8,autograd,normal_normal,SynchronousLeapfrog,0.1,"[0.89048564 0.93455786 0.9439025  0.9405407  0.9230014  0.92788047
 0.95217466 0.94441557 0.9434077  0.9382758  0.94970196 0.94455373
 0.94796246 0.9329099  0.95040596 0.9430945  0.9395627  0.93515337
 0.93358874 0.9350686  0.87089956 0.94332093 0.93008345 0.9507407
 0.9514847  0.9530685  0.9294993  0.9432952  0.94892156 0.9389372
 0.93537635 0.94804156 0.93818665 0.9380509  0.94594955 0.9363801
 0.91584086 0.94865906 0.9506457  0.9387069  0.9494852  0.91630447
 0.94813573 0.9423293  0.94860166 0.9271416  0.924893   0.9412713
 0.94236654 0.94959974 0.9292028  0.9393066  0.95454836 0.953802
 0.9454712  0.9375026  0.9180548  0.94420207 0.9442946  0.95336723
 0.9219837  0.9269295  0.9098121  0.93483555 0.9355194  0.944703
 0.9503354  0.92741287 0.9333257  0.91219044 0.93627137 0.93552655
 0.9508723  0.9528882  0.9524379  0.93414366 0.9415695  0.9530109
 0.94911194 0.9407971  0.94292915 0.9534944  0.9370576  0.94612527
 0.9533286  0.9357656  0.9438707  0.92936534 0.9165009  0.9527496
 0.91916007 0.9339107  0.94377273 0.93097514 0.922816   0.943522
 0.93391174 0.9378492  0.9401468  0.9197116 ]",8.2635285e-16,83.80011630058289,360.4026461239316
NNgHMC,0.8,autograd,normal_normal,SynchronousLeapfrog,0.1,"[0.89225566 0.9347632  0.9439583  0.939943   0.920835   0.9272213
 0.9521643  0.9447361  0.9431038  0.93737054 0.9498358  0.94495773
 0.9478085  0.93263876 0.95034236 0.9428713  0.9394428  0.935667
 0.9334445  0.934931   0.8714935  0.9434051  0.9303486  0.9504697
 0.9516156  0.952824   0.9294273  0.94350374 0.94895935 0.93896353
 0.93596447 0.9483387  0.9371457  0.9381739  0.9454338  0.9364331
 0.91665554 0.94838274 0.9506755  0.9384755  0.94983214 0.9076568
 0.94831085 0.9420718  0.9483375  0.9264889  0.92548484 0.94142675
 0.94240683 0.95000637 0.9294886  0.9393589  0.95459384 0.95370996
 0.94545424 0.9374448  0.9183189  0.9440968  0.944129   0.95337236
 0.92226    0.9266812  0.9093591  0.9351151  0.9359969  0.9446428
 0.9502322  0.927118   0.93373    0.9123267  0.93617356 0.9362287
 0.9511635  0.95245314 0.95263374 0.93400115 0.94171834 0.95280254
 0.9491495  0.94070363 0.9425411  0.95371073 0.9371505  0.9462619
 0.95351714 0.9362361  0.9440187  0.92911404 0.912663   0.9529294
 0.91867876 0.93484086 0.94416136 0.930247   0.9208786  0.943118
 0.9291104  0.9380225  0.94019383 0.9029774 ]",1.4219355e-15,72.5083839893341,310.1535089327744
NNODEgHMC,0.8,autograd,normal_normal,SynchronousLeapfrog,0.1,"[0.8911251  0.9349987  0.9439499  0.94022834 0.9217722  0.92745036
 0.95206916 0.94460124 0.9431498  0.9378215  0.94973063 0.94471043
 0.94810456 0.9329087  0.9504203  0.9429784  0.9395151  0.93556184
 0.93350255 0.9351281  0.8694824  0.9433529  0.9301294  0.95082545
 0.9515171  0.9531099  0.929403   0.9433608  0.94891024 0.9389242
 0.9367918  0.9479991  0.93766105 0.9380674  0.9457531  0.936356
 0.9169631  0.94870013 0.9506464  0.93867385 0.9496155  0.9097246
 0.948318   0.94240856 0.9485277  0.92702186 0.92527187 0.94139516
 0.9428698  0.9498722  0.9294075  0.9394822  0.95454013 0.9538107
 0.9456283  0.93743694 0.9181811  0.9440702  0.9443821  0.95342606
 0.92194307 0.92697966 0.90962076 0.93511885 0.93571556 0.94458425
 0.9503044  0.92718554 0.9333851  0.9116148  0.9360249  0.93600464
 0.95102584 0.9527556  0.95247096 0.9353757  0.9414479  0.9530066
 0.9492449  0.94058955 0.942784   0.95360076 0.9371588  0.946212
 0.9532869  0.93601483 0.9441931  0.92917037 0.9140643  0.95274657
 0.9188978  0.9346304  0.94381666 0.93049955 0.92338246 0.943552
 0.9314787  0.93809557 0.94033945 0.9095893 ]",1.8030021e-14,57.52874040603638,322.19181292451333
Explicit NNODEgHMC,0.8,autograd,normal_normal,SynchronousLeapfrog,0.1,"[0.8779496  0.92375493 0.94207156 0.94245136 0.8989148  0.9267642
 0.9524627  0.9444566  0.9416951  0.923162   0.94960666 0.94383323
 0.9481065  0.9300143  0.95034695 0.9430873  0.9366113  0.93489015
 0.9331157  0.93060446 0.8468098  0.9420825  0.92680585 0.95043325
 0.95113885 0.95287967 0.9275112  0.942472   0.9487647  0.93725705
 0.9255266  0.94609946 0.92359495 0.9362673  0.94625777 0.93671
 0.8974881  0.9492582  0.9504608  0.93561447 0.94977826 0.8827423
 0.94695705 0.9409291  0.94849384 0.9113323  0.9229208  0.9328138
 0.93599766 0.9481556  0.9218403  0.932281   0.9545182  0.9535131
 0.9434047  0.936169   0.9133148  0.9444692  0.9422032  0.9531905
 0.9176725  0.9262539  0.9051308  0.933643   0.92952365 0.94473934
 0.94933105 0.9266023  0.92774904 0.90263796 0.9338119  0.93528694
 0.9505547  0.9531487  0.95136964 0.9175257  0.93470806 0.95259446
 0.94812083 0.94236505 0.936275   0.9532584  0.9336307  0.9451403
 0.953112   0.9296911  0.9407303  0.9286046  0.884508   0.95165384
 0.9192588  0.93056333 0.94256616 0.9295761  0.902301   0.9382509
 0.90471286 0.93632543 0.93495005 0.8336178 ]",1.8173033e-14,70.74437141418457,139.72374347718252
SymplecticNNgHMC,0.8,autograd,normal_normal,SynchronousLeapfrog,0.1,"[0.89385843 0.9313835  0.9431162  0.93901956 0.90674466 0.9276129
 0.9522475  0.94444674 0.9417719  0.93403053 0.9495201  0.9453961
 0.94771904 0.93152237 0.95048046 0.9424399  0.93962854 0.93539613
 0.93336093 0.93458194 0.877238   0.94304657 0.9323425  0.94968414
 0.9518471  0.9520798  0.9295053  0.9437665  0.9486159  0.93902344
 0.9358411  0.9485938  0.9350702  0.93823886 0.9449611  0.9371613
 0.90706706 0.94793296 0.9505696  0.93855923 0.95009255 0.9065727
 0.9480583  0.94138086 0.9480183  0.92118156 0.92512864 0.93972987
 0.94255257 0.95009565 0.92834663 0.93683136 0.9545616  0.95308816
 0.944383   0.9381852  0.9168261  0.94402903 0.9435382  0.9529638
 0.92522    0.924343   0.90857315 0.93584746 0.9351174  0.9445224
 0.94944096 0.9276308  0.9333577  0.91393775 0.93604565 0.93599814
 0.9510244  0.9518069  0.9530715  0.93130493 0.9403871  0.95202625
 0.9483155  0.9415902  0.94206715 0.95368326 0.93720335 0.9460653
 0.9539664  0.9360768  0.9433106  0.92964095 0.90849996 0.9533755
 0.9190382  0.93212247 0.94397783 0.93059707 0.9201546  0.9433564
 0.9246377  0.9379482  0.9402436  0.8846822 ]",0.0077314614,133.81454277038574,390.28490482814124
GSymplecticNNgHMC,0.8,autograd,normal_normal,SynchronousLeapfrog,0.1,"[0.890591   0.93478227 0.94396067 0.9405171  0.92321336 0.9279926
 0.9521675  0.94443643 0.9434538  0.93853676 0.94973445 0.9445591
 0.9479834  0.9328388  0.9504056  0.9432079  0.93955773 0.9350724
 0.9336556  0.93511343 0.87134504 0.9433893  0.9300425  0.95076483
 0.9514488  0.95309657 0.92957926 0.9433371  0.94897693 0.9389741
 0.9359046  0.94803464 0.9380972  0.93813896 0.9460157  0.9364516
 0.9164538  0.94862926 0.9506652  0.938766   0.9494795  0.9162368
 0.9481942  0.9423129  0.94863844 0.9274894  0.9248909  0.94142807
 0.94237065 0.9496307  0.92920685 0.939538   0.9545574  0.95381343
 0.94549155 0.9374113  0.91814756 0.9442093  0.9443738  0.95340824
 0.92210025 0.9271058  0.910036   0.9348639  0.9356588  0.94465506
 0.9503338  0.9274577  0.93350285 0.91246414 0.93643206 0.9355056
 0.95089495 0.95291173 0.9524292  0.93428326 0.9416504  0.95303965
 0.94919986 0.94078803 0.9429784  0.9535006  0.9370346  0.9461688
 0.9533152  0.93593884 0.9439701  0.9294014  0.9158164  0.9527456
 0.9192138  0.9339613  0.94376504 0.9310845  0.9244944  0.94348896
 0.9336738  0.9378848  0.9401297  0.91831255]",5.828166e-05,63.25787901878357,273.06864704375596
GradSymplecticNNgHMC,0.8,autograd,normal_normal,SynchronousLeapfrog,0.1,"[0.8907837  0.9308456  0.9435772  0.9391092  0.9116287  0.9277603
 0.9524393  0.9449977  0.94262904 0.9336914  0.9500312  0.9451081
 0.94751966 0.9320247  0.9503082  0.94269955 0.9388528  0.9360192
 0.9334483  0.93411654 0.87445843 0.9434408  0.9312768  0.94973725
 0.95198107 0.95220697 0.9296706  0.9436742  0.94896716 0.9391057
 0.9356737  0.94812196 0.93526125 0.9384372  0.94489765 0.9368598
 0.9093973  0.9481119  0.95062035 0.9381536  0.9503119  0.90793455
 0.9480642  0.9413335  0.94802254 0.9212305  0.92537344 0.9390935
 0.94200027 0.9499419  0.9283265  0.93655795 0.95458955 0.95337456
 0.9446923  0.9380144  0.91681665 0.9442158  0.9432294  0.9531293
 0.9240469  0.9250063  0.90920323 0.93514174 0.935264   0.9445071
 0.94975746 0.9276633  0.93329525 0.91372824 0.9362876  0.93559045
 0.9513302  0.95186853 0.9526757  0.93198746 0.9399952  0.95227003
 0.9486165  0.9413139  0.941159   0.9537997  0.9364681  0.94625425
 0.95374966 0.93537414 0.9430553  0.9296369  0.90746397 0.9529275
 0.9189607  0.9323737  0.9436642  0.930577   0.9206177  0.942997
 0.9241966  0.93752    0.9405691  0.88740176]",0.00031480967,199.8309874534607,82.09402426513938
GradGSymplecticNNgHMC,0.8,autograd,normal_normal,SynchronousLeapfrog,0.1,"[0.89052933 0.9346541  0.9438912  0.9405526  0.92320347 0.92790973
 0.9521927  0.9444202  0.9433869  0.93840307 0.94970095 0.94455755
 0.9480211  0.93306303 0.9503955  0.9431695  0.9395248  0.9351575
 0.9335952  0.9351244  0.8718535  0.9433767  0.9301163  0.9507812
 0.9514656  0.9530946  0.9295126  0.9432796  0.94892013 0.93893594
 0.9356024  0.94797105 0.9382721  0.9381448  0.9460912  0.9363532
 0.91597545 0.94873655 0.9506247  0.9387426  0.9494953  0.91669655
 0.94814277 0.94238675 0.9486903  0.9271846  0.9249019  0.9413352
 0.94234943 0.94963753 0.9292722  0.93934125 0.9545445  0.95379484
 0.9454833  0.93749064 0.91818655 0.94419575 0.94430876 0.95338047
 0.92208356 0.9268011  0.9098505  0.9349486  0.9355539  0.94469595
 0.95032686 0.92740536 0.9334239  0.91237974 0.93634284 0.93554926
 0.95088434 0.95292395 0.9524032  0.9342384  0.94158983 0.95301616
 0.94915026 0.940771   0.9429126  0.9534914  0.9370519  0.9461481
 0.9533042  0.9358225  0.94391745 0.9293648  0.9158792  0.95270985
 0.91922724 0.9339714  0.94370764 0.9310179  0.92407227 0.9434757
 0.93401945 0.9379363  0.94010895 0.9196731 ]",2.6562982e-05,101.12811541557312,258.8204012551904
HMC,0.9,autograd,banana,SynchronousLeapfrog,0.1,"[0.8304914  0.9649813  0.95225763 0.87143016 0.87386703 0.6032127
 0.9377389  0.96153593 0.98231685 0.91660404 0.94873923 0.90205216
 0.9716295  0.8300085  0.9803871  0.8984493  0.94168305 0.9343826
 0.958986   0.8717398  0.987257   0.9852659  0.8685101  0.93652195
 0.93730974 0.9822079  0.8594923  0.9390084  0.96994114 0.97459793
 0.9786166  0.9657687  0.85339546 0.9693624  0.86398315 0.97498816
 0.89435434 0.89912957 0.9910126  0.95843095 0.9774394  0.9443141
 0.8040252  0.8542417  0.8694576  0.94271886 0.82097596 0.8509399
 0.9869394  0.9793614  0.8464267  0.9139196  0.9773049  0.98253953
 0.8843559  0.91702336 0.93711346 0.93555015 0.91653144 0.9876711
 0.93499315 0.94619465 0.9313597  0.96672314 0.8962265  0.9217415
 0.98016727 0.94371766 0.9336984  0.88827085 0.91159576 0.96023595
 0.90364885 0.96530724 0.94598556 0.8871858  0.8640086  0.98992515
 0.92385805 0.88772315 0.9780278  0.94652003 0.9438578  0.9494971
 0.90725416 0.9624071  0.9535165  0.97415656 0.9673823  0.9727776
 0.9336505  0.928349   0.95237464 0.944545   0.8904822  0.97897995
 0.95329463 0.9790957  0.9599322  0.91528547]",2.5295321e-14,21.378855228424072,1.361646241282888
NNgHMC,0.9,autograd,banana,SynchronousLeapfrog,0.1,"[0.88332415 0.9633008  0.6879176  0.36413997 0.62602115 0.00355345
 0.53586006 0.8643675  0.97835004 0.30882347 0.865699   0.8221344
 0.9601315  0.12852508 0.88916683 0.5236894  0.9610723  0.91596735
 0.7750195  0.3434411  0.9867705  0.94384813 0.30876026 0.7126707
 0.7434303  0.9789326  0.20775458 0.79397607 0.9445226  0.8241865
 0.9090384  0.7727541  0.17629275 0.9533911  0.49999022 0.9675128
 0.26220185 0.5395486  0.97909915 0.8901744  0.96292365 0.48761258
 0.9017059  0.57693046 0.27978504 0.6351272  1.2255768  0.16178705
 0.9237425  0.91663396 0.45257723 0.58245564 0.9515921  0.98616767
 0.43739462 0.80222577 0.2308324  0.5857557  0.8148961  0.95369387
 0.3062497  0.96173906 0.956324   0.76057875 0.5054924  0.47541997
 0.8832132  0.93940294 0.77369565 0.14443646 0.07462978 0.9566147
 0.8562836  0.88515174 0.8586197  0.9182625  0.50098956 0.97948873
 0.9444508  0.29646263 0.86723924 0.920098   0.9088057  0.9688239
 0.8018519  0.9415368  0.9659238  0.915188   0.9347722  0.93910855
 0.12608914 0.718239   0.57665414 0.9025215  0.9308774  0.966784
 0.67977923 0.8652071  0.80445874 0.68993175]",2.2737367e-15,18.591607570648193,1.7861978848025937
NNODEgHMC,0.9,autograd,banana,SynchronousLeapfrog,0.1,"[0.88259333 0.96491164 0.6630418  0.38283357 0.60992193 0.03329615
 0.5514807  0.8672099  0.9798603  0.3208784  0.88275945 0.830853
 0.953905   0.13713466 0.8771667  0.52727795 0.9598986  0.91440046
 0.7679629  0.31023675 0.9861673  0.933524   0.30392596 0.7072975
 0.7637212  0.9777889  0.22922854 0.8147811  0.9468748  0.8283415
 0.9066312  0.75179434 0.18999407 0.94647634 0.50458777 0.9700413
 0.27961406 0.59318966 0.9777206  0.90348697 0.96419156 0.4475444
 0.9021942  0.6084826  0.25302696 0.63149846 1.1357387  0.12045872
 0.9209322  0.91394585 0.4794763  0.5519707  0.95250595 0.98572195
 0.4318298  0.8075602  0.19393426 0.5814922  0.7934972  0.956105
 0.26696393 0.9646301  0.9552878  0.7556089  0.51336235 0.45730838
 0.867445   0.9488621  0.79494417 0.13569556 0.02505213 0.95432603
 0.8683257  0.89823836 0.8428999  0.9181677  0.51138866 0.9780029
 0.94747156 0.29000455 0.8712802  0.90846777 0.9185494  0.9681566
 0.788867   0.9429566  0.9673426  0.9245469  0.93245924 0.94214535
 0.1721996  0.71305597 0.5541606  0.8948009  0.9332768  0.9696021
 0.7026579  0.86145055 0.8242183  0.7175843 ]",8.8478766e-11,25.07626962661743,1.4192103270651475
Explicit NNODEgHMC,0.9,autograd,banana,SynchronousLeapfrog,0.1,"[0.8843479  0.94733757 0.79002637 0.22798632 0.7066929  0.14964443
 0.4220924  0.84993905 0.9640061  0.21863163 0.7641227  0.7556766
 0.9725404  0.0698204  0.93699664 0.5053112  0.9674778  0.9303667
 0.82451314 0.47884905 0.9868285  0.97668236 0.33477664 0.7480757
 0.63926476 0.9839573  0.06281587 0.68584394 0.9249953  0.79860735
 0.9228642  0.8588366  0.07339783 0.974996   0.4770691  0.94742286
 0.13504225 0.2974467  0.98754525 0.79036415 0.9558202  0.6578338
 0.8980082  0.40663838 0.46981    0.6536121  1.7263517  0.36354756
 0.9427624  0.9348024  0.29638046 0.7196056  0.9469485  0.98654765
 0.46948338 0.76013154 0.3843631  0.6088531  0.8974034  0.9333727
 0.4808224  0.9401654  0.9576342  0.7964474  0.44667098 0.5744027
 0.94062793 0.8669137  0.6607544  0.20731865 0.3143843  0.9678883
 0.7721385  0.79940677 0.91816014 0.9199071  0.4216224  0.9868495
 0.9153284  0.33831725 0.83714765 0.9597515  0.8303809  0.9724178
 0.8575234  0.9256066  0.9388656  0.85752904 0.94930446 0.9127468
 0.07748795 0.7577323  0.67763203 0.93360484 0.9096589  0.94049156
 0.56880075 0.89166486 0.70293754 0.53862745]",5.6841427e-11,41.770604848861694,1.85900897493269
SymplecticNNgHMC,0.9,autograd,banana,SynchronousLeapfrog,0.1,"[0.89062345 0.86245173 0.9446162  0.24340552 0.80817544 0.4723929
 0.47500095 0.8724402  0.9503454  0.35012358 0.6644837  0.7832219
 0.91071117 0.38656902 0.98434055 0.59558415 0.9604973  0.9371691
 0.9131834  0.8081969  0.9712784  0.9640722  0.5815573  0.8642189
 0.578462   0.9795778  0.04373187 0.5996345  0.8940124  0.8156866
 0.9608773  0.96575564 0.18768792 0.9466006  0.60386664 0.9042389
 0.2201496  0.47350264 0.9910424  0.5739601  0.9514469  0.9192318
 0.90109485 0.28728408 0.3202804  0.76246214 1.6544697  0.38979086
 0.9770748  0.96968836 0.31524235 0.926497   0.9400021  0.96861994
 0.6506867  0.7872431  0.81787604 0.74472606 0.9020421  0.91375923
 0.87630194 0.91063976 0.9553795  0.89298296 0.43733978 0.8021023
 0.9796555  0.7549004  0.5353017  0.49335808 0.42446285 0.9518878
 0.5701011  0.59888524 0.961946   0.8964132  0.43090934 0.9875494
 0.9005634  0.5304886  0.82652855 0.9191815  0.5845789  0.96295327
 0.9259211  0.87607944 0.82923543 0.7770804  0.9713292  0.87294453
 0.65699774 0.83083504 0.8744888  0.9610367  0.91386676 0.9162957
 0.47538275 0.9470216  0.5997959  0.4952435 ]",0.0365626,67.79600644111633,1.4822629508187406
GSymplecticNNgHMC,0.9,autograd,banana,SynchronousLeapfrog,0.1,"[8.5240048e-01 4.3391329e-01 9.4746161e-01 8.1366730e-01 3.4382042e-01
 3.1918481e-01 8.1638736e-01 6.9218731e-01 9.8112345e-01 6.2217605e-01
 2.0759374e-01 9.0065306e-01 7.1790045e-01 7.6351374e-01 2.8920557e-02
 5.8307433e-01 9.1012430e-01 8.0385303e-01 5.6430304e-01 7.4480486e-01
 9.5071924e-01 9.6442509e-01 2.7140558e-01 7.5298071e-01 8.1594086e-01
 9.6102333e-01 4.9469060e-01 5.7977659e-01 9.2915654e-01 7.3876429e-01
 9.3597591e-01 9.2025888e-01 5.8394384e-01 2.1124594e-01 4.2936867e-01
 3.9228365e-01 6.5666872e-01 2.1341398e-01 9.4707632e-01 6.6931000e+00
 9.0177584e-01 4.0162402e+02 7.5885838e-01 1.7492695e+00 6.3775456e-01
 6.3681519e-01 1.5777432e+02 2.5736105e-01 9.1120136e-01 9.0943277e-01
 1.3801923e+00 8.8661039e-01 9.4567221e-01 9.4001532e-01 5.7888377e-01
 8.0557001e-01 2.6102978e-01 5.3481889e-01 1.6679373e+01 9.7063673e-01
 6.4272332e-01 6.6141641e-01 8.7379026e-01 7.1696711e-01 7.2990054e-01
 2.1276419e-01 9.7892129e-01 1.1350474e+00 6.9609344e-01 1.2033352e-01
 3.3071071e-01 2.8530690e-01 3.0586189e-01 7.6620787e-01 6.6262132e-01
 6.9333732e-01 7.0941275e-01 9.3895668e-01 9.0013099e-01 4.1209388e-01
 8.9698714e-01 9.0944374e-01 2.9560788e+02 9.5374888e-01 5.4633796e-01
 9.5762539e-01 8.9227474e-01 6.2047994e-01 9.5874852e-01 8.6837953e-01
 3.5441494e-01 7.8093261e-01 3.6012251e-03 3.7892255e-01 9.4473571e-01
 8.8577032e-01 6.9300193e-01 8.5817611e-01 6.9779909e-01 4.9378642e-01]",7.7387114,34.1940016746521,8.566710931856123
GradSymplecticNNgHMC,0.9,autograd,banana,SynchronousLeapfrog,0.1,"[0.89103144 0.86178917 0.9316553  0.09822506 0.8156098  0.4782157
 0.32308048 0.8408519  0.94538254 0.15709321 0.58264756 0.70149994
 0.9313631  0.28031266 0.9834126  0.52438617 0.964024   0.93705404
 0.89765185 0.75087184 0.97692454 0.9707613  0.5259578  0.8328113
 0.467002   0.9828958  0.09896265 0.49141145 0.88955945 0.78039014
 0.9525258  0.9594079  0.00917952 0.9560479  0.49430093 0.89200157
 0.02286131 0.33003244 0.9913262  0.57788223 0.94456905 0.89660585
 0.90169954 0.1361877  0.63341534 0.73609394 2.3627443  0.67380846
 0.970921   0.9634325  0.17665535 0.90541065 0.9402358  0.97390807
 0.59885556 0.7340745  0.74090403 0.7141557  0.9251863  0.907119
 0.8147768  0.88824767 0.9557574  0.8736237  0.38757977 0.75629586
 0.9824542  0.72072875 0.4539172  0.42818147 0.7027116  0.9531177
 0.55546737 0.599235   0.9635848  0.896984   0.33902854 0.9893502
 0.8849993  0.4938385  0.8053335  0.93019617 0.59197325 0.96581113
 0.92634535 0.8912226  0.8395076  0.7486746  0.96873665 0.86780995
 0.5587853  0.8234517  0.8545024  0.9614722  0.8942927  0.9057128
 0.3598116  0.9367818  0.50695735 0.3118726 ]",0.045226254,134.66566157341003,1.3090722670462285
GradGSymplecticNNgHMC,0.9,autograd,banana,SynchronousLeapfrog,0.1,"[ 0.80591416 11.458693   29.39252     0.6158483   6.6973715   5.708762
  0.78414625  0.85314816  0.9537565   0.7202878  30.988277    0.8081466
 17.780584    0.44660378  8.879724    0.5943784   0.95061255  0.92295545
  0.864849   25.463116    0.98647404 25.505444    0.62834525  0.93044996
  9.679081    0.9867877   0.2910976  22.403318    0.96367735  0.8560731
  0.9696483  27.801247    0.7360425  11.846874    0.4747157   2.3900194
  0.8144368  32.241714    0.99140084 37.451168    0.9506702  49.218853
  0.73671055  4.8049583   0.74628246  0.8899321  39.792004    6.4219284
  0.9811508   0.96756715  2.6062036  35.003433    0.9248773   0.9871351
  0.83656883  0.7523327  24.14643     0.8424101  40.034367    0.94748944
 33.005863    5.4347906   0.91686124  0.9223978   0.8119084   2.362565
 28.18954    36.31802    21.420805    0.75179577 19.383818    0.14233062
 36.368027   29.026527   22.903687    0.8757238   0.830987    0.99109477
  0.82473385  0.75904226  0.91107845 34.88812    44.35064     0.9624146
  8.724785    0.9505724  26.714277    5.477519    0.9678749   0.95916957
 29.936153    0.9187604  12.010984    3.229486    0.9364257   0.9317111
 12.415459    0.96719646 21.206356   30.60667   ]",1.1791822,79.04828119277954,27.241342616503744
HMC,0.9,autograd,gaussian,SynchronousLeapfrog,0.3,"[0.91386926 0.9433746  0.93516016 0.90718734 0.945476   0.9495938
 0.9387225  0.9318573  0.94092286 0.9198173  0.9474608  0.91904974
 0.9604076  0.94008625 0.94355667 0.95494986 0.9078932  0.93407434
 0.9375898  0.94348764 0.9465233  0.94223183 0.9414384  0.9251231
 0.93959093 0.9591814  0.9285364  0.93533385 0.9148674  0.9347266
 0.941457   0.94525194 0.9528031  0.934324   0.93894374 0.9513919
 0.92780083 0.95239055 0.9084689  0.950623   0.9386953  0.95364153
 0.9437403  0.9559382  0.9265027  0.9475121  0.9382268  0.9393586
 0.9561442  0.9454212  0.9343111  0.90133566 0.9313102  0.93714035
 0.9388938  0.94962996 0.9487585  0.9344156  0.9553791  0.9483203
 0.9380526  0.91201735 0.95260686 0.9503295  0.93190527 0.9493804
 0.91976213 0.95874023 0.94917935 0.9281303  0.951956   0.93178576
 0.9413279  0.95018923 0.9457501  0.9294827  0.9618603  0.9216914
 0.9477846  0.9118509  0.94713163 0.94632244 0.9446343  0.9444488
 0.92731    0.94761944 0.9177389  0.9544511  0.9537274  0.9306587
 0.9298334  0.8900149  0.94524336 0.9496457  0.9489729  0.96129334
 0.9329502  0.9426195  0.9496498  0.92751396]",5.5601013e-15,18.11511206626892,1467.581790577031
NNgHMC,0.9,autograd,gaussian,SynchronousLeapfrog,0.3,"[0.91249007 0.94329953 0.93506116 0.9086508  0.9462689  0.9500694
 0.93948126 0.9313959  0.9404305  0.91678876 0.9482349  0.91869354
 0.9604347  0.94044465 0.94383085 0.9550659  0.9064326  0.9336304
 0.9381527  0.9431547  0.94672096 0.94296926 0.9410283  0.92197883
 0.9392211  0.9594543  0.9288158  0.9354812  0.91341275 0.9351942
 0.9420964  0.94554245 0.9526253  0.9338948  0.9388625  0.9511945
 0.9280977  0.95263165 0.90593356 0.95179677 0.93883836 0.95465916
 0.943882   0.95611376 0.92697924 0.9479949  0.93794334 0.9385842
 0.9565263  0.9455317  0.9343698  0.89675033 0.93130636 0.93688077
 0.93896884 0.9489562  0.94906044 0.93459386 0.9552549  0.9478361
 0.9375655  0.9083314  0.952114   0.9504485  0.93105555 0.9492523
 0.918997   0.9586472  0.94852227 0.9291043  0.9519774  0.9316325
 0.9413756  0.9504374  0.9456555  0.9301146  0.96187896 0.9197421
 0.947962   0.90668863 0.9470371  0.9476727  0.9445047  0.94462955
 0.92627466 0.9487447  0.9182393  0.9550079  0.95391643 0.9297771
 0.92887086 0.88379705 0.9450569  0.9496984  0.9490217  0.96137893
 0.93310463 0.94250345 0.9498781  0.9282155 ]",4.691259e-15,17.057764053344727,1460.2349195239321
NNODEgHMC,0.9,autograd,gaussian,SynchronousLeapfrog,0.3,"[0.9126898  0.94324255 0.9349803  0.9065447  0.9462118  0.95020914
 0.938641   0.9314885  0.94072264 0.9182428  0.9479479  0.91903543
 0.96034306 0.94064367 0.9439787  0.95515364 0.9071557  0.9343525
 0.93786335 0.94313765 0.9469092  0.94255626 0.9411132  0.9230806
 0.9396839  0.9593906  0.9283759  0.93514365 0.9137521  0.93503916
 0.9417815  0.94549847 0.95269674 0.93384314 0.93872344 0.95125806
 0.9278859  0.9526329  0.90723675 0.9514999  0.93907255 0.9544015
 0.94378394 0.95613974 0.9271444  0.94758976 0.93794316 0.93891466
 0.9565391  0.94547033 0.93466556 0.89900535 0.93134344 0.9370655
 0.938921   0.948984   0.9488349  0.9349489  0.95526266 0.9480102
 0.93774736 0.9095267  0.9521891  0.9504418  0.9317869  0.9491774
 0.9193823  0.9587016  0.9486766  0.9291409  0.9518608  0.9312897
 0.94168705 0.9504626  0.9457077  0.9299769  0.9619004  0.92081445
 0.94803    0.90630424 0.94733465 0.94717234 0.94447994 0.9445096
 0.9269211  0.94852513 0.91808194 0.9548909  0.9539137  0.93060344
 0.92876005 0.8823718  0.9451458  0.94983095 0.94897765 0.9613719
 0.933632   0.94253397 0.94989794 0.9281106 ]",2.5860695e-14,15.485222101211548,1420.6353917306624
Explicit NNODEgHMC,0.9,autograd,gaussian,SynchronousLeapfrog,0.3,"[0.8851973  0.94582736 0.9124297  0.81853956 0.93379116 0.9112581
 0.929285   0.8720839  0.9348663  0.7963163  0.79199123 0.9097892
 0.9592614  0.9222921  0.9396319  0.9544736  0.83806294 0.93096584
 0.9444363  0.93470454 0.93064916 0.93822116 0.9348334  0.8978232
 0.93281066 0.94775146 0.915555   0.81651056 0.9122962  0.87241954
 0.9339342  0.93160486 0.9326651  0.92612207 0.93343914 0.9316446
 0.8234853  0.9462359  0.7573111  0.9205637  0.92585015 0.93756837
 0.9476824  0.93835604 0.92098475 0.94372404 0.82021224 0.94310874
 0.9473071  0.8116627  0.9338827  0.7642065  0.8754153  0.7717171
 0.9041246  0.8618754  0.9135107  0.8679998  0.9170184  0.9162551
 0.8546233  0.8865616  0.9354106  0.9519221  0.9159824  0.92945355
 0.90482676 0.9538959  0.8892225  0.88119936 0.9483042  0.90812457
 0.8966248  0.89999044 0.9483526  0.92409277 0.9592004  0.7657653
 0.94433755 0.8300977  0.9422831  0.92041874 0.92903507 0.93898267
 0.9283385  0.9032279  0.85651654 0.9455339  0.96023417 0.89357734
 0.8437911  0.85162926 0.8706615  0.94711655 0.9330057  0.927863
 0.8993081  0.91482776 0.93845105 0.93467236]",3.543924e-13,21.080317497253418,94.0568962086452
SymplecticNNgHMC,0.9,autograd,gaussian,SynchronousLeapfrog,0.3,"[0.9137745  0.9433529  0.93510664 0.90690154 0.9454857  0.94959736
 0.9386982  0.9318408  0.94093096 0.91991556 0.94740784 0.9190577
 0.96038073 0.94012564 0.943546   0.95498276 0.90788794 0.9340722
 0.9375197  0.9434471  0.94654006 0.94225204 0.9414902  0.9251391
 0.93960285 0.9591721  0.9284935  0.9352607  0.9148936  0.9348201
 0.9414184  0.9452188  0.95283145 0.9342846  0.9389269  0.9513564
 0.92789936 0.95238304 0.9085529  0.95062846 0.9387588  0.95363915
 0.94375217 0.9559517  0.92656386 0.9474915  0.9383165  0.9393918
 0.95612574 0.9454705  0.9343702  0.901294   0.93126726 0.9370324
 0.9389328  0.94964886 0.9487535  0.9344915  0.9553375  0.94830436
 0.9381275  0.91192734 0.952621   0.9503335  0.9318935  0.9493546
 0.919789   0.95877004 0.9491624  0.9282035  0.9519858  0.93175745
 0.9413902  0.9501826  0.9457607  0.92951983 0.96186805 0.9217485
 0.9477939  0.9118742  0.9471226  0.9463165  0.94459534 0.94439954
 0.927269   0.94765705 0.91768074 0.95447224 0.95373917 0.93069637
 0.9297637  0.8899831  0.94518566 0.94963616 0.94895923 0.9613031
 0.9329642  0.9426715  0.9496574  0.92743146]",1.7687958e-05,48.442832469940186,1488.691558031974
GSymplecticNNgHMC,0.9,autograd,gaussian,SynchronousLeapfrog,0.3,"[0.91404057 0.9434047  0.9351448  0.9068155  0.94545573 0.9495486
 0.93858975 0.93221325 0.94103426 0.91977966 0.9474758  0.9190867
 0.9604268  0.93993914 0.94346166 0.95493764 0.90795726 0.9341215
 0.9375981  0.94359446 0.94652957 0.94221324 0.9415659  0.9250909
 0.93958306 0.95919025 0.9286012  0.9354517  0.9148723  0.9348072
 0.9415471  0.945285   0.952847   0.9344243  0.9390143  0.951513
 0.9279953  0.95236987 0.9084908  0.95062983 0.9387758  0.9536008
 0.94381964 0.95594203 0.92689675 0.947615   0.93836373 0.93940353
 0.95616055 0.94542664 0.93442583 0.90133464 0.93156165 0.9371922
 0.9391424  0.9497746  0.9487874  0.93445694 0.9554329  0.9484963
 0.9382242  0.91185856 0.95266044 0.95038193 0.9318991  0.9494219
 0.91996044 0.9587498  0.9493064  0.9280502  0.9520036  0.9319427
 0.941432   0.95013607 0.9458103  0.9295963  0.9618692  0.921831
 0.9478213  0.9116113  0.9470577  0.94622195 0.94471586 0.94449604
 0.9274027  0.9475496  0.91782284 0.954446   0.95371795 0.9306377
 0.9297611  0.8899252  0.94542456 0.9496249  0.9489937  0.9612793
 0.93300074 0.9426632  0.9497174  0.92775   ]",2.9800925e-05,15.460940599441528,1356.6288179130372
GradSymplecticNNgHMC,0.9,autograd,gaussian,SynchronousLeapfrog,0.3,"[0.9141698  0.9434699  0.93576646 0.9083368  0.9457984  0.9500274
 0.939206   0.93196315 0.94097185 0.9202587  0.9479272  0.9190701
 0.96041656 0.9407549  0.9435939  0.9550171  0.9081012  0.9342731
 0.93771255 0.9435123  0.94663095 0.9426788  0.9414457  0.92565334
 0.9400295  0.9593067  0.92853665 0.9356138  0.9150727  0.9354348
 0.9417378  0.94540757 0.9528322  0.9346065  0.9391632  0.95134306
 0.9280958  0.9525608  0.90880394 0.9512119  0.93893427 0.95393866
 0.9438423  0.95600593 0.9264414  0.9475384  0.93858445 0.93950784
 0.9562113  0.9456636  0.93458927 0.9016735  0.9313199  0.9377537
 0.9388584  0.9496044  0.9487922  0.93501365 0.95540524 0.9482882
 0.93829405 0.9125532  0.95262957 0.95037454 0.93212366 0.94945115
 0.92004144 0.95876455 0.9491528  0.92873    0.9519664  0.93180287
 0.9417112  0.950477   0.94575304 0.92953247 0.9618656  0.9221008
 0.94790256 0.9124644  0.9473836  0.9468564  0.94466376 0.9444503
 0.9273324  0.94816005 0.91804665 0.9546608  0.95383215 0.93088806
 0.93065345 0.8899206  0.9452534  0.9496515  0.94897795 0.96136415
 0.9330888  0.94276035 0.94968414 0.92745495]",5.8892683e-06,115.41265344619751,1428.803946906825
GradGSymplecticNNgHMC,0.9,autograd,gaussian,SynchronousLeapfrog,0.3,"[0.9144346  0.9434539  0.93581456 0.90835464 0.9457924  0.95003164
 0.9391608  0.93219614 0.94106215 0.920284   0.9480333  0.9191016
 0.96044254 0.9406915  0.9435627  0.95499086 0.9080865  0.9343051
 0.93771744 0.9436219  0.94661325 0.9426235  0.9414791  0.9255508
 0.940015   0.95933217 0.92859983 0.93578124 0.91506195 0.93546104
 0.9417996  0.9454708  0.952811   0.934672   0.9391841  0.95145047
 0.92814225 0.95259684 0.90880144 0.95126575 0.93893766 0.9539167
 0.9438469  0.9560184  0.92663956 0.9475905  0.93862057 0.9394695
 0.9562321  0.94566786 0.93454045 0.90178984 0.93153584 0.93792677
 0.93897814 0.949675   0.9488243  0.93507075 0.9554863  0.94838923
 0.93833464 0.9125237  0.95265573 0.9503608  0.9321367  0.9494874
 0.92012167 0.95871705 0.94922864 0.9286504  0.95193577 0.93184394
 0.94174385 0.9504751  0.9457307  0.9295963  0.96186054 0.92218274
 0.9478563  0.91237915 0.9473475  0.94680876 0.9447361  0.94452953
 0.9273309  0.94812864 0.9182397  0.9546747  0.9537896  0.9308654
 0.9307453  0.8900239  0.94542015 0.9496305  0.94904566 0.9613584
 0.9330653  0.94278705 0.9496953  0.92758554]",2.1363841e-05,22.97804093360901,999.4406587575681
HMC,0.9,autograd,high_dimensional_gaussian,SynchronousLeapfrog,0.1,"[0.92548037 0.9368776  0.9337911  0.94042397 0.9406059  0.9310416
 0.92951214 0.9453241  0.9257321  0.93807286 0.9456038  0.9314017
 0.93917626 0.9325186  0.937786   0.94030064 0.94227    0.9382793
 0.93366665 0.9375486  0.93726766 0.94503295 0.9406494  0.94029254
 0.93960017 0.939665   0.92953634 0.9362105  0.94494057 0.9406681
 0.93470275 0.9420352  0.9304947  0.9444417  0.9249214  0.93774164
 0.9413476  0.9427208  0.940796   0.93881035 0.9368364  0.9344945
 0.9320384  0.93905926 0.9264531  0.93791425 0.9363792  0.93490255
 0.94138956 0.9380936  0.93407583 0.9375872  0.93121547 0.9442892
 0.9447794  0.93507624 0.9334961  0.9348105  0.92463624 0.946772
 0.93465275 0.93933743 0.93097055 0.93623805 0.9357015  0.9372503
 0.93516606 0.9350669  0.935919   0.9288266  0.9348687  0.93874586
 0.93661356 0.93917626 0.93427414 0.94130987 0.92657495 0.9372832
 0.93966424 0.93626106 0.94236314 0.94650984 0.939662   0.9442887
 0.935189   0.9341668  0.94835794 0.9326353  0.9337976  0.94422865
 0.9415082  0.93834704 0.9362291  0.9401154  0.92685884 0.925557
 0.93423986 0.9330756  0.94017524 0.93852705]",1.3390044e-15,51.14562392234802,202.38128781107025
NNgHMC,0.9,autograd,high_dimensional_gaussian,SynchronousLeapfrog,0.1,"[0.9253334  0.9368631  0.9337717  0.94044507 0.94060457 0.9309942
 0.9294646  0.9453553  0.9256148  0.9380951  0.9456469  0.93144643
 0.93918455 0.9325037  0.9378368  0.94032496 0.94232965 0.9382701
 0.93363595 0.93755054 0.9372863  0.9450488  0.9406574  0.9403167
 0.9395822  0.9396914  0.92943573 0.93616426 0.9449595  0.9407314
 0.93463933 0.94203174 0.93048465 0.94448566 0.92486155 0.93772954
 0.94139254 0.9427587  0.9408042  0.9387995  0.9367687  0.93445265
 0.93196464 0.93905973 0.9264037  0.937963   0.9363626  0.9348872
 0.94143885 0.9380578  0.93401766 0.9376277  0.93113613 0.9443056
 0.94482386 0.93509674 0.93347996 0.93471575 0.92452526 0.9467915
 0.93462753 0.9393174  0.9309468  0.9362127  0.9357068  0.9372424
 0.9352014  0.9350745  0.93592185 0.9287032  0.9348237  0.93877065
 0.9366034  0.9391941  0.9342424  0.9413287  0.92646426 0.93727756
 0.93966055 0.9362661  0.94238377 0.9465513  0.9396647  0.94433594
 0.9351503  0.93413323 0.94839257 0.93270636 0.9337772  0.9442662
 0.941525   0.93833935 0.936229   0.9401254  0.92686987 0.9254715
 0.93425894 0.93303263 0.9401854  0.9385209 ]",1.5220839e-15,48.98900485038757,194.24794082704378
NNODEgHMC,0.9,autograd,high_dimensional_gaussian,SynchronousLeapfrog,0.1,"[0.9253644  0.93690413 0.93379134 0.94041556 0.94062203 0.9309945
 0.92944306 0.9453552  0.9255605  0.93804884 0.94564885 0.9313032
 0.93918765 0.9324492  0.9377958  0.94030845 0.94232655 0.9382771
 0.93370426 0.93760824 0.9372238  0.94506943 0.94067156 0.9403474
 0.9396102  0.93964624 0.9294507  0.93621063 0.94495666 0.94072336
 0.93468344 0.94207346 0.9304366  0.94447553 0.92488134 0.9377436
 0.9413667  0.9427805  0.9407846  0.9388475  0.93689984 0.93447006
 0.9319662  0.9390465  0.9264555  0.93788505 0.936383   0.9349348
 0.9414267  0.9381145  0.93403804 0.9376192  0.931139   0.9442924
 0.9448177  0.935085   0.93347156 0.93477434 0.92452097 0.94679135
 0.9346358  0.9393563  0.9309621  0.936217   0.9357014  0.9372418
 0.93514574 0.9349939  0.935894   0.928724   0.9349122  0.93872726
 0.9366201  0.9391817  0.9342414  0.94132125 0.9265517  0.9373255
 0.93967336 0.9362817  0.9424033  0.94653577 0.9396569  0.944339
 0.93519807 0.9341485  0.94838846 0.932611   0.93381757 0.9442514
 0.9415352  0.9383787  0.93626994 0.9401368  0.92672175 0.9254364
 0.9342243  0.93302965 0.9401828  0.9385705 ]",1.2858961e-14,44.06622290611267,191.93612258694455
Explicit NNODEgHMC,0.9,autograd,high_dimensional_gaussian,SynchronousLeapfrog,0.1,"[0.921206   0.9347479  0.93183506 0.9380468  0.93873537 0.92797583
 0.926141   0.94387406 0.92172515 0.93572086 0.9440012  0.9280362
 0.936876   0.92821443 0.93555486 0.93784606 0.9405429  0.93647337
 0.9302022  0.9360322  0.93471897 0.9432272  0.93900096 0.9383456
 0.936749   0.93708915 0.92667294 0.9348997  0.9442479  0.9379287
 0.93201584 0.9405428  0.92652833 0.9437906  0.92106456 0.9365959
 0.9388666  0.9402404  0.938795   0.935616   0.9331295  0.9320466
 0.92816913 0.937005   0.9225944  0.9348855  0.93606555 0.9325921
 0.9377508  0.93641424 0.93076885 0.9349654  0.92659277 0.9432528
 0.94345444 0.9327854  0.93046254 0.9326261  0.92004395 0.94629
 0.93241835 0.93760645 0.9292792  0.935307   0.9316834  0.9344548
 0.9326701  0.93108535 0.93393326 0.9266995  0.93069553 0.93670595
 0.93503654 0.93539155 0.9314872  0.9385726  0.92349434 0.9327182
 0.9377084  0.93239164 0.94057834 0.9458636  0.9367253  0.94255984
 0.9322938  0.93130577 0.947873   0.9302839  0.9317597  0.94286656
 0.93957865 0.93504417 0.9330934  0.93788356 0.9225461  0.9226165
 0.9317114  0.9287428  0.9384041  0.93599164]",1.8027656e-14,61.69755268096924,38.813046176033716
SymplecticNNgHMC,0.9,autograd,high_dimensional_gaussian,SynchronousLeapfrog,0.1,"[0.9254839  0.9368755  0.9337945  0.94042367 0.9406058  0.9310421
 0.92951006 0.9453254  0.92573136 0.9380708  0.94560546 0.9314038
 0.939175   0.93251956 0.93778694 0.9402954  0.9422676  0.93828094
 0.93366617 0.93755007 0.93726623 0.9450325  0.9406477  0.94029474
 0.9396024  0.93966496 0.9295354  0.9362027  0.94494045 0.940664
 0.9347042  0.9420368  0.93049276 0.94444    0.9249222  0.93773735
 0.9413475  0.94271964 0.94079554 0.9388118  0.93682927 0.9344969
 0.93203545 0.9390575  0.92645586 0.93791616 0.9363825  0.93490636
 0.94139    0.93809026 0.93407387 0.93758416 0.9312128  0.94428986
 0.9447787  0.93507767 0.9334949  0.93480986 0.92463434 0.9467709
 0.9346501  0.9393363  0.9309727  0.9362361  0.9356983  0.9372511
 0.9351667  0.9350662  0.93591875 0.92882955 0.9348733  0.9387433
 0.93661565 0.93917596 0.93427646 0.94130945 0.926573   0.9372816
 0.9396652  0.93626213 0.94236326 0.9465127  0.9396614  0.94428873
 0.9351832  0.93416977 0.9483585  0.9326374  0.9337958  0.94422567
 0.9415064  0.93835056 0.9362277  0.9401168  0.9268607  0.9255564
 0.93423784 0.9330813  0.9401724  0.93853015]",3.3515698e-07,131.23786783218384,223.42269192776024
GSymplecticNNgHMC,0.9,autograd,high_dimensional_gaussian,SynchronousLeapfrog,0.1,"[0.92549676 0.93687767 0.9337926  0.94043493 0.9406063  0.9310303
 0.9295074  0.9453286  0.92572165 0.9380759  0.9455918  0.93140054
 0.9391732  0.93251747 0.9378004  0.9402957  0.9422733  0.9382989
 0.93368363 0.93755615 0.9372678  0.94502115 0.9406543  0.9402971
 0.93960637 0.9396686  0.929544   0.93620646 0.9449409  0.94066525
 0.93470496 0.9420321  0.93050313 0.94444984 0.9249358  0.93775225
 0.94135064 0.94272494 0.94079673 0.9388051  0.93683064 0.9344907
 0.9320489  0.9390522  0.92643356 0.93791217 0.93637455 0.93491286
 0.9413904  0.9380931  0.93408334 0.93760204 0.93120545 0.94429207
 0.94477904 0.9350705  0.9335029  0.9348346  0.9246334  0.9467797
 0.9346449  0.93933153 0.9309747  0.9362502  0.93570304 0.9372544
 0.9351728  0.93506783 0.9359137  0.92882437 0.9348763  0.93874395
 0.9365927  0.9391842  0.93427694 0.9413191  0.92654705 0.93728155
 0.9396655  0.9362626  0.9423684  0.94651103 0.939669   0.94429564
 0.93519247 0.9341711  0.94835925 0.93267673 0.9338081  0.9442329
 0.94150823 0.93834865 0.93623793 0.9401206  0.92685294 0.92556375
 0.9342463  0.93307513 0.94017994 0.93853176]",1.0229062e-05,69.5909812450409,222.42001095386487
GradSymplecticNNgHMC,0.9,autograd,high_dimensional_gaussian,SynchronousLeapfrog,0.1,"[0.92548954 0.9368757  0.93379354 0.94042385 0.940606   0.9310393
 0.9295146  0.94532675 0.92573416 0.9380729  0.945608   0.9314057
 0.9391777  0.93252534 0.93779373 0.94029874 0.94227207 0.9382803
 0.9336707  0.93755615 0.93726826 0.9450339  0.9406521  0.9402949
 0.9396016  0.9396669  0.929537   0.9362099  0.9449412  0.94067043
 0.93470335 0.9420378  0.93049735 0.94444466 0.92492884 0.93773746
 0.9413495  0.94272506 0.9407968  0.93881506 0.9368393  0.9344959
 0.9320421  0.93905914 0.9264549  0.93791866 0.9363827  0.9349079
 0.9413934  0.93808997 0.93407667 0.937592   0.9312126  0.94429016
 0.9447807  0.9350835  0.9334967  0.93481636 0.9246389  0.94677085
 0.9346494  0.93934125 0.9309745  0.9362353  0.9357046  0.93725413
 0.93516684 0.9350735  0.9359185  0.92882967 0.9348775  0.93874633
 0.9366173  0.939182   0.9342756  0.94131184 0.9265784  0.9372815
 0.93966407 0.936265   0.94236743 0.94651175 0.9396631  0.94429153
 0.9351897  0.93416655 0.9483592  0.932642   0.93379784 0.9442276
 0.94150627 0.93835104 0.93623656 0.94011843 0.9268609  0.9255599
 0.934247   0.93308294 0.9401748  0.9385308 ]",8.0889194e-08,389.40957593917847,223.73707950553853
GradGSymplecticNNgHMC,0.9,autograd,high_dimensional_gaussian,SynchronousLeapfrog,0.1,"[0.9254904  0.936876   0.93380105 0.9404363  0.94060457 0.93104094
 0.92951363 0.94533056 0.9257433  0.9380824  0.945608   0.93140113
 0.9391796  0.93252057 0.937785   0.94029856 0.9422762  0.9382894
 0.93368113 0.9375552  0.93726534 0.9450315  0.94065106 0.94030213
 0.9395983  0.93967503 0.92954516 0.93622464 0.94493914 0.940674
 0.9347064  0.9420328  0.9304933  0.9444515  0.92494977 0.9377456
 0.9413461  0.9427282  0.9407977  0.9388169  0.9368407  0.9344913
 0.93205    0.9390582  0.9264624  0.93792385 0.9363866  0.9349036
 0.94140184 0.93808746 0.9340813  0.9375948  0.9312209  0.944293
 0.9447829  0.93508375 0.93350524 0.93482876 0.924623   0.94677466
 0.93464875 0.9393419  0.9309816  0.93624866 0.93570656 0.93725574
 0.9351703  0.9350704  0.9359207  0.9288387  0.93488    0.9387474
 0.9366016  0.93918484 0.934278   0.9413142  0.9265508  0.93729275
 0.93966544 0.936258   0.9423679  0.9465146  0.9396653  0.9443023
 0.9351942  0.9341718  0.9483619  0.93267316 0.93380404 0.9442281
 0.9415075  0.9383556  0.93624175 0.9401114  0.92686    0.9255697
 0.93423593 0.9330756  0.9401864  0.9385249 ]",8.588753e-06,238.32031083106995,222.69270765266828
HMC,0.9,autograd,normal_normal,SynchronousLeapfrog,0.1,"[0.90320796 0.9382857  0.9472822  0.92597026 0.8856765  0.9176783
 0.9273968  0.9351448  0.9504447  0.9358748  0.949713   0.91667527
 0.9479024  0.9157554  0.9527255  0.92685384 0.9436273  0.91618204
 0.9412114  0.9445926  0.93714976 0.94453657 0.93904275 0.9108058
 0.9422617  0.9489586  0.9444677  0.9434513  0.9457382  0.93690765
 0.93824565 0.94804144 0.922853   0.93678254 0.93462074 0.9441072
 0.9381379  0.94170606 0.94173807 0.9419017  0.93968743 0.94627035
 0.93197525 0.9395182  0.9314996  0.9332301  0.93545693 0.94395053
 0.9406613  0.9474599  0.9278352  0.9432265  0.95119995 0.94963825
 0.92570007 0.94924545 0.93730944 0.94098794 0.91142076 0.95252675
 0.9501633  0.94633055 0.9393407  0.94047135 0.9431647  0.93895787
 0.9459119  0.9285147  0.93730664 0.94472855 0.9478695  0.94764614
 0.92288935 0.9320113  0.950757   0.9442133  0.9386984  0.9241964
 0.93235624 0.93086326 0.94504786 0.9463482  0.9271676  0.94041073
 0.93942463 0.92524517 0.94323003 0.95302486 0.9370353  0.9459033
 0.92974824 0.9159779  0.9452548  0.9386035  0.9393629  0.9387263
 0.9497055  0.93833196 0.94080204 0.94289416]",1.3505168e-15,83.4939751625061,310.41833674780776
NNgHMC,0.9,autograd,normal_normal,SynchronousLeapfrog,0.1,"[0.9034711  0.9373907  0.9473467  0.9262246  0.8368074  0.917443
 0.9259279  0.9357587  0.950415   0.9360838  0.9500898  0.904498
 0.9472594  0.9161743  0.95269006 0.92697257 0.9433528  0.91740716
 0.9412491  0.9440686  0.93670386 0.9448371  0.9385435  0.91141427
 0.94249845 0.9488332  0.94443786 0.94396114 0.94589174 0.93715715
 0.93743247 0.9487378  0.92322034 0.9366676  0.9345635  0.9447755
 0.93802017 0.9417164  0.9417572  0.94209385 0.94099015 0.94626844
 0.93183494 0.9393489  0.931262   0.93323934 0.93428344 0.94405335
 0.94003296 0.9476249  0.9272952  0.94327486 0.95129526 0.9495417
 0.926202   0.9490739  0.937569   0.9409491  0.9102949  0.9524778
 0.95002955 0.9465884  0.9393035  0.94071263 0.9432821  0.93890524
 0.9459869  0.92867726 0.93722725 0.94450045 0.9475584  0.94799536
 0.92379534 0.93259346 0.95129555 0.9445502  0.9384975  0.92367816
 0.93202275 0.9287304  0.9452259  0.94627213 0.9272789  0.9400906
 0.9399309  0.92585915 0.9427368  0.95295763 0.93688524 0.9459599
 0.9299798  0.91625226 0.945577   0.9383831  0.9393675  0.93795824
 0.94997233 0.938708   0.9409773  0.94304407]",1.2350537e-15,76.18258213996887,285.96502934409534
NNODEgHMC,0.9,autograd,normal_normal,SynchronousLeapfrog,0.1,"[0.9034815  0.9377546  0.94730675 0.92602533 0.85187995 0.91707766
 0.92682064 0.9354817  0.95049477 0.9358705  0.9499206  0.9095305
 0.94748247 0.915604   0.9527372  0.9270178  0.9435753  0.91963565
 0.94123626 0.9445076  0.9367692  0.9449694  0.9388138  0.91099113
 0.94249475 0.94905984 0.9444227  0.94370496 0.9457488  0.93715686
 0.9378829  0.9484276  0.92505205 0.93712425 0.93471116 0.944824
 0.93792295 0.94178736 0.9417299  0.94224876 0.9411309  0.9462569
 0.93180954 0.93963784 0.9312066  0.93325466 0.93507576 0.9439556
 0.9405098  0.94743896 0.9274718  0.9431817  0.951223   0.94964015
 0.92574    0.94932383 0.93759036 0.94096565 0.910947   0.95249814
 0.95019245 0.94624853 0.93925786 0.9407195  0.94318855 0.9389526
 0.9460269  0.9284665  0.93713975 0.94462633 0.9478071  0.9476317
 0.9236822  0.9321839  0.9511327  0.9441385  0.93853796 0.92399764
 0.9321078  0.9293016  0.9451074  0.94628036 0.9272059  0.940523
 0.93982524 0.9253638  0.9428846  0.95299864 0.936919   0.9459257
 0.9296949  0.91617954 0.9451992  0.9384455  0.93937725 0.9384467
 0.94968545 0.93862575 0.9408088  0.94292724]",1.32022214e-14,59.70720410346985,282.2310695749054
Explicit NNODEgHMC,0.9,autograd,normal_normal,SynchronousLeapfrog,0.1,"[0.89158314 0.93430936 0.9463002  0.92048454 0.46526092 0.91254663
 0.90388006 0.9346425  0.9499833  0.93596697 0.94777966 0.8585777
 0.9488311  0.9079728  0.9527283  0.92241114 0.93945646 0.88211167
 0.940537   0.9432186  0.93610543 0.9401587  0.94001836 0.9061324
 0.93799704 0.9491019  0.9445211  0.94197536 0.94591045 0.92974806
 0.92828023 0.94776523 0.8917376  0.92787254 0.93203473 0.93680656
 0.93511665 0.93933785 0.9409207  0.9396669  0.93026346 0.9458051
 0.92940205 0.9397111  0.9281597  0.93253934 0.9208796  0.9448006
 0.932219   0.94676536 0.925197   0.9391297  0.95120144 0.9492136
 0.9202342  0.94948214 0.9338591  0.94159174 0.9117212  0.9524398
 0.9497305  0.9441878  0.93701315 0.9397453  0.94209087 0.9366721
 0.94427633 0.9250989  0.93516934 0.9449128  0.9472665  0.9456811
 0.91180795 0.92834437 0.9498855  0.94521683 0.93632436 0.9210892
 0.9292175  0.92014015 0.94460094 0.9428556  0.9211075  0.93220556
 0.93568915 0.91917753 0.94436496 0.95295787 0.93539906 0.9454168
 0.92584175 0.91549575 0.94299644 0.9361551  0.93861675 0.9307127
 0.9502256  0.936938   0.94068503 0.9444003 ]",1.8307094e-14,75.7888696193695,170.8816042508617
SymplecticNNgHMC,0.9,autograd,normal_normal,SynchronousLeapfrog,0.1,"[0.90446186 0.9366781  0.947235   0.926867   0.7864828  0.9204539
 0.9194435  0.93625796 0.95025575 0.9364126  0.9505482  0.89640415
 0.94651127 0.9187638  0.952484   0.9255883  0.94238424 0.91945946
 0.94152707 0.94379437 0.9378583  0.9444995  0.9386524  0.9150933
 0.94126004 0.9488636  0.94433916 0.94377536 0.9461693  0.93532914
 0.93528986 0.94905114 0.9241725  0.9359591  0.9353358  0.945258
 0.9391079  0.9418453  0.941745   0.94216454 0.9418787  0.9460745
 0.9325112  0.93947    0.93189466 0.93255794 0.92998046 0.9441163
 0.9390781  0.94792557 0.9278135  0.9430586  0.95145476 0.9489257
 0.9274606  0.9487839  0.93776196 0.94095945 0.9119579  0.95238227
 0.9494915  0.94723153 0.9396051  0.9406071  0.94348645 0.9388242
 0.9458329  0.9292631  0.93784636 0.94458115 0.94753575 0.94870275
 0.92081714 0.93276924 0.95122886 0.9456831  0.9389229  0.92441
 0.93286693 0.9294157  0.94540405 0.9458822  0.92652696 0.93931407
 0.9390859  0.92635727 0.94166195 0.9529624  0.9374478  0.9457695
 0.931739   0.915696   0.94638336 0.9388213  0.938939   0.9358794
 0.95065784 0.938482   0.94118756 0.9430804 ]",0.0022437873,145.16392755508423,31.102451934945766
GSymplecticNNgHMC,0.9,autograd,normal_normal,SynchronousLeapfrog,0.1,"[0.9027643  0.9384402  0.9471938  0.92581314 0.8797449  0.917603
 0.927634   0.93533486 0.95036304 0.9359354  0.9498311  0.9152906
 0.94788134 0.9157507  0.9527391  0.92681384 0.94374263 0.9189412
 0.94121516 0.9445359  0.93710244 0.94464064 0.93892807 0.9109101
 0.94253826 0.94888675 0.9443876  0.94365495 0.9457528  0.9371376
 0.9385659  0.9482309  0.9239135  0.936927   0.9344043  0.9442205
 0.9383222  0.9416264  0.9416547  0.9418192  0.9400326  0.9461831
 0.9319681  0.93947387 0.9314744  0.9330451  0.9359166  0.94393575
 0.94062746 0.9475975  0.9277491  0.9435735  0.95123565 0.94963133
 0.92555755 0.94922245 0.93726707 0.940942   0.9113426  0.9525455
 0.95010585 0.9465928  0.93928593 0.94054747 0.94315934 0.9388394
 0.94580907 0.9282702  0.9373104  0.94466925 0.94772613 0.9478795
 0.92322415 0.9318215  0.9508791  0.9443094  0.9389005  0.92408895
 0.93232715 0.9312555  0.9450592  0.94655454 0.9272277  0.940392
 0.93963236 0.9250111  0.9431554  0.95304716 0.9370003  0.94582117
 0.9297404  0.91596544 0.9455441  0.938539   0.93923724 0.9388455
 0.94982016 0.9384114  0.94080687 0.9429115 ]",0.00012970252,67.50635075569153,350.8420699568169
GradSymplecticNNgHMC,0.9,autograd,normal_normal,SynchronousLeapfrog,0.1,"[0.90111554 0.9366678  0.946947   0.9244089  0.7601778  0.9187803
 0.9198005  0.936026   0.9499043  0.9364859  0.95081013 0.8986702
 0.94676316 0.9171567  0.9526269  0.9265461  0.94351614 0.91747653
 0.94117707 0.9430344  0.9371989  0.94523144 0.9385614  0.9143009
 0.94132364 0.94843906 0.94402933 0.9436548  0.94600093 0.93528223
 0.93414223 0.94912213 0.9249832  0.9368566  0.93357885 0.9450326
 0.939017   0.9416027  0.9414336  0.940742   0.9419543  0.9458615
 0.9319991  0.93897027 0.9311756  0.9326192  0.930478   0.9441368
 0.9389795  0.947531   0.926672   0.9420022  0.95128363 0.9492342
 0.9260248  0.948665   0.93649524 0.94085807 0.91011226 0.95257014
 0.9495592  0.94690055 0.93888223 0.94065917 0.94291437 0.937987
 0.94519585 0.92798376 0.93737924 0.94439954 0.946953   0.94816947
 0.9198343  0.9311938  0.9514867  0.9456028  0.9385208  0.9233286
 0.93210095 0.92951626 0.9450511  0.94541407 0.9261371  0.9394431
 0.9385176  0.924246   0.94209385 0.9530408  0.936979   0.94547653
 0.9309801  0.9153265  0.9455447  0.93778145 0.93848705 0.9359697
 0.9507736  0.93799186 0.9410555  0.9432392 ]",0.002129617,394.7948353290558,286.4907663724778
GradGSymplecticNNgHMC,0.9,autograd,normal_normal,SynchronousLeapfrog,0.1,"[0.9033102  0.93841064 0.947299   0.9261386  0.88359416 0.91782254
 0.9273338  0.9351551  0.9504787  0.93588316 0.9496862  0.9153824
 0.94789743 0.91573024 0.95271105 0.9265968  0.9435403  0.91766375
 0.9411919  0.94473183 0.93721247 0.9443657  0.93903035 0.91100395
 0.94224876 0.9490019  0.94450593 0.94344556 0.9457269  0.93684804
 0.93828297 0.94810694 0.92290753 0.93645144 0.9348366  0.9440588
 0.9382367  0.9417275  0.9417526  0.9420687  0.93967474 0.94629145
 0.93198246 0.93967664 0.9315227  0.9332186  0.9355268  0.94393003
 0.9404802  0.9474463  0.92796683 0.94328105 0.9511795  0.9496105
 0.9256855  0.9492222  0.937479   0.94095075 0.91160125 0.9525056
 0.9501728  0.94633365 0.93938386 0.9404882  0.9432055  0.9390086
 0.94598055 0.9284882  0.93730944 0.9447125  0.9479377  0.94766396
 0.92283666 0.9320102  0.95078725 0.94422305 0.9388382  0.924255
 0.932398   0.9311371  0.94506544 0.9463393  0.92711675 0.9401962
 0.9393851  0.9252546  0.9431877  0.95299214 0.93706167 0.94592464
 0.9298136  0.91608274 0.94530123 0.9386887  0.9393915  0.9386225
 0.9496915  0.9382781  0.94081056 0.9429206 ]",5.348791e-05,110.95536017417908,331.8504193705009
HMC,1.0,autograd,banana,SynchronousLeapfrog,0.1,"[0.8939431  0.96993196 0.8872129  0.7008554  0.9087626  0.9295411
 0.92045677 0.9338276  0.9623865  0.866197   0.9385817  0.89804476
 0.9647713  0.6177711  0.95376253 0.79851484 0.9002756  0.8920765
 0.966715   0.94685906 0.9668941  0.9815768  0.8051526  0.9432801
 0.9538211  0.9477247  0.9190339  0.959723   0.9395255  0.95283353
 0.95186776 0.8604306  0.8683065  0.9888484  0.7751126  0.96219575
 0.8722446  0.9111416  0.91821593 0.95713437 0.89162105 0.9762845
 0.9130938  0.87906206 0.8597717  0.8527724  0.77189314 0.9202029
 0.934519   0.9513531  0.8794963  0.87272143 0.9820203  0.9830003
 0.9318325  0.8897178  0.9416307  0.86408657 0.9420061  0.9239894
 0.84039485 0.9398092  0.97181845 0.9311032  0.9419372  0.9714925
 0.9420047  0.8503932  0.91567725 0.87865865 0.84515876 0.9014327
 0.9830681  0.94468087 0.94210714 0.8896369  0.90124035 0.91006196
 0.74416536 0.8657538  0.90910435 0.935799   0.91994995 0.92941797
 0.96336    0.8470305  0.90350246 0.963943   0.9695308  0.97871816
 0.91697234 0.91967666 0.9414023  0.9609164  0.92671317 0.9636919
 0.9121957  0.9173795  0.96679896 0.91482866]",6.076561e-13,23.529244661331177,1.343913080510769
NNgHMC,1.0,autograd,banana,SynchronousLeapfrog,0.1,"[0.7125858  0.9336628  0.36885437 1.9384058  0.8066856  0.9590974
 0.3981167  0.7318513  0.97525775 0.41826662 0.62479144 0.0947287
 0.9664558  3.8684063  0.79019135 0.6455661  0.60057795 0.9056367
 0.60746783 0.90909004 0.8912182  0.97758913 0.5715745  0.32830864
 0.706628   0.6281904  0.5422625  0.7500161  0.8881602  0.6499796
 0.6894254  0.89778936 0.32166874 0.9590752  2.108009   0.9469229
 0.2115364  0.70944184 0.9342499  0.88637626 0.7847681  0.81528604
 0.275872   0.35252005 0.307164   0.78950995 1.7701725  0.75267684
 0.93561995 0.48789877 0.2528847  0.9084052  0.982759   0.98470736
 0.4801737  0.46904072 0.73844284 1.1964959  0.9452192  0.7311586
 0.63470256 0.93856823 0.9536528  0.02546429 0.6648179  0.8408989
 0.92172146 0.9312695  0.32129738 1.0189385  0.520378   0.9228503
 0.9766445  0.96013284 0.33038902 0.9063076  0.58722734 0.92388475
 0.01270139 0.89485633 0.58993554 0.48359403 0.87656564 0.957808
 0.9636506  0.80513567 0.73328686 0.8415561  0.87371826 0.975927
 0.84449625 0.79598176 0.7323655  0.9499704  0.404487   0.8723785
 0.47511888 0.36237216 0.8238346  0.79126406]",4.5474734e-15,19.756267309188843,1.5199351228023552
NNODEgHMC,1.0,autograd,banana,SynchronousLeapfrog,0.1,"[0.7309065  0.8273012  0.06755166 1.2764995  0.6590172  0.9152305
 0.52631396 0.83694494 0.9719574  0.02647558 0.79351664 0.27990216
 0.96476924 4.618823   0.77995527 0.44801998 0.61442435 0.9085452
 0.34909362 0.9076867  0.74048966 0.945996   0.5760704  0.01617701
 0.71224344 0.38616395 0.7655654  0.7585989  0.92142075 0.6580919
 0.48689684 0.85932446 0.5933521  0.9531695  1.4336138  0.95804584
 0.15256742 0.7245554  0.8727571  0.9113175  0.8686325  0.7074825
 0.58154553 0.36688632 0.2434223  1.2141993  1.1127397  0.7441143
 0.89087677 0.1683985  0.21104702 0.91496485 0.97702074 0.9841541
 0.34627303 0.6911081  0.7488611  1.704766   0.94813716 0.78611803
 0.444576   0.9562003  0.9762486  0.41128606 0.84141576 0.8183174
 0.807413   0.90851974 0.5731396  1.4897789  0.11335178 0.89629674
 0.9746002  0.9630529  0.00669783 0.8849029  0.5900881  0.84765714
 0.18323573 1.3751745  0.59438646 0.17022388 0.73000133 0.95944536
 0.9506383  0.85045004 0.8344609  0.9373085  0.6987246  0.96050805
 0.85650957 0.6303155  0.61441225 0.8684069  0.64781255 0.9506031
 0.679788   0.09181628 0.81754416 0.852924  ]",7.659736e-11,25.883481740951538,1.7428244422784487
Explicit NNODEgHMC,1.0,autograd,banana,SynchronousLeapfrog,0.1,"[0.66399205 0.97205186 0.5268651  0.5688189  0.89493984 0.9353789
 0.25986943 0.621637   0.9699178  0.04691454 0.36200702 0.18110305
 0.9605578  5.111679   0.8261373  0.8566487  0.63144153 0.90892744
 0.7127542  0.9241903  0.74761057 0.9840411  0.49477148 0.5159782
 0.6543828  0.7562613  0.7149215  0.700417   0.842796   0.59330535
 0.82736397 0.9098767  0.0760084  0.9742845  2.025876   0.90592784
 0.7138368  0.7298951  0.93018025 0.8447424  0.8514732  0.88285744
 0.8300977  0.38938922 0.44599885 0.41478676 0.614462   0.71576595
 0.95633554 0.23238298 0.32786107 0.9124752  0.98554134 0.98687875
 0.5841364  0.19909507 0.76292217 0.80082005 0.94821256 0.659865
 0.7598525  0.84712666 0.861145   0.12018955 0.7373308  0.87819016
 0.90189874 0.9295041  0.05434637 0.56879604 1.0511053  0.9164478
 0.9761754  0.9319825  0.18024242 0.9179165  0.5343741  0.9321518
 0.15326993 0.5867461  0.535278   0.19310486 0.753526   0.9615349
 0.94309187 0.83930105 0.6125308  0.64945364 0.40156874 0.92413133
 0.85273594 0.90614426 0.81069255 0.87466204 0.21254835 0.9070219
 0.18514797 0.56721544 0.7924484  0.7167611 ]",8.022653e-11,40.45480966567993,1.9364924692727399
SymplecticNNgHMC,1.0,autograd,banana,SynchronousLeapfrog,0.1,"[0.58998317 0.89429295 0.8526362  5.491762   0.8881714  0.55731213
 0.08464929 0.4214556  0.97228545 2.5706055  0.16846356 2.0484254
 0.9370777  1.1960329  0.8393165  1.2302332  0.59951603 0.90971345
 0.9649832  0.93769234 0.81734    0.9602145  0.2928625  0.88875884
 0.6376499  0.94521207 0.7924881  0.6760826  0.7460317  0.5542203
 0.95351    0.885074   0.9458175  0.9828972  5.1260986  0.7912202
 1.7284784  0.7579102  0.7786414  0.7861986  0.15718228 0.94895804
 1.6211113  0.4672246  0.57265306 0.02710714 5.1045256  0.74057883
 0.9548804  0.9631723  0.48213482 0.90142536 0.9796585  0.98584366
 0.7442665  0.26258266 0.7840309  0.01665092 0.94882905 0.5310434
 0.91121674 0.49904364 0.6225948  0.7594761  0.5066047  0.9171812
 0.72435665 0.5421114  0.83899635 0.05056094 2.0809937  0.84676903
 0.9841312  0.8626382  0.91010684 0.915372   0.49184203 0.6153189
 0.52815175 0.24587262 0.47696507 0.9371325  0.8138792  0.9662053
 0.85352004 0.03323136 0.30443332 0.16805965 0.8133173  0.7427467
 0.8409609  0.9392082  0.8998574  0.6159283  0.9186375  0.03289546
 0.39780068 0.75734013 0.79561156 0.6366284 ]",0.030326521,118.09392166137695,1.3088795161624187
GSymplecticNNgHMC,1.0,autograd,banana,SynchronousLeapfrog,0.1,"[8.7416232e-01 9.6411419e+00 4.1538750e+01 4.4395224e+02 1.5261649e+01
 4.2312424e+01 7.7157372e-01 7.3019505e-01 8.8469118e-01 3.8986279e+01
 4.5308714e+00 3.8596741e+01 8.9729327e-01 8.8451337e+02 9.0148896e-01
 5.2525747e-01 8.4894133e-01 9.1228312e-01 4.8152924e+01 8.8208532e-01
 7.7818253e+01 7.2847879e-01 3.1318218e-01 3.7072571e+01 7.7452290e-01
 3.6603310e+01 4.0214520e+01 8.2358479e-01 8.3028686e-01 8.1340706e-01
 1.8970994e+00 4.5448089e-01 2.7204962e+01 9.5152569e-01 4.1354496e+01
 5.0423384e-01 9.1203632e+00 5.9592956e-01 4.2677011e+00 9.4545794e-01
 5.4115425e+01 5.6449503e-01 8.0529041e+02 3.2094011e-01 4.0023452e-01
 5.1732597e+00 2.3139709e+02 6.2590897e-01 5.9275079e-01 9.1362469e+02
 2.3711121e-01 7.8821820e-01 9.7638559e-01 9.7069895e-01 2.5632593e-01
 7.2620976e-01 7.6465130e-01 3.6635616e+01 9.3428820e-01 8.6903638e-01
 1.0308093e+00 1.9402752e+01 2.9561992e+00 4.9306622e+01 4.3810265e+01
 8.0565536e-01 3.7888145e+01 5.2835594e+01 7.6850243e+00 1.3661497e+01
 3.9076176e+00 3.8037294e-01 9.8207045e-01 8.2328641e-01 5.0116676e+01
 7.2755402e-01 7.7047908e-01 4.5709770e+01 6.2363207e-01 4.6271893e+01
 8.3245885e-01 6.5893256e+02 5.9067093e+01 9.3461370e-01 4.5930886e-01
 3.8429665e+01 2.6626074e-01 1.1536952e+01 8.0160486e+02 3.0801806e+00
 6.7935741e-01 7.1394339e+00 4.7229490e-01 7.1417801e+01 3.3794899e+01
 4.0701286e+01 3.4309325e+00 2.5309176e+00 8.2185125e-01 8.5873121e-01]",6.4361496,36.02100110054016,8.721255693136087
GradSymplecticNNgHMC,1.0,autograd,banana,SynchronousLeapfrog,0.1,"[0.5465965  0.91043586 0.88780516 3.662335   0.88625515 0.6738099
 0.22421275 0.48947582 0.953809   1.4821947  0.09199937 1.1706257
 0.90540075 2.0064678  0.9207984  0.8475636  0.7657757  0.9020271
 0.9720329  0.95021904 0.862761   0.93779224 0.2513952  0.8919388
 0.62007296 0.95980144 0.27840108 0.65282243 0.7143091  0.53147185
 0.95509195 0.84888285 0.35945028 0.98902214 3.2289214  0.78774285
 0.98082244 0.82655716 0.78468436 0.75574267 0.08904517 0.9709532
 0.9116192  0.53850836 0.33975634 0.1337319  3.311935   0.71687764
 0.9290897  0.96143866 0.5287882  0.929976   0.9690285  0.96315444
 0.7883472  0.05147146 0.86175746 0.02630001 0.9478945  0.51334333
 0.8897655  0.620977   0.68889683 0.77489614 0.09800206 0.9562377
 0.7721192  0.6689825  0.38830632 0.04937505 1.281591   0.8165111
 0.9650527  0.86084193 0.92430466 0.8846307  0.4647983  0.6798792
 0.37273917 0.25014633 0.4340484  0.95483106 0.86559534 0.9413177
 0.8353729  0.17431653 0.36782128 0.3632633  0.858279   0.77776814
 0.9097888  0.92683077 0.9264544  0.7011082  0.40843773 0.27416986
 0.08706525 0.8208887  0.7495553  0.66762006]",0.07006756,217.91235280036926,6.928944738248708
GradGSymplecticNNgHMC,1.0,autograd,banana,SynchronousLeapfrog,0.1,"[8.9487910e-01 5.6012516e+00 2.6057404e+01 1.5854312e+02 8.1967764e+00
 4.8899933e+01 7.5969666e-01 8.3780020e-01 8.6745894e-01 4.5581261e+01
 1.6789434e+00 4.5496929e+01 9.6359557e-01 1.3511621e+02 9.5400184e-01
 6.4326233e-01 8.9599025e-01 8.7360275e-01 3.0099060e+01 9.3704122e-01
 4.6355709e+01 9.7636288e-01 5.9745520e-01 2.4076607e+01 7.9827404e-01
 2.4237717e+01 4.7475761e+01 8.2215184e-01 9.1698611e-01 8.2913852e-01
 6.8642288e-02 8.6606610e-01 1.7571606e+01 9.9017966e-01 3.3435715e+01
 9.3270910e-01 4.8373604e+00 8.9594352e-01 1.7059641e+00 9.5112228e-01
 4.6244350e+01 9.6805525e-01 2.1178830e+02 7.4550813e-01 5.9450108e-01
 2.4726233e+00 5.2357002e+01 6.7381877e-01 9.3258381e-01 1.3336751e+02
 6.9999135e-01 9.4334316e-01 9.7493315e-01 9.8686165e-01 8.1775939e-01
 5.3052020e-01 9.0923023e-01 2.1045425e+01 9.5801753e-01 8.9955997e-01
 3.2148176e-01 1.2257895e+01 8.7434781e-01 3.4033058e+01 4.4162758e+01
 9.4933623e-01 4.5371483e+01 3.7854622e+01 4.3335419e+00 8.6343431e+00
 1.3204601e+00 8.8243377e-01 9.5984620e-01 9.6266830e-01 5.0608887e+01
 8.9946741e-01 7.4789208e-01 3.4945778e+01 7.0781392e-01 2.5767906e+01
 8.3186090e-01 1.0319906e+02 4.9472893e+01 9.6010870e-01 9.3854439e-01
 4.3453064e+01 8.2384527e-01 7.3850670e+00 1.4643341e+02 8.2961416e-01
 9.6064806e-01 3.3788180e+00 9.4072998e-01 4.5347900e+01 2.2042412e+01
 4.4997925e+01 8.6806667e-01 5.7509398e-01 8.1665289e-01 7.8685009e-01]",3.4280322,84.25579309463501,24.457539207023387
HMC,1.0,autograd,gaussian,SynchronousLeapfrog,0.3,"[0.9114342  0.94829434 0.9029435  0.9091158  0.95210665 0.94616735
 0.94567394 0.9467368  0.937148   0.92505395 0.9028125  0.94136286
 0.95196426 0.9310462  0.94856167 0.93235445 0.94440264 0.94774294
 0.9562208  0.9423186  0.9485998  0.93214583 0.9544506  0.9451151
 0.9213432  0.9541537  0.9458151  0.9485167  0.92135763 0.9257147
 0.9423961  0.9269551  0.9326753  0.8784914  0.94705045 0.9593533
 0.938394   0.92799103 0.93769836 0.9486517  0.9276811  0.9288718
 0.93043995 0.94016397 0.9573904  0.9390594  0.93228024 0.94421095
 0.9559674  0.9158554  0.9446595  0.94384354 0.9444558  0.9449309
 0.9593018  0.9503447  0.95434415 0.9430374  0.9405968  0.94741696
 0.92373085 0.94004834 0.95293707 0.9471633  0.94111633 0.9442276
 0.89991915 0.9524604  0.9404659  0.9321321  0.9415142  0.9502435
 0.9355714  0.93888843 0.94794863 0.9288796  0.9412106  0.94709796
 0.94179887 0.92066425 0.9349607  0.89268535 0.94444406 0.9543724
 0.9556011  0.94071555 0.9457204  0.94653606 0.9382846  0.9469116
 0.92530483 0.9397212  0.94076025 0.9506809  0.93590516 0.9488594
 0.94512504 0.94641566 0.95834225 0.9171447 ]",6.959248e-15,18.4309298992157,1309.4776876471112
NNgHMC,1.0,autograd,gaussian,SynchronousLeapfrog,0.3,"[0.9111156  0.94848466 0.9030749  0.90514565 0.9527044  0.9469224
 0.9465393  0.9465698  0.93728626 0.9242548  0.90056247 0.9414622
 0.9518082  0.93226355 0.94850993 0.9325773  0.94430304 0.9476584
 0.95639694 0.9421997  0.9486325  0.9322445  0.95437026 0.9457261
 0.9194267  0.9540555  0.9458016  0.9487063  0.9206567  0.92464703
 0.94279134 0.9274421  0.9332603  0.87765694 0.9473566  0.9593868
 0.9381505  0.9278507  0.9378158  0.9494308  0.9266156  0.9280127
 0.9306771  0.9406957  0.9574319  0.9395134  0.9314294  0.9437792
 0.95574063 0.91724634 0.94450855 0.94373655 0.94438124 0.9462383
 0.9594428  0.9504943  0.954175   0.94375336 0.9409234  0.9475453
 0.92461824 0.94075793 0.95297736 0.9472481  0.9414763  0.9443058
 0.896554   0.952377   0.94050837 0.931466   0.94151086 0.9504559
 0.93467    0.9393038  0.9482758  0.9286076  0.94098604 0.94723046
 0.94166994 0.9212128  0.9350338  0.8878298  0.9443523  0.95449436
 0.9554738  0.94075394 0.94592655 0.9469662  0.93868697 0.9471404
 0.9255192  0.9401676  0.9407338  0.9508734  0.9362136  0.9485933
 0.9452777  0.9468247  0.9585721  0.91783345]",5.244879e-15,17.223538875579834,1300.6733833628741
NNODEgHMC,1.0,autograd,gaussian,SynchronousLeapfrog,0.3,"[0.91135645 0.9484355  0.9028632  0.9055594  0.95246816 0.94665927
 0.9461919  0.9464811  0.9370958  0.9247514  0.9010543  0.94140995
 0.95173377 0.9318408  0.9485297  0.9327754  0.94428575 0.9477719
 0.95639753 0.94244784 0.9487449  0.9317765  0.95443505 0.94557905
 0.9202441  0.95411193 0.9457692  0.94870365 0.92115545 0.92463136
 0.942764   0.92713785 0.93292373 0.87779415 0.947183   0.9593581
 0.93824327 0.9278202  0.93787545 0.9491948  0.92715085 0.9284832
 0.93050814 0.9405665  0.9572789  0.9392538  0.9315393  0.9439348
 0.95585436 0.9171249  0.9445841  0.94393843 0.94444656 0.9456975
 0.9595014  0.95059985 0.9542738  0.9434817  0.9408916  0.94741505
 0.9241613  0.94047374 0.9528176  0.9472555  0.9414139  0.94409645
 0.8972478  0.9524205  0.94040143 0.9318131  0.94147843 0.95061415
 0.93510115 0.93906736 0.9482729  0.9288844  0.9410293  0.94720316
 0.94178    0.9204166  0.93508136 0.8895957  0.9446262  0.954316
 0.95553464 0.9407012  0.9457679  0.94676626 0.93858516 0.94706476
 0.9249681  0.9398445  0.9409825  0.95065546 0.9359983  0.9486742
 0.94532984 0.9465889  0.95858717 0.91771907]",2.9123063e-14,15.631895542144775,1297.1578510696777
Explicit NNODEgHMC,1.0,autograd,gaussian,SynchronousLeapfrog,0.3,"[0.8411627  0.95216125 0.90690875 0.67746085 0.93538415 0.9373316
 0.92901206 0.9268705  0.9309942  0.8904969  0.9008776  0.9356202
 0.95434344 0.9049265  0.95026445 0.9062904  0.91460866 0.8852185
 0.9384817  0.93121433 0.94305205 0.9127134  0.95486546 0.9145049
 0.85693187 0.8851711  0.9459344  0.9315014  0.85667646 0.8623588
 0.89904404 0.92834353 0.9233632  0.7946533  0.954508   0.95780504
 0.7404153  0.92699623 0.84433913 0.7954385  0.9237939  0.91273296
 0.9056245  0.9390442  0.956485   0.94157386 0.9277062  0.95203465
 0.9519695  0.9105787  0.94230306 0.93545437 0.9021841  0.9151055
 0.954175   0.9478271  0.95001954 0.7384609  0.9363985  0.9484865
 0.9189292  0.8950552  0.9449992  0.94238615 0.92362225 0.9281353
 0.83516467 0.95129013 0.9214708  0.762195   0.93205446 0.94375056
 0.88436335 0.85899913 0.9365522  0.9020454  0.92845225 0.7667904
 0.9292002  0.87551117 0.91174316 0.8284354  0.91599697 0.9531562
 0.9462266  0.8762467  0.9257059  0.94663024 0.94722354 0.94521654
 0.75731677 0.9208561  0.9296526  0.94755906 0.9345922  0.85987985
 0.94435424 0.948869   0.95019406 0.84628266]",4.3201258e-13,21.054221630096436,52.42989172105792
SymplecticNNgHMC,1.0,autograd,gaussian,SynchronousLeapfrog,0.3,"[0.9115114  0.94823647 0.9027996  0.90877646 0.9520991  0.9461159
 0.94564885 0.94669145 0.9371702  0.9251636  0.9025463  0.9414209
 0.9519762  0.9312443  0.9485539  0.9323342  0.94433093 0.9478294
 0.95619154 0.9423032  0.9486269  0.9320645  0.9544453  0.9451771
 0.9212551  0.9542146  0.94582385 0.9484822  0.92130965 0.9257211
 0.9424844  0.9269395  0.9326842  0.87841344 0.9470491  0.9593603
 0.93847406 0.9280348  0.9378189  0.94876933 0.92767763 0.9287793
 0.9305029  0.9402132  0.95737714 0.93909407 0.9322877  0.9442706
 0.95597327 0.9160247  0.94462204 0.9438061  0.94437456 0.9448589
 0.95932764 0.95031595 0.95437133 0.9431777  0.9405982  0.94743556
 0.9238504  0.9399912  0.95290446 0.94714963 0.94108194 0.944199
 0.8997406  0.95248985 0.940426   0.9322748  0.9415416  0.9502225
 0.93558633 0.9388043  0.94792527 0.9288374  0.94121397 0.9472096
 0.94174325 0.92052495 0.9349744  0.89256734 0.94445515 0.9543656
 0.9555758  0.9407117  0.94572395 0.94654053 0.9382011  0.9468838
 0.92508495 0.93966794 0.94074863 0.95068073 0.93587923 0.94890827
 0.9451207  0.94641244 0.95834076 0.9171178 ]",4.024602e-05,48.56142258644104,1304.8458703920844
GSymplecticNNgHMC,1.0,autograd,gaussian,SynchronousLeapfrog,0.3,"[0.9113369  0.9482967  0.9030024  0.9088871  0.9519911  0.9460721
 0.9455713  0.94678795 0.9372077  0.92525434 0.90268886 0.94136375
 0.95202655 0.9311098  0.9485911  0.9323602  0.9444554  0.94792885
 0.9562129  0.9423804  0.94865906 0.93217725 0.9544643  0.9451717
 0.92127055 0.95427465 0.9457853  0.94838524 0.92135304 0.925785
 0.9425565  0.9271218  0.93279874 0.87857056 0.94711894 0.9593577
 0.93859375 0.9280119  0.9379504  0.94875205 0.92768    0.9289066
 0.93063754 0.94029903 0.95738566 0.9392163  0.93228424 0.9442903
 0.95603085 0.91602635 0.9447791  0.94372845 0.9445209  0.9447562
 0.959356   0.95035124 0.9544114  0.94313926 0.9406227  0.94750905
 0.9239275  0.9398243  0.95289564 0.9471523  0.94120187 0.94429815
 0.8998729  0.9524635  0.940499   0.9323194  0.94157714 0.9502071
 0.9355936  0.9387819  0.9479259  0.9291846  0.94128036 0.9472648
 0.9418425  0.92079735 0.93505955 0.89251983 0.9445441  0.9543718
 0.9556169  0.94065106 0.9456543  0.9464816  0.9383793  0.9468746
 0.9251673  0.93975514 0.9408562  0.95065993 0.9359893  0.9490144
 0.9451543  0.9464325  0.9583616  0.9174031 ]",3.7208214e-05,17.212613344192505,1282.461314833443
GradSymplecticNNgHMC,1.0,autograd,gaussian,SynchronousLeapfrog,0.3,"[0.91196644 0.948408   0.9034578  0.91042584 0.9524679  0.9466102
 0.94617647 0.94683015 0.93728256 0.9254526  0.9033009  0.94140685
 0.9519601  0.93172616 0.94854254 0.93236494 0.9445739  0.9479264
 0.9564079  0.94243443 0.9486865  0.93254745 0.95444393 0.9456624
 0.92176867 0.9542894  0.94596356 0.94886583 0.9215085  0.9263832
 0.942701   0.92704105 0.9326765  0.8787652  0.94716805 0.95936203
 0.9386549  0.9282405  0.9380802  0.94925255 0.9279051  0.92910403
 0.9305469  0.94013774 0.95738983 0.9390744  0.93256617 0.9443482
 0.95600414 0.91600025 0.9447705  0.9441987  0.94453716 0.94564867
 0.9593355  0.950346   0.9543613  0.94364566 0.94063777 0.9473933
 0.9239451  0.9406759  0.9529957  0.9471618  0.9413085  0.9443466
 0.9002408  0.9524759  0.9403807  0.93271685 0.94149625 0.95035887
 0.9359295  0.93917745 0.94797707 0.9288168  0.9411484  0.94751453
 0.9417419  0.92114747 0.93521106 0.89320606 0.94447386 0.9544181
 0.9556569  0.9412569  0.9460759  0.94665897 0.9383447  0.9471327
 0.92614174 0.9398079  0.9407916  0.9506973  0.93584603 0.9489133
 0.94523954 0.9465463  0.95844716 0.91708106]",3.4375955e-06,138.86253476142883,1309.5354238484592
GradGSymplecticNNgHMC,1.0,autograd,gaussian,SynchronousLeapfrog,0.3,"[0.9118907  0.9483957  0.9035486  0.9105754  0.952481   0.9466035
 0.9461864  0.94685686 0.93732834 0.92554086 0.9032965  0.94140595
 0.95199    0.93168116 0.94855016 0.9324238  0.94465894 0.9479499
 0.95644045 0.9424845  0.9486863  0.93271923 0.9544589  0.9456739
 0.9218144  0.9543225  0.9459388  0.9488754  0.92160475 0.9264044
 0.9427304  0.92710173 0.93274665 0.8789686  0.94716567 0.9593639
 0.9387193  0.92828834 0.93814325 0.9492903  0.9279535  0.92919964
 0.9306652  0.9402029  0.9574002  0.93911695 0.93259156 0.944365
 0.95602655 0.9160675  0.94476    0.9442061  0.9446349  0.9456498
 0.959356   0.95036906 0.95434064 0.94367874 0.9406513  0.94744444
 0.9240068  0.9406743  0.9530079  0.94717586 0.9413945  0.94439906
 0.9003191  0.9524584  0.9404313  0.93279505 0.94155186 0.9503479
 0.9359671  0.93924284 0.9480108  0.92893445 0.94123906 0.9475627
 0.9417855  0.9213667  0.9352507  0.8932222  0.9445418  0.95441616
 0.9556758  0.9412931  0.94605297 0.94664145 0.9383761  0.94709533
 0.9262559  0.9398805  0.94084775 0.9506929  0.9359255  0.9489474
 0.9452188  0.94659376 0.958456   0.9172729 ]",1.3219807e-05,35.611201763153076,715.4097559168482
HMC,1.0,autograd,high_dimensional_gaussian,SynchronousLeapfrog,0.1,"[0.9347526  0.9359457  0.9299199  0.9384165  0.9442042  0.9370775
 0.9476161  0.9371438  0.936816   0.9463686  0.9288265  0.93853366
 0.9432167  0.93926513 0.9245612  0.9403092  0.93822235 0.94214046
 0.93088114 0.93494624 0.941      0.9395846  0.9315569  0.9369645
 0.9440656  0.93593895 0.93406314 0.9376256  0.93025374 0.9367659
 0.9429774  0.9326269  0.92888594 0.9433397  0.9396159  0.94138783
 0.9242438  0.9429034  0.9393541  0.9390726  0.94344395 0.92413557
 0.9330139  0.91997147 0.9361609  0.9409499  0.94064415 0.9309839
 0.94027364 0.94111013 0.94330966 0.9474977  0.9433831  0.9384844
 0.92969334 0.9304177  0.93131584 0.9400384  0.9345025  0.93033475
 0.94548106 0.9425802  0.93280315 0.9311029  0.92095816 0.9364437
 0.9372258  0.9272326  0.9418677  0.9483711  0.93871325 0.9424848
 0.93764067 0.94062203 0.93582314 0.93184793 0.9267211  0.92931193
 0.93892354 0.9395714  0.93870753 0.93101424 0.93762815 0.9441082
 0.94060075 0.9330487  0.94165754 0.93955755 0.9351861  0.93810534
 0.9406099  0.9426507  0.9394158  0.92908144 0.93924415 0.9378616
 0.9305116  0.9348887  0.9340457  0.93644094]",1.4246292e-15,49.80414605140686,186.00469243945815
NNgHMC,1.0,autograd,high_dimensional_gaussian,SynchronousLeapfrog,0.1,"[0.934736   0.93594164 0.92994714 0.93842834 0.9442109  0.9370755
 0.9476739  0.9371829  0.93677664 0.94640225 0.9287752  0.93858576
 0.9432298  0.93927777 0.9244641  0.94036615 0.9382348  0.94216573
 0.930844   0.93492985 0.94101715 0.9396431  0.9315491  0.9369537
 0.9440899  0.93591726 0.93404055 0.93764925 0.93020964 0.93679494
 0.94304276 0.93261164 0.928787   0.9433769  0.9396512  0.9414047
 0.92403126 0.9429424  0.93935126 0.9390521  0.9435105  0.9240769
 0.9329526  0.91978097 0.93619335 0.94096375 0.9406478  0.9309215
 0.9403173  0.94111323 0.9433285  0.9475326  0.94341326 0.93849057
 0.9296346  0.9303686  0.93129766 0.94006956 0.93450475 0.9303071
 0.94550276 0.94261277 0.93275017 0.9310663  0.920774   0.93640685
 0.93720126 0.9271649  0.9419354  0.94839466 0.9387932  0.9425062
 0.93764114 0.9406053  0.93580717 0.9318117  0.9265813  0.9292822
 0.93892896 0.93958557 0.9387252  0.93090075 0.93762255 0.9441521
 0.940616   0.9330113  0.9417049  0.9395673  0.93517053 0.93810195
 0.94063824 0.94266164 0.939432   0.92901295 0.9392613  0.9378468
 0.9304136  0.93485725 0.93403256 0.9364049 ]",1.5350542e-15,47.93250131607056,180.65210687218138
NNODEgHMC,1.0,autograd,high_dimensional_gaussian,SynchronousLeapfrog,0.1,"[0.9347898  0.9359366  0.9298333  0.9384615  0.9442579  0.93709564
 0.94767606 0.93711936 0.93680096 0.9464276  0.9287491  0.93857354
 0.9432564  0.9393296  0.9244625  0.94033456 0.93823564 0.9421811
 0.93084335 0.9349445  0.940997   0.939594   0.93148106 0.93696725
 0.94408476 0.93593425 0.9340827  0.9376745  0.9302006  0.93674695
 0.9429754  0.9325842  0.92885387 0.9433646  0.9396545  0.9414096
 0.9241599  0.9429161  0.93934244 0.9391417  0.9435305  0.9238958
 0.9329972  0.9196862  0.9361203  0.9409609  0.9406612  0.9309447
 0.9402966  0.9411547  0.94332427 0.9475271  0.9434085  0.93848455
 0.92959917 0.93036383 0.9312749  0.9400875  0.9344635  0.93027115
 0.94551766 0.9426176  0.93280756 0.93106496 0.92080593 0.9364265
 0.9372093  0.9270762  0.94192994 0.9484064  0.93873847 0.9425067
 0.9376485  0.94065106 0.9358284  0.9317409  0.9265637  0.929197
 0.93897504 0.9395945  0.9386883  0.930984   0.9376453  0.9441484
 0.9406473  0.93296826 0.9417013  0.93957585 0.93518734 0.9380945
 0.9406408  0.9426904  0.9394306  0.9289938  0.9392755  0.9378507
 0.9305676  0.93491197 0.9340768  0.9364046 ]",1.3196529e-14,44.095765352249146,178.61161974008527
Explicit NNODEgHMC,1.0,autograd,high_dimensional_gaussian,SynchronousLeapfrog,0.1,"[0.93272865 0.9329394  0.9240429  0.9370512  0.9431046  0.9324512
 0.9461347  0.9350718  0.93273616 0.94446295 0.9241697  0.9352192
 0.9413519  0.9362299  0.92057365 0.9376445  0.9360428  0.9402374
 0.92690647 0.93235624 0.93981063 0.93643844 0.92887247 0.93466413
 0.94346255 0.93309    0.9304835  0.9351885  0.9272977  0.93403834
 0.940568   0.9293256  0.92571294 0.94216347 0.9376162  0.93858194
 0.92019594 0.94142437 0.9361748  0.93627757 0.9404692  0.919027
 0.9298487  0.9179319  0.9318864  0.93945384 0.94004357 0.92777056
 0.93693537 0.9383316  0.94116676 0.9459881  0.94157505 0.93467015
 0.9256449  0.9259429  0.9274995  0.93760127 0.93113124 0.9280019
 0.9436749  0.94018936 0.92890024 0.9282813  0.9168581  0.93437165
 0.9340887  0.9222096  0.9360222  0.94817054 0.93623054 0.9410157
 0.9348047  0.93951845 0.9321693  0.92778724 0.9240696  0.9249274
 0.93593013 0.9366461  0.93676156 0.9278002  0.9342488  0.9432931
 0.9378704  0.9305105  0.9395248  0.93797725 0.93219566 0.93540955
 0.9377923  0.9414474  0.93638015 0.9247226  0.9376361  0.9351692
 0.92576444 0.9311274  0.9315002  0.9336216 ]",1.6745113e-14,57.76720666885376,32.45396672291411
SymplecticNNgHMC,1.0,autograd,high_dimensional_gaussian,SynchronousLeapfrog,0.1,"[0.93475235 0.9359409  0.9299218  0.9384154  0.9442028  0.9370761
 0.9476156  0.9371433  0.9368169  0.9463688  0.9288267  0.93853277
 0.9432125  0.9392678  0.92456406 0.94030917 0.9382218  0.9421387
 0.93088216 0.93494916 0.94099873 0.9395823  0.93155336 0.93696165
 0.94406694 0.9359374  0.9340639  0.9376234  0.9302492  0.9367654
 0.94297636 0.93262666 0.92888594 0.9433405  0.93961495 0.9413847
 0.924243   0.9429002  0.9393546  0.93907344 0.9434451  0.9241439
 0.93301296 0.91997385 0.93615854 0.9409485  0.9406438  0.93098414
 0.9402704  0.94110763 0.94330907 0.94749665 0.9433815  0.93848175
 0.92969024 0.93041444 0.9313133  0.94003814 0.93450207 0.9303336
 0.9454806  0.94257915 0.932806   0.9310998  0.92095345 0.9364432
 0.9372269  0.92723286 0.94187564 0.94837207 0.9387139  0.9424829
 0.9376372  0.9406179  0.9358245  0.9318475  0.92671466 0.92930627
 0.93892336 0.93957156 0.93870723 0.9310109  0.9376292  0.94410956
 0.9406001  0.9330468  0.9416594  0.93955743 0.93518513 0.9381058
 0.94061035 0.9426497  0.9394158  0.92908597 0.93924445 0.93786037
 0.9305054  0.93489075 0.9340421  0.9364389 ]",2.5875246e-07,136.53592109680176,197.75067625598064
GSymplecticNNgHMC,1.0,autograd,high_dimensional_gaussian,SynchronousLeapfrog,0.1,"[0.9347612  0.9359498  0.92991734 0.9384097  0.9442045  0.9370874
 0.9476199  0.93714255 0.9368226  0.94637156 0.9288189  0.9385406
 0.94322145 0.9392621  0.92457986 0.9403024  0.938228   0.94213736
 0.93087375 0.9349494  0.9409971  0.9395908  0.93155646 0.93697184
 0.94406885 0.93592614 0.934062   0.9376234  0.9302473  0.93677396
 0.9429754  0.9326185  0.9288954  0.9433384  0.93963116 0.94139755
 0.924253   0.9429029  0.9393544  0.93908155 0.9434471  0.92414224
 0.93301296 0.9199463  0.93617696 0.9409549  0.9406376  0.93098944
 0.94027615 0.9411086  0.94331014 0.9474988  0.94338864 0.93847847
 0.9297042  0.9304077  0.9313194  0.94003856 0.93450105 0.93033767
 0.94548166 0.9425802  0.9328022  0.9311013  0.9209683  0.93645066
 0.93723744 0.9272396  0.94187105 0.94836706 0.9387135  0.94248646
 0.93763655 0.9406276  0.9358392  0.93184984 0.92673033 0.9293108
 0.9389206  0.93957555 0.93869704 0.9310169  0.9376323  0.94411516
 0.94060266 0.93304896 0.94165707 0.93955106 0.93517673 0.9381038
 0.94061375 0.9426465  0.93941605 0.929065   0.93924    0.9378617
 0.9305236  0.93488234 0.9340416  0.9364357 ]",8.313626e-06,74.25821542739868,198.4326747799527
GradSymplecticNNgHMC,1.0,autograd,high_dimensional_gaussian,SynchronousLeapfrog,0.1,"[0.9347563  0.93594635 0.9299273  0.93841875 0.9442038  0.93708193
 0.9476196  0.9371454  0.93682003 0.9463701  0.92882895 0.9385394
 0.9432174  0.9392699  0.9245714  0.9403113  0.93822354 0.94214314
 0.930886   0.9349451  0.9409989  0.9395876  0.93155754 0.9369638
 0.94406617 0.9359407  0.93406487 0.9376302  0.93025255 0.93676853
 0.9429803  0.93262887 0.92888534 0.94334096 0.93961877 0.9413904
 0.92424977 0.94290394 0.9393548  0.9390773  0.94345    0.9241446
 0.9330179  0.91998047 0.93616414 0.9409509  0.9406438  0.93098706
 0.9402773  0.9411096  0.94331115 0.9474988  0.9433837  0.93848395
 0.9296931  0.93041867 0.93132114 0.94004077 0.9345031  0.93033266
 0.9454805  0.94258326 0.9328079  0.9311041  0.9209601  0.93644357
 0.93723166 0.9272394  0.94187677 0.94837224 0.93872064 0.94248486
 0.93763924 0.940624   0.9358301  0.9318539  0.9267273  0.9293126
 0.93892527 0.9395751  0.9387082  0.9310121  0.9376337  0.9441117
 0.94060296 0.9330485  0.9416599  0.9395579  0.93518466 0.93810606
 0.94061387 0.94265145 0.939418   0.9290856  0.93924683 0.9378621
 0.93051803 0.93489504 0.9340458  0.9364408 ]",6.2329484e-08,416.34269094467163,196.83414070081153
GradGSymplecticNNgHMC,1.0,autograd,high_dimensional_gaussian,SynchronousLeapfrog,0.1,"[0.93475604 0.9359562  0.92992085 0.9384079  0.9442055  0.9370839
 0.94762343 0.93714255 0.9368261  0.94637203 0.92883146 0.938539
 0.9432213  0.9392519  0.92458934 0.94030607 0.93822765 0.9421406
 0.93087    0.93495196 0.94099    0.93959534 0.9315618  0.936965
 0.94406384 0.9359318  0.93406886 0.9376275  0.9302521  0.93677443
 0.94297695 0.93262565 0.9288971  0.94333637 0.939633   0.94139403
 0.92424667 0.94290197 0.93935245 0.93908155 0.94345635 0.9241446
 0.93301886 0.9199753  0.9361629  0.9409517  0.94064206 0.93098176
 0.9402839  0.9411129  0.9433088  0.9475025  0.9433837  0.9384839
 0.92969704 0.9304198  0.9313297  0.94003886 0.9344983  0.93033683
 0.9454822  0.9425871  0.93281305 0.93110913 0.9209747  0.9364451
 0.9372295  0.9272472  0.9418839  0.94837636 0.9387209  0.94248545
 0.93763876 0.94063246 0.935835   0.93185794 0.9267466  0.9293238
 0.93892324 0.9395797  0.9387064  0.9310193  0.9376347  0.9441128
 0.9406063  0.9330555  0.94165915 0.9395706  0.9351823  0.9381103
 0.94061613 0.9426519  0.93942255 0.92907894 0.9392444  0.93786687
 0.93053246 0.93489856 0.93404996 0.93644035]",7.22835e-06,262.0542378425598,198.9420785340281
HMC,1.0,autograd,normal_normal,SynchronousLeapfrog,0.1,"[0.93869865 0.940175   0.93959016 0.90728396 0.9369048  0.95290804
 0.94245833 0.92010355 0.9339757  0.94271106 0.94873035 0.9402422
 0.93410754 0.9294933  0.93121016 0.9321557  0.94517803 0.91007537
 0.9477298  0.9393195  0.9468996  0.9459013  0.92333573 0.948027
 0.9484792  0.94812125 0.9466824  0.896443   0.90868825 0.94428885
 0.92431515 0.9432167  0.92659444 0.95301956 0.93884647 0.9413353
 0.94267344 0.9237868  0.9467392  0.91507834 0.94323486 0.9457327
 0.9449588  0.90456855 0.9169723  0.9456078  0.9131412  0.9409038
 0.9427248  0.94322765 0.94188374 0.9472213  0.942084   0.91273046
 0.934436   0.9406006  0.93287516 0.9328922  0.9443883  0.9520683
 0.9505559  0.94173163 0.9530277  0.9439523  0.95117015 0.94847053
 0.94816655 0.9421034  0.93803024 0.9424585  0.9478714  0.9366967
 0.94721603 0.9492296  0.9271455  0.94199395 0.93714345 0.92115927
 0.9466337  0.9350829  0.9473157  0.9219534  0.9430501  0.9405546
 0.9488322  0.8761438  0.94603527 0.9375287  0.9431536  0.93083954
 0.94999593 0.93991077 0.9338231  0.9503894  0.93578213 0.9445275
 0.9440415  0.9328281  0.9508375  0.94256234]",1.079345e-15,79.13897013664246,325.6714531592125
NNgHMC,1.0,autograd,normal_normal,SynchronousLeapfrog,0.1,"[0.93772006 0.9402493  0.9397235  0.9065804  0.9382924  0.95247
 0.9415134  0.9213939  0.9344263  0.94322836 0.9488032  0.94056547
 0.93435115 0.9291639  0.93081295 0.9319539  0.9450644  0.8904393
 0.9477167  0.9388034  0.94650126 0.94594336 0.9238634  0.94750726
 0.948621   0.9477705  0.9467392  0.89720213 0.90844905 0.94449633
 0.92436    0.9437     0.92207134 0.95308435 0.9388747  0.9414055
 0.9427899  0.9240052  0.94687986 0.91490215 0.9431576  0.9463004
 0.9449885  0.9057566  0.9172659  0.9457387  0.8978416  0.9400748
 0.9428012  0.9432242  0.9412675  0.94737864 0.94230783 0.91272944
 0.9341361  0.9403639  0.9327535  0.9314184  0.94382095 0.9519393
 0.95028627 0.9419446  0.9527631  0.944808   0.95099735 0.9481446
 0.9481225  0.9420742  0.93677014 0.9422714  0.9474535  0.9358268
 0.94731617 0.94868314 0.9272935  0.9436128  0.9366848  0.9222989
 0.9464246  0.9358885  0.94696224 0.9224409  0.94268394 0.94000137
 0.94897527 0.8786253  0.94547737 0.9378967  0.94332135 0.93086624
 0.94975805 0.9404708  0.93418586 0.9499171  0.93592966 0.944684
 0.94438934 0.93296087 0.9510902  0.943138  ]",1.3377493e-15,71.61649012565613,265.5174570790191
NNODEgHMC,1.0,autograd,normal_normal,SynchronousLeapfrog,0.1,"[0.9383308  0.9401529  0.9396226  0.90653217 0.9375486  0.9527973
 0.9422395  0.9210455  0.93402195 0.94281113 0.94872856 0.94026697
 0.9340636  0.9294443  0.9309907  0.9321114  0.9451307  0.8971863
 0.9477477  0.9391794  0.9465723  0.9459046  0.9233963  0.94791555
 0.9485595  0.9480537  0.94663036 0.89680755 0.9088248  0.94437164
 0.9243884  0.94347847 0.9245666  0.95310533 0.93895423 0.9413731
 0.94269586 0.92357624 0.94689596 0.9145708  0.9431442  0.94646287
 0.94510907 0.9051525  0.917037   0.9455447  0.90457577 0.9406416
 0.94269896 0.9431945  0.9418597  0.9471404  0.94227976 0.9121801
 0.9342017  0.94061995 0.9326994  0.9328495  0.9444506  0.95208395
 0.9505786  0.9417226  0.9529425  0.94498205 0.95122755 0.948472
 0.9482043  0.94209206 0.93735623 0.94235843 0.9478096  0.93679273
 0.9471878  0.9490435  0.9269928  0.94317913 0.9369389  0.92145586
 0.9465236  0.9362869  0.94724834 0.92222375 0.9428868  0.9405756
 0.94880885 0.87832785 0.9458372  0.9376687  0.9432397  0.9307213
 0.949924   0.9402496  0.9353672  0.9504239  0.93572927 0.9446313
 0.9441339  0.93318844 0.9508738  0.9425211 ]",1.2029372e-14,59.327277421951294,295.58748948294084
Explicit NNODEgHMC,1.0,autograd,normal_normal,SynchronousLeapfrog,0.1,"[0.9363537  0.9395711  0.9372837  0.9050921  0.9376437  0.95251244
 0.9287547  0.91889703 0.9306838  0.9430306  0.9489335  0.93990433
 0.9295394  0.9263031  0.92927665 0.9288332  0.9427552  0.794958
 0.94629544 0.9351598  0.94721353 0.9456668  0.92024684 0.9461683
 0.9481291  0.94603145 0.9467741  0.8914334  0.9059309  0.94302356
 0.9236196  0.9428998  0.88501155 0.95285547 0.93678474 0.93146646
 0.9438316  0.91994286 0.9453615  0.9147843  0.9306569  0.9408263
 0.94294524 0.9007307  0.910673   0.9429498  0.8272152  0.9239394
 0.941309   0.9430329  0.94075906 0.94803345 0.93958235 0.91016716
 0.9314515  0.9377973  0.9280715  0.9088461  0.9416461  0.9513952
 0.94978094 0.9426546  0.95274615 0.9377494  0.9503341  0.94861305
 0.9477209  0.94119656 0.9294696  0.9420993  0.94641685 0.91912234
 0.9473426  0.94943094 0.92527425 0.9392315  0.9216155  0.9149655
 0.94609994 0.92300075 0.9409342  0.9216139  0.9393901  0.92838097
 0.9490554  0.8683853  0.9442445  0.9346592  0.9410202  0.92942667
 0.95051324 0.93912506 0.9151145  0.9498118  0.93462723 0.94283724
 0.93706846 0.9289197  0.951503   0.94149494]",2.647214e-14,71.97064518928528,157.96171230899137
SymplecticNNgHMC,1.0,autograd,normal_normal,SynchronousLeapfrog,0.1,"[0.93762434 0.94022024 0.9392094  0.9091303  0.9398445  0.9521575
 0.9401874  0.91768694 0.9337918  0.943567   0.94868207 0.94096506
 0.9340005  0.9285915  0.9311861  0.93303716 0.945333   0.8914401
 0.947265   0.93919885 0.9458892  0.94616836 0.92586267 0.9469099
 0.9485564  0.94731206 0.94655037 0.8969079  0.9091322  0.9442115
 0.9246061  0.94377613 0.91149604 0.9527383  0.939058   0.9401072
 0.94264287 0.9266623  0.94637704 0.91704786 0.9426796  0.9462037
 0.9446672  0.90937823 0.9180071  0.94585264 0.8833541  0.93810594
 0.9425389  0.943189   0.94106627 0.9478879  0.9421047  0.91524637
 0.9336152  0.9406233  0.9341965  0.93224716 0.9436412  0.9516767
 0.9497501  0.9427406  0.95264447 0.9450495  0.95078003 0.9481337
 0.9484333  0.9416172  0.9357716  0.9424797  0.9473351  0.93614167
 0.9472778  0.94852924 0.9274065  0.94464415 0.9337401  0.92125815
 0.9459586  0.9369596  0.9467865  0.922047   0.9414382  0.9398731
 0.94921416 0.8787521  0.94508576 0.93733585 0.94268274 0.93091965
 0.94977283 0.940777   0.9347939  0.949706   0.93628496 0.94421947
 0.9437768  0.93106794 0.9512302  0.94356966]",0.0070709446,150.66536688804626,278.8179931402581
GSymplecticNNgHMC,1.0,autograd,normal_normal,SynchronousLeapfrog,0.1,"[0.93847275 0.9401538  0.939655   0.90706813 0.9370088  0.9528922
 0.9421932  0.9200393  0.93399227 0.94260186 0.9487618  0.94017476
 0.9341175  0.9293672  0.93118036 0.9323077  0.94516844 0.9083354
 0.9477757  0.9391605  0.94692963 0.94584703 0.9231852  0.9479679
 0.9484323  0.9481074  0.9467486  0.89664793 0.90861475 0.94427896
 0.9242319  0.9433572  0.927042   0.953058   0.9387142  0.9414687
 0.9427389  0.923666   0.94681036 0.91490746 0.9431238  0.94577646
 0.944987   0.9041974  0.9169183  0.9457316  0.9119563  0.9407387
 0.9428236  0.94320714 0.9417748  0.94722724 0.94208735 0.9128636
 0.9344158  0.94070023 0.93281686 0.933007   0.9442476  0.9520674
 0.9505555  0.9416288  0.952989   0.9441032  0.9511399  0.9484102
 0.9481143  0.9422037  0.93788683 0.9424751  0.94787455 0.93673295
 0.9472375  0.9492097  0.9272914  0.9421355  0.93731487 0.92109793
 0.94669217 0.9354817  0.9471447  0.9218503  0.9430853  0.9404305
 0.94878787 0.87605953 0.94600296 0.9375567  0.9431511  0.931014
 0.9499806  0.94013715 0.93412346 0.9503416  0.93575597 0.944536
 0.94401526 0.93297946 0.9508428  0.942441  ]",0.00014145332,70.70631456375122,227.91510043394868
GradSymplecticNNgHMC,1.0,autograd,normal_normal,SynchronousLeapfrog,0.1,"[0.9372963  0.9399521  0.9389507  0.9070978  0.9400708  0.9522052
 0.9404647  0.9182447  0.9331657  0.94366276 0.948647   0.9406466
 0.93307877 0.9288389  0.93095684 0.9318646  0.94469184 0.89385796
 0.9472384  0.939166   0.94636    0.94585335 0.92520183 0.94732475
 0.94831884 0.9476731  0.9470043  0.8953798  0.9088305  0.9437782
 0.92454386 0.9439095  0.9121584  0.95302665 0.9378624  0.93917245
 0.94262826 0.9266636  0.94685    0.9159888  0.94180536 0.9465253
 0.9441581  0.91018814 0.91576385 0.9450514  0.88458    0.9380483
 0.94245166 0.9430332  0.9411607  0.9476255  0.9413821  0.9141872
 0.9335418  0.93993396 0.93403494 0.932677   0.94339967 0.95160794
 0.9500667  0.94251764 0.9526634  0.94524336 0.9505705  0.9480025
 0.9480356  0.9419774  0.93636656 0.9420408  0.9470247  0.9369618
 0.9471404  0.9485366  0.92683166 0.9446529  0.9333622  0.9203321
 0.9463191  0.9369383  0.94666564 0.9216122  0.9425088  0.93897146
 0.9489994  0.875533   0.94531816 0.9366702  0.9424108  0.9303786
 0.94973946 0.94095254 0.93511915 0.9495155  0.93583846 0.9438431
 0.94339883 0.9299784  0.9514122  0.9438051 ]",0.0022533145,425.6157283782959,163.2996946084266
GradGSymplecticNNgHMC,1.0,autograd,normal_normal,SynchronousLeapfrog,0.1,"[0.9387972  0.94014454 0.93957937 0.90731645 0.9366869  0.95292044
 0.9424     0.92003953 0.9339322  0.9426937  0.94874114 0.94028425
 0.93419236 0.9297005  0.93124306 0.93229264 0.94512606 0.90937424
 0.9477556  0.9393939  0.9468521  0.94591564 0.92348164 0.9480311
 0.94845426 0.9481293  0.9467001  0.89657235 0.90863776 0.9442746
 0.92426366 0.9432355  0.92698324 0.9530196  0.9389076  0.94146574
 0.94269574 0.9240148  0.946751   0.91505307 0.9433057  0.9456767
 0.94501173 0.90465635 0.91703033 0.94565225 0.9127369  0.94098246
 0.94270957 0.9432036  0.9420676  0.94720143 0.9420719  0.912805
 0.9345139  0.94073105 0.9329418  0.932893   0.9445652  0.95209163
 0.9505594  0.9417099  0.95300543 0.9439482  0.9511914  0.94853914
 0.9481505  0.9421148  0.9378819  0.94242966 0.94793797 0.9366473
 0.94720095 0.9491951  0.92709434 0.94198847 0.93735015 0.92111135
 0.94663703 0.93521637 0.9472377  0.9218526  0.9430172  0.94042844
 0.9488025  0.8759657  0.94606847 0.93751144 0.9431734  0.9308646
 0.9500162  0.93996716 0.93394035 0.9504611  0.9358119  0.9445362
 0.94413424 0.9327736  0.95085895 0.9425292 ]",2.6900138e-05,117.84497165679932,210.49574936743
