model,training_size,sensitivity,distribution,solver,step_size,hamiltonian_error,reversibility_error,time,ess
HMC,0.1,autograd,high_dimensional_gaussian,SynchronousLeapfrog,0.1,"[0.67269295 0.68209285 0.6710796  0.67263144 0.66404116 0.6725995
 0.66652435 0.67177695 0.67353296 0.66510165 0.6678535  0.6854905
 0.6691607  0.6786188  0.67960566 0.6641958  0.6792223  0.6679732
 0.67022675 0.6675825  0.67689824 0.6652372  0.67315435 0.67076826
 0.66683614 0.67084515 0.66991365 0.66364217 0.6781652  0.6766097
 0.66203785 0.6636731  0.66208076 0.676105   0.66712666 0.6715238
 0.67002076 0.66262305 0.6673019  0.67330635 0.6613476  0.67477244
 0.6703304  0.66488755 0.672493   0.6714872  0.67963123 0.6713152
 0.67477226 0.66407716 0.6744978  0.6821197  0.6800318  0.6694853
 0.6694759  0.66448003 0.67109334 0.6655539  0.669258   0.67014456
 0.6761715  0.6742136  0.6791549  0.66740954 0.6819331  0.67017925
 0.6724241  0.67198265 0.6719688  0.66397905 0.67142045 0.66112804
 0.67589444 0.67322654 0.6729283  0.6710315  0.6681988  0.67098427
 0.6629085  0.67585653 0.66785353 0.67064106 0.68136024 0.6783404
 0.6756716  0.6823768  0.66992784 0.66634154 0.6717064  0.666923
 0.6758652  0.6735131  0.6687403  0.6670815  0.6793382  0.67135227
 0.6685643  0.67829514 0.66911685 0.6672044 ]",1.2197535e+06,17.82147765159607,5879.743201140209
NNgHMC,0.1,autograd,high_dimensional_gaussian,SynchronousLeapfrog,0.1,"[0.67269295 0.68209285 0.6710796  0.67263144 0.66404116 0.6725995
 0.66652435 0.67177695 0.67353296 0.66510165 0.6678535  0.6854905
 0.6691607  0.6786188  0.67960566 0.6641958  0.6792223  0.6679732
 0.67022675 0.6675825  0.67689824 0.6652372  0.67315435 0.67076826
 0.66683614 0.67084515 0.66991365 0.66364217 0.6781652  0.6766097
 0.66203785 0.6636731  0.66208076 0.676105   0.66712666 0.6715238
 0.67002076 0.66262305 0.6673019  0.67330635 0.6613476  0.67477244
 0.6703304  0.66488755 0.672493   0.6714872  0.67963123 0.6713152
 0.67477226 0.66407716 0.6744978  0.6821197  0.6800318  0.6694853
 0.6694759  0.66448003 0.67109334 0.6655539  0.669258   0.67014456
 0.6761715  0.6742136  0.6791549  0.66740954 0.6819331  0.67017925
 0.6724241  0.67198265 0.6719688  0.66397905 0.67142045 0.66112804
 0.67589444 0.67322654 0.6729283  0.6710315  0.6681988  0.67098427
 0.6629085  0.67585653 0.66785353 0.67064106 0.68136024 0.6783404
 0.6756716  0.6823768  0.66992784 0.66634154 0.6717064  0.666923
 0.6758652  0.6735131  0.6687403  0.6670815  0.6793382  0.67135227
 0.6685643  0.67829514 0.66911685 0.6672044 ]",1.2197535e+06,44.8214750289917,5570.811189182129
NNODEgHMC,0.1,autograd,high_dimensional_gaussian,SynchronousLeapfrog,0.1,"[0.94116896 0.94072425 0.94123954 0.9409714  0.9413876  0.9411715
 0.94143677 0.9412322  0.9409842  0.9413346  0.9411535  0.94063425
 0.94114417 0.9407961  0.9411168  0.9413368  0.9409207  0.941295
 0.94129276 0.9409894  0.9408407  0.9413825  0.94100446 0.94113994
 0.9413543  0.94117    0.941189   0.9414047  0.940765   0.9411406
 0.94137573 0.9415064  0.9416828  0.9408095  0.9411955  0.9412284
 0.9411416  0.94122976 0.94110364 0.9411349  0.94157803 0.9407991
 0.94124734 0.94128627 0.9411801  0.9411988  0.9405253  0.9413137
 0.94114584 0.94138163 0.94108367 0.94057083 0.94070023 0.94121665
 0.9412477  0.94146955 0.9411904  0.9415018  0.94126666 0.94116545
 0.9406885  0.9409654  0.940979   0.9410136  0.9409144  0.94113004
 0.9410032  0.9409497  0.9412145  0.94147635 0.94110537 0.94149184
 0.94089067 0.94111127 0.9411231  0.9411869  0.9414119  0.94114494
 0.9413234  0.9410517  0.9412888  0.94103235 0.9406993  0.9408824
 0.94106805 0.9405834  0.9411532  0.9415082  0.9411305  0.94128263
 0.94111055 0.94101775 0.94132185 0.9413233  0.94094414 0.9410445
 0.9411387  0.9408328  0.9412445  0.94113827]",6.725895e-11,35.86335062980652,5700.0
Explicit NNODEgHMC,0.1,autograd,high_dimensional_gaussian,SynchronousLeapfrog,0.1,"[0.9400492  0.9395962  0.94012165 0.9398416  0.9402668  0.9400527
 0.9403228  0.94011545 0.9398563  0.9402129  0.9400253  0.93950653
 0.9400182  0.9396663  0.9400058  0.94021356 0.93979824 0.94017524
 0.94017637 0.93985194 0.9397108  0.94026375 0.9398774  0.94001645
 0.94023585 0.9400479  0.9400668  0.9402839  0.9396323  0.94002664
 0.94025105 0.940391   0.9405748  0.9396757  0.9400689  0.9401111
 0.9400169  0.9400985  0.93997306 0.9400152  0.94046354 0.93966293
 0.94012946 0.94016147 0.94006026 0.94008017 0.93938196 0.94020057
 0.94002914 0.9402606  0.9399632  0.9394344  0.9395678  0.94009554
 0.9401283  0.9403534  0.9400701  0.94038904 0.9401474  0.9400427
 0.93954915 0.93983793 0.9398601  0.93987775 0.93979645 0.9400052
 0.9398751  0.9398179  0.94009686 0.9403609  0.9399802  0.94037247
 0.93976104 0.93999016 0.9400021  0.94006604 0.94029856 0.94002223
 0.9401977  0.93993163 0.94016826 0.93990314 0.9395687  0.93975675
 0.9399482  0.9394481  0.94002956 0.94039714 0.9400079  0.94016075
 0.93999356 0.9398918  0.94020474 0.94020385 0.9398233  0.9399168
 0.94001114 0.9397046  0.9401238  0.940009  ]",2.6610603e-11,57.31063508987427,34.33446089628754
SymplecticNNgHMC,0.1,autograd,high_dimensional_gaussian,SynchronousLeapfrog,0.1,"[0.95003843 0.9496107  0.9497282  0.9501109  0.95025194 0.94994205
 0.9498489  0.9498922  0.9499561  0.95030564 0.9503269  0.94937325
 0.95018953 0.9498226  0.949331   0.9504134  0.94975126 0.94997454
 0.9497515  0.95042247 0.9501438  0.9501562  0.95011365 0.9500489
 0.95004576 0.9497621  0.9499671  0.9501759  0.95009583 0.94947976
 0.9504641  0.95018244 0.95012397 0.95011544 0.95010996 0.9500648
 0.94996464 0.95045733 0.9504608  0.9499239  0.9501858  0.9502601
 0.9499006  0.9502575  0.94984686 0.94984573 0.9503107  0.9498571
 0.94951046 0.9503636  0.94986045 0.9500079  0.9500482  0.9499647
 0.95007056 0.9501866  0.9499008  0.9499693  0.9498714  0.9500686
 0.9502677  0.9499604  0.94957584 0.9506175  0.9494533  0.9501578
 0.95003223 0.95017403 0.9498515  0.95009077 0.95009124 0.9501052
 0.94990396 0.9498575  0.9498784  0.949921   0.9499656  0.95013285
 0.950282   0.9497263  0.9500989  0.95018864 0.9497785  0.94996965
 0.94986796 0.9498541  0.9500469  0.9498822  0.94995785 0.9502484
 0.9497947  0.95005864 0.9498185  0.9501357  0.94954634 0.95010364
 0.9501986  0.9499597  0.9500539  0.95043224]",58.361584,68.2587103843689,3.282267128925205
GSymplecticNNgHMC,0.1,autograd,high_dimensional_gaussian,SynchronousLeapfrog,0.1,"[0.94410026 0.9438378  0.9441325  0.94421387 0.9444095  0.94406533
 0.94424796 0.94407547 0.9441556  0.9443836  0.94437426 0.9437129
 0.9442894  0.9439889  0.9437291  0.94443977 0.9438616  0.94426024
 0.9441452  0.94450235 0.9440522  0.9443475  0.94414586 0.94420564
 0.9442798  0.9441964  0.9442116  0.944435   0.9440355  0.94386446
 0.9445411  0.94436836 0.94434327 0.9441252  0.94439495 0.94409364
 0.9442502  0.9446025  0.9444088  0.9440564  0.9444494  0.9442155
 0.9441545  0.9444491  0.944105   0.94411194 0.9441306  0.9440651
 0.94397014 0.94440717 0.9440123  0.94393384 0.943956   0.94421065
 0.9441966  0.944359   0.94414866 0.94427526 0.9442096  0.9442069
 0.9441888  0.94411933 0.94383836 0.944482   0.9437067  0.94423413
 0.9441941  0.94426584 0.94408786 0.9443568  0.9442061  0.9445051
 0.944088   0.94408005 0.94410086 0.9441728  0.9441845  0.94418764
 0.9445152  0.9439682  0.9442687  0.9442729  0.9438777  0.9439417
 0.9439615  0.9439017  0.9442355  0.9442347  0.9441652  0.9443204
 0.94392836 0.9441263  0.944209   0.9442961  0.9438495  0.9442145
 0.94433534 0.94398725 0.9442269  0.94440526]",746.6845,24.667774200439453,27.936568889676316
HMC,0.1,autograd,high_dimensional_warped_gaussian,SynchronousLeapfrog,0.1,"[0.8918049  0.8932277  0.89365834 0.89452016 0.89875096 0.89662975
 0.8967866  0.89625466 0.8940692  0.89872545 0.8952265  0.89113283
 0.895818   0.8928771  0.8905364  0.89731836 0.89410585 0.8952508
 0.89422226 0.8954916  0.89438426 0.8977212  0.89677763 0.8955292
 0.896695   0.89372367 0.8961308  0.8970091  0.8937353  0.8951394
 0.89796203 0.895641   0.89596415 0.8938074  0.89328283 0.8969395
 0.8951651  0.8987895  0.89937514 0.8957099  0.89703774 0.8937901
 0.89657736 0.89629334 0.89236534 0.89653075 0.8927069  0.8953409
 0.89490193 0.8989212  0.8971776  0.8939563  0.8959093  0.8973806
 0.89672685 0.89391506 0.8947803  0.89528084 0.89475334 0.8973621
 0.89699924 0.8954797  0.89334714 0.89727914 0.89493436 0.89707494
 0.8961437  0.89507836 0.89532745 0.8975229  0.8935447  0.89889514
 0.8921978  0.8956374  0.89459    0.89402694 0.89394253 0.8956198
 0.8992542  0.8948877  0.89670813 0.89699477 0.89549655 0.8942854
 0.89593095 0.8952257  0.8970785  0.8936813  0.89450806 0.8972081
 0.895868   0.8952311  0.89501095 0.89561117 0.89322984 0.8979801
 0.8951664  0.8932807  0.89605546 0.8973187 ]",74.02333,17.604267120361328,5879.743829916331
NNgHMC,0.1,autograd,high_dimensional_warped_gaussian,SynchronousLeapfrog,0.1,"[0.8918049  0.8932277  0.89365834 0.89452016 0.89875096 0.89662975
 0.8967866  0.89625466 0.8940692  0.89872545 0.8952265  0.89113283
 0.895818   0.8928771  0.8905364  0.89731836 0.89410585 0.8952508
 0.89422226 0.8954916  0.89438426 0.8977212  0.89677763 0.8955292
 0.896695   0.89372367 0.8961308  0.8970091  0.8937353  0.8951394
 0.89796203 0.895641   0.89596415 0.8938074  0.89328283 0.8969395
 0.8951651  0.8987895  0.89937514 0.8957099  0.89703774 0.8937901
 0.89657736 0.89629334 0.89236534 0.89653075 0.8927069  0.8953409
 0.89490193 0.8989212  0.8971776  0.8939563  0.8959093  0.8973806
 0.89672685 0.89391506 0.8947803  0.89528084 0.89475334 0.8973621
 0.89699924 0.8954797  0.89334714 0.89727914 0.89493436 0.89707494
 0.8961437  0.89507836 0.89532745 0.8975229  0.8935447  0.89889514
 0.8921978  0.8956374  0.89459    0.89402694 0.89394253 0.8956198
 0.8992542  0.8948877  0.89670813 0.89699477 0.89549655 0.8942854
 0.89593095 0.8952257  0.8970785  0.8936813  0.89450806 0.8972081
 0.895868   0.8952311  0.89501095 0.89561117 0.89322984 0.8979801
 0.8951664  0.8932807  0.89605546 0.8973187 ]",74.02333,44.5067675113678,5572.549593515276
NNODEgHMC,0.1,autograd,high_dimensional_warped_gaussian,SynchronousLeapfrog,0.1,"[0.93685675 0.9377143  0.938076   0.93666255 0.9386724  0.93701196
 0.93732756 0.9394778  0.935759   0.94003475 0.9370777  0.9337308
 0.9377688  0.9342679  0.93587935 0.93926877 0.93331623 0.93794584
 0.93770313 0.9366833  0.93704814 0.9395149  0.938941   0.938017
 0.9344413  0.93733    0.93730897 0.9362538  0.9355997  0.9368434
 0.9405987  0.9376425  0.9370753  0.93538564 0.9374785  0.9368204
 0.93667984 0.9380708  0.93897355 0.9370133  0.9411721  0.9351575
 0.93467283 0.9390383  0.9381658  0.93752646 0.9367439  0.9391403
 0.9354811  0.93719363 0.93701524 0.9375371  0.9373953  0.9397764
 0.9374329  0.93598735 0.93618155 0.94012344 0.9391658  0.9389464
 0.9367396  0.9367372  0.9373829  0.9361361  0.9365987  0.9373819
 0.93533677 0.93893975 0.93882036 0.9391069  0.9397702  0.9402046
 0.93536043 0.93693346 0.9373441  0.9382224  0.9393031  0.9379897
 0.9373741  0.9386627  0.9380127  0.93795407 0.93516374 0.93415105
 0.9366335  0.93643    0.93831575 0.9394385  0.93948764 0.93588257
 0.9358449  0.93815184 0.93861336 0.9355198  0.935171   0.9374027
 0.9394328  0.9381305  0.93600273 0.9391858 ]",2.0801375e-13,35.49203324317932,12.551597482720977
Explicit NNODEgHMC,0.1,autograd,high_dimensional_warped_gaussian,SynchronousLeapfrog,0.1,"[0.93853873 0.93869615 0.9406707  0.9391818  0.940232   0.93959
 0.94021195 0.94102335 0.93848896 0.9409907  0.937621   0.93659556
 0.9393446  0.9368671  0.9396062  0.9407059  0.9355771  0.94064564
 0.939854   0.9374505  0.93852663 0.9411634  0.93992996 0.94020414
 0.9389138  0.939196   0.93938947 0.93926114 0.9374566  0.9393152
 0.9416084  0.94037104 0.94093335 0.93717086 0.93868893 0.9397788
 0.9394325  0.93990934 0.9397275  0.9395666  0.942809   0.93720603
 0.9389627  0.9409137  0.9392163  0.9400894  0.9371273  0.94026226
 0.9384941  0.9398553  0.9392247  0.9380125  0.93812865 0.9410669
 0.9392497  0.93937385 0.93972844 0.94162226 0.94106245 0.9399874
 0.9378799  0.93888116 0.93901366 0.93776196 0.938611   0.9389736
 0.93805933 0.9396574  0.94116783 0.9417155  0.9405081  0.9422344
 0.93698835 0.93840426 0.9383933  0.93947214 0.9403717  0.93938255
 0.9398459  0.94059813 0.939559   0.93935657 0.93726814 0.9363524
 0.938385   0.937737   0.93953085 0.9412734  0.94029635 0.93858385
 0.9390054  0.9394924  0.9404701  0.93909824 0.9386097  0.93893975
 0.9401533  0.9391057  0.93898857 0.94020146]",1.9273235e-13,58.66075897216797,18.502892228512533
SymplecticNNgHMC,0.1,autograd,high_dimensional_warped_gaussian,SynchronousLeapfrog,0.1,"[0.9495808  0.9498726  0.9500791  0.9514322  0.95136213 0.9495926
 0.95017976 0.9496379  0.9509899  0.95163524 0.95121574 0.94856274
 0.9515707  0.9504099  0.94691294 0.9517445  0.9487869  0.9506531
 0.94932353 0.9529691  0.951184   0.95099896 0.9510395  0.950809
 0.95036304 0.9505944  0.9506106  0.95108145 0.95059556 0.948182
 0.95222604 0.95027983 0.9487311  0.9512491  0.9514541  0.9496573
 0.9512321  0.9531485  0.9525732  0.94991267 0.95062125 0.9515315
 0.94989264 0.95187443 0.9493405  0.95012873 0.9520421  0.9488896
 0.9494471  0.9514467  0.9498326  0.9510309  0.9507817  0.9507278
 0.9504914  0.95009106 0.9503528  0.94997424 0.9507023  0.95110035
 0.95248926 0.95101583 0.94826216 0.9529488  0.94837064 0.9509842
 0.9510364  0.95211196 0.94951504 0.95074004 0.95038307 0.9521731
 0.95043075 0.9497043  0.949914   0.95035005 0.94906557 0.9505271
 0.9524617  0.949489   0.9503867  0.95205545 0.9503223  0.9494445
 0.9491409  0.950874   0.9512738  0.9490833  0.95055616 0.9509434
 0.94845617 0.95088196 0.9499948  0.9499342  0.94893813 0.95141286
 0.95178574 0.94994164 0.95020807 0.95200706]",0.19250482,54.41370749473572,5.135948226187823
GSymplecticNNgHMC,0.1,autograd,high_dimensional_warped_gaussian,SynchronousLeapfrog,0.1,"[0.92532223 0.92277    0.92594624 0.9241215  0.9272101  0.9259545
 0.9275346  0.92626095 0.924286   0.92682356 0.92532563 0.9221988
 0.9253394  0.923123   0.92542446 0.9265763  0.92443717 0.92626685
 0.92642    0.9241656  0.9234288  0.92707634 0.9246077  0.92535436
 0.9269947  0.9254543  0.9257581  0.927171   0.9228551  0.925975
 0.92671555 0.9276155  0.9289896  0.92314243 0.92532945 0.9263713
 0.92532635 0.92593527 0.92533505 0.9256046  0.9281441  0.9229979
 0.9263641  0.9261381  0.9254745  0.9260315  0.9209986  0.92686987
 0.92578506 0.92719436 0.92551076 0.9216201  0.92278254 0.92605174
 0.92634726 0.9272208  0.9257363  0.9277326  0.92613506 0.925773
 0.92260396 0.92435825 0.92462796 0.9245905  0.92462605 0.9255268
 0.924641   0.9238991  0.9259949  0.9276589  0.92479455 0.9277104
 0.92354625 0.92550313 0.9253787  0.92560947 0.92712784 0.9254526
 0.9267657  0.92501163 0.92650306 0.9247595  0.92291707 0.92401636
 0.92535496 0.92202365 0.92565095 0.92765254 0.92522043 0.92649794
 0.9257018  0.924555   0.9266278  0.92656934 0.9243518  0.9250351
 0.92505586 0.92326254 0.92620265 0.92527914]",17033.375,26.354514598846436,5700.0
HMC,0.2,autograd,high_dimensional_gaussian,SynchronousLeapfrog,0.1,"[0.66636354 0.6719779  0.67165077 0.6677828  0.672838   0.6691842
 0.6719116  0.6740546  0.6715832  0.66809034 0.6772892  0.671493
 0.66742635 0.66901445 0.67055285 0.6735128  0.6746516  0.6651974
 0.6658473  0.66567934 0.67162454 0.6797097  0.6752929  0.67527306
 0.6742465  0.6825723  0.6621432  0.67079055 0.6677921  0.66542584
 0.6682562  0.66799086 0.67041576 0.6733989  0.67751694 0.6710004
 0.6700174  0.66754186 0.6766877  0.6782141  0.6703756  0.67102087
 0.6710207  0.6801666  0.6727605  0.6652496  0.66489947 0.67569065
 0.6731914  0.66382736 0.6726665  0.6642402  0.680295   0.67307293
 0.6733815  0.6724316  0.67368126 0.66861045 0.6757761  0.66282094
 0.6710383  0.6690368  0.67021817 0.6716158  0.6693942  0.66619873
 0.6656381  0.66701066 0.66859806 0.6886241  0.66542304 0.6749035
 0.6689507  0.67536855 0.6724469  0.6702857  0.669177   0.6699028
 0.670433   0.6671452  0.6644788  0.6701591  0.66856706 0.6755562
 0.67154765 0.66577905 0.66674566 0.66968155 0.6673731  0.6753573
 0.67016363 0.6781761  0.67823017 0.66743064 0.66937435 0.6759813
 0.67290115 0.6829424  0.66574794 0.6825479 ]",1.3214312e+06,18.003586292266846,5697.263583103526
NNgHMC,0.2,autograd,high_dimensional_gaussian,SynchronousLeapfrog,0.1,"[0.66636354 0.6719779  0.67165077 0.6677828  0.672838   0.6691842
 0.6719116  0.6740546  0.6715832  0.66809034 0.6772892  0.671493
 0.66742635 0.66901445 0.67055285 0.6735128  0.6746516  0.6651974
 0.6658473  0.66567934 0.67162454 0.6797097  0.6752929  0.67527306
 0.6742465  0.6825723  0.6621432  0.67079055 0.6677921  0.66542584
 0.6682562  0.66799086 0.67041576 0.6733989  0.67751694 0.6710004
 0.6700174  0.66754186 0.6766877  0.6782141  0.6703756  0.67102087
 0.6710207  0.6801666  0.6727605  0.6652496  0.66489947 0.67569065
 0.6731914  0.66382736 0.6726665  0.6642402  0.680295   0.67307293
 0.6733815  0.6724316  0.67368126 0.66861045 0.6757761  0.66282094
 0.6710383  0.6690368  0.67021817 0.6716158  0.6693942  0.66619873
 0.6656381  0.66701066 0.66859806 0.6886241  0.66542304 0.6749035
 0.6689507  0.67536855 0.6724469  0.6702857  0.669177   0.6699028
 0.670433   0.6671452  0.6644788  0.6701591  0.66856706 0.6755562
 0.67154765 0.66577905 0.66674566 0.66968155 0.6673731  0.6753573
 0.67016363 0.6781761  0.67823017 0.66743064 0.66937435 0.6759813
 0.67290115 0.6829424  0.66574794 0.6825479 ]",1.3214312e+06,43.657320737838745,5281.369098711483
NNODEgHMC,0.2,autograd,high_dimensional_gaussian,SynchronousLeapfrog,0.1,"[0.9413427  0.9410372  0.94116753 0.9411006  0.9410275  0.9412422
 0.941193   0.94109935 0.9410083  0.94118166 0.94077367 0.9410839
 0.9411607  0.94109285 0.9413795  0.94095945 0.9410329  0.94134444
 0.9413961  0.9410197  0.94098425 0.9408192  0.94088316 0.94093245
 0.941041   0.9407041  0.9414176  0.94110286 0.94109124 0.9414829
 0.94111025 0.94130135 0.9413309  0.9408636  0.9407806  0.94119585
 0.94109523 0.94101495 0.9407284  0.9409102  0.94120616 0.9408927
 0.9411725  0.94069755 0.94111913 0.9413705  0.9410143  0.9411039
 0.94114923 0.94134355 0.9410991  0.94116676 0.94064796 0.9410409
 0.94105947 0.94113535 0.9410488  0.9413394  0.94098485 0.94137895
 0.94083416 0.9411044  0.94124407 0.94082564 0.9413063  0.94122577
 0.9412006  0.94108504 0.9412827  0.94054973 0.9412717  0.9409547
 0.94109267 0.9409857  0.9410906  0.9411639  0.941323   0.94113576
 0.94101226 0.9413108  0.9413601  0.94100666 0.94111    0.9409337
 0.9411638  0.9411329  0.94122016 0.9413341  0.9412365  0.9409353
 0.94126034 0.94080544 0.9409332  0.9412617  0.94124687 0.94083565
 0.9409399  0.9406214  0.94131535 0.94054955]",8.643838e-11,35.19151735305786,5400.0
Explicit NNODEgHMC,0.2,autograd,high_dimensional_gaussian,SynchronousLeapfrog,0.1,"[0.9402698  0.93995756 0.94009393 0.9400177  0.9399489  0.9401693
 0.94012135 0.9400262  0.9399264  0.94010395 0.9396881  0.9400058
 0.9400805  0.94001144 0.940315   0.93987817 0.93995714 0.94027036
 0.9403256  0.9399295  0.9399013  0.93974006 0.93980074 0.93985236
 0.939965   0.9396229  0.9403429  0.9400248  0.9400079  0.9404167
 0.94002885 0.9402293  0.940264   0.939777   0.93969554 0.9401231
 0.9400155  0.9399277  0.9396403  0.9398334  0.940133   0.93980396
 0.9400985  0.93961257 0.9400445  0.9402982  0.9399225  0.9400333
 0.94007725 0.9402678  0.9400241  0.9400821  0.93956083 0.9399633
 0.93998325 0.940061   0.93997216 0.9402701  0.939908   0.9403035
 0.9397429  0.9400239  0.94017243 0.93973464 0.940237   0.94014734
 0.9401199  0.94000024 0.94021076 0.93947    0.9401941  0.93987536
 0.9400109  0.9399087  0.94001436 0.94008803 0.9402537  0.9400581
 0.93992925 0.9402382  0.9402859  0.9399228  0.94002926 0.9398541
 0.9400903  0.94004905 0.9401423  0.940266   0.94016004 0.9398556
 0.94018996 0.9397232  0.9398574  0.94018674 0.94017404 0.939752
 0.9398564  0.9395365  0.94024074 0.93946075]",3.8805107e-14,56.58948278427124,34.89766243066807
SymplecticNNgHMC,0.2,autograd,high_dimensional_gaussian,SynchronousLeapfrog,0.1,"[0.95425105 0.9542672  0.95428336 0.9544687  0.9541997  0.95417184
 0.95418596 0.9539677  0.9545552  0.9542472  0.95416594 0.95424837
 0.95431507 0.95458215 0.9541539  0.95409083 0.95398426 0.9544861
 0.9544596  0.9544705  0.9542639  0.9538977  0.9541618  0.9542575
 0.95401895 0.9541103  0.9544544  0.95434725 0.9545762  0.9541079
 0.9543083  0.9541801  0.95398223 0.95432043 0.95416486 0.95415664
 0.95441645 0.9546647  0.9541253  0.95396495 0.95411915 0.95437807
 0.9542303  0.95409334 0.954266   0.9543487  0.95468754 0.9539281
 0.9539901  0.95420873 0.95406234 0.9547585  0.954039   0.9542622
 0.9539198  0.95407057 0.9541449  0.95413387 0.9541651  0.9542376
 0.95433855 0.9543528  0.9542267  0.9544108  0.95428485 0.95418394
 0.9544265  0.9545617  0.954395   0.953864   0.95444036 0.9542415
 0.95419204 0.9541039  0.9541669  0.9543656  0.95402193 0.95434034
 0.95434874 0.954251   0.95431155 0.9542682  0.95426023 0.9540173
 0.9542781  0.9545598  0.954384   0.95419705 0.95435894 0.9538803
 0.9540384  0.954054   0.9539568  0.9542718  0.95408505 0.9540267
 0.9545053  0.95374835 0.9542823  0.9541235 ]",57.595272,74.39224624633789,29.83394827809695
GSymplecticNNgHMC,0.2,autograd,high_dimensional_gaussian,SynchronousLeapfrog,0.1,"[0.94465035 0.9444537  0.944462   0.94462633 0.94440496 0.94453025
 0.94446385 0.9443776  0.9444878  0.9445671  0.9443063  0.944466
 0.94461507 0.944574   0.9445395  0.94439524 0.94435024 0.9446721
 0.9446615  0.9448149  0.9444846  0.9441767  0.94433975 0.9443309
 0.94436234 0.94409835 0.94477105 0.9444821  0.94463336 0.9446694
 0.9445905  0.94458026 0.94450605 0.9444673  0.9442989  0.94446397
 0.9445214  0.9446863  0.944343   0.944235   0.9445009  0.944586
 0.9444722  0.94419116 0.9444219  0.9446554  0.9448759  0.94433117
 0.9444055  0.94470537 0.94439733 0.9447783  0.94419706 0.94439554
 0.94438136 0.94443214 0.94438267 0.9445785  0.9443185  0.9447373
 0.94461024 0.94455516 0.9444887  0.9445898  0.9445273  0.9446368
 0.94467735 0.94467944 0.9445569  0.943889   0.9446807  0.9443412
 0.9445836  0.94431704 0.9444305  0.94450176 0.9445447  0.94451654
 0.9445201  0.9445995  0.9446893  0.94454324 0.94456756 0.9443161
 0.94445884 0.9447031  0.94461656 0.9445571  0.94459426 0.9443284
 0.9444926  0.94424677 0.94423056 0.9445929  0.94452465 0.9443256
 0.9444558  0.94409513 0.9446492  0.9441423 ]",1119.7938,29.340888738632202,27.901436454706438
HMC,0.2,autograd,high_dimensional_warped_gaussian,SynchronousLeapfrog,0.1,"[0.8934287  0.89545697 0.8938918  0.8958173  0.8973755  0.8976156
 0.8960835  0.8961047  0.8947703  0.8985097  0.8936999  0.8941164
 0.89652556 0.8950607  0.89261675 0.8958504  0.89524853 0.8961934
 0.8954651  0.8962612  0.89570254 0.895189   0.896629   0.8949518
 0.89557856 0.89170253 0.89804524 0.89599204 0.89607275 0.8976509
 0.8971483  0.8952109  0.8947426  0.89462435 0.8915949  0.89735353
 0.89551556 0.8982209  0.89782274 0.8950092  0.8956759  0.8948395
 0.896768   0.89361876 0.8926517  0.8981063  0.89591426 0.8947832
 0.89550054 0.89937514 0.89780754 0.89774966 0.8960421  0.89698935
 0.89627826 0.8927552  0.8945936  0.89508057 0.89380026 0.89916986
 0.89827347 0.896809   0.8953824  0.896796   0.89763963 0.8982083
 0.8978197  0.8964049  0.8963276  0.8929533  0.8951032  0.8965556
 0.893892   0.89549863 0.89499784 0.8945238  0.8941356  0.8961688
 0.8981487  0.89691293 0.89775866 0.8974136  0.8982565  0.89507836
 0.89701974 0.89874303 0.8980541  0.893428   0.8957155  0.89587754
 0.8972739  0.894582   0.89346164 0.8959314  0.89547145 0.89734256
 0.89466095 0.8925805  0.8970921  0.8945837 ]",74.37598,18.277255058288574,5697.24435998128
NNgHMC,0.2,autograd,high_dimensional_warped_gaussian,SynchronousLeapfrog,0.1,"[0.8934287  0.89545697 0.8938918  0.8958173  0.8973755  0.8976156
 0.8960835  0.8961047  0.8947703  0.8985097  0.8936999  0.8941164
 0.89652556 0.8950607  0.89261675 0.8958504  0.89524853 0.8961934
 0.8954651  0.8962612  0.89570254 0.895189   0.896629   0.8949518
 0.89557856 0.89170253 0.89804524 0.89599204 0.89607275 0.8976509
 0.8971483  0.8952109  0.8947426  0.89462435 0.8915949  0.89735353
 0.89551556 0.8982209  0.89782274 0.8950092  0.8956759  0.8948395
 0.896768   0.89361876 0.8926517  0.8981063  0.89591426 0.8947832
 0.89550054 0.89937514 0.89780754 0.89774966 0.8960421  0.89698935
 0.89627826 0.8927552  0.8945936  0.89508057 0.89380026 0.89916986
 0.89827347 0.896809   0.8953824  0.896796   0.89763963 0.8982083
 0.8978197  0.8964049  0.8963276  0.8929533  0.8951032  0.8965556
 0.893892   0.89549863 0.89499784 0.8945238  0.8941356  0.8961688
 0.8981487  0.89691293 0.89775866 0.8974136  0.8982565  0.89507836
 0.89701974 0.89874303 0.8980541  0.893428   0.8957155  0.89587754
 0.8972739  0.894582   0.89346164 0.8959314  0.89547145 0.89734256
 0.89466095 0.8925805  0.8970921  0.8945837 ]",74.37598,43.025620222091675,5282.977173713415
NNODEgHMC,0.2,autograd,high_dimensional_warped_gaussian,SynchronousLeapfrog,0.1,"[0.93696356 0.93869257 0.93659985 0.9362201  0.9363446  0.9364564
 0.9351806  0.9382733  0.934668   0.93899536 0.9350761  0.9344939
 0.9370905  0.9346528  0.935835   0.93698114 0.9326166  0.9372601
 0.93752354 0.93623084 0.93681496 0.93638    0.938035   0.9362141
 0.9314617  0.9343418  0.93749523 0.9337277  0.93641424 0.9373512
 0.9391057  0.93572843 0.93405235 0.9346132  0.9348685  0.93543833
 0.93550014 0.93627596 0.93676347 0.9349799  0.9389073  0.93451786
 0.9328332  0.9356253  0.9375216  0.9375517  0.93860424 0.93789864
 0.9342034  0.9357316  0.93623865 0.94009066 0.9367242  0.93860614
 0.9356815  0.9334111  0.93404335 0.938939   0.9371842  0.93954223
 0.9366681  0.9364135  0.93804693 0.93441594 0.9376403  0.93705696
 0.93514556 0.9391143  0.9382055  0.93395895 0.94046915 0.9370551
 0.93534076 0.9357195  0.93675154 0.93776596 0.93872    0.937325
 0.934934   0.93903035 0.9377493  0.9369806  0.93602884 0.9332975
 0.93637705 0.93812025 0.93813646 0.9378872  0.9398831  0.9330578
 0.9353246  0.9365183  0.9362116  0.9338101  0.9352779  0.9356227
 0.93820304 0.93660325 0.9351921  0.93601173]",2.6708353e-13,34.937703132629395,1.7978742012010192
Explicit NNODEgHMC,0.2,autograd,high_dimensional_warped_gaussian,SynchronousLeapfrog,0.1,"[0.9395431  0.94021195 0.94059277 0.93994665 0.9387989  0.94015455
 0.9393951  0.94063556 0.93875885 0.94055843 0.93599623 0.9388083
 0.93964547 0.93837875 0.9409938  0.9392084  0.9362762  0.9411378
 0.94058263 0.9378065  0.93930423 0.9388107  0.9395466  0.9394722
 0.93770045 0.93721914 0.9407222  0.9381107  0.9391341  0.94112015
 0.9406752  0.93978137 0.9396922  0.93755263 0.9368954  0.9398663
 0.9393976  0.9391316  0.9381339  0.93873787 0.941458   0.9378009
 0.93889606 0.9383936  0.9391648  0.9411044  0.9395424  0.9395423
 0.9387306  0.93999267 0.9394988  0.94085264 0.93797225 0.9404723
 0.9386052  0.9381257  0.939213   0.9411917  0.9399977  0.9411901
 0.9386658  0.93971574 0.94040823 0.9370515  0.9405544  0.9396629
 0.939185   0.9404718  0.94173664 0.93765754 0.9415084  0.940055
 0.93814313 0.9380171  0.93848485 0.939584   0.9402969  0.93955415
 0.9386329  0.94197845 0.9401754  0.9394045  0.9393523  0.9367471
 0.93903494 0.94040483 0.94011366 0.940868   0.9410113  0.93719363
 0.9399233  0.93868625 0.9389126  0.9391335  0.9401733  0.93815106
 0.9394128  0.93824786 0.9396186  0.9376199 ]",1.9980461e-13,56.55386805534363,18.914610605910514
SymplecticNNgHMC,0.2,autograd,high_dimensional_warped_gaussian,SynchronousLeapfrog,0.1,"[0.92375827 0.9238309  0.92362136 0.9242363  0.9230827  0.9245068
 0.924452   0.9228374  0.9234972  0.9236867  0.9220313  0.9242959
 0.92311287 0.92408264 0.92471254 0.92245436 0.9221983  0.92490643
 0.92512864 0.9239093  0.92259645 0.9206842  0.9228753  0.9223243
 0.9229493  0.92180365 0.92631674 0.9236649  0.9229808  0.9265339
 0.9233195  0.9243483  0.92441577 0.9219141  0.923119   0.9234559
 0.92378545 0.92457837 0.9220195  0.92122793 0.92410606 0.9227707
 0.9247689  0.9213252  0.92336273 0.925054   0.9236326  0.9227592
 0.92415154 0.9251568  0.9237957  0.9249069  0.92160547 0.9239885
 0.9241284  0.9238452  0.92408407 0.923206   0.9217328  0.92549276
 0.92295253 0.9239289  0.9245844  0.92221737 0.9244741  0.9248017
 0.925339   0.9243571  0.9240996  0.92101306 0.92379045 0.923792
 0.9248642  0.9233331  0.92407894 0.9242104  0.92508763 0.9233808
 0.92396843 0.92507976 0.9253594  0.9229111  0.9245889  0.92244977
 0.92342085 0.9244215  0.92465353 0.9248308  0.92468154 0.9224509
 0.92406845 0.9215836  0.92229176 0.92466104 0.9241628  0.9226767
 0.92261076 0.9207422  0.9245507  0.9201461 ]",3.4350834,73.44474649429321,5400.0
GSymplecticNNgHMC,0.2,autograd,high_dimensional_warped_gaussian,SynchronousLeapfrog,0.1,"[0.92662644 0.92475164 0.92558277 0.92514217 0.925133   0.92658794
 0.92622584 0.92554045 0.9246046  0.92604005 0.92308605 0.9250817
 0.92565393 0.92519426 0.92715186 0.92437667 0.92525816 0.9267945
 0.92722595 0.924612   0.92445534 0.92363334 0.92395353 0.92415875
 0.9252461  0.92256874 0.9274778  0.9255223  0.9251351  0.92826223
 0.9252744  0.92670125 0.9270959  0.9236107  0.9228414  0.92632294
 0.92519903 0.9248463  0.92310476 0.9242632  0.92600334 0.923761
 0.9261884  0.92251825 0.92518044 0.92733717 0.92426527 0.92564344
 0.9259218  0.927293   0.9257617  0.92549324 0.92242265 0.92507493
 0.9253087  0.9254508  0.9249642  0.926949   0.92444074 0.9273175
 0.9236471  0.92535627 0.92634404 0.9236263  0.927119   0.92634076
 0.92613745 0.9249355  0.92653555 0.92197794 0.92600155 0.9244792
 0.925024   0.9248314  0.92530537 0.9255745  0.9267869  0.92555475
 0.92503726 0.9267682  0.92717576 0.9247608  0.9256336  0.9245
 0.92608    0.9255988  0.9262652  0.9268543  0.92602056 0.92454326
 0.92683446 0.92336464 0.92422855 0.92647445 0.9263214  0.9238307
 0.9239527  0.92193574 0.9269142  0.9216503 ]",16244.1,29.18687653541565,5400.0
HMC,0.30000000000000004,autograd,high_dimensional_gaussian,SynchronousLeapfrog,0.1,"[0.6712936  0.6726632  0.6629031  0.67272496 0.67389727 0.6764395
 0.6776394  0.68101716 0.67104447 0.6755904  0.68825215 0.6739497
 0.66996765 0.6697299  0.6692153  0.67126536 0.6766423  0.6656136
 0.66660124 0.6697046  0.667801   0.6688     0.66858613 0.6721686
 0.67273235 0.6761192  0.66848874 0.66974247 0.6694908  0.6757819
 0.6699829  0.6721387  0.6694089  0.6688306  0.6661824  0.6723559
 0.66954625 0.6679723  0.6660398  0.664595   0.6766231  0.6661215
 0.67488927 0.66982114 0.6668663  0.66478986 0.68318164 0.6637239
 0.6739192  0.67575634 0.6768028  0.6701412  0.66952276 0.67198634
 0.67464435 0.6696882  0.6735754  0.66713667 0.66937464 0.6676626
 0.66707796 0.66735077 0.66185904 0.6686783  0.67277616 0.6797297
 0.67654014 0.6788113  0.6710118  0.6654929  0.6745062  0.66884035
 0.663216   0.6750478  0.673962   0.66755    0.6690979  0.66613513
 0.67725945 0.68470657 0.67136145 0.6818687  0.6713176  0.6724974
 0.6613202  0.67479753 0.66547525 0.67538327 0.6676292  0.6749401
 0.66833997 0.67205954 0.67468333 0.66878194 0.6700578  0.6725759
 0.66632307 0.66794753 0.66554636 0.67080325]",1.4019431e+06,18.278778314590454,5378.04762238308
NNgHMC,0.30000000000000004,autograd,high_dimensional_gaussian,SynchronousLeapfrog,0.1,"[0.6712936  0.6726632  0.6629031  0.67272496 0.67389727 0.6764395
 0.6776394  0.68101716 0.67104447 0.6755904  0.68825215 0.6739497
 0.66996765 0.6697299  0.6692153  0.67126536 0.6766423  0.6656136
 0.66660124 0.6697046  0.667801   0.6688     0.66858613 0.6721686
 0.67273235 0.6761192  0.66848874 0.66974247 0.6694908  0.6757819
 0.6699829  0.6721387  0.6694089  0.6688306  0.6661824  0.6723559
 0.66954625 0.6679723  0.6660398  0.664595   0.6766231  0.6661215
 0.67488927 0.66982114 0.6668663  0.66478986 0.68318164 0.6637239
 0.6739192  0.67575634 0.6768028  0.6701412  0.66952276 0.67198634
 0.67464435 0.6696882  0.6735754  0.66713667 0.66937464 0.6676626
 0.66707796 0.66735077 0.66185904 0.6686783  0.67277616 0.6797297
 0.67654014 0.6788113  0.6710118  0.6654929  0.6745062  0.66884035
 0.663216   0.6750478  0.673962   0.66755    0.6690979  0.66613513
 0.67725945 0.68470657 0.67136145 0.6818687  0.6713176  0.6724974
 0.6613202  0.67479753 0.66547525 0.67538327 0.6676292  0.6749401
 0.66833997 0.67205954 0.67468333 0.66878194 0.6700578  0.6725759
 0.66632307 0.66794753 0.66554636 0.67080325]",1.4019431e+06,41.854312896728516,4981.019686637222
NNODEgHMC,0.30000000000000004,autograd,high_dimensional_gaussian,SynchronousLeapfrog,0.1,"[0.9411324  0.94098127 0.9414436  0.94089526 0.9409579  0.9409499
 0.9409536  0.9408166  0.940997   0.94088334 0.9403534  0.9409639
 0.9410397  0.9410371  0.94138706 0.94100857 0.940928   0.9412962
 0.94133365 0.9408512  0.9410906  0.9411742  0.94109154 0.94101095
 0.94106096 0.9409007  0.9411596  0.9411079  0.9410018  0.9410777
 0.94101894 0.9411189  0.9413284  0.9409981  0.941154   0.94111276
 0.94108075 0.9409733  0.94108045 0.94136035 0.9409493  0.9410407
 0.9410006  0.94103545 0.94129384 0.94135284 0.940338   0.94149196
 0.9410875  0.94088733 0.9409183  0.94092894 0.9410027  0.94104695
 0.9409811  0.94119775 0.94101876 0.941355   0.9411785  0.9411749
 0.9409506  0.941134   0.9415056  0.9409052  0.9411499  0.9407133
 0.94078255 0.9406365  0.9411618  0.94133776 0.94091666 0.9411384
 0.9412665  0.9409637  0.9410032  0.9412276  0.9412889  0.9412376
 0.94074    0.9406519  0.9410822  0.9405608  0.94098204 0.9410102
 0.9414929  0.9407837  0.941234   0.9410936  0.9411947  0.94091815
 0.9412894  0.9409919  0.9410243  0.9411802  0.94118774 0.9409272
 0.9411442  0.94112414 0.9412894  0.94093955]",1.2608749e-10,34.18743324279785,5100.0
Explicit NNODEgHMC,0.30000000000000004,autograd,high_dimensional_gaussian,SynchronousLeapfrog,0.1,"[0.9400883  0.93993187 0.9404031  0.9398416  0.9399094  0.9399048
 0.9399102  0.93977135 0.93994594 0.93983364 0.9392952  0.93991536
 0.9399893  0.9399861  0.9403527  0.9399587  0.9398818  0.9402523
 0.9402931  0.9397909  0.94003963 0.94012904 0.94004196 0.9399624
 0.94001573 0.9398521  0.9401132  0.9400606  0.93994874 0.94003785
 0.9399676  0.9400756  0.94029164 0.9399439  0.9401034  0.94006985
 0.94003177 0.9399168  0.94002676 0.9403183  0.93990415 0.9399845
 0.9399556  0.9399847  0.9402513  0.94031084 0.93927145 0.9404553
 0.94004536 0.9398381  0.93987215 0.93987334 0.93995017 0.9400002
 0.93993485 0.9401547  0.93997264 0.9403163  0.94013417 0.9401282
 0.9398918  0.94008464 0.9404668  0.9398463  0.94010943 0.9396609
 0.9397291  0.9395787  0.94011927 0.94029593 0.9398665  0.94009155
 0.9402174  0.939917   0.9399568  0.94018304 0.94024956 0.9401916
 0.9396855  0.9396037  0.9400362  0.9395039  0.93993104 0.93996215
 0.94045293 0.9397277  0.94018716 0.94005364 0.9401487  0.9398691
 0.94024956 0.93994224 0.93998    0.94013524 0.9401449  0.93987536
 0.9400937  0.94007504 0.94024533 0.9398855 ]",4.8506385e-14,54.89008688926697,26.21840749969369
SymplecticNNgHMC,0.30000000000000004,autograd,high_dimensional_gaussian,SynchronousLeapfrog,0.1,"[0.95078224 0.95083016 0.9510206  0.95087093 0.95075274 0.9506299
 0.9505457  0.9504797  0.95091045 0.9507362  0.95043814 0.95076895
 0.9509379  0.95093906 0.95071906 0.9508771  0.9506395  0.9509782
 0.95089865 0.95109004 0.950992   0.95088184 0.9509623  0.950827
 0.9507605  0.95067096 0.9509058  0.95087767 0.9509853  0.95055884
 0.95095    0.95075107 0.9507469  0.951025   0.951039   0.9507197
 0.9509219  0.9510782  0.9511069  0.95099974 0.9506342  0.9511361
 0.95066184 0.9509306  0.95091265 0.9509467  0.95071936 0.95094895
 0.950655   0.9507152  0.9506123  0.95100015 0.9509702  0.9508001
 0.95069855 0.95082927 0.9507348  0.9508599  0.95084167 0.9509363
 0.9511465  0.9509968  0.9510166  0.95108926 0.9506483  0.95062757
 0.9507422  0.950737   0.9507773  0.9509406  0.9507947  0.95090103
 0.9511384  0.9506991  0.9507413  0.950935   0.9508013  0.95099705
 0.9507238  0.9504029  0.95082986 0.95061433 0.9508759  0.9507978
 0.9510431  0.9508342  0.9510111  0.95060223 0.9509346  0.9507324
 0.95081425 0.9508308  0.9506597  0.9508907  0.9508059  0.9508547
 0.95105803 0.9509957  0.9509863  0.95095   ]",19.521149,72.40126729011536,37.98603317964936
GSymplecticNNgHMC,0.30000000000000004,autograd,high_dimensional_gaussian,SynchronousLeapfrog,0.1,"[0.94433475 0.94432664 0.9446036  0.94438577 0.9442653  0.94413775
 0.9440831  0.9439704  0.94441366 0.9442141  0.943861   0.9442732
 0.944442   0.9444612  0.94432366 0.9443854  0.94414425 0.9445268
 0.94445485 0.94459885 0.94453084 0.94441336 0.9444742  0.9443383
 0.9442749  0.94419783 0.94444597 0.94440806 0.9444956  0.94411135
 0.9444474  0.94429415 0.944335   0.944539   0.9445982  0.9442686
 0.9444382  0.9445934  0.94461983 0.9445418  0.9441365  0.9446711
 0.9441933  0.94445294 0.9444828  0.9445321  0.94417965 0.94452757
 0.94420946 0.94420516 0.9441314  0.94450444 0.94447815 0.94431674
 0.9442176  0.94438016 0.9442624  0.9444313  0.94439554 0.94447505
 0.944661   0.94452167 0.94461083 0.94460726 0.94422686 0.94409037
 0.9442314  0.94421    0.9443221  0.94450486 0.94427556 0.94443417
 0.9446882  0.9442042  0.9442518  0.9444684  0.94436663 0.9445286
 0.94420874 0.943872   0.94433373 0.9440734  0.94438905 0.9443201
 0.9446394  0.94432515 0.94455975 0.94415605 0.94447917 0.94423485
 0.9443857  0.9443533  0.94419754 0.94442225 0.9443533  0.944349
 0.9445839  0.9445034  0.9445278  0.9444535 ]",2346.0786,33.03658652305603,3.372424397463827
HMC,0.30000000000000004,autograd,high_dimensional_warped_gaussian,SynchronousLeapfrog,0.1,"[0.89264166 0.89549416 0.89595544 0.89499533 0.89731044 0.89627117
 0.8950414  0.8947724  0.8950778  0.8971207  0.8914895  0.89378977
 0.8962158  0.89513016 0.8931205  0.89649236 0.89497566 0.8963665
 0.8955626  0.8956579  0.89670503 0.89760804 0.89819616 0.89576054
 0.89605653 0.89315605 0.89697874 0.8964104  0.89594114 0.8956906
 0.8969984  0.89455956 0.8951644  0.89577043 0.8941525  0.8972479
 0.8958232  0.89834976 0.9002073  0.89802593 0.8945443  0.89608395
 0.89612913 0.8959211  0.89410037 0.89845407 0.8922803  0.89747906
 0.8955135  0.8970875  0.8970847  0.89675426 0.89841974 0.8973818
 0.89616984 0.89353514 0.8947839  0.895622   0.89531326 0.898409
 0.8992965  0.8973798  0.89737177 0.89760256 0.8971192  0.8955571
 0.8957391  0.89412487 0.89603186 0.89788526 0.89343107 0.89799064
 0.8953458  0.89570874 0.89485496 0.8953175  0.8943783  0.8971772
 0.896877   0.8933983  0.8965508  0.8951076  0.8978772  0.89587307
 0.8993818  0.8970568  0.8985569  0.8924357  0.89589906 0.89610595
 0.89785755 0.89600027 0.89433765 0.89587927 0.8955407  0.8981923
 0.89624184 0.8958472  0.8973848  0.8971499 ]",74.58891,18.447340726852417,5378.008802567931
NNgHMC,0.30000000000000004,autograd,high_dimensional_warped_gaussian,SynchronousLeapfrog,0.1,"[0.89264166 0.89549416 0.89595544 0.89499533 0.89731044 0.89627117
 0.8950414  0.8947724  0.8950778  0.8971207  0.8914895  0.89378977
 0.8962158  0.89513016 0.8931205  0.89649236 0.89497566 0.8963665
 0.8955626  0.8956579  0.89670503 0.89760804 0.89819616 0.89576054
 0.89605653 0.89315605 0.89697874 0.8964104  0.89594114 0.8956906
 0.8969984  0.89455956 0.8951644  0.89577043 0.8941525  0.8972479
 0.8958232  0.89834976 0.9002073  0.89802593 0.8945443  0.89608395
 0.89612913 0.8959211  0.89410037 0.89845407 0.8922803  0.89747906
 0.8955135  0.8970875  0.8970847  0.89675426 0.89841974 0.8973818
 0.89616984 0.89353514 0.8947839  0.895622   0.89531326 0.898409
 0.8992965  0.8973798  0.89737177 0.89760256 0.8971192  0.8955571
 0.8957391  0.89412487 0.89603186 0.89788526 0.89343107 0.89799064
 0.8953458  0.89570874 0.89485496 0.8953175  0.8943783  0.8971772
 0.896877   0.8933983  0.8965508  0.8951076  0.8978772  0.89587307
 0.8993818  0.8970568  0.8985569  0.8924357  0.89589906 0.89610595
 0.89785755 0.89600027 0.89433765 0.89587927 0.8955407  0.8981923
 0.89624184 0.8958472  0.8973848  0.8971499 ]",74.58891,42.300153970718384,4980.982463465543
NNODEgHMC,0.30000000000000004,autograd,high_dimensional_warped_gaussian,SynchronousLeapfrog,0.1,"[0.9356946  0.9383973  0.9378614  0.934875   0.9358894  0.93457365
 0.9338502  0.9366703  0.93445873 0.93754977 0.9328816  0.93356466
 0.9365237  0.93398833 0.93558395 0.9370847  0.93174666 0.93679535
 0.93704486 0.93528765 0.93731946 0.9378149  0.9389992  0.9362723
 0.9309272  0.9351808  0.93606156 0.93332136 0.9357268  0.9350709
 0.9385335  0.9345483  0.9336645  0.93493426 0.9365958  0.9347317
 0.93494546 0.9357605  0.93836474 0.9368664  0.93752974 0.9348237
 0.9314661  0.93686163 0.9383799  0.9371871  0.9352186  0.93984854
 0.9336395  0.93317413 0.9352224  0.9390296  0.93840027 0.9386212
 0.9350709  0.9332375  0.9334817  0.9389385  0.93793666 0.93858314
 0.93694913 0.9363534  0.9392416  0.93443525 0.93669575 0.93422794
 0.93271387 0.9370327  0.93745375 0.9372975  0.9388226  0.93772924
 0.9359495  0.9354646  0.93640155 0.9380557  0.9386202  0.9376688
 0.9332427  0.935791   0.9362759  0.93464154 0.9351249  0.93348885
 0.93787736 0.9362032  0.9381745  0.93668497 0.9398074  0.9324955
 0.93519664 0.93726796 0.93639314 0.9329416  0.9344897  0.9358138
 0.93925285 0.93884754 0.9346336  0.93763036]",2.5975074e-13,34.294286012649536,2.230863065804755
Explicit NNODEgHMC,0.30000000000000004,autograd,high_dimensional_warped_gaussian,SynchronousLeapfrog,0.1,"[0.9387487  0.94006205 0.9420945  0.93910587 0.93858385 0.9388808
 0.9383813  0.93943477 0.9388706  0.9392204  0.9338681  0.9383887
 0.9392353  0.9383106  0.941298   0.93957347 0.93591154 0.94113207
 0.9405197  0.9370675  0.9399899  0.9406544  0.9406282  0.93995255
 0.9379532  0.9382743  0.9396438  0.9382796  0.9388455  0.93934625
 0.9403391  0.93903226 0.9398911  0.9383354  0.9389004  0.93961924
 0.93950164 0.9390699  0.9399578  0.94108903 0.9404132  0.93864775
 0.9381943  0.9401001  0.94020915 0.9412464  0.9362442  0.9416169
 0.9385888  0.9378802  0.93872374 0.93984646 0.9397468  0.9406499
 0.9383356  0.9385974  0.93926144 0.9414576  0.9410709  0.94042015
 0.9393296  0.94000995 0.94188297 0.93752575 0.9399988  0.93725675
 0.93729085 0.9384081  0.9413485  0.94158506 0.93996    0.94106805
 0.9392511  0.9379958  0.9381775  0.94006634 0.9403405  0.94023407
 0.9373635  0.93898153 0.93898153 0.93730056 0.9388442  0.9372772
 0.94084454 0.9388026  0.9403322  0.93989676 0.94100165 0.93719476
 0.9402598  0.93967617 0.9394746  0.9389175  0.94008225 0.9386815
 0.94057965 0.9407489  0.93968475 0.9395876 ]",2.0544632e-13,55.2305326461792,17.258779841522188
SymplecticNNgHMC,0.30000000000000004,autograd,high_dimensional_warped_gaussian,SynchronousLeapfrog,0.1,"[0.92503756 0.92393464 0.93009585 0.9230813  0.92295    0.9236466
 0.9244931  0.92331505 0.9255566  0.92477024 0.9165143  0.92557836
 0.9245496  0.92389643 0.92796767 0.92398036 0.9210752  0.93009347
 0.9261977  0.9224159  0.927026   0.9279551  0.9265497  0.9256694
 0.9246452  0.9233209  0.9269387  0.9252801  0.925858   0.9243784
 0.9245515  0.92445517 0.9280063  0.9238693  0.92209995 0.9265559
 0.92562217 0.9234595  0.9253212  0.92899483 0.92520845 0.92189825
 0.924428   0.9252946  0.924648   0.9284414  0.9204606  0.9286241
 0.9253909  0.92388123 0.9249255  0.92330205 0.9252615  0.9251716
 0.92443883 0.92686266 0.9261705  0.92867994 0.92538345 0.9253704
 0.9231688  0.9264779  0.9288411  0.92211616 0.9261093  0.92185354
 0.9218456  0.92239356 0.92671967 0.9279808  0.9242363  0.92716587
 0.92426026 0.9230403  0.92287916 0.9261414  0.9263127  0.92535496
 0.92423344 0.92242944 0.92399186 0.9217178  0.9249589  0.92326975
 0.9293307  0.92415047 0.92775506 0.92426205 0.92462194 0.92352176
 0.92767096 0.92460144 0.9244758  0.9262186  0.9277437  0.92528385
 0.9272264  0.9256425  0.92558885 0.9236188 ]",0.12702033,80.32206726074219,5100.0
GSymplecticNNgHMC,0.30000000000000004,autograd,high_dimensional_warped_gaussian,SynchronousLeapfrog,0.1,"[0.92536044 0.92448795 0.9276142  0.9238364  0.92474043 0.9247076
 0.924723   0.9236722  0.9246229  0.9241349  0.9201802  0.92435586
 0.92496747 0.9248909  0.927283   0.92478955 0.9245579  0.9266906
 0.92702234 0.9235449  0.9252925  0.9260638  0.9254283  0.92475736
 0.9254203  0.9239011  0.92593145 0.92566895 0.9246318  0.9256635
 0.92475337 0.9255693  0.9271478  0.92461675 0.9254198  0.9258776
 0.925215   0.92466897 0.9255543  0.92738056 0.92435205 0.9248643
 0.92510164 0.92483795 0.9264824  0.92739457 0.9196493  0.92829454
 0.9255942  0.92432976 0.9245944  0.92403305 0.9248675  0.92518675
 0.9248475  0.9259527  0.92485785 0.92715454 0.9258057  0.92613757
 0.9245095  0.92568326 0.9282486  0.9242129  0.9261858  0.9229469
 0.9234006  0.9219364  0.9259014  0.92721677 0.9237389  0.925804
 0.9263091  0.92471755 0.92478657 0.92613524 0.926641   0.9264161
 0.92321366 0.92237604 0.92543733 0.921777   0.9248643  0.9250068
 0.9284797  0.9233179  0.9265277  0.9252782  0.9258865  0.92445195
 0.92712796 0.9246563  0.9248992  0.92604434 0.9260665  0.92450523
 0.9254715  0.9253496  0.92688346 0.9243088 ]",1533.1602,33.13247346878052,5100.0
HMC,0.4,autograd,high_dimensional_gaussian,SynchronousLeapfrog,0.1,"[0.67142934 0.6694745  0.6813259  0.67154324 0.6696613  0.66907525
 0.67374516 0.6636351  0.6889488  0.6679853  0.66660005 0.66753006
 0.66421527 0.6759574  0.6686877  0.66962117 0.6740842  0.67322385
 0.6731883  0.6821488  0.67396563 0.67268777 0.67188996 0.66708994
 0.6708018  0.6756639  0.66534996 0.66759264 0.66980714 0.66279083
 0.67107725 0.67634284 0.6764593  0.67159146 0.67549133 0.6720015
 0.6620283  0.67234385 0.66787905 0.66650844 0.668007   0.6662689
 0.694442   0.6702957  0.6654033  0.676219   0.67145103 0.66336155
 0.67347336 0.6676833  0.66696644 0.6726863  0.6738779  0.6681657
 0.67353165 0.6699712  0.66989917 0.66544676 0.6707828  0.66441864
 0.6678633  0.6734663  0.67123854 0.670369   0.6652911  0.6700908
 0.6808967  0.6702711  0.6782934  0.66442394 0.6688296  0.6736841
 0.66916454 0.66708755 0.6651073  0.66608596 0.6674372  0.6747582
 0.6701381  0.67525595 0.66684103 0.6735867  0.6768486  0.6684362
 0.67449105 0.6663574  0.67240876 0.66645193 0.6778128  0.6747426
 0.6698591  0.6715128  0.673001   0.6730854  0.67680836 0.671107
 0.67302203 0.678501   0.6787769  0.6735966 ]",1.269009e+06,18.45980429649353,5011.153454985996
NNgHMC,0.4,autograd,high_dimensional_gaussian,SynchronousLeapfrog,0.1,"[0.67142934 0.6694745  0.6813259  0.67154324 0.6696613  0.66907525
 0.67374516 0.6636351  0.6889488  0.6679853  0.66660005 0.66753006
 0.66421527 0.6759574  0.6686877  0.66962117 0.6740842  0.67322385
 0.6731883  0.6821488  0.67396563 0.67268777 0.67188996 0.66708994
 0.6708018  0.6756639  0.66534996 0.66759264 0.66980714 0.66279083
 0.67107725 0.67634284 0.6764593  0.67159146 0.67549133 0.6720015
 0.6620283  0.67234385 0.66787905 0.66650844 0.668007   0.6662689
 0.694442   0.6702957  0.6654033  0.676219   0.67145103 0.66336155
 0.67347336 0.6676833  0.66696644 0.6726863  0.6738779  0.6681657
 0.67353165 0.6699712  0.66989917 0.66544676 0.6707828  0.66441864
 0.6678633  0.6734663  0.67123854 0.670369   0.6652911  0.6700908
 0.6808967  0.6702711  0.6782934  0.66442394 0.6688296  0.6736841
 0.66916454 0.66708755 0.6651073  0.66608596 0.6674372  0.6747582
 0.6701381  0.67525595 0.66684103 0.6735867  0.6768486  0.6684362
 0.67449105 0.6663574  0.67240876 0.66645193 0.6778128  0.6747426
 0.6698591  0.6715128  0.673001   0.6730854  0.67680836 0.671107
 0.67302203 0.678501   0.6787769  0.6735966 ]",1.269009e+06,41.60961961746216,4681.722093784485
NNODEgHMC,0.4,autograd,high_dimensional_gaussian,SynchronousLeapfrog,0.1,"[0.94119567 0.9411571  0.94085693 0.9409959  0.9411715  0.9412788
 0.9411615  0.9415029  0.9404204  0.9412162  0.9411837  0.9412564
 0.94130504 0.9408757  0.94148225 0.94112825 0.9410856  0.9410912
 0.94116867 0.9404588  0.9409305  0.9411008  0.9410343  0.9412546
 0.94119585 0.94098175 0.94133484 0.9412478  0.9410485  0.9416112
 0.94103944 0.94103783 0.9411518  0.9409566  0.9408827  0.9411932
 0.94141006 0.9408711  0.9410701  0.94135875 0.9413233  0.9410896
 0.94037265 0.94107884 0.94141376 0.94101304 0.9408063  0.94157636
 0.941173   0.94123733 0.94133395 0.94089365 0.94090533 0.94124687
 0.9410863  0.941256   0.9412154  0.94148606 0.9411948  0.94135296
 0.94097346 0.9409768  0.9412414  0.9408967  0.94148606 0.94111764
 0.94068706 0.94099724 0.9409713  0.94144267 0.94118136 0.9410291
 0.9411151  0.94131225 0.9413838  0.9413454  0.9414193  0.94099426
 0.94105184 0.9410552  0.9413079  0.94091356 0.940845   0.94121826
 0.941092   0.94114053 0.9410493  0.94148374 0.9408967  0.94098824
 0.9413049  0.9410731  0.9411522  0.94109267 0.9410157  0.9410386
 0.9409653  0.9408099  0.940884   0.9408971 ]",4.864705e-11,33.43987536430359,4800.0
Explicit NNODEgHMC,0.4,autograd,high_dimensional_gaussian,SynchronousLeapfrog,0.1,"[0.9400913  0.9400482  0.93975013 0.9398815  0.94006413 0.9401762
 0.9400596  0.94040364 0.9393022  0.9401085  0.9400715  0.94014955
 0.9401958  0.93976176 0.94038916 0.9400182  0.93998015 0.9399845
 0.9400661  0.9393322  0.9398165  0.93999404 0.9399229  0.9401473
 0.94009125 0.93987286 0.9402292  0.9401409  0.9399342  0.94051635
 0.93992686 0.93993306 0.94005334 0.9398402  0.939768   0.94009054
 0.9403031  0.9397516  0.93995464 0.9402563  0.9402211  0.9399719
 0.93926084 0.93996704 0.9403118  0.9399071  0.93968153 0.9404804
 0.9400713  0.94013023 0.940231   0.9397758  0.9397901  0.9401411
 0.93998003 0.94015276 0.9401104  0.9403884  0.9400899  0.940247
 0.9398526  0.93986475 0.9401397  0.93977535 0.9403886  0.94000787
 0.9395709  0.939881   0.9398663  0.94034135 0.94007266 0.9399203
 0.94000304 0.94020814 0.94028014 0.9402411  0.94032097 0.939885
 0.9399387  0.9399499  0.9402031  0.93979824 0.93973124 0.94011104
 0.9399876  0.94002616 0.9399394  0.9403874  0.9397867  0.9398787
 0.94020486 0.93996304 0.94004846 0.93998593 0.9399106  0.9399264
 0.9398515  0.9396963  0.93977493 0.9397809 ]",3.3954468e-14,52.12513041496277,19.04013477531586
SymplecticNNgHMC,0.4,autograd,high_dimensional_gaussian,SynchronousLeapfrog,0.1,"[0.94843125 0.94854295 0.94810694 0.94854033 0.9485037  0.9484594
 0.94829506 0.948604   0.9479866  0.94856536 0.9486841  0.94857997
 0.94874    0.948398   0.9483568  0.94855165 0.9483244  0.94838
 0.9483346  0.9483473  0.9484652  0.9483995  0.9484908  0.9486102
 0.948446   0.9483222  0.94863355 0.94858754 0.94861925 0.9485649
 0.9485323  0.94823664 0.94813967 0.9485892  0.9484231  0.9483594
 0.94879746 0.94858706 0.94867843 0.94856167 0.9484927  0.94877714
 0.9477017  0.94856423 0.94859505 0.94826096 0.9487121  0.9485681
 0.94830537 0.94856995 0.9485353  0.94854784 0.9484563  0.94853306
 0.9483503  0.94846964 0.9484717  0.94853306 0.9484482  0.948666
 0.9487618  0.948452   0.9483795  0.9486863  0.9485179  0.9485232
 0.94823664 0.9486084  0.94817466 0.94860446 0.9485593  0.94838846
 0.9485954  0.9485485  0.9486213  0.94861144 0.9484713  0.9483606
 0.94857186 0.9482786  0.94857496 0.9484846  0.94833934 0.94854665
 0.9482926  0.94872046 0.94844043 0.94847906 0.9482605  0.9483646
 0.9483935  0.94848347 0.94834554 0.94838524 0.94823396 0.9485191
 0.94848394 0.94828844 0.94822353 0.9484879 ]",6.555856,85.54835319519043,1.1897868417438908
GSymplecticNNgHMC,0.4,autograd,high_dimensional_gaussian,SynchronousLeapfrog,0.1,"[0.9443898  0.9445008  0.9440551  0.944497   0.94446677 0.9444369
 0.94427025 0.94460213 0.9438896  0.9445285  0.9446513  0.9445596
 0.94469976 0.94432545 0.94439876 0.9445049  0.94429016 0.9443425
 0.9442978  0.94426894 0.9443962  0.9443468  0.944431   0.9445747
 0.944404   0.944281   0.9446138  0.94454896 0.94455785 0.94460475
 0.94448036 0.944208   0.9441513  0.9445236  0.94436157 0.9443388
 0.9447597  0.9445259  0.9446324  0.9445367  0.94447803 0.9447459
 0.94360304 0.94450986 0.94458854 0.944209   0.94465584 0.9445929
 0.94428414 0.94453657 0.94451797 0.9444941  0.9444036  0.94450235
 0.94431734 0.9444351  0.944448   0.94453716 0.94440794 0.94464415
 0.9447154  0.94438887 0.94435966 0.94463205 0.94452953 0.94447815
 0.9441575  0.94456786 0.9441353  0.9446003  0.9445275  0.94433755
 0.94456184 0.94453    0.94460475 0.9445798  0.944476   0.94430506
 0.94451857 0.9442422  0.94454765 0.94441986 0.9442744  0.94451654
 0.94425523 0.94467986 0.9443927  0.94450253 0.94420195 0.94430465
 0.9443909  0.9444365  0.94431937 0.94434375 0.94419515 0.94446844
 0.9444318  0.94422054 0.94415015 0.94443357]",1079.1128,36.46980118751526,2.4330954690847477
HMC,0.4,autograd,high_dimensional_warped_gaussian,SynchronousLeapfrog,0.1,"[0.8921954  0.8957612  0.89180267 0.89486474 0.89783    0.897442
 0.8955426  0.8979778  0.8911818  0.8983318  0.89563674 0.8946938
 0.8969378  0.89349127 0.89276713 0.89644086 0.8951944  0.8943881
 0.8937947  0.8928093  0.89505804 0.8964378  0.897143   0.89639014
 0.89608574 0.89293045 0.89716876 0.8964257  0.8954631  0.8979411
 0.8963913  0.8933587  0.8933584  0.89479876 0.8918268  0.8969759
 0.8968768  0.8970771  0.8994132  0.89716095 0.895942   0.8955717
 0.89200175 0.89541864 0.8938937  0.89573693 0.8943932  0.89703476
 0.89527005 0.89839315 0.89875686 0.8958637  0.8971828  0.89778197
 0.89607954 0.89303803 0.89515626 0.8954842  0.8946117  0.8986203
 0.8987187  0.89574164 0.8949828  0.8968595  0.89824915 0.89723146
 0.89461297 0.8955474  0.89422405 0.8976203  0.8941966  0.896639
 0.89363086 0.8969606  0.8962487  0.8951402  0.89425963 0.8950213
 0.8980247  0.89511096 0.8970647  0.8965548  0.8964404  0.89631194
 0.89626443 0.89841413 0.8967346  0.8938431  0.893453   0.8958421
 0.89714426 0.8957445  0.8943372  0.8946065  0.8938112  0.89815444
 0.89445466 0.89333475 0.894318   0.89622927]",74.17168,18.0122127532959,5011.131977623737
NNgHMC,0.4,autograd,high_dimensional_warped_gaussian,SynchronousLeapfrog,0.1,"[0.8921954  0.8957612  0.89180267 0.89486474 0.89783    0.897442
 0.8955426  0.8979778  0.8911818  0.8983318  0.89563674 0.8946938
 0.8969378  0.89349127 0.89276713 0.89644086 0.8951944  0.8943881
 0.8937947  0.8928093  0.89505804 0.8964378  0.897143   0.89639014
 0.89608574 0.89293045 0.89716876 0.8964257  0.8954631  0.8979411
 0.8963913  0.8933587  0.8933584  0.89479876 0.8918268  0.8969759
 0.8968768  0.8970771  0.8994132  0.89716095 0.895942   0.8955717
 0.89200175 0.89541864 0.8938937  0.89573693 0.8943932  0.89703476
 0.89527005 0.89839315 0.89875686 0.8958637  0.8971828  0.89778197
 0.89607954 0.89303803 0.89515626 0.8954842  0.8946117  0.8986203
 0.8987187  0.89574164 0.8949828  0.8968595  0.89824915 0.89723146
 0.89461297 0.8955474  0.89422405 0.8976203  0.8941966  0.896639
 0.89363086 0.8969606  0.8962487  0.8951402  0.89425963 0.8950213
 0.8980247  0.89511096 0.8970647  0.8965548  0.8964404  0.89631194
 0.89626443 0.89841413 0.8967346  0.8938431  0.893453   0.8958421
 0.89714426 0.8957445  0.8943372  0.8946065  0.8938112  0.89815444
 0.89445466 0.89333475 0.894318   0.89622927]",74.17168,40.26011061668396,4682.189405532481
NNODEgHMC,0.4,autograd,high_dimensional_warped_gaussian,SynchronousLeapfrog,0.1,"[0.9362502  0.9391634  0.9354724  0.9357373  0.9369113  0.9365891
 0.9351419  0.9398603  0.9322435  0.93902606 0.93694806 0.9352741
 0.93771935 0.9334918  0.9361784  0.9376739  0.9327016  0.9360336
 0.93640375 0.93351024 0.93673027 0.9375291  0.9387053  0.93772143
 0.93219316 0.93573874 0.93701816 0.93444633 0.93617284 0.93782604
 0.9386244  0.934539   0.933468   0.9351686  0.9353484  0.93557286
 0.9369544  0.9355857  0.9383025  0.93697566 0.9392791  0.9353732
 0.9294677  0.9373081  0.9387767  0.9357103  0.937566   0.93990695
 0.9343605  0.93539923 0.9374579  0.9386538  0.9378655  0.93941295
 0.9359087  0.9342432  0.9350075  0.9395041  0.93789285 0.9392511
 0.9372546  0.93578565 0.93781984 0.9347073  0.93831795 0.93638676
 0.93273056 0.9385762  0.9368159  0.93802136 0.93983716 0.93734574
 0.93531626 0.9371413  0.9380678  0.938498   0.9390201  0.9365597
 0.93503565 0.9378171  0.9375113  0.93650454 0.93487394 0.93461275
 0.93594587 0.9381234  0.93712974 0.9385495  0.93815064 0.9333787
 0.93564796 0.9377123  0.93708813 0.9330732  0.9342742  0.9365815
 0.93820715 0.93743944 0.93322265 0.9375274 ]",2.339391e-13,33.25317883491516,2.7457855514509557
Explicit NNODEgHMC,0.4,autograd,high_dimensional_warped_gaussian,SynchronousLeapfrog,0.1,"[0.93867534 0.94060606 0.9390065  0.93926716 0.93930715 0.94010276
 0.9390678  0.94231653 0.93586874 0.9404935  0.9377966  0.9394426
 0.94011104 0.937195   0.9412837  0.9397986  0.9364189  0.9398
 0.9393401  0.934883   0.93887585 0.93997353 0.9399996  0.94076055
 0.93824124 0.93839425 0.9400832  0.9385872  0.9386865  0.94146264
 0.9401266  0.93835753 0.9387047  0.937799   0.9372237  0.939667
 0.94062585 0.9382445  0.93953896 0.94062537 0.9418186  0.93851614
 0.9349758  0.9399977  0.94038296 0.93928087 0.93833673 0.9415592
 0.9386604  0.9392686  0.9403589  0.9393775  0.93900484 0.9412309
 0.93858624 0.93850344 0.9398639  0.9416601  0.9407824  0.94087887
 0.93911314 0.93891686 0.9402239  0.93715954 0.9411956  0.9389533
 0.93660516 0.9398577  0.94015133 0.94163036 0.9408843  0.94021785
 0.93812454 0.93936086 0.93966234 0.9402422  0.9404895  0.93870306
 0.9385962  0.94063175 0.93970525 0.93877643 0.9378812  0.93791914
 0.9385349  0.94020736 0.93909883 0.9413573  0.9392449  0.9372344
 0.9399165  0.93970716 0.9397763  0.9381231  0.93895525 0.9389233
 0.9393806  0.9390005  0.9373769  0.9391093 ]",2.1110698e-13,53.55665683746338,15.54473520896326
SymplecticNNgHMC,0.4,autograd,high_dimensional_warped_gaussian,SynchronousLeapfrog,0.1,"[0.92552614 0.9255454  0.92230844 0.9263606  0.9265326  0.9264797
 0.92541075 0.92647636 0.9227284  0.92592776 0.927811   0.92634606
 0.92756546 0.9255384  0.9249729  0.9259955  0.92654884 0.92428935
 0.9250015  0.92559624 0.9256877  0.9245886  0.92537785 0.9260408
 0.92707646 0.9248071  0.9266359  0.927711   0.92693627 0.9268254
 0.9257201  0.92469805 0.92388284 0.9271981  0.9254426  0.9254745
 0.9283552  0.92694306 0.9271385  0.9261378  0.9248414  0.92786837
 0.9223752  0.92531264 0.9258734  0.92414    0.92626417 0.9261255
 0.925076   0.92732215 0.92675775 0.92609185 0.9251033  0.92542744
 0.92613983 0.92669886 0.9256818  0.92471826 0.924761   0.92682827
 0.9283259  0.92570704 0.92428344 0.92838037 0.9262334  0.9269757
 0.9251272  0.92592597 0.922927   0.9269023  0.9246213  0.9248694
 0.9273402  0.9265988  0.9274254  0.9258212  0.92540216 0.92484283
 0.92701024 0.9241514  0.926984   0.92563474 0.92574805 0.9276271
 0.9247605  0.9266879  0.9255854  0.9251404  0.92354745 0.9263899
 0.92571443 0.92598075 0.9244232  0.9255438  0.923728   0.92676115
 0.9251684  0.92400354 0.9250859  0.92577446]",8.327447,85.21917533874512,265.69977826900936
GSymplecticNNgHMC,0.4,autograd,high_dimensional_warped_gaussian,SynchronousLeapfrog,0.1,"[0.92540807 0.9252693  0.9234373  0.92422795 0.9258474  0.9265684
 0.92586744 0.92786217 0.9206864  0.92600745 0.92549217 0.92600954
 0.9263622  0.9236139  0.9276655  0.9252652  0.9254276  0.9249996
 0.92554176 0.9207949  0.9239006  0.92524326 0.92469096 0.9260332
 0.92608017 0.92417336 0.9267112  0.9262325  0.92463034 0.92885244
 0.9245627  0.92479646 0.9258401  0.9240345  0.9232823  0.92612374
 0.9269921  0.92372763 0.92512405 0.9269632  0.9265367  0.92485666
 0.92097294 0.9248122  0.92683077 0.9248473  0.9227195  0.92840356
 0.9259655  0.92638797 0.9270341  0.9234555  0.9239105  0.92614317
 0.92527235 0.9260273  0.9258577  0.92763174 0.92556524 0.926887
 0.9243824  0.92434305 0.9260961  0.92393637 0.928019   0.9254026
 0.92266244 0.92412394 0.9243733  0.92745316 0.92510676 0.92476475
 0.92494416 0.92667735 0.92693985 0.9264695  0.92708063 0.9244069
 0.9251172  0.9248725  0.92658937 0.92397326 0.9237143  0.92608786
 0.92544717 0.9254317  0.92493093 0.92750263 0.92352504 0.92469925
 0.9269058  0.9248308  0.9254668  0.92521286 0.92468804 0.92496574
 0.9238834  0.9229363  0.9239647  0.92372847]",20140.207,36.611610889434814,4800.0
HMC,0.5,autograd,high_dimensional_gaussian,SynchronousLeapfrog,0.1,"[0.6695014  0.66568065 0.67517823 0.67679954 0.6643355  0.67287767
 0.67053497 0.6740638  0.6709358  0.66617864 0.6676625  0.6704194
 0.66987276 0.6740157  0.6687268  0.6627977  0.6831511  0.66721153
 0.66402066 0.6671023  0.6721899  0.66295415 0.6665495  0.6725097
 0.66877526 0.6827072  0.6725273  0.6652782  0.6679632  0.67925143
 0.6713666  0.6694853  0.6708492  0.66727704 0.67028    0.67174935
 0.6698     0.67061484 0.66357684 0.67167014 0.67467636 0.66698396
 0.667243   0.6708469  0.6825757  0.66649234 0.6693882  0.66722363
 0.6740737  0.67177916 0.67246807 0.67770135 0.6669965  0.67317426
 0.66745234 0.6723927  0.66822404 0.66768515 0.6672305  0.6687924
 0.6718127  0.6691203  0.6718316  0.6718546  0.67884105 0.6644025
 0.66669434 0.6723725  0.6707429  0.6709188  0.6658053  0.67244136
 0.6652036  0.67267454 0.6765398  0.67062783 0.674962   0.6803249
 0.66770333 0.6845314  0.66948223 0.67648256 0.66965616 0.668638
 0.6717863  0.67560977 0.6674883  0.6707298  0.67516637 0.6682169
 0.67941445 0.6778149  0.6758479  0.6659721  0.6699343  0.6702752
 0.69270533 0.67222375 0.67484224 0.6708738 ]",1.3690276e+06,18.110278606414795,4779.5628728376
NNgHMC,0.5,autograd,high_dimensional_gaussian,SynchronousLeapfrog,0.1,"[0.6695014  0.66568065 0.67517823 0.67679954 0.6643355  0.67287767
 0.67053497 0.6740638  0.6709358  0.66617864 0.6676625  0.6704194
 0.66987276 0.6740157  0.6687268  0.6627977  0.6831511  0.66721153
 0.66402066 0.6671023  0.6721899  0.66295415 0.6665495  0.6725097
 0.66877526 0.6827072  0.6725273  0.6652782  0.6679632  0.67925143
 0.6713666  0.6694853  0.6708492  0.66727704 0.67028    0.67174935
 0.6698     0.67061484 0.66357684 0.67167014 0.67467636 0.66698396
 0.667243   0.6708469  0.6825757  0.66649234 0.6693882  0.66722363
 0.6740737  0.67177916 0.67246807 0.67770135 0.6669965  0.67317426
 0.66745234 0.6723927  0.66822404 0.66768515 0.6672305  0.6687924
 0.6718127  0.6691203  0.6718316  0.6718546  0.67884105 0.6644025
 0.66669434 0.6723725  0.6707429  0.6709188  0.6658053  0.67244136
 0.6652036  0.67267454 0.6765398  0.67062783 0.674962   0.6803249
 0.66770333 0.6845314  0.66948223 0.67648256 0.66965616 0.668638
 0.6717863  0.67560977 0.6674883  0.6707298  0.67516637 0.6682169
 0.67941445 0.6778149  0.6758479  0.6659721  0.6699343  0.6702752
 0.69270533 0.67222375 0.67484224 0.6708738 ]",1.3690276e+06,39.45389175415039,4391.733284378209
NNODEgHMC,0.5,autograd,high_dimensional_gaussian,SynchronousLeapfrog,0.1,"[0.9412159  0.9412481  0.9410269  0.94076765 0.9413166  0.9410962
 0.9412262  0.9410836  0.94101894 0.9412366  0.9411044  0.9411084
 0.941061   0.9409024  0.94142604 0.94132805 0.94071597 0.9412586
 0.94144535 0.9409599  0.940952   0.941401   0.941182   0.9410174
 0.94122094 0.9406853  0.94103456 0.9412855  0.9410734  0.9409751
 0.94098747 0.94123304 0.94129825 0.94107056 0.9410259  0.941154
 0.94109005 0.9408955  0.941185   0.94112813 0.94103813 0.9410264
 0.941292   0.9410169  0.9407549  0.94131154 0.94084567 0.94138813
 0.941102   0.9410474  0.9410917  0.9406764  0.94111    0.9410235
 0.94125605 0.94112146 0.9412284  0.94135594 0.9412741  0.9411532
 0.94079757 0.94108903 0.9411711  0.94080794 0.9409546  0.94127697
 0.9411509  0.94088304 0.9411912  0.9411644  0.94124484 0.9410288
 0.9412136  0.9410672  0.9409307  0.9411373  0.94110096 0.94075143
 0.94109774 0.9406778  0.941168   0.94077003 0.941059   0.9411663
 0.94114035 0.94077176 0.9411807  0.9412799  0.9409454  0.94117594
 0.94091594 0.9408053  0.9410027  0.9412993  0.9412117  0.9410268
 0.9402226  0.9409901  0.94097775 0.9409542 ]",5.4448415e-11,32.52595400810242,4500.0
Explicit NNODEgHMC,0.5,autograd,high_dimensional_gaussian,SynchronousLeapfrog,0.1,"[0.94015443 0.9401831  0.9399645  0.9396945  0.94025344 0.9400343
 0.9401673  0.9400228  0.93994975 0.9401721  0.94003487 0.9400431
 0.9399926  0.939832   0.94037426 0.94026303 0.9396497  0.9401962
 0.9403879  0.939882   0.9398815  0.94034    0.9401151  0.9399508
 0.94015926 0.93961656 0.9399688  0.9402217  0.9400028  0.9399164
 0.93991756 0.9401728  0.9402434  0.93999875 0.9399559  0.9400934
 0.94002295 0.93982    0.94011396 0.94006586 0.93997574 0.9399518
 0.94023156 0.9399476  0.93968934 0.94025123 0.9397652  0.9403326
 0.9400422  0.9399814  0.9400291  0.9396001  0.94004023 0.93995833
 0.9401943  0.94005954 0.9401661  0.9402993  0.9402126  0.94008815
 0.9397189  0.9400209  0.94011116 0.9397296  0.9398944  0.9402117
 0.9400825  0.9398091  0.9401309  0.9401028  0.9401795  0.93996286
 0.94014573 0.9400035  0.9398655  0.94007385 0.94004196 0.9396827
 0.94002837 0.9396116  0.9401047  0.9396967  0.93999046 0.9401015
 0.9400791  0.9396974  0.94011515 0.94022363 0.9398788  0.9401111
 0.93985456 0.9397358  0.93994015 0.9402373  0.9401511  0.93995756
 0.9391451  0.9399214  0.9399127  0.939882  ]",4.8506385e-14,49.89009952545166,20.281663738798134
SymplecticNNgHMC,0.5,autograd,high_dimensional_gaussian,SynchronousLeapfrog,0.1,"[0.9561267  0.9562978  0.9559685  0.9560838  0.95627785 0.95600414
 0.9560201  0.9559226  0.956229   0.95626235 0.95630777 0.95616245
 0.9562111  0.95613617 0.9559431  0.95637596 0.95574754 0.9562216
 0.956227   0.95652175 0.9561963  0.9562918  0.956309   0.9561119
 0.95615816 0.95587254 0.95608157 0.9563014  0.9563235  0.9557413
 0.9562003  0.9560671  0.95592785 0.9563868  0.9562494  0.95601416
 0.95624816 0.9563185  0.95645255 0.9560494  0.9559684  0.9564009
 0.9561317  0.9562235  0.9558047  0.9561491  0.95647067 0.9560518
 0.9559452  0.9561145  0.9560255  0.95611227 0.9563386  0.9560493
 0.9561898  0.9560572  0.95618296 0.9560951  0.956186   0.95618093
 0.95637053 0.9562585  0.9559805  0.9563426  0.9557609  0.9563324
 0.95631504 0.95621026 0.95604485 0.9560432  0.9562787  0.95612574
 0.95638037 0.9560456  0.9559421  0.95612067 0.95588934 0.9558681
 0.9563424  0.9557244  0.95618534 0.95607984 0.95625114 0.95615923
 0.95601976 0.9561677  0.95623314 0.95593166 0.95603704 0.956202
 0.95576805 0.9559648  0.9559661  0.95621645 0.95608854 0.9562291
 0.955681   0.95614266 0.95603037 0.95625824]",99.92638,92.08840322494507,59.18259303530977
GSymplecticNNgHMC,0.5,autograd,high_dimensional_gaussian,SynchronousLeapfrog,0.1,"[0.9443437  0.9445294  0.94413567 0.9442276  0.9445442  0.9442003
 0.9442469  0.94414014 0.94439256 0.94449353 0.9445243  0.9443587
 0.94441813 0.944297   0.9442045  0.9446387  0.94387764 0.9444334
 0.9444868  0.9446716  0.94436145 0.9445677  0.94451493 0.94429106
 0.94435966 0.94394106 0.9442741  0.9445243  0.94452685 0.94390506
 0.94437855 0.944322   0.94417614 0.94457316 0.9444405  0.9442234
 0.9444032  0.94448936 0.9446842  0.94425434 0.94414777 0.9446267
 0.94439363 0.9443946  0.9439017  0.9444229  0.9446227  0.94432354
 0.944132   0.9443003  0.94422317 0.9442357  0.94454044 0.9442364
 0.94440985 0.9442388  0.9443959  0.94433254 0.9444234  0.9444012
 0.9444889  0.9444377  0.94421625 0.94448775 0.94394517 0.9445743
 0.94453543 0.9444051  0.9442658  0.9442723  0.9445355  0.94427717
 0.9446     0.9442405  0.94411683 0.94432396 0.9440913  0.9440209
 0.9445066  0.94382477 0.9443568  0.94423115 0.94441956 0.94441104
 0.94423217 0.94428    0.9444617  0.94421387 0.9441924  0.9444251
 0.94394195 0.94413203 0.9441062  0.9444752  0.9443032  0.94440305
 0.9436824  0.94433534 0.94418067 0.9444324 ]",2645.4312,40.07070803642273,3.514761025002644
HMC,0.5,autograd,high_dimensional_warped_gaussian,SynchronousLeapfrog,0.1,"[0.89295983 0.8969078  0.89330125 0.8941001  0.8992724  0.89699113
 0.8965048  0.89622104 0.8950476  0.89905965 0.89581484 0.8944863
 0.8961792  0.89417624 0.8931572  0.8982109  0.8935919  0.8959551
 0.89602697 0.8961424  0.89572227 0.8987689  0.89856166 0.89564323
 0.89684    0.8917506  0.8960732  0.89728534 0.89620084 0.8949382
 0.8966545  0.8950652  0.8948028  0.89603186 0.8932185  0.89733195
 0.8957111  0.8977353  0.9006524  0.8964685  0.8949248  0.8958281
 0.897694   0.89564943 0.89074653 0.89801997 0.89516276 0.89666295
 0.89544344 0.89789236 0.8979696  0.89512134 0.8988924  0.8970895
 0.8976385  0.89290845 0.89586043 0.89543605 0.8957001  0.8981089
 0.8982421  0.896943   0.89519495 0.89687896 0.8958122  0.89874923
 0.89777076 0.8954536  0.8960366  0.89667654 0.8952087  0.8971798
 0.8948392  0.8961725  0.89427847 0.89460504 0.8930906  0.8941411
 0.898854   0.8934479  0.89689445 0.89623374 0.8981775  0.8966347
 0.89710206 0.89685667 0.89806163 0.8933713  0.89425725 0.8974781
 0.89548343 0.8947526  0.8940587  0.896403   0.8955096  0.8986327
 0.8906603  0.8948876  0.8953675  0.8970846 ]",74.52955,18.23277235031128,4779.551194669957
NNgHMC,0.5,autograd,high_dimensional_warped_gaussian,SynchronousLeapfrog,0.1,"[0.89295983 0.8969078  0.89330125 0.8941001  0.8992724  0.89699113
 0.8965048  0.89622104 0.8950476  0.89905965 0.89581484 0.8944863
 0.8961792  0.89417624 0.8931572  0.8982109  0.8935919  0.8959551
 0.89602697 0.8961424  0.89572227 0.8987689  0.89856166 0.89564323
 0.89684    0.8917506  0.8960732  0.89728534 0.89620084 0.8949382
 0.8966545  0.8950652  0.8948028  0.89603186 0.8932185  0.89733195
 0.8957111  0.8977353  0.9006524  0.8964685  0.8949248  0.8958281
 0.897694   0.89564943 0.89074653 0.89801997 0.89516276 0.89666295
 0.89544344 0.89789236 0.8979696  0.89512134 0.8988924  0.8970895
 0.8976385  0.89290845 0.89586043 0.89543605 0.8957001  0.8981089
 0.8982421  0.896943   0.89519495 0.89687896 0.8958122  0.89874923
 0.89777076 0.8954536  0.8960366  0.89667654 0.8952087  0.8971798
 0.8948392  0.8961725  0.89427847 0.89460504 0.8930906  0.8941411
 0.898854   0.8934479  0.89689445 0.89623374 0.8981775  0.8966347
 0.89710206 0.89685667 0.89806163 0.8933713  0.89425725 0.8974781
 0.89548343 0.8947526  0.8940587  0.896403   0.8955096  0.8986327
 0.8906603  0.8948876  0.8953675  0.8970846 ]",74.52955,39.653318881988525,4391.33903795232
NNODEgHMC,0.5,autograd,high_dimensional_warped_gaussian,SynchronousLeapfrog,0.1,"[0.93813324 0.940803   0.9384831  0.9371065  0.9395048  0.93801427
 0.9379837  0.93968403 0.9373292  0.94033563 0.9374633  0.93721217
 0.9384874  0.9360107  0.9388892  0.94032633 0.933393   0.9391465
 0.93977344 0.9374585  0.93854094 0.9407148  0.9405193  0.93873644
 0.9359095  0.93621844 0.93776006 0.9373778  0.9382442  0.93723106
 0.9396677  0.9378828  0.93712616 0.9377887  0.9376832  0.9379379
 0.9379548  0.93777055 0.9401056  0.9382879  0.9397024  0.93749845
 0.9368924  0.9389639  0.9368207  0.9394078  0.93891263 0.9401722
 0.9367539  0.93703866 0.9383191  0.9383662  0.9398904  0.9397321
 0.93861574 0.9361266  0.9379375  0.9404227  0.94031465 0.93965423
 0.9381304  0.9385538  0.9391742  0.936314   0.9377827  0.9391273
 0.93753326 0.9393007  0.9399819  0.9390273  0.9409622  0.9392892
 0.9379095  0.93762034 0.93716896 0.9388865  0.93850154 0.93700826
 0.937653   0.9379413  0.938508   0.93764156 0.9379923  0.93673015
 0.9379711  0.93802845 0.9393438  0.93954945 0.93910766 0.9368655
 0.93641424 0.93803835 0.9382607  0.9370893  0.9379727  0.93835294
 0.9356555  0.93951833 0.9362852  0.93917054]",2.1890874e-13,32.50431299209595,6.30211705329589
Explicit NNODEgHMC,0.5,autograd,high_dimensional_warped_gaussian,SynchronousLeapfrog,0.1,"[0.9390649  0.9412738  0.93995875 0.9383893  0.9402644  0.939489
 0.93960637 0.94063634 0.9388536  0.9408526  0.93765914 0.93898886
 0.9392192  0.93752927 0.9413602  0.94101185 0.93476796 0.9408221
 0.9409294  0.9375112  0.9391741  0.9416442  0.9409482  0.939902
 0.93863887 0.9371532  0.93892086 0.93906164 0.93909806 0.9387731
 0.94007957 0.93951726 0.93960613 0.93857133 0.93814015 0.93973196
 0.9394259  0.9385601  0.94034874 0.93980443 0.9407433  0.9384664
 0.9395436  0.93994707 0.93747365 0.9409265  0.9387204  0.9410043
 0.9385755  0.9386033  0.93949056 0.9384965  0.9401769  0.94042075
 0.9396147  0.93812215 0.94018054 0.94135606 0.9414085  0.9401978
 0.93846244 0.9396771  0.9401492  0.9369391  0.93896955 0.93998146
 0.9390254  0.9395172  0.9413775  0.9406228  0.9414193  0.9404077
 0.9388463  0.9384322  0.9377329  0.93953055 0.9392799  0.93773425
 0.9390725  0.9390521  0.939305   0.93824404 0.93911684 0.9379522
 0.9389763  0.9386505  0.9399619  0.94068164 0.93966335 0.938401
 0.93830156 0.9386548  0.9393019  0.9393977  0.9401064  0.9390828
 0.93596613 0.9399842  0.9380158  0.9395448 ]",2.0080411e-13,51.37201976776123,13.565921960274718
SymplecticNNgHMC,0.5,autograd,high_dimensional_warped_gaussian,SynchronousLeapfrog,0.1,"[0.9248595  0.9259782  0.924026   0.9199421  0.92627114 0.92372084
 0.9257874  0.924184   0.92177963 0.9257411  0.9236376  0.9218847
 0.92327327 0.92030543 0.92462504 0.92609453 0.9190137  0.92464066
 0.92759514 0.9219491  0.9232141  0.92570114 0.9259423  0.9234725
 0.9230053  0.9222867  0.92341727 0.9240062  0.9229676  0.923531
 0.9222642  0.92302215 0.92307967 0.92338896 0.9238628  0.92506933
 0.92399204 0.921708   0.9244348  0.9237556  0.92299354 0.92062604
 0.9232769  0.92267674 0.92379    0.9242151  0.9217442  0.92619246
 0.92422295 0.9221418  0.9243409  0.9225299  0.9247576  0.92479676
 0.92516106 0.9221346  0.9241594  0.92587745 0.9248495  0.925838
 0.920526   0.9233463  0.92477983 0.9195735  0.9233863  0.9235933
 0.9232429  0.9211847  0.92611146 0.9233117  0.9252567  0.9238148
 0.92207515 0.9232976  0.9234619  0.9244735  0.9259876  0.9217002
 0.92266816 0.92051935 0.9250387  0.9215529  0.923269   0.9214431
 0.9246577  0.9208097  0.92362803 0.92410994 0.9252526  0.9224226
 0.9215282  0.921973   0.9252502  0.9227865  0.9233388  0.9232113
 0.9186584  0.9222328  0.9211092  0.9230005 ]",0.6746144,91.32416558265686,4500.0
GSymplecticNNgHMC,0.5,autograd,high_dimensional_warped_gaussian,SynchronousLeapfrog,0.1,"[0.92583597 0.92604697 0.9246112  0.9227869  0.92700243 0.92563474
 0.92660224 0.9253746  0.9246248  0.92635745 0.92519593 0.9251764
 0.92494047 0.9238825  0.9279833  0.92680323 0.92321587 0.9261979
 0.927686   0.92424583 0.9241535  0.92739975 0.9258079  0.92458916
 0.92654246 0.9222061  0.92484415 0.9267429  0.9249632  0.9251539
 0.9242977  0.92633057 0.9272892  0.92498434 0.9243724  0.9261625
 0.9251174  0.9240055  0.9261233  0.9257009  0.9247841  0.9246968
 0.92711306 0.9245261  0.9226133  0.9270193  0.9231014  0.9277136
 0.92579937 0.92534006 0.9256648  0.9220532  0.9254122  0.92477936
 0.9266059  0.9253968  0.9261627  0.9272108  0.9263052  0.9257435
 0.923356   0.9252109  0.92584866 0.9235148  0.92488825 0.9266752
 0.9258256  0.9234594  0.9259347  0.92589444 0.92568964 0.92482936
 0.9257976  0.9253224  0.92410827 0.9253356  0.92537165 0.92284894
 0.9255909  0.92240787 0.92589045 0.9230825  0.9252159  0.9260387
 0.92597353 0.92311335 0.92595005 0.9266814  0.9239151  0.9261583
 0.9246801  0.9231225  0.92457694 0.92678773 0.9261405  0.9249741
 0.9188401  0.92419696 0.92468375 0.9242177 ]",133036.4,40.06431221961975,4500.0
HMC,0.6,autograd,high_dimensional_gaussian,SynchronousLeapfrog,0.1,"[0.6761646  0.67364615 0.6692853  0.6693644  0.67592806 0.66645646
 0.66460866 0.6687981  0.68120354 0.6681914  0.6684642  0.6736945
 0.67198884 0.6748122  0.66493064 0.6760955  0.67308116 0.67256397
 0.66380227 0.6648321  0.67821956 0.6685275  0.67426145 0.675588
 0.67223024 0.664492   0.6755407  0.6724424  0.666417   0.6776751
 0.6744971  0.67885655 0.6860075  0.6725892  0.663501   0.6607971
 0.66614985 0.675699   0.672563   0.68009794 0.6689179  0.66316193
 0.66884655 0.6688304  0.6720246  0.66547155 0.6688794  0.670256
 0.6687825  0.6696357  0.66513956 0.66998935 0.6731063  0.67718685
 0.6757235  0.6743287  0.6676628  0.663126   0.6666183  0.67977417
 0.6656933  0.67477417 0.6718874  0.667438   0.6718683  0.68234766
 0.6802068  0.6833686  0.682014   0.67410433 0.6691084  0.6749806
 0.66560817 0.66872454 0.67100954 0.6692666  0.6676798  0.66601574
 0.66391134 0.6665481  0.6728334  0.66888493 0.6737784  0.664209
 0.66362804 0.66944444 0.6667201  0.68136096 0.6751544  0.680985
 0.6758436  0.67269516 0.6744863  0.6634546  0.67854214 0.66452926
 0.66794145 0.6762082  0.6675154  0.6684457 ]",1.2143972e+06,18.091138124465942,4425.419902426042
NNgHMC,0.6,autograd,high_dimensional_gaussian,SynchronousLeapfrog,0.1,"[0.6761646  0.67364615 0.6692853  0.6693644  0.67592806 0.66645646
 0.66460866 0.6687981  0.68120354 0.6681914  0.6684642  0.6736945
 0.67198884 0.6748122  0.66493064 0.6760955  0.67308116 0.67256397
 0.66380227 0.6648321  0.67821956 0.6685275  0.67426145 0.675588
 0.67223024 0.664492   0.6755407  0.6724424  0.666417   0.6776751
 0.6744971  0.67885655 0.6860075  0.6725892  0.663501   0.6607971
 0.66614985 0.675699   0.672563   0.68009794 0.6689179  0.66316193
 0.66884655 0.6688304  0.6720246  0.66547155 0.6688794  0.670256
 0.6687825  0.6696357  0.66513956 0.66998935 0.6731063  0.67718685
 0.6757235  0.6743287  0.6676628  0.663126   0.6666183  0.67977417
 0.6656933  0.67477417 0.6718874  0.667438   0.6718683  0.68234766
 0.6802068  0.6833686  0.682014   0.67410433 0.6691084  0.6749806
 0.66560817 0.66872454 0.67100954 0.6692666  0.6676798  0.66601574
 0.66391134 0.6665481  0.6728334  0.66888493 0.6737784  0.664209
 0.66362804 0.66944444 0.6667201  0.68136096 0.6751544  0.680985
 0.6758436  0.67269516 0.6744863  0.6634546  0.67854214 0.66452926
 0.66794145 0.6762082  0.6675154  0.6684457 ]",1.2143972e+06,38.108776569366455,4111.744989238303
NNODEgHMC,0.6,autograd,high_dimensional_gaussian,SynchronousLeapfrog,0.1,"[0.94104874 0.9410275  0.94130635 0.94109046 0.94096774 0.9413928
 0.941508   0.9413411  0.940714   0.94122744 0.94113445 0.9410567
 0.94104624 0.9409343  0.94164085 0.94091606 0.941142   0.94113487
 0.9415242  0.94108975 0.9407964  0.94126844 0.94096774 0.9409714
 0.9411656  0.9413988  0.9409918  0.9410946  0.94118583 0.941106
 0.9409351  0.94097006 0.9408369  0.9409372  0.9413272  0.9416125
 0.94128203 0.9407663  0.9409186  0.9408965  0.9413121  0.9412152
 0.94130313 0.94114876 0.9411998  0.94141567 0.940911   0.94135445
 0.9413618  0.9411868  0.94141924 0.9410054  0.9409493  0.9409456
 0.9410286  0.94112253 0.94131535 0.9415912  0.9413635  0.9408258
 0.94106424 0.9409482  0.9412402  0.94101495 0.941275   0.9406998
 0.94072884 0.9405467  0.9408606  0.9411197  0.9411904  0.94100213
 0.9412594  0.94127417 0.94119424 0.9412526  0.9414336  0.9413246
 0.9412903  0.9413856  0.9411148  0.94109744 0.94097173 0.94138765
 0.94149894 0.9410464  0.94127005 0.94097805 0.94101083 0.9407854
 0.9411144  0.9410496  0.94112086 0.94145525 0.94097555 0.9412899
 0.94116354 0.94090974 0.9413043  0.94109666]",9.392776e-11,31.72597599029541,4200.0
Explicit NNODEgHMC,0.6,autograd,high_dimensional_gaussian,SynchronousLeapfrog,0.1,"[0.9399251  0.9398992  0.9401862  0.9399587  0.9398402  0.9402734
 0.9403918  0.94022244 0.9395806  0.94010186 0.94000375 0.93992984
 0.9399164  0.93980265 0.9405319  0.9397859  0.94001925 0.9400107
 0.9404072  0.9399507  0.9396629  0.9401456  0.9398376  0.9398432
 0.94004285 0.9402761  0.9398648  0.9399681  0.9400548  0.93998855
 0.9398033  0.93984675 0.9397177  0.9398023  0.9401988  0.9404962
 0.9401557  0.93962735 0.9397833  0.93977153 0.9401919  0.9400804
 0.94018257 0.94001937 0.94007796 0.9402959  0.93976855 0.94023883
 0.9402441  0.9400612  0.9402993  0.93987024 0.93981636 0.93981886
 0.9399039  0.9400002  0.9401932  0.9404769  0.9402423  0.93969667
 0.9399258  0.93981755 0.9401209  0.93987626 0.94015765 0.9395678
 0.9395949  0.9394077  0.9397367  0.9399974  0.94006366 0.9398749
 0.94013065 0.9401518  0.9400708  0.94012946 0.9403178  0.94020045
 0.9401614  0.9402658  0.93999016 0.9399657  0.93984103 0.9402642
 0.9403808  0.9399129  0.9401444  0.9398591  0.93988407 0.9396558
 0.9399947  0.93992114 0.939999   0.9403341  0.9398521  0.94016206
 0.94003356 0.93977916 0.94018143 0.9399642 ]",4.8506385e-14,49.091851234436035,11.479552634941331
SymplecticNNgHMC,0.6,autograd,high_dimensional_gaussian,SynchronousLeapfrog,0.1,"[0.946465   0.9465868  0.9466311  0.9468374  0.94650733 0.9467262
 0.94674337 0.94660586 0.94636315 0.94675153 0.94682    0.94655657
 0.94668436 0.9465801  0.94657755 0.94653535 0.9465167  0.9465474
 0.9467741  0.94708985 0.9464759  0.9467117  0.9466176  0.94652164
 0.9465877  0.94681966 0.9465164  0.94659346 0.9469204  0.9462509
 0.9466375  0.94630337 0.9459979  0.94673884 0.94699234 0.94687414
 0.94685364 0.94668806 0.9467299  0.94630444 0.9466299  0.9471034
 0.9466194  0.946799   0.9465863  0.9467653  0.9470247  0.9464841
 0.94658184 0.9466752  0.94675386 0.9468392  0.94667935 0.94645417
 0.94642293 0.94645447 0.9467087  0.9467701  0.9467508  0.94636315
 0.9470398  0.94660664 0.9465375  0.9469811  0.94645584 0.946298
 0.94644463 0.946403   0.9462104  0.9464401  0.9467634  0.94653624
 0.94689417 0.94667643 0.9466159  0.94670403 0.9466416  0.94679344
 0.94695663 0.9467124  0.9465636  0.9468216  0.9466233  0.9468652
 0.946788   0.94682664 0.946797   0.94617045 0.94654036 0.9463298
 0.9463881  0.9466238  0.94647443 0.9468645  0.946344   0.9468913
 0.946813   0.94653344 0.9467329  0.94686   ]",3.8583052,97.05486607551575,162.73856209643185
GSymplecticNNgHMC,0.6,autograd,high_dimensional_gaussian,SynchronousLeapfrog,0.1,"[0.9439634  0.9441184  0.94417113 0.9443399  0.94400585 0.9442541
 0.94427776 0.9441528  0.9439103  0.9442749  0.94436187 0.9441031
 0.94420403 0.9441301  0.94418734 0.94404906 0.9440538  0.9440999
 0.9443325  0.94461745 0.944019   0.94422835 0.9441122  0.94404143
 0.9440856  0.94439745 0.94402045 0.9441373  0.944443   0.9437884
 0.94413465 0.94384754 0.9435088  0.9442617  0.94452876 0.94442654
 0.9443803  0.944188   0.94424933 0.9438131  0.94418097 0.9446254
 0.9441838  0.9443237  0.9440993  0.94429815 0.94451225 0.9440598
 0.9441406  0.9442196  0.9443048  0.94435924 0.9441988  0.94394535
 0.9439753  0.9440147  0.944257   0.94432133 0.9442889  0.9438809
 0.9445615  0.94410753 0.9440516  0.9445035  0.94401115 0.94383097
 0.9439453  0.94390523 0.94372916 0.9440064  0.94428396 0.94404054
 0.9444498  0.94421375 0.94414634 0.94421405 0.94417065 0.9443474
 0.94449425 0.94426394 0.94408816 0.9443463  0.9441389  0.9444107
 0.94434345 0.9443504  0.9443426  0.9436924  0.9440376  0.9438479
 0.94389266 0.944155   0.94398993 0.9444082  0.9438547  0.944453
 0.9443679  0.94405985 0.94427335 0.9443776 ]",2640.342,43.690797090530396,1.0808403043764185
HMC,0.6,autograd,high_dimensional_warped_gaussian,SynchronousLeapfrog,0.1,"[0.89114416 0.8948157  0.8939866  0.89512676 0.8965017  0.897778
 0.8971349  0.89680696 0.89262    0.89813155 0.8951003  0.89335245
 0.89527607 0.8935897  0.8932915  0.89506674 0.89525837 0.8943764
 0.8954203  0.8959972  0.89413166 0.89708966 0.89656293 0.8946141
 0.8956689  0.89490855 0.89506316 0.89533997 0.8959409  0.89493483
 0.89560366 0.89277184 0.8914501  0.8944634  0.89395165 0.89894915
 0.8958832  0.8963155  0.89837474 0.89442587 0.8955981  0.8959669
 0.8968474  0.89553845 0.892445   0.89765406 0.89472604 0.89553165
 0.8960225  0.8978623  0.8989324  0.8962374  0.8972108  0.89592266
 0.89554226 0.8920495  0.8954164  0.8957242  0.89523935 0.895542
 0.8989662  0.8953682  0.894711   0.8972626  0.8968274  0.8947775
 0.8946728  0.8929295  0.8934307  0.89560497 0.8939704  0.8962738
 0.89412564 0.89647716 0.89494324 0.8943496  0.89402866 0.8965453
 0.8990512  0.8966333  0.89576054 0.8973166  0.8969223  0.89693964
 0.8981911  0.8976587  0.89767265 0.8908452  0.89385146 0.8945521
 0.8958675  0.8953783  0.89391994 0.8962811  0.89337707 0.89925575
 0.8952726  0.8936696  0.89634645 0.8970739 ]",74.01438,19.307703495025635,4425.401708187355
NNgHMC,0.6,autograd,high_dimensional_warped_gaussian,SynchronousLeapfrog,0.1,"[0.89114416 0.8948157  0.8939866  0.89512676 0.8965017  0.897778
 0.8971349  0.89680696 0.89262    0.89813155 0.8951003  0.89335245
 0.89527607 0.8935897  0.8932915  0.89506674 0.89525837 0.8943764
 0.8954203  0.8959972  0.89413166 0.89708966 0.89656293 0.8946141
 0.8956689  0.89490855 0.89506316 0.89533997 0.8959409  0.89493483
 0.89560366 0.89277184 0.8914501  0.8944634  0.89395165 0.89894915
 0.8958832  0.8963155  0.89837474 0.89442587 0.8955981  0.8959669
 0.8968474  0.89553845 0.892445   0.89765406 0.89472604 0.89553165
 0.8960225  0.8978623  0.8989324  0.8962374  0.8972108  0.89592266
 0.89554226 0.8920495  0.8954164  0.8957242  0.89523935 0.895542
 0.8989662  0.8953682  0.894711   0.8972626  0.8968274  0.8947775
 0.8946728  0.8929295  0.8934307  0.89560497 0.8939704  0.8962738
 0.89412564 0.89647716 0.89494324 0.8943496  0.89402866 0.8965453
 0.8990512  0.8966333  0.89576054 0.8973166  0.8969223  0.89693964
 0.8981911  0.8976587  0.89767265 0.8908452  0.89385146 0.8945521
 0.8958675  0.8953783  0.89391994 0.8962811  0.89337707 0.89925575
 0.8952726  0.8936696  0.89634645 0.8970739 ]",74.01438,37.529149293899536,4112.321394126072
NNODEgHMC,0.6,autograd,high_dimensional_warped_gaussian,SynchronousLeapfrog,0.1,"[0.93695754 0.93937206 0.9392029  0.93817186 0.9373987  0.9388775
 0.9386401  0.9404117  0.93552816 0.9398303  0.9371675  0.93664044
 0.93797493 0.93590724 0.9392928  0.93799895 0.9350668  0.9381428
 0.9394683  0.93763494 0.93746746 0.9396598  0.93915224 0.93816566
 0.93501437 0.9390875  0.93719614 0.9360565  0.9383468  0.9374894
 0.93912005 0.93626463 0.9345869  0.9366657  0.9386491  0.93945444
 0.9383851  0.936866   0.93850553 0.9368236  0.9405707  0.9379386
 0.93650526 0.93924797 0.93856466 0.9393663  0.93888617 0.93952084
 0.93753433 0.93723506 0.9393169  0.9395994  0.9387743  0.9390415
 0.9371599  0.9359107  0.9377958  0.9409704  0.940232   0.9377915
 0.9390427  0.9373867  0.93910855 0.93695366 0.93888134 0.9361223
 0.93515915 0.93752086 0.93813556 0.93848646 0.94022745 0.9387933
 0.9376445  0.93820524 0.93801105 0.93897426 0.93959665 0.9393333
 0.9381327  0.94076204 0.9378061  0.9387631  0.937222   0.9373034
 0.9391288  0.9389987  0.93930256 0.9377413  0.93906516 0.9346342
 0.9369577  0.9388269  0.9384214  0.9372308  0.9364742  0.9391031
 0.9397778  0.9388482  0.93740547 0.93947357]",2.2566837e-13,31.553903818130493,131.5129026610184
Explicit NNODEgHMC,0.6,autograd,high_dimensional_warped_gaussian,SynchronousLeapfrog,0.1,"[0.93796396 0.9399476  0.940948   0.9396452  0.93832076 0.9405586
 0.94053257 0.9414984  0.9372529  0.94047546 0.93745816 0.9384775
 0.9388628  0.93744993 0.94191027 0.93881786 0.9366102  0.93994635
 0.9408424  0.9378082  0.9382862  0.94065064 0.93968666 0.9394528
 0.9380524  0.94020694 0.9384815  0.9378276  0.93927974 0.93916535
 0.93959713 0.9380293  0.9373002  0.9376707  0.9391967  0.9414722
 0.93998337 0.93773365 0.938794   0.9385187  0.94168234 0.9389894
 0.93923044 0.9402437  0.93932986 0.9410035  0.938751   0.940474
 0.939463   0.93897104 0.9406699  0.9398204  0.9391622  0.9398419
 0.93829    0.93785655 0.940235   0.94200325 0.94144607 0.9384432
 0.9394393  0.9387568  0.9401502  0.9376685  0.9401786  0.9370254
 0.9367999  0.93781614 0.93966925 0.9401404  0.9408454  0.9400694
 0.9386789  0.93910855 0.9387026  0.9397092  0.9404974  0.9401208
 0.93962854 0.9420204  0.93876237 0.93954813 0.9384459  0.9386194
 0.9402938  0.9397049  0.94003695 0.93902874 0.93975616 0.93631905
 0.93902326 0.93958247 0.9395727  0.9397065  0.93873596 0.93999326
 0.9402119  0.9394157  0.9392673  0.9399366 ]",2.1466917e-13,50.39650082588196,12.5610985588977
SymplecticNNgHMC,0.6,autograd,high_dimensional_warped_gaussian,SynchronousLeapfrog,0.1,"[0.92323226 0.9262115  0.9267006  0.9245367  0.9233222  0.92809296
 0.9275552  0.92656296 0.9240383  0.92601454 0.92627096 0.92503685
 0.92484903 0.92488    0.9302273  0.9243168  0.92477214 0.925231
 0.9282117  0.9246423  0.92273015 0.9259348  0.9258293  0.92502135
 0.9236626  0.9278023  0.92350614 0.9240874  0.9254638  0.9252887
 0.9246492  0.9250417  0.9236676  0.9237164  0.92619056 0.9280906
 0.92603385 0.9235748  0.9248564  0.92360306 0.9267062  0.9246719
 0.92732656 0.92479795 0.925393   0.92718065 0.9231019  0.9283704
 0.92676437 0.92531526 0.92851067 0.92599505 0.9254482  0.9255907
 0.9266364  0.92644805 0.92627656 0.92815423 0.925218   0.92387295
 0.9254192  0.9228815  0.9258725  0.92418045 0.9266833  0.9223625
 0.92272776 0.92115825 0.9240355  0.92745996 0.92495394 0.924685
 0.92609596 0.9270909  0.926916   0.9264873  0.92777944 0.92716163
 0.92565006 0.9274224  0.92623156 0.924418   0.92456365 0.9265193
 0.92746305 0.92465377 0.9257805  0.9240302  0.9256524  0.92244005
 0.9247955  0.92444503 0.9245112  0.9261527  0.9235112  0.9266906
 0.92602193 0.9249282  0.9259538  0.9256426 ]",0.3027042,98.05672454833984,4200.0
GSymplecticNNgHMC,0.6,autograd,high_dimensional_warped_gaussian,SynchronousLeapfrog,0.1,"[0.9245235  0.92440987 0.926267   0.92475224 0.9245121  0.92722476
 0.9280205  0.92677534 0.9225223  0.92600524 0.92509955 0.9246113
 0.9246478  0.9238968  0.92863363 0.92386913 0.92572105 0.92517895
 0.9277238  0.92477083 0.92304295 0.92621917 0.92424697 0.9241826
 0.92582715 0.92670697 0.92445946 0.925187   0.92540383 0.9257091
 0.9238481  0.92436284 0.9239645  0.9238682  0.9260194  0.928676
 0.9260812  0.9230122  0.9241079  0.92406005 0.92633915 0.9255227
 0.9267237  0.9251482  0.92545354 0.92727506 0.92333174 0.926995
 0.92711043 0.9259634  0.92747533 0.92414916 0.9241439  0.9242164
 0.92489755 0.9251336  0.9263905  0.9282521  0.9265608  0.9235259
 0.924881   0.92409796 0.9260232  0.92458534 0.92670745 0.92273486
 0.9228798  0.92127454 0.923712   0.9253739  0.92508876 0.924572
 0.9257183  0.926351   0.92566985 0.9258437  0.9272105  0.92641604
 0.9264804  0.92686105 0.9253055  0.92507124 0.92447066 0.92701423
 0.9279263  0.9247463  0.9262185  0.9244404  0.92425793 0.92340374
 0.9256964  0.9246398  0.9252288  0.92730796 0.92442656 0.92643803
 0.9250901  0.92353904 0.92649984 0.92492425]",72627.42,43.54214000701904,4200.0
HMC,0.7000000000000001,autograd,high_dimensional_gaussian,SynchronousLeapfrog,0.1,"[0.6714219  0.6759212  0.6649103  0.6717843  0.67089415 0.67132103
 0.6677119  0.6743654  0.67190826 0.668456   0.6713791  0.6700988
 0.66805506 0.66793984 0.66539705 0.670712   0.67328453 0.670011
 0.66448987 0.6722511  0.67219675 0.6658201  0.6742508  0.6651874
 0.67349136 0.6678709  0.67760503 0.67208356 0.671891   0.6761861
 0.669963   0.6678216  0.66882366 0.6701031  0.6680957  0.6711077
 0.6612898  0.67485905 0.665406   0.67814064 0.6713578  0.67719734
 0.66279244 0.6674293  0.6678676  0.6672687  0.6675894  0.6693765
 0.6638424  0.6757959  0.67536134 0.67435944 0.67387235 0.6657457
 0.66727567 0.6722583  0.674875   0.6708212  0.68007326 0.6655308
 0.6697013  0.6744958  0.67244875 0.6774451  0.6725821  0.67365575
 0.66895044 0.6703733  0.672122   0.6735705  0.67009044 0.67075014
 0.6735897  0.67155313 0.66962594 0.67826974 0.6702933  0.6820173
 0.66522145 0.67657757 0.6649295  0.6723225  0.67841995 0.6688122
 0.6790823  0.6674688  0.6738839  0.6790583  0.66740704 0.66757965
 0.67280716 0.67583215 0.6709112  0.6725792  0.6736274  0.67887723
 0.6682231  0.671225   0.6725166  0.6699469 ]",1.3754859e+06,18.084177494049072,4137.519288486582
NNgHMC,0.7000000000000001,autograd,high_dimensional_gaussian,SynchronousLeapfrog,0.1,"[0.6714219  0.6759212  0.6649103  0.6717843  0.67089415 0.67132103
 0.6677119  0.6743654  0.67190826 0.668456   0.6713791  0.6700988
 0.66805506 0.66793984 0.66539705 0.670712   0.67328453 0.670011
 0.66448987 0.6722511  0.67219675 0.6658201  0.6742508  0.6651874
 0.67349136 0.6678709  0.67760503 0.67208356 0.671891   0.6761861
 0.669963   0.6678216  0.66882366 0.6701031  0.6680957  0.6711077
 0.6612898  0.67485905 0.665406   0.67814064 0.6713578  0.67719734
 0.66279244 0.6674293  0.6678676  0.6672687  0.6675894  0.6693765
 0.6638424  0.6757959  0.67536134 0.67435944 0.67387235 0.6657457
 0.66727567 0.6722583  0.674875   0.6708212  0.68007326 0.6655308
 0.6697013  0.6744958  0.67244875 0.6774451  0.6725821  0.67365575
 0.66895044 0.6703733  0.672122   0.6735705  0.67009044 0.67075014
 0.6735897  0.67155313 0.66962594 0.67826974 0.6702933  0.6820173
 0.66522145 0.67657757 0.6649295  0.6723225  0.67841995 0.6688122
 0.6790823  0.6674688  0.6738839  0.6790583  0.66740704 0.66757965
 0.67280716 0.67583215 0.6709112  0.6725792  0.6736274  0.67887723
 0.6682231  0.671225   0.6725166  0.6699469 ]",1.3754859e+06,36.72420263290405,3812.15389742466
NNODEgHMC,0.7000000000000001,autograd,high_dimensional_gaussian,SynchronousLeapfrog,0.1,"[0.9411423  0.9408786  0.9413867  0.94094145 0.9410783  0.9411463
 0.9413211  0.94106764 0.94097936 0.94115055 0.94096726 0.9411148
 0.9411208  0.9411138  0.9415387  0.94104147 0.9410616  0.9411537
 0.94142336 0.94077176 0.94094694 0.9412941  0.9409029  0.9412729
 0.9410481  0.9412079  0.9408488  0.94103813 0.9409288  0.94107854
 0.9410324  0.9412868  0.9413647  0.9409651  0.9410988  0.9411715
 0.941388   0.94073963 0.9411151  0.9408927  0.9411509  0.94065773
 0.9414449  0.9411337  0.9412726  0.9412788  0.94090533 0.94130623
 0.9414605  0.9408994  0.94098365 0.94079083 0.9408604  0.9412827
 0.9412572  0.941121   0.94098663 0.94123906 0.9408121  0.9412643
 0.9408683  0.9408927  0.9411439  0.9406041  0.94117165 0.94094265
 0.9410658  0.94094944 0.94113684 0.9410648  0.94108725 0.9410839
 0.94091004 0.94110197 0.9411714  0.9408604  0.9412615  0.9406861
 0.94118136 0.94095534 0.9413249  0.9409134  0.94074214 0.94115496
 0.9408757  0.9410571  0.940948   0.94097847 0.94121635 0.9411936
 0.9411454  0.94087094 0.94117284 0.9410591  0.94107527 0.9407157
 0.9410894  0.94102067 0.9410554  0.94098246]",1.03216734e-10,30.765507698059082,3900.0
Explicit NNODEgHMC,0.7000000000000001,autograd,high_dimensional_gaussian,SynchronousLeapfrog,0.1,"[0.9400852  0.9398152  0.9403326  0.9398749  0.9400177  0.9400899
 0.94026816 0.9400117  0.9399149  0.9400902  0.93990135 0.94005436
 0.94005793 0.9400503  0.9404928  0.9399786  0.9400036  0.94009537
 0.94037056 0.9396972  0.9398813  0.9402369  0.9398384  0.9402136
 0.93998975 0.94014907 0.9397863  0.9399771  0.9398617  0.9400257
 0.93996805 0.940232   0.94031537 0.9398973  0.9400345  0.9401161
 0.9403286  0.9396676  0.94004846 0.9398334  0.9400945  0.9395846
 0.94039106 0.9400705  0.9402169  0.9402231  0.93983066 0.94025487
 0.9404088  0.9398371  0.9399251  0.9397205  0.9397931  0.9402249
 0.94020027 0.9400639  0.939927   0.94018626 0.9397513  0.9402053
 0.9397954  0.93982786 0.9400886  0.9395289  0.94011843 0.9398793
 0.9400015  0.93988127 0.940081   0.9400074  0.9400255  0.94002354
 0.93984437 0.94004345 0.9401135  0.9397992  0.9402089  0.9396218
 0.9401177  0.93989676 0.940268   0.9398464  0.93967557 0.94009507
 0.93981695 0.9399903  0.93988526 0.9399244  0.94015735 0.9401339
 0.9400911  0.9398069  0.9401168  0.9399998  0.9400183  0.93964857
 0.9400252  0.9399573  0.93999594 0.93991554]",4.450461e-11,46.48767137527466,12.56786987678514
SymplecticNNgHMC,0.7000000000000001,autograd,high_dimensional_gaussian,SynchronousLeapfrog,0.1,"[0.94717026 0.9471096  0.94738567 0.9473101  0.9472431  0.94717973
 0.94725674 0.9470643  0.94728607 0.94732475 0.9473199  0.9472908
 0.94738597 0.9474162  0.9472647  0.94729817 0.94712675 0.9472637
 0.94739383 0.94740486 0.9472761  0.9473785  0.9471942  0.9474513
 0.9471202  0.94734466 0.94703424 0.94721305 0.94732565 0.9469466
 0.94733953 0.9472925  0.94718075 0.94738835 0.9474165  0.94716614
 0.9475726  0.9472785  0.9475291  0.9469742  0.9471867  0.9472105
 0.9474567  0.94741625 0.94731176 0.9473064  0.9475733  0.9471795
 0.9473736  0.9470884  0.9470653  0.9472723  0.94723463 0.947402
 0.94732374 0.94717133 0.9470908  0.9471499  0.94692206 0.94742125
 0.9474616  0.947176   0.9471369  0.94722074 0.94707936 0.9471911
 0.9473748  0.9473808  0.94715214 0.947118   0.94730824 0.94724405
 0.9472408  0.9472064  0.9472629  0.94699323 0.94717395 0.94690204
 0.9474869  0.9470183  0.94741774 0.9472803  0.94706535 0.94731826
 0.9469291  0.94746006 0.94715995 0.94687885 0.9473476  0.94734466
 0.9470953  0.94712037 0.9471959  0.94718426 0.9471077  0.947051
 0.94740784 0.94728804 0.94717854 0.9473828 ]",7.4264035,110.03594923019409,1.383060004560923
GSymplecticNNgHMC,0.7000000000000001,autograd,high_dimensional_gaussian,SynchronousLeapfrog,0.1,"[0.94420165 0.9440752  0.9444127  0.94427025 0.94422185 0.9441799
 0.9442841  0.94405955 0.9442412  0.94431484 0.94427395 0.9442665
 0.94436306 0.9443774  0.9442805  0.9442631  0.94412535 0.94425356
 0.94439685 0.94436616 0.9442374  0.94438565 0.94414365 0.9444291
 0.9441263  0.94433    0.9440102  0.94418955 0.9442693  0.943961
 0.94430417 0.9443034  0.9442153  0.94434965 0.9443876  0.94418013
 0.9445739  0.94421625 0.94449425 0.94397056 0.9441786  0.94415545
 0.9444563  0.9443876  0.94430465 0.9443159  0.94455266 0.9441945
 0.94441557 0.9440662  0.9440439  0.9442165  0.94418734 0.94438857
 0.9443299  0.9441571  0.94409126 0.94418013 0.943902   0.94440717
 0.94442654 0.94414204 0.9441249  0.9441683  0.9440936  0.9441516
 0.9443393  0.944343   0.94414634 0.94410056 0.94428486 0.944232
 0.944198   0.9441842  0.9442519  0.9439782  0.9441999  0.94386023
 0.94446707 0.94400376 0.9444144  0.94424486 0.94400996 0.94430053
 0.9439141  0.9444229  0.9441392  0.94388115 0.9443464  0.94434726
 0.9441055  0.9440829  0.944194   0.9441659  0.94411635 0.9439975
 0.9443741  0.94425    0.9441619  0.94433546]",2114.3203,47.57986259460449,3.527365321340814
HMC,0.7000000000000001,autograd,high_dimensional_warped_gaussian,SynchronousLeapfrog,0.1,"[0.89256465 0.8947708  0.8954557  0.8951518  0.8979079  0.8973209
 0.89710253 0.89616    0.89484924 0.8985914  0.8950441  0.89455956
 0.8965668  0.89545286 0.8938632  0.896564   0.89565486 0.89537704
 0.8959407  0.8950719  0.89572513 0.8981804  0.8969554  0.8971828
 0.89585817 0.8948557  0.8950121  0.8958689  0.89538544 0.8955784
 0.89695376 0.89542097 0.89523315 0.8954482  0.89368296 0.8974707
 0.8975023  0.8968503  0.9002804  0.89511603 0.8956227  0.89369583
 0.8986362  0.89637154 0.8938247  0.8978666  0.8955471  0.8962204
 0.8975916  0.89705384 0.89736605 0.89582103 0.89745873 0.89865077
 0.8976841  0.8929411  0.89447373 0.8947872  0.89301634 0.89880025
 0.89868915 0.8958225  0.8950702  0.8957108  0.8971226  0.8968196
 0.8973068  0.8958769  0.8957529  0.8961257  0.89432096 0.8975382
 0.89309233 0.89641136 0.89572847 0.8930089  0.89407146 0.8937825
 0.8993826  0.8951084  0.89785594 0.8971062  0.8963453  0.8966057
 0.8955761  0.89856493 0.8967284  0.8916315  0.8958858  0.8976194
 0.8968663  0.89516723 0.8950948  0.89502764 0.89474154 0.8968338
 0.8957788  0.89510125 0.89585686 0.8972844 ]",74.536224,19.37769341468811,4137.5504832009665
NNgHMC,0.7000000000000001,autograd,high_dimensional_warped_gaussian,SynchronousLeapfrog,0.1,"[0.89256465 0.8947708  0.8954557  0.8951518  0.8979079  0.8973209
 0.89710253 0.89616    0.89484924 0.8985914  0.8950441  0.89455956
 0.8965668  0.89545286 0.8938632  0.896564   0.89565486 0.89537704
 0.8959407  0.8950719  0.89572513 0.8981804  0.8969554  0.8971828
 0.89585817 0.8948557  0.8950121  0.8958689  0.89538544 0.8955784
 0.89695376 0.89542097 0.89523315 0.8954482  0.89368296 0.8974707
 0.8975023  0.8968503  0.9002804  0.89511603 0.8956227  0.89369583
 0.8986362  0.89637154 0.8938247  0.8978666  0.8955471  0.8962204
 0.8975916  0.89705384 0.89736605 0.89582103 0.89745873 0.89865077
 0.8976841  0.8929411  0.89447373 0.8947872  0.89301634 0.89880025
 0.89868915 0.8958225  0.8950702  0.8957108  0.8971226  0.8968196
 0.8973068  0.8958769  0.8957529  0.8961257  0.89432096 0.8975382
 0.89309233 0.89641136 0.89572847 0.8930089  0.89407146 0.8937825
 0.8993826  0.8951084  0.89785594 0.8971062  0.8963453  0.8966057
 0.8955761  0.89856493 0.8967284  0.8916315  0.8958858  0.8976194
 0.8968663  0.89516723 0.8950948  0.89502764 0.89474154 0.8968338
 0.8957788  0.89510125 0.89585686 0.8972844 ]",74.536224,36.08466863632202,3811.773089653255
NNODEgHMC,0.7000000000000001,autograd,high_dimensional_warped_gaussian,SynchronousLeapfrog,0.1,"[0.9360156  0.9379696  0.93768775 0.93528926 0.9365954  0.935903
 0.93577045 0.93804204 0.9345438  0.93888444 0.9361195  0.93472016
 0.93687534 0.93472195 0.9365236  0.93728495 0.93268555 0.9362859
 0.9376828  0.93494195 0.93662596 0.93863344 0.9380881  0.9378722
 0.9311172  0.9368086  0.9347636  0.93346417 0.9355787  0.93537366
 0.9387373  0.935693   0.9342613  0.93512344 0.93644446 0.9353074
 0.9368806  0.93490857 0.9386438  0.93471956 0.93863153 0.9333798
 0.93420094 0.9377128  0.93835586 0.93714905 0.93814147 0.93896353
 0.9357662  0.9336623  0.93566436 0.9383092  0.93772495 0.9397061
 0.9366369  0.9333462  0.93368375 0.93850684 0.9362146  0.9390067
 0.9367465  0.9353188  0.9375319  0.93322456 0.93701047 0.93560666
 0.9345133  0.93846005 0.937642   0.9362768  0.9396693  0.93759763
 0.9343662  0.93625087 0.93726414 0.9362829  0.93847215 0.9351465
 0.9356514  0.93733203 0.9376764  0.93653697 0.9340285  0.93430185
 0.9350405  0.937802   0.936829   0.93627155 0.9398741  0.9343425
 0.9346937  0.93681806 0.9372215  0.9329227  0.9342432  0.9350082
 0.93895864 0.9385396  0.93397987 0.93805015]",2.4685676e-13,30.540093183517456,21.00830941541569
Explicit NNODEgHMC,0.7000000000000001,autograd,high_dimensional_warped_gaussian,SynchronousLeapfrog,0.1,"[0.9387102  0.93951935 0.9417081  0.9392451  0.93908584 0.9397683
 0.94009626 0.9405911  0.93869346 0.94045585 0.93700624 0.9390391
 0.9395218  0.9385955  0.94191664 0.93964314 0.93651336 0.9403372
 0.9408772  0.9365667  0.9391693  0.9411348  0.93963087 0.9411483
 0.93778694 0.93969387 0.9379957  0.93785655 0.9383871  0.9392899
 0.94032925 0.9398211  0.939981   0.9380891  0.9385189  0.93980813
 0.94091594 0.9377966  0.94001    0.9386629  0.9412966  0.93661773
 0.9403261  0.9405172  0.94001526 0.94078577 0.9389968  0.9406304
 0.94033855 0.9378698  0.9389782  0.9390725  0.9389388  0.94168985
 0.93967074 0.9381622  0.9390182  0.9408232  0.9392278  0.9407586
 0.93880546 0.9387159  0.94002426 0.9359045  0.9400322  0.93835044
 0.9386143  0.93985665 0.94112945 0.94016504 0.9407028  0.9406992
 0.9373845  0.93865585 0.93893015 0.9381651  0.94010687 0.9373969
 0.9394864  0.9403776  0.9400968  0.9389509  0.93755937 0.937904
 0.93767786 0.94004816 0.93885136 0.9392699  0.9409944  0.93849343
 0.9394375  0.9390179  0.9401214  0.93818986 0.9394418  0.93755674
 0.94019306 0.9401697  0.93841136 0.93970966]",1.8217842e-13,47.19675278663635,13.616555903481773
SymplecticNNgHMC,0.7000000000000001,autograd,high_dimensional_warped_gaussian,SynchronousLeapfrog,0.1,"[0.92523336 0.9231025  0.9238242  0.92075986 0.9224467  0.9236635
 0.9233279  0.92441624 0.91995656 0.92532325 0.92263865 0.92083406
 0.92235744 0.9224064  0.9259736  0.92312    0.9212271  0.92379826
 0.92393464 0.91999197 0.9217013  0.9261152  0.92212313 0.923782
 0.9213779  0.92243195 0.92225856 0.92281026 0.9200368  0.92392254
 0.9243032  0.9243144  0.9239149  0.9209916  0.9226475  0.9234953
 0.92563766 0.918883   0.9246038  0.92234135 0.9251683  0.918898
 0.9230282  0.92451465 0.92367476 0.92382336 0.92297477 0.9249791
 0.9259323  0.9224913  0.92104    0.92123187 0.9230365  0.9245728
 0.924678   0.92308104 0.9237951  0.92632693 0.9226006  0.9250261
 0.9215774  0.92046994 0.9230305  0.9192321  0.92513895 0.92306346
 0.9202181  0.92228484 0.9237931  0.92324466 0.9258814  0.9237895
 0.92034835 0.9229206  0.92169875 0.9231705  0.9247808  0.9219181
 0.92340434 0.9230652  0.9240157  0.92150706 0.9194345  0.9214833
 0.9215071  0.92272043 0.9234573  0.9226496  0.92601794 0.92403173
 0.9220883  0.92246866 0.9237522  0.92127824 0.9226882  0.9207463
 0.92335117 0.92237806 0.92250454 0.9219564 ]",3.0972111,102.42911696434021,3900.0
GSymplecticNNgHMC,0.7000000000000001,autograd,high_dimensional_warped_gaussian,SynchronousLeapfrog,0.1,"[0.92533743 0.9236903  0.9271703  0.9241284  0.9255415  0.92599237
 0.9271523  0.9253663  0.9244303  0.92589283 0.9243905  0.92533433
 0.9254846  0.9253999  0.928383   0.92498606 0.9254836  0.9256236
 0.9275057  0.9229816  0.9242283  0.92688346 0.9240887  0.9265396
 0.9252837  0.9259136  0.92375517 0.9251169  0.9240973  0.9256055
 0.92482173 0.9266645  0.927437   0.92431283 0.92500794 0.92622775
 0.92723286 0.9230403  0.92575043 0.924185   0.9257368  0.92219126
 0.92803216 0.92548656 0.9263555  0.92684984 0.9236301  0.927039
 0.92815626 0.9243614  0.9249884  0.92305225 0.9238474  0.92674583
 0.9266536  0.92537564 0.92455024 0.9263703  0.9233222  0.926696
 0.92392796 0.9239794  0.9257883  0.9221179  0.9263183  0.924483
 0.92532134 0.92412156 0.9257549  0.9252919  0.9249108  0.92538375
 0.92384243 0.925568   0.92591035 0.9235829  0.9264214  0.92257184
 0.92622733 0.92443275 0.92702025 0.92420757 0.9231698  0.92593753
 0.9242438  0.9251901  0.924503   0.9245496  0.92592543 0.9262589
 0.926046   0.92375267 0.9258623  0.925198   0.92523926 0.9230222
 0.92503273 0.9245833  0.92524374 0.9245553 ]",21106.809,47.18883562088013,3900.0
HMC,0.8,autograd,high_dimensional_gaussian,SynchronousLeapfrog,0.1,"[0.6699242  0.6660835  0.66444415 0.6744865  0.66828454 0.6659218
 0.6687716  0.6662703  0.6782024  0.6750231  0.6703238  0.6740062
 0.67200696 0.66937804 0.6723053  0.68118143 0.6715565  0.6654341
 0.67370725 0.6733297  0.6713955  0.681558   0.6781833  0.6771989
 0.6709454  0.66543734 0.66609585 0.6735381  0.66542643 0.67359877
 0.66733944 0.6706268  0.67107975 0.6733352  0.6644587  0.6745666
 0.67123264 0.6663586  0.681479   0.6756327  0.6747393  0.6815419
 0.6714889  0.6730785  0.66979194 0.67274445 0.66596043 0.66803825
 0.66800404 0.6638963  0.66689795 0.6709487  0.674637   0.66314
 0.67031497 0.6666008  0.6816776  0.6706407  0.66543114 0.6675207
 0.67238474 0.6731345  0.66590816 0.6628774  0.6713598  0.66854894
 0.66880983 0.6764606  0.66858053 0.67161894 0.6744127  0.6710211
 0.6635113  0.667243   0.6683613  0.6715536  0.67425513 0.67864645
 0.67155397 0.669176   0.6776689  0.67371964 0.666808   0.6690173
 0.6717714  0.66510665 0.67274904 0.673588   0.6798722  0.66279054
 0.6775774  0.6701232  0.6673138  0.6754193  0.6741624  0.67370963
 0.67753124 0.6789116  0.6703929  0.6725041 ]",1.3208165e+06,18.199406147003174,3847.703801374461
NNgHMC,0.8,autograd,high_dimensional_gaussian,SynchronousLeapfrog,0.1,"[0.6699242  0.6660835  0.66444415 0.6744865  0.66828454 0.6659218
 0.6687716  0.6662703  0.6782024  0.6750231  0.6703238  0.6740062
 0.67200696 0.66937804 0.6723053  0.68118143 0.6715565  0.6654341
 0.67370725 0.6733297  0.6713955  0.681558   0.6781833  0.6771989
 0.6709454  0.66543734 0.66609585 0.6735381  0.66542643 0.67359877
 0.66733944 0.6706268  0.67107975 0.6733352  0.6644587  0.6745666
 0.67123264 0.6663586  0.681479   0.6756327  0.6747393  0.6815419
 0.6714889  0.6730785  0.66979194 0.67274445 0.66596043 0.66803825
 0.66800404 0.6638963  0.66689795 0.6709487  0.674637   0.66314
 0.67031497 0.6666008  0.6816776  0.6706407  0.66543114 0.6675207
 0.67238474 0.6731345  0.66590816 0.6628774  0.6713598  0.66854894
 0.66880983 0.6764606  0.66858053 0.67161894 0.6744127  0.6710211
 0.6635113  0.667243   0.6683613  0.6715536  0.67425513 0.67864645
 0.67155397 0.669176   0.6776689  0.67371964 0.666808   0.6690173
 0.6717714  0.66510665 0.67274904 0.673588   0.6798722  0.66279054
 0.6775774  0.6701232  0.6673138  0.6754193  0.6741624  0.67370963
 0.67753124 0.6789116  0.6703929  0.6725041 ]",1.3208165e+06,34.992796182632446,3524.418172429231
NNODEgHMC,0.8,autograd,high_dimensional_gaussian,SynchronousLeapfrog,0.1,"[0.94121826 0.94124925 0.941426   0.940864   0.9411918  0.9413605
 0.94130677 0.9413783  0.9407749  0.9409373  0.9410238  0.9409968
 0.94099975 0.9410822  0.94131964 0.9406888  0.9411451  0.94133824
 0.9411189  0.94074917 0.9409946  0.9407557  0.94078255 0.9408662
 0.9411606  0.941316   0.9412793  0.9410073  0.9411776  0.9411949
 0.94114506 0.94121    0.94130963 0.9408681  0.9412478  0.9410713
 0.9410543  0.9410593  0.94056    0.94100416 0.94105333 0.94052
 0.941158   0.94095206 0.9412269  0.94110626 0.9409787  0.941378
 0.94133586 0.9413433  0.9413065  0.9409299  0.94085157 0.9413964
 0.9411708  0.9413449  0.9407667  0.9412696  0.94135493 0.94121397
 0.94078845 0.9409608  0.9413995  0.94113946 0.9412388  0.9411444
 0.94108987 0.9407506  0.9412856  0.94115657 0.9409541  0.94109505
 0.9412885  0.94127697 0.94123816 0.94112104 0.9411448  0.9408269
 0.9409746  0.9412408  0.9408932  0.9408821  0.94117486 0.9411685
 0.9411582  0.9411591  0.94100875 0.9411976  0.9407941  0.9413847
 0.94099927 0.9410943  0.94132364 0.94097984 0.941079   0.9409188
 0.94077724 0.94076705 0.94115245 0.94090956]",7.9002346e-11,30.12952971458435,3600.0
Explicit NNODEgHMC,0.8,autograd,high_dimensional_gaussian,SynchronousLeapfrog,0.1,"[0.9401421  0.9401692  0.9403526  0.9397768  0.94011253 0.9402864
 0.94023407 0.9403056  0.93968856 0.93985504 0.9399384  0.93991554
 0.9399159  0.9399984  0.9402523  0.93960273 0.9400682  0.94026196
 0.9400436  0.93965405 0.93990946 0.93967366 0.9396969  0.9397832
 0.9400835  0.94023824 0.94020104 0.9399261  0.9400929  0.94012374
 0.9400618  0.9401347  0.9402403  0.9397792  0.9401648  0.93999517
 0.9399719  0.9399702  0.9394679  0.939926   0.9399764  0.93942535
 0.9400818  0.9398672  0.9401511  0.94002914 0.9398843  0.9403078
 0.94026345 0.94026536 0.940231   0.9398408  0.93976426 0.94031996
 0.9400934  0.9402703  0.9396851  0.9401974  0.9402794  0.9401347
 0.93969434 0.93987674 0.9403271  0.94004905 0.9401666  0.94006294
 0.94000596 0.93966043 0.9402115  0.94008034 0.9398712  0.9400148
 0.9402064  0.94020027 0.94016117 0.9400426  0.9400716  0.9397442
 0.93988895 0.9401652  0.9398124  0.9397948  0.94009244 0.9400889
 0.94008225 0.9400732  0.93992656 0.94012594 0.9397112  0.940307
 0.939924   0.9400124  0.9402492  0.93990004 0.9400023  0.9398335
 0.93969    0.9396814  0.9400741  0.93982184]",1.3096723e-13,44.50994372367859,8.825070298197
SymplecticNNgHMC,0.8,autograd,high_dimensional_gaussian,SynchronousLeapfrog,0.1,"[0.9491457  0.9493269  0.9492898  0.949149   0.9492237  0.94923496
 0.9491236  0.9491896  0.949003   0.9490336  0.9492649  0.94905394
 0.9491787  0.9492628  0.9488864  0.94888306 0.9490594  0.9492651
 0.9489945  0.94931126 0.9492189  0.94879806 0.94899195 0.9489803
 0.9490986  0.94931    0.94928193 0.94907844 0.9494288  0.94889164
 0.94931716 0.9490785  0.94896525 0.9492215  0.9494432  0.9489478
 0.9491824  0.949463   0.9489622  0.94895256 0.94895905 0.94900477
 0.94906676 0.94915766 0.94914645 0.9490342  0.94956106 0.9490773
 0.94911784 0.9493493  0.9492097  0.9493009  0.94911945 0.949361
 0.94911903 0.9492197  0.9487777  0.9490305  0.9492676  0.9492525
 0.94931114 0.9491352  0.9491949  0.9496031  0.9489875  0.9492385
 0.9492929  0.9491142  0.94914246 0.94905084 0.9490886  0.94914407
 0.94945574 0.9492196  0.94920415 0.9491109  0.94894457 0.94891214
 0.9491993  0.9491272  0.9489223  0.9491693  0.94932926 0.9491927
 0.94904745 0.9494459  0.949111   0.9489403  0.9488884  0.949399
 0.94882697 0.94921196 0.9491842  0.94898033 0.9489724  0.9491212
 0.9490363  0.94896984 0.94914454 0.94922227]",18.328964,109.18619799613953,1.3985945806208497
GSymplecticNNgHMC,0.8,autograd,high_dimensional_gaussian,SynchronousLeapfrog,0.1,"[0.9441371  0.9443492  0.94429386 0.94415253 0.9442398  0.94423294
 0.94408965 0.94418997 0.9439904  0.94402826 0.94428104 0.9440667
 0.94418657 0.9442932  0.94382775 0.94386166 0.94406927 0.94430864
 0.9439575  0.94431674 0.9442309  0.9437658  0.9439653  0.94396466
 0.94409454 0.9443402  0.9443145  0.9440737  0.9444604  0.94385135
 0.9443559  0.9440741  0.943921   0.9442209  0.9444785  0.94392216
 0.9441914  0.9444856  0.94393694 0.9439275  0.94394314 0.94399565
 0.94405097 0.94416165 0.9441323  0.9440235  0.9445912  0.94406676
 0.9441155  0.9443883  0.9442147  0.9443123  0.94413245 0.94439256
 0.9441253  0.94423103 0.94375867 0.94400585 0.94429225 0.94427216
 0.9443225  0.9441446  0.9442061  0.9446394  0.9439659  0.94427025
 0.9443094  0.9441201  0.9441328  0.9440462  0.9440829  0.9441509
 0.9444997  0.94423485 0.94420576 0.94411075 0.9438905  0.943902
 0.94422287 0.9441354  0.9438998  0.9441699  0.9443547  0.94422376
 0.94403493 0.94447947 0.944119   0.94387406 0.94386005 0.9444338
 0.9437814  0.9442227  0.94419163 0.9439763  0.943962   0.9441298
 0.9440317  0.9439502  0.9441438  0.944227  ]",1116.2838,50.708033084869385,57.33125673199191
HMC,0.8,autograd,high_dimensional_warped_gaussian,SynchronousLeapfrog,0.1,"[0.8927595  0.8966954  0.89539707 0.8945097  0.89834046 0.898319
 0.89676464 0.89772433 0.89348173 0.8971514  0.89515734 0.89365816
 0.8956456  0.895035   0.89231443 0.89434814 0.89592206 0.8961913
 0.89392424 0.89476144 0.895796   0.89486426 0.896091   0.89461124
 0.89629304 0.8952173  0.89728945 0.8954837  0.8965969  0.8960433
 0.8973783  0.894726   0.8946568  0.8946861  0.8942857  0.8966775
 0.8953173  0.8985032  0.8968989  0.8955796  0.8948414  0.89276254
 0.8967189  0.89510167 0.8933028  0.89663494 0.895746   0.896378
 0.89659613 0.89940226 0.8990175  0.89643776 0.897233   0.899042
 0.8969444  0.8939842  0.893027   0.8947183  0.8959402  0.8982614
 0.8980447  0.8960263  0.89630055 0.8986074  0.8972866  0.8977765
 0.8972223  0.8945414  0.8963771  0.8964418  0.893335   0.89738643
 0.89504004 0.8971883  0.8958715  0.8943164  0.8931591  0.8944485
 0.89796555 0.8965477  0.8951372  0.8967385  0.8986551  0.89644784
 0.89701957 0.8989212  0.8968844  0.89268935 0.8932373  0.8984639
 0.8958205  0.89625823 0.8957178  0.89436406 0.89455146 0.8978467
 0.89377445 0.8934476  0.8961982  0.89666295]",74.42522,18.431286811828613,3847.704681072318
NNgHMC,0.8,autograd,high_dimensional_warped_gaussian,SynchronousLeapfrog,0.1,"[0.8927595  0.8966954  0.89539707 0.8945097  0.89834046 0.898319
 0.89676464 0.89772433 0.89348173 0.8971514  0.89515734 0.89365816
 0.8956456  0.895035   0.89231443 0.89434814 0.89592206 0.8961913
 0.89392424 0.89476144 0.895796   0.89486426 0.896091   0.89461124
 0.89629304 0.8952173  0.89728945 0.8954837  0.8965969  0.8960433
 0.8973783  0.894726   0.8946568  0.8946861  0.8942857  0.8966775
 0.8953173  0.8985032  0.8968989  0.8955796  0.8948414  0.89276254
 0.8967189  0.89510167 0.8933028  0.89663494 0.895746   0.896378
 0.89659613 0.89940226 0.8990175  0.89643776 0.897233   0.899042
 0.8969444  0.8939842  0.893027   0.8947183  0.8959402  0.8982614
 0.8980447  0.8960263  0.89630055 0.8986074  0.8972866  0.8977765
 0.8972223  0.8945414  0.8963771  0.8964418  0.893335   0.89738643
 0.89504004 0.8971883  0.8958715  0.8943164  0.8931591  0.8944485
 0.89796555 0.8965477  0.8951372  0.8967385  0.8986551  0.89644784
 0.89701957 0.8989212  0.8968844  0.89268935 0.8932373  0.8984639
 0.8958205  0.89625823 0.8957178  0.89436406 0.89455146 0.8978467
 0.89377445 0.8934476  0.8961982  0.89666295]",74.42522,35.148590326309204,3523.1010591394474
NNODEgHMC,0.8,autograd,high_dimensional_warped_gaussian,SynchronousLeapfrog,0.1,"[0.9362265  0.9397258  0.93782413 0.9349653  0.9370594  0.93682647
 0.93561745 0.9394866  0.9336493  0.9378175  0.9362664  0.9339396
 0.936262   0.93441427 0.9353775  0.93565625 0.93294907 0.937031
 0.93613815 0.93493986 0.936876   0.9358467  0.93751276 0.93582296
 0.931698   0.9372815  0.93671846 0.93312407 0.9366088  0.9359552
 0.9391696  0.9353775  0.93383265 0.9346091  0.93708485 0.9348278
 0.93512034 0.93634003 0.9359087  0.9352934  0.93811226 0.9325077
 0.9325305  0.93669385 0.93794584 0.93601394 0.9383873  0.93915796
 0.93492246 0.9357772  0.9372462  0.9389353  0.9375996  0.94017434
 0.936114   0.93405294 0.9325422  0.9385562  0.93869704 0.9387331
 0.9362747  0.9356383  0.93852824 0.93572414 0.93715113 0.93649644
 0.93448013 0.9375036  0.93816155 0.93656915 0.93896735 0.93749774
 0.9361272  0.93699265 0.93748254 0.93748534 0.9378842  0.93580216
 0.93451667 0.9387523  0.9355626  0.9363486  0.9361169  0.93420315
 0.9361768  0.9380441  0.9370386  0.93734545 0.93780386 0.93513125
 0.9339838  0.9379381  0.93792355 0.9323492  0.93423545 0.936
 0.9374708  0.9372241  0.93427896 0.93759197]",2.6610772e-13,29.643624305725098,1.1751172547984645
Explicit NNODEgHMC,0.8,autograd,high_dimensional_warped_gaussian,SynchronousLeapfrog,0.1,"[0.9389674  0.94116324 0.94178313 0.9387631  0.9395485  0.94066066
 0.93994397 0.94191694 0.93762034 0.9393294  0.9371845  0.9383898
 0.9388239  0.9383084  0.9407388  0.9378694  0.93684804 0.9410686
 0.93929565 0.93637437 0.9392837  0.93848056 0.9389905  0.93912405
 0.93824613 0.9401115  0.9400141  0.93762064 0.9394745  0.9397709
 0.9407375  0.93929183 0.9395865  0.93751115 0.9391173  0.93924254
 0.93917966 0.939278   0.93724984 0.9391197  0.94073606 0.93591803
 0.9388323  0.93955344 0.9396843  0.93984556 0.9392489  0.94083804
 0.93962383 0.93993795 0.94043607 0.9396464  0.9388487  0.9420728
 0.93912256 0.9391397  0.9378897  0.94080436 0.9416873  0.94038236
 0.9383489  0.93897164 0.9411308  0.9384912  0.9402547  0.9392426
 0.938651   0.9388258  0.9417279  0.94047916 0.9400057  0.94065136
 0.93908596 0.9393573  0.9391829  0.939329   0.9394457  0.9380413
 0.9383685  0.94163483 0.9379109  0.9387282  0.9395926  0.9378749
 0.9389628  0.94042385 0.9390491  0.94024724 0.9389167  0.93931425
 0.93866384 0.93998826 0.94072956 0.93774027 0.9393915  0.9384977
 0.9385966  0.9388997  0.93880653 0.9392295 ]",1.865222e-13,45.24803185462952,12.64479212126724
SymplecticNNgHMC,0.8,autograd,high_dimensional_warped_gaussian,SynchronousLeapfrog,0.1,"[0.92366904 0.9237025  0.92103404 0.9195544  0.9241792  0.9232718
 0.9226312  0.92464536 0.91871095 0.92275304 0.9253396  0.91994965
 0.92202854 0.9218712  0.9218049  0.9203886  0.9245381  0.9229688
 0.92286944 0.92323816 0.9227133  0.92006034 0.9202337  0.9187619
 0.922924   0.9237115  0.9236073  0.9231725  0.9234834  0.92351073
 0.92304915 0.92256355 0.9210622  0.92183274 0.92390364 0.92108554
 0.92211723 0.9218647  0.920654   0.9211916  0.92085475 0.9194197
 0.92153585 0.92021245 0.9223099  0.9209137  0.92278767 0.92474747
 0.9239305  0.92423475 0.92353    0.9232664  0.9222495  0.9240049
 0.9235956  0.9236889  0.91918916 0.92300767 0.9241303  0.9246713
 0.9217066  0.9210345  0.9237584  0.9242045  0.9244299  0.9253847
 0.92134404 0.9206742  0.9208081  0.9212941  0.92246836 0.92096055
 0.9231162  0.92501783 0.92364097 0.92319393 0.92338437 0.9220686
 0.9222045  0.9226377  0.92129517 0.9213685  0.9235658  0.92436874
 0.9233429  0.9223727  0.923529   0.92088795 0.92165947 0.92532134
 0.9210466  0.92361397 0.924118   0.9198958  0.9214034  0.9230725
 0.9215614  0.9196102  0.922474   0.9217224 ]",8.21968,109.28169298171997,3600.0
GSymplecticNNgHMC,0.8,autograd,high_dimensional_warped_gaussian,SynchronousLeapfrog,0.1,"[0.9256673  0.9260607  0.9272113  0.92349887 0.9261255  0.927245
 0.92685384 0.92722625 0.92301816 0.9243909  0.9246806  0.92441833
 0.92454636 0.9250573  0.9266469  0.9225658  0.92588514 0.92669404
 0.92535114 0.92280424 0.9244449  0.92312354 0.9232416  0.92366856
 0.9258932  0.9264735  0.9265034  0.92478764 0.92563885 0.9262359
 0.9254317  0.9259771  0.9268547  0.92360973 0.9258485  0.92538786
 0.9248371  0.9251127  0.92195624 0.9248025  0.92488134 0.92125607
 0.92592525 0.92411697 0.92581385 0.9254761  0.9240255  0.9272739
 0.9270495  0.9272009  0.92701125 0.92390585 0.923718   0.927317
 0.9259143  0.9266545  0.9230499  0.9264219  0.9267409  0.92617834
 0.9233069  0.9243611  0.9272493  0.9256735  0.9265586  0.9257153
 0.9253363  0.9226882  0.9264881  0.9257363  0.9238772  0.92531574
 0.9262347  0.92662704 0.9261725  0.9252321  0.92549723 0.9234525
 0.9247123  0.9261614  0.9240484  0.92390126 0.92598534 0.9258866
 0.92594975 0.925739   0.9247953  0.9257996  0.9230315  0.927375
 0.9249794  0.9251453  0.9266763  0.9245421  0.92513764 0.9243301
 0.9228312  0.9227762  0.9257223  0.92394924]",3718.666,50.837761878967285,3600.0
HMC,0.9,autograd,high_dimensional_gaussian,SynchronousLeapfrog,0.1,"[0.6654761  0.6668033  0.672554   0.6685623  0.66881794 0.6777353
 0.6741008  0.66745013 0.6709646  0.6694259  0.66347075 0.6802031
 0.66940284 0.67278975 0.67434704 0.6751978  0.6672031  0.6697146
 0.66930723 0.6680249  0.66711015 0.6709131  0.6682396  0.6654178
 0.66388875 0.6682533  0.66700006 0.6664976  0.678388   0.6675898
 0.6681776  0.6675948  0.6742654  0.6829232  0.6742933  0.6841451
 0.671209   0.66457117 0.66466653 0.6793146  0.668705   0.68270445
 0.66490525 0.672002   0.6659163  0.6745429  0.6649526  0.6745248
 0.67406976 0.667386   0.66811603 0.666872   0.67007494 0.67494917
 0.6690414  0.6733936  0.67031854 0.66933936 0.6687422  0.6685192
 0.68028396 0.6691722  0.6718384  0.67188996 0.6793728  0.6676194
 0.6720276  0.6766658  0.67571354 0.6738133  0.6652438  0.66841257
 0.6718718  0.6710639  0.67514217 0.67006063 0.6773491  0.66474867
 0.6666865  0.67212456 0.67632025 0.6772833  0.6670267  0.67590064
 0.6735684  0.66637266 0.67405593 0.6747877  0.67072046 0.6775969
 0.67094725 0.66781944 0.6772834  0.67017984 0.6701058  0.67144156
 0.66958207 0.6639383  0.677413   0.6740188 ]",1.4013771e+06,17.866130828857422,3517.1964892518913
NNgHMC,0.9,autograd,high_dimensional_gaussian,SynchronousLeapfrog,0.1,"[0.6654761  0.6668033  0.672554   0.6685623  0.66881794 0.6777353
 0.6741008  0.66745013 0.6709646  0.6694259  0.66347075 0.6802031
 0.66940284 0.67278975 0.67434704 0.6751978  0.6672031  0.6697146
 0.66930723 0.6680249  0.66711015 0.6709131  0.6682396  0.6654178
 0.66388875 0.6682533  0.66700006 0.6664976  0.678388   0.6675898
 0.6681776  0.6675948  0.6742654  0.6829232  0.6742933  0.6841451
 0.671209   0.66457117 0.66466653 0.6793146  0.668705   0.68270445
 0.66490525 0.672002   0.6659163  0.6745429  0.6649526  0.6745248
 0.67406976 0.667386   0.66811603 0.666872   0.67007494 0.67494917
 0.6690414  0.6733936  0.67031854 0.66933936 0.6687422  0.6685192
 0.68028396 0.6691722  0.6718384  0.67188996 0.6793728  0.6676194
 0.6720276  0.6766658  0.67571354 0.6738133  0.6652438  0.66841257
 0.6718718  0.6710639  0.67514217 0.67006063 0.6773491  0.66474867
 0.6666865  0.67212456 0.67632025 0.6772833  0.6670267  0.67590064
 0.6735684  0.66637266 0.67405593 0.6747877  0.67072046 0.6775969
 0.67094725 0.66781944 0.6772834  0.67017984 0.6701058  0.67144156
 0.66958207 0.6639383  0.677413   0.6740188 ]",1.4013771e+06,33.76710343360901,3244.4784020851957
NNODEgHMC,0.9,autograd,high_dimensional_gaussian,SynchronousLeapfrog,0.1,"[0.9413439  0.9411944  0.941105   0.9410481  0.9411432  0.94090843
 0.9410839  0.94130343 0.94100446 0.9411073  0.94124067 0.940746
 0.94106436 0.94093275 0.9412093  0.94087315 0.9412683  0.9411549
 0.9412421  0.94091576 0.9411198  0.94110364 0.9411084  0.94125575
 0.94138    0.9411852  0.9412171  0.9412279  0.9406893  0.9413733
 0.9410877  0.941285   0.94116044 0.9405006  0.9408697  0.94069827
 0.9410261  0.9410991  0.941134   0.9408414  0.9412354  0.940454
 0.9413602  0.9409625  0.9413321  0.9410105  0.940993   0.94111276
 0.94108677 0.9411897  0.9412317  0.94105005 0.9409876  0.94094604
 0.941185   0.94107056 0.9411392  0.9412813  0.9412055  0.941149
 0.9404843  0.9410738  0.9411554  0.9407953  0.94092    0.94114894
 0.9409479  0.9407176  0.9409994  0.9410464  0.9412509  0.9411582
 0.9409628  0.94111    0.9409658  0.9411429  0.94100016 0.9412916
 0.9411211  0.94110394 0.94091046 0.94072866 0.9411394  0.94089365
 0.9410619  0.9410884  0.94093317 0.9411194  0.94108933 0.9408281
 0.9412014  0.9411473  0.94093645 0.9411351  0.9411906  0.9409722
 0.94103277 0.9412715  0.9408719  0.9408295 ]",8.949913e-11,28.891971826553345,3300.0
Explicit NNODEgHMC,0.9,autograd,high_dimensional_gaussian,SynchronousLeapfrog,0.1,"[0.94029707 0.9401424  0.94005674 0.9399912  0.9400918  0.9398583
 0.94003713 0.94025815 0.9399489  0.9400551  0.94018596 0.93969077
 0.9400097  0.9398761  0.94016886 0.9398173  0.9402207  0.94010514
 0.9401959  0.9398513  0.94006443 0.94005316 0.9400544  0.94020486
 0.94033325 0.9401345  0.94016665 0.9401773  0.9396288  0.94033164
 0.9400325  0.94023865 0.9401176  0.9394371  0.9398119  0.9396469
 0.9399721  0.94003916 0.94007623 0.93979    0.94018835 0.9393879
 0.940314   0.9399063  0.94028544 0.93996084 0.93992794 0.940068
 0.94004    0.9401387  0.940184   0.9399909  0.9399303  0.9398937
 0.9401359  0.9400217  0.9400896  0.9402373  0.9401568  0.9400975
 0.9394165  0.94001925 0.9401089  0.93973064 0.9398729  0.940096
 0.9398912  0.9396559  0.9399506  0.9399974  0.94019926 0.940107
 0.9399063  0.9400601  0.9399144  0.9400929  0.9399537  0.9402415
 0.94006556 0.9400553  0.93985814 0.9396688  0.9400852  0.93984
 0.9400135  0.9400306  0.9398788  0.9400751  0.94003767 0.9397737
 0.9401561  0.9400945  0.93988675 0.94008505 0.9401432  0.9399161
 0.9399766  0.94021904 0.9398192  0.93976986]",4.899145e-13,43.5045862197876,8.282123645566134
SymplecticNNgHMC,0.9,autograd,high_dimensional_gaussian,SynchronousLeapfrog,0.1,"[0.95149505 0.9515669  0.95126814 0.95159984 0.9515232  0.951128
 0.9511956  0.9514035  0.9514302  0.95146644 0.9517709  0.9511976
 0.9515271  0.95143455 0.95107263 0.95135355 0.9514663  0.9513895
 0.95135975 0.9517937  0.9515976  0.9514267  0.95154256 0.9516134
 0.9515656  0.9515075  0.9515605  0.9515846  0.9513275  0.9513607
 0.95157903 0.95140934 0.9511387  0.95123196 0.95150316 0.9509219
 0.95148563 0.95181274 0.9517406  0.9511074  0.95139015 0.9513232
 0.95149374 0.95150113 0.9515308  0.9512431  0.9519493  0.9511522
 0.9512733  0.95150965 0.9514491  0.9516854  0.9515555  0.95128345
 0.9514226  0.95131105 0.95140475 0.95131797 0.95140284 0.95152795
 0.9514007  0.95155704 0.95134723 0.9515985  0.95104116 0.95156354
 0.9515018  0.9514264  0.9511964  0.95121515 0.9516226  0.95148605
 0.951482   0.9513887  0.95131564 0.9514518  0.9511296  0.9515991
 0.95164716 0.95131314 0.95123214 0.95137155 0.95158166 0.9512848
 0.95124125 0.9516587  0.95136565 0.9511618  0.9514413  0.95124197
 0.95129204 0.95156085 0.9511942  0.9514391  0.95136756 0.9515052
 0.9515246  0.9516918  0.9511914  0.95141006]",61.13986,114.84053230285645,763.2431718341101
GSymplecticNNgHMC,0.9,autograd,high_dimensional_gaussian,SynchronousLeapfrog,0.1,"[0.9444088  0.9444067  0.94415224 0.9444052  0.9443141  0.9439599
 0.94405496 0.94427097 0.9442986  0.9442998  0.94456947 0.943951
 0.9443432  0.9442436  0.9438736  0.9441329  0.9443282  0.9442663
 0.9442331  0.9445352  0.944436   0.9442264  0.9443692  0.9444441
 0.9444472  0.94434345 0.9443776  0.9444005  0.9440819  0.9441735
 0.9443903  0.9442986  0.9439394  0.9439508  0.94421357 0.943727
 0.9442705  0.94458914 0.9445483  0.9439231  0.9442646  0.94400036
 0.94439685 0.94426507 0.94438684 0.94408333 0.94466656 0.9439749
 0.94404787 0.94436115 0.94428957 0.9444951  0.94434154 0.94409865
 0.94427574 0.9441239  0.9442434  0.9441919  0.94429576 0.94432616
 0.9441016  0.9443454  0.9441327  0.9443816  0.94382566 0.9443774
 0.9442655  0.94416165 0.9440192  0.94409215 0.94446933 0.94433177
 0.94428265 0.9442142  0.9440898  0.94426936 0.9439246  0.94445705
 0.94444627 0.94415545 0.94405    0.9441077  0.9444159  0.9440857
 0.9440991  0.9444901  0.94415665 0.9439792  0.9442595  0.9440284
 0.94413537 0.9443747  0.9439783  0.94425666 0.94421995 0.94426984
 0.9443576  0.9445218  0.94401777 0.9442282 ]",1926.7983,54.72803211212158,1.4639012678012426
HMC,0.9,autograd,high_dimensional_warped_gaussian,SynchronousLeapfrog,0.1,"[0.8939487  0.89680547 0.89396286 0.895946   0.89845246 0.8960576
 0.8958597  0.8977272  0.8951591  0.8984944  0.89683807 0.8925257
 0.896398   0.8945428  0.8920962  0.89571637 0.8970504  0.89555466
 0.89504945 0.89607847 0.89691275 0.8972173  0.89832795 0.89726084
 0.89800215 0.8948989  0.8973562  0.8971629  0.8941092  0.8974986
 0.8974433  0.8955922  0.8941945  0.89283276 0.8924918  0.89479727
 0.89553183 0.8991318  0.9005537  0.89494944 0.89629596 0.8926155
 0.89831793 0.89551926 0.8943683  0.8964342  0.896232   0.8952385
 0.895545   0.898931   0.8989959  0.89751124 0.8983598  0.8968107
 0.89742535 0.89281344 0.8955424  0.8952161  0.89551175 0.89828414
 0.8965394  0.8970515  0.8953061  0.89697784 0.89577484 0.8982004
 0.89676356 0.89464843 0.89509314 0.8961719  0.8954704  0.89814013
 0.8935663  0.8966205  0.8946687  0.89484644 0.8926873  0.89753234
 0.8991902  0.8961462  0.89555615 0.89614916 0.89884996 0.8952112
 0.89682853 0.89891195 0.8967866  0.8926322  0.8953034  0.8956027
 0.8973608  0.8969655  0.89385    0.8956442  0.8955938  0.8984921
 0.89560956 0.89676327 0.89491737 0.8965254 ]",74.65434,17.917253017425537,3517.1975353002244
NNgHMC,0.9,autograd,high_dimensional_warped_gaussian,SynchronousLeapfrog,0.1,"[0.8939487  0.89680547 0.89396286 0.895946   0.89845246 0.8960576
 0.8958597  0.8977272  0.8951591  0.8984944  0.89683807 0.8925257
 0.896398   0.8945428  0.8920962  0.89571637 0.8970504  0.89555466
 0.89504945 0.89607847 0.89691275 0.8972173  0.89832795 0.89726084
 0.89800215 0.8948989  0.8973562  0.8971629  0.8941092  0.8974986
 0.8974433  0.8955922  0.8941945  0.89283276 0.8924918  0.89479727
 0.89553183 0.8991318  0.9005537  0.89494944 0.89629596 0.8926155
 0.89831793 0.89551926 0.8943683  0.8964342  0.896232   0.8952385
 0.895545   0.898931   0.8989959  0.89751124 0.8983598  0.8968107
 0.89742535 0.89281344 0.8955424  0.8952161  0.89551175 0.89828414
 0.8965394  0.8970515  0.8953061  0.89697784 0.89577484 0.8982004
 0.89676356 0.89464843 0.89509314 0.8961719  0.8954704  0.89814013
 0.8935663  0.8966205  0.8946687  0.89484644 0.8926873  0.89753234
 0.8991902  0.8961462  0.89555615 0.89614916 0.89884996 0.8952112
 0.89682853 0.89891195 0.8967866  0.8926322  0.8953034  0.8956027
 0.8973608  0.8969655  0.89385    0.8956442  0.8955938  0.8984921
 0.89560956 0.89676327 0.89491737 0.8965254 ]",74.65434,33.767757415771484,3243.401006773574
NNODEgHMC,0.9,autograd,high_dimensional_warped_gaussian,SynchronousLeapfrog,0.1,"[0.93879694 0.9405052  0.93880534 0.93845075 0.93859494 0.9370215
 0.9372175  0.9406991  0.9372618  0.9396569  0.9380951  0.93558824
 0.93848324 0.936217   0.93795127 0.93802726 0.9362068  0.9386939
 0.9386878  0.93720216 0.9393529  0.9393084  0.9401133  0.939851
 0.9366333  0.93860996 0.9386856  0.93723106 0.93634677 0.93920803
 0.9401137  0.9381351  0.93651044 0.93492305 0.9369004  0.9357025
 0.937665   0.9388212  0.9398941  0.9368762  0.94068855 0.93474495
 0.93731374 0.9387897  0.93961143 0.93794346 0.93961465 0.9387247
 0.9367506  0.9377882  0.9389531  0.9401318  0.939258   0.9392888
 0.9382767  0.9360894  0.9375834  0.9400444  0.93998426 0.93959635
 0.936603   0.93840206 0.93911046 0.93624675 0.9375474  0.9385456
 0.936497   0.93846846 0.9390237  0.93854856 0.9409251  0.9398982
 0.93677235 0.9378635  0.9372429  0.93885803 0.93790144 0.9396801
 0.9379348  0.93992364 0.9371691  0.9374262  0.93843126 0.9354154
 0.9375522  0.9396719  0.9380803  0.9387948  0.9397119  0.93512404
 0.9378628  0.9396691  0.9378723  0.9364094  0.93790597 0.93805933
 0.9395494  0.9409127  0.9357486  0.93853176]",2.186482e-13,28.336585521697998,7.959026885715442
Explicit NNODEgHMC,0.9,autograd,high_dimensional_warped_gaussian,SynchronousLeapfrog,0.1,"[0.93981326 0.9411063  0.9404168  0.93981266 0.9394882  0.93865633
 0.9389714  0.9417963  0.93883866 0.9403182  0.9384758  0.93725014
 0.9393212  0.937725   0.94040656 0.93888587 0.9376573  0.9403877
 0.9400451  0.9373827  0.9400948  0.9402907  0.940674   0.9411429
 0.93954754 0.9396877  0.93990463 0.93889755 0.9372171  0.9408057
 0.9406427  0.9398694  0.93905705 0.93578374 0.9374446  0.93755805
 0.93920374 0.93963313 0.9401864  0.9384923  0.9417471  0.93562555
 0.93995965 0.93973607 0.9403757  0.93952024 0.93951464 0.939744
 0.93859434 0.939412   0.9402714  0.94038343 0.9396464  0.94009066
 0.9393984  0.9379635  0.939854   0.9410967  0.94116795 0.9402741
 0.93691796 0.93966407 0.9401387  0.9369327  0.93886864 0.9394374
 0.9380832  0.93873346 0.94053596 0.94011164 0.94156635 0.94109863
 0.9376631  0.9387598  0.9379773  0.93962514 0.9388943  0.9404826
 0.9392633  0.9411311  0.93808305 0.938101   0.9395904  0.9366264
 0.93865824 0.9402563  0.93882084 0.93997777 0.940448   0.93675196
 0.9397893  0.9404335  0.9390301  0.93865335 0.940067   0.93889487
 0.9399683  0.94145966 0.9375567  0.9389872 ]",2.0733163e-13,44.70035791397095,13.968562467079703
SymplecticNNgHMC,0.9,autograd,high_dimensional_warped_gaussian,SynchronousLeapfrog,0.1,"[0.9268756  0.92754495 0.92438555 0.9235029  0.9264237  0.923807
 0.92356986 0.9290309  0.920707   0.9269787  0.92722195 0.9211733
 0.9246685  0.92089057 0.92572165 0.9237789  0.92499065 0.9246065
 0.9255492  0.92205876 0.924299   0.9274086  0.92668056 0.92625046
 0.924869   0.92403924 0.9264568  0.9253514  0.92112446 0.92845887
 0.92777157 0.92625093 0.92543817 0.91987246 0.9234885  0.921467
 0.92418337 0.92387867 0.9264776  0.9229838  0.92741555 0.9189906
 0.9242276  0.9237112  0.92796147 0.92368764 0.9252095  0.9285185
 0.92485875 0.92529964 0.92591876 0.92646426 0.92551386 0.92526025
 0.9262929  0.9242906  0.92461526 0.9282681  0.9257652  0.9268178
 0.9203986  0.92396754 0.92736447 0.9194473  0.9257231  0.9259956
 0.9216382  0.92337817 0.9250869  0.9252199  0.9299511  0.92593634
 0.9230994  0.92491186 0.92555356 0.92666674 0.9280936  0.92792463
 0.92337626 0.9265326  0.9240627  0.9222624  0.9238689  0.92220116
 0.9246752  0.9241015  0.92406243 0.9276341  0.92738223 0.92178124
 0.9252435  0.9267353  0.9238075  0.9240116  0.92479295 0.925166
 0.9264569  0.92840564 0.9220629  0.92283314]",0.87986344,114.54033637046814,3300.0
GSymplecticNNgHMC,0.9,autograd,high_dimensional_warped_gaussian,SynchronousLeapfrog,0.1,"[0.9266833  0.92578244 0.925182   0.9248091  0.9258989  0.92433155
 0.9255314  0.92692614 0.92461586 0.9255159  0.9262671  0.9227389
 0.9250506  0.92415226 0.92627645 0.9237312  0.9269012  0.9255583
 0.92633295 0.9240076  0.9253882  0.925436   0.92539644 0.92636096
 0.92759323 0.92573375 0.9261929  0.9264032  0.9223563  0.92768574
 0.9250964  0.92666423 0.9261302  0.9210593  0.9233472  0.92292184
 0.92471975 0.9255383  0.9258567  0.92370987 0.92618674 0.9207163
 0.9275688  0.9242053  0.9265872  0.9249472  0.92421806 0.9256822
 0.9255554  0.92634463 0.92666817 0.9247636  0.9246248  0.9242951
 0.9261565  0.925012   0.92555845 0.9265916  0.9258535  0.9258274
 0.92118037 0.9251858  0.9257276  0.923457   0.9245197  0.9258827
 0.9245059  0.9223706  0.924634   0.9251059  0.9258672  0.92577237
 0.92415136 0.9256029  0.9244234  0.9254092  0.92455995 0.9266529
 0.92580575 0.92534226 0.92414665 0.92284656 0.9258652  0.92414206
 0.9254025  0.92536354 0.92430156 0.9254405  0.92492926 0.92376626
 0.92646664 0.9255811  0.9241254  0.9257072  0.9260146  0.9247214
 0.92452085 0.92625654 0.9239561  0.9234125 ]",7586.0913,53.95939660072327,3300.0
HMC,1.0,autograd,high_dimensional_gaussian,SynchronousLeapfrog,0.1,"[0.6696911  0.6701088  0.6799431  0.6629039  0.6716951  0.66553473
 0.66789025 0.6672284  0.66673493 0.67208266 0.6679858  0.6692108
 0.6659726  0.67200124 0.66720456 0.66803837 0.6732136  0.6697377
 0.6728518  0.6622553  0.6681317  0.67730284 0.67785615 0.672368
 0.66845894 0.6716847  0.66691244 0.67382634 0.6709956  0.67502135
 0.6733551  0.67451465 0.6673889  0.67465824 0.67968816 0.6623181
 0.6751277  0.67577446 0.668357   0.67112035 0.6736516  0.6707901
 0.67419016 0.67285347 0.676006   0.67596024 0.67229337 0.6719917
 0.6660228  0.664376   0.66799545 0.6641203  0.6706065  0.67066324
 0.6656791  0.6691507  0.6747655  0.672359   0.6662822  0.6768443
 0.6663531  0.66412926 0.6661277  0.6721473  0.675437   0.6706114
 0.66900915 0.66550636 0.68382925 0.663807   0.6716646  0.6736325
 0.6726732  0.6727122  0.6699826  0.67963934 0.6633769  0.6778674
 0.67217064 0.6700825  0.675804   0.67025304 0.6795327  0.6765804
 0.6724405  0.67934465 0.6709374  0.6734063  0.6698174  0.6719126
 0.66981554 0.66772765 0.6708821  0.67420286 0.6754703  0.67042255
 0.6832487  0.6659647  0.6765132  0.6674749 ]",1.3385744e+06,17.765297412872314,3214.9352350442164
NNgHMC,1.0,autograd,high_dimensional_gaussian,SynchronousLeapfrog,0.1,"[0.6696911  0.6701088  0.6799431  0.6629039  0.6716951  0.66553473
 0.66789025 0.6672284  0.66673493 0.67208266 0.6679858  0.6692108
 0.6659726  0.67200124 0.66720456 0.66803837 0.6732136  0.6697377
 0.6728518  0.6622553  0.6681317  0.67730284 0.67785615 0.672368
 0.66845894 0.6716847  0.66691244 0.67382634 0.6709956  0.67502135
 0.6733551  0.67451465 0.6673889  0.67465824 0.67968816 0.6623181
 0.6751277  0.67577446 0.668357   0.67112035 0.6736516  0.6707901
 0.67419016 0.67285347 0.676006   0.67596024 0.67229337 0.6719917
 0.6660228  0.664376   0.66799545 0.6641203  0.6706065  0.67066324
 0.6656791  0.6691507  0.6747655  0.672359   0.6662822  0.6768443
 0.6663531  0.66412926 0.6661277  0.6721473  0.675437   0.6706114
 0.66900915 0.66550636 0.68382925 0.663807   0.6716646  0.6736325
 0.6726732  0.6727122  0.6699826  0.67963934 0.6633769  0.6778674
 0.67217064 0.6700825  0.675804   0.67025304 0.6795327  0.6765804
 0.6724405  0.67934465 0.6709374  0.6734063  0.6698174  0.6719126
 0.66981554 0.66772765 0.6708821  0.67420286 0.6754703  0.67042255
 0.6832487  0.6659647  0.6765132  0.6674749 ]",1.3385744e+06,32.14507460594177,2938.638538424873
NNODEgHMC,1.0,autograd,high_dimensional_gaussian,SynchronousLeapfrog,0.1,"[0.9412241  0.9411043  0.94087255 0.9412755  0.94106865 0.9413719
 0.9413354  0.94134176 0.94118166 0.9410402  0.94110584 0.94116545
 0.94121313 0.94098735 0.941497   0.9411551  0.941084   0.9411831
 0.94114673 0.941144   0.94110954 0.940905   0.9407928  0.94103634
 0.94124687 0.9410917  0.9412484  0.9409952  0.9409783  0.9411413
 0.9409296  0.9410693  0.9414374  0.9408201  0.9407041  0.9415042
 0.94091403 0.9407234  0.9410267  0.9411623  0.9410896  0.9409027
 0.94105977 0.94095874 0.9410035  0.9409896  0.94075286 0.94123447
 0.94140357 0.9413246  0.9412652  0.9411725  0.94099414 0.94112694
 0.9413335  0.9412517  0.94101036 0.9412055  0.94132245 0.9408805
 0.9410033  0.9412799  0.941389   0.9408088  0.94109106 0.9410695
 0.9410815  0.94113994 0.94074106 0.94143194 0.94105005 0.94100034
 0.9409609  0.94108033 0.9411783  0.9408313  0.9415283  0.9408528
 0.9409515  0.94120634 0.9409575  0.94100446 0.94072056 0.94089764
 0.94113195 0.94065106 0.9410715  0.9412009  0.94114983 0.94105834
 0.94127244 0.94117796 0.94119424 0.94102097 0.94102997 0.9410345
 0.94057244 0.94122636 0.9409327  0.9410877 ]",3.04038e-11,27.916873693466187,3000.0
Explicit NNODEgHMC,1.0,autograd,high_dimensional_gaussian,SynchronousLeapfrog,0.1,"[0.9401494  0.9400244  0.93979526 0.9401934  0.93998975 0.9402994
 0.9402644  0.94027007 0.94010067 0.93996036 0.9400228  0.9400872
 0.9401328  0.93990415 0.9404328  0.9400748  0.94000787 0.94010663
 0.94007313 0.9400541  0.94002694 0.9398259  0.9397087  0.93995637
 0.94017196 0.9400133  0.94017124 0.93991536 0.9398931  0.940071
 0.93984574 0.9399941  0.9403707  0.93973225 0.9396175  0.9404337
 0.93983185 0.93963253 0.93994063 0.9400871  0.94001424 0.93981314
 0.93998384 0.93987536 0.939927   0.9399129  0.93965787 0.9401643
 0.94033325 0.9402478  0.940191   0.9400872  0.93990964 0.94004935
 0.9402591  0.9401776  0.9399325  0.9401342  0.94024795 0.9397995
 0.9399129  0.94020027 0.940318   0.9397168  0.9400189  0.9399888
 0.939999   0.940055   0.9396631  0.9403597  0.9399695  0.93992066
 0.9398772  0.9400033  0.9401022  0.9397515  0.9404601  0.9397718
 0.9398672  0.94013184 0.9398788  0.9399199  0.9396353  0.93981683
 0.9400572  0.93956184 0.9399915  0.94013065 0.9400718  0.93997896
 0.94020116 0.94009846 0.9401201  0.93994296 0.9399543  0.939952
 0.9394847  0.94014645 0.93985367 0.9400033 ]",2.910383e-14,41.58495545387268,10.479644725720027
SymplecticNNgHMC,1.0,autograd,high_dimensional_gaussian,SynchronousLeapfrog,0.1,"[0.946741   0.9467839  0.946424   0.947073   0.94669425 0.9468249
 0.9467651  0.94675153 0.9469339  0.94668305 0.9468807  0.9468121
 0.946943   0.9467661  0.94668186 0.9468495  0.94660497 0.94676185
 0.9465941  0.94719255 0.94689894 0.94648397 0.94654644 0.94671154
 0.9467732  0.94672227 0.9468585  0.94664705 0.9468198  0.946473
 0.94667935 0.94656456 0.94667685 0.9467296  0.94654655 0.946953
 0.9466373  0.94671774 0.94691175 0.94668716 0.94656754 0.94686306
 0.94658947 0.9467308  0.94653285 0.9465186  0.94689834 0.94657725
 0.9468159  0.946943   0.9467799  0.94704914 0.9468023  0.9467165
 0.9468756  0.94675064 0.94658124 0.9465548  0.9468274  0.94654346
 0.94704056 0.9469864  0.9468068  0.9468495  0.94646573 0.9467437
 0.9468622  0.9470215  0.94626826 0.9469075  0.9466977  0.94664764
 0.9467511  0.9466255  0.9467424  0.9464377  0.9468979  0.9465164
 0.9467578  0.94670117 0.94655037 0.94683284 0.9465029  0.9465515
 0.946617   0.94655275 0.9467356  0.9465476  0.9467615  0.9467025
 0.9466691  0.94686264 0.94667745 0.94660604 0.94653386 0.9467928
 0.94642735 0.9469242  0.94651604 0.9469115 ]",11.82947,119.94006538391113,1.478183051518385
GSymplecticNNgHMC,1.0,autograd,high_dimensional_gaussian,SynchronousLeapfrog,0.1,"[0.94432294 0.94437027 0.9439625  0.944684   0.9442863  0.9444299
 0.94432306 0.94435513 0.94452167 0.9442844  0.9445057  0.9443855
 0.94453883 0.9443542  0.9442777  0.94445485 0.9441945  0.9443344
 0.944178   0.94483155 0.9444885  0.9440769  0.9441289  0.9442849
 0.9443544  0.9442934  0.9444499  0.94422257 0.94441974 0.94404286
 0.9443044  0.944136   0.9442966  0.9443237  0.9441198  0.94452375
 0.94421387 0.94431543 0.9445202  0.94425774 0.9441638  0.9444995
 0.94414616 0.9443194  0.94410574 0.9440925  0.9445273  0.94416
 0.9443871  0.9445335  0.9443566  0.94468373 0.9444145  0.9443051
 0.9444531  0.9443276  0.9441608  0.9441663  0.944437   0.9441217
 0.9446691  0.94459534 0.94439524 0.9444761  0.9440455  0.94435513
 0.94445086 0.94462895 0.94381475 0.94448984 0.9443296  0.94422233
 0.9443414  0.9442224  0.9443207  0.9440088  0.94446915 0.94409037
 0.94434917 0.94428533 0.9441314  0.94443274 0.9440815  0.944132
 0.944195   0.9441508  0.944334   0.9441173  0.9443571  0.9442891
 0.94424886 0.94445604 0.9442588  0.94418895 0.944106   0.9443897
 0.9439893  0.9445335  0.94410884 0.94454026]",1836.5894,58.11205840110779,3.6445364021256412
HMC,1.0,autograd,high_dimensional_warped_gaussian,SynchronousLeapfrog,0.1,"[0.892785   0.89586157 0.89221686 0.89684916 0.8976276  0.89839065
 0.8969287  0.8975191  0.89578664 0.89772093 0.89561456 0.8946077
 0.896856   0.8944783  0.89333    0.8969893  0.8955579  0.895302
 0.89406776 0.8970002  0.8964405  0.89568365 0.89611554 0.89556026
 0.8967798  0.89392924 0.89711344 0.8953943  0.89544845 0.8957218
 0.89613354 0.8939066  0.8953888  0.89438486 0.89116025 0.8991555
 0.89449537 0.89656484 0.89953774 0.89646834 0.8950304  0.8949113
 0.8961415  0.8951185  0.89200866 0.89594865 0.89443934 0.8955533
 0.8969876  0.8993025  0.89878273 0.8978143  0.89802694 0.8975007
 0.8978738  0.89344966 0.89438915 0.8943434  0.89575803 0.89633864
 0.8992555  0.89784276 0.8962467  0.8967085  0.896428   0.8973386
 0.8971653  0.896747   0.89323676 0.89801824 0.8938637  0.8968291
 0.89316034 0.8960557  0.8955234  0.8926346  0.8953535  0.8945633
 0.89781606 0.8963442  0.89547765 0.89741915 0.8960376  0.89488095
 0.89685816 0.8959982  0.8972285  0.89269435 0.8952482  0.89659566
 0.89737004 0.8967289  0.89497375 0.8945772  0.894251   0.8984914
 0.89256096 0.8960537  0.894923   0.89766693]",74.402084,17.68438696861267,3214.9209672359098
NNgHMC,1.0,autograd,high_dimensional_warped_gaussian,SynchronousLeapfrog,0.1,"[0.892785   0.89586157 0.89221686 0.89684916 0.8976276  0.89839065
 0.8969287  0.8975191  0.89578664 0.89772093 0.89561456 0.8946077
 0.896856   0.8944783  0.89333    0.8969893  0.8955579  0.895302
 0.89406776 0.8970002  0.8964405  0.89568365 0.89611554 0.89556026
 0.8967798  0.89392924 0.89711344 0.8953943  0.89544845 0.8957218
 0.89613354 0.8939066  0.8953888  0.89438486 0.89116025 0.8991555
 0.89449537 0.89656484 0.89953774 0.89646834 0.8950304  0.8949113
 0.8961415  0.8951185  0.89200866 0.89594865 0.89443934 0.8955533
 0.8969876  0.8993025  0.89878273 0.8978143  0.89802694 0.8975007
 0.8978738  0.89344966 0.89438915 0.8943434  0.89575803 0.89633864
 0.8992555  0.89784276 0.8962467  0.8967085  0.896428   0.8973386
 0.8971653  0.896747   0.89323676 0.89801824 0.8938637  0.8968291
 0.89316034 0.8960557  0.8955234  0.8926346  0.8953535  0.8945633
 0.89781606 0.8963442  0.89547765 0.89741915 0.8960376  0.89488095
 0.89685816 0.8959982  0.8972285  0.89269435 0.8952482  0.89659566
 0.89737004 0.8967289  0.89497375 0.8945772  0.894251   0.8984914
 0.89256096 0.8960537  0.894923   0.89766693]",74.402084,32.125813722610474,2937.754060599055
NNODEgHMC,1.0,autograd,high_dimensional_warped_gaussian,SynchronousLeapfrog,0.1,"[0.93806046 0.93993497 0.9377076  0.9394579  0.93814373 0.9393734
 0.93843853 0.940798   0.93827033 0.9392306  0.93728876 0.9375752
 0.9391204  0.93663704 0.93940306 0.9394416  0.9352355  0.9388536
 0.9382622  0.9382895  0.9392349  0.9382384  0.938513   0.9388043
 0.9359139  0.93811595 0.9387478  0.9359498  0.9377927  0.93798435
 0.9392779  0.93719745 0.93800163 0.93656766 0.9360224  0.9396205
 0.93703485 0.9370009  0.93922853 0.9384105  0.9399123  0.93692005
 0.9359612  0.938681   0.9378861  0.9378644  0.9383709  0.93921554
 0.938107   0.9384303  0.93913186 0.9405834  0.9391844  0.9400902
 0.93892026 0.93690085 0.93702984 0.9395555  0.94044304 0.9381813
 0.93910813 0.93941164 0.94009775 0.9364287  0.93834734 0.93808097
 0.9371971  0.940398   0.93787307 0.9403848  0.939785   0.93909264
 0.9367466  0.93762743 0.9382156  0.93724704 0.94034517 0.9374156
 0.936988   0.94036597 0.93742883 0.93870664 0.93636554 0.9353956
 0.93787974 0.93747777 0.9386829  0.93907803 0.9398634  0.9363378
 0.9381385  0.9397354  0.9390337  0.93602103 0.93706536 0.93835485
 0.93721217 0.9405494  0.9361744  0.9397559 ]",2.2006455e-13,27.923397541046143,366.37781890716377
Explicit NNODEgHMC,1.0,autograd,high_dimensional_warped_gaussian,SynchronousLeapfrog,0.1,"[0.93905896 0.9405203  0.9392152  0.94077486 0.93898606 0.94078684
 0.94009733 0.9417956  0.93960965 0.9398588  0.9376423  0.93921584
 0.9398801  0.9379265  0.94162047 0.94011176 0.9365767  0.94039905
 0.93944854 0.9383623  0.9399121  0.9392109  0.9390604  0.9399576
 0.9386952  0.93909264 0.939902   0.9375774  0.93856597 0.9395327
 0.93976104 0.9386697  0.9402637  0.9372858  0.9365663  0.9413655
 0.9385538  0.9376898  0.93953276 0.93993604 0.9409505  0.93778133
 0.9383743  0.9396087  0.9386801  0.93934053 0.9381997  0.9402227
 0.9400031  0.93990934 0.9402844  0.9408517  0.9395849  0.94086695
 0.93997574 0.9387571  0.9391073  0.9405967  0.9415631  0.9388487
 0.9394307  0.94054115 0.9411349  0.9369158  0.93959755 0.93891877
 0.938643   0.9406988  0.9392366  0.9418434  0.9404547  0.9402524
 0.937591   0.93847895 0.9389409  0.9380385  0.94129026 0.9381852
 0.9383135  0.9414956  0.9382619  0.93935406 0.93743646 0.9365721
 0.9389267  0.9380661  0.93939847 0.940263   0.9405986  0.9377884
 0.9399845  0.9403968  0.9401541  0.9379858  0.9391658  0.9390849
 0.9376821  0.941079   0.9377937  0.9401431 ]",1.8167156e-13,42.15514636039734,13.844931945321772
SymplecticNNgHMC,1.0,autograd,high_dimensional_warped_gaussian,SynchronousLeapfrog,0.1,"[0.92662907 0.9254297  0.91994333 0.92256105 0.92507493 0.9256611
 0.9259994  0.9263855  0.92157316 0.925743   0.92718065 0.92285824
 0.9247376  0.9215705  0.92405474 0.9244997  0.92501295 0.92320555
 0.9252447  0.92439765 0.9243759  0.92379445 0.92321986 0.92159104
 0.9235581  0.9233557  0.9254806  0.92367303 0.9229183  0.925405
 0.92282784 0.9219629  0.92420286 0.92259836 0.9221689  0.9264261
 0.922284   0.92076176 0.92536664 0.92362756 0.92343557 0.9216012
 0.922205   0.9221756  0.9253429  0.92347646 0.9225122  0.9277491
 0.92612475 0.925147   0.9251222  0.927056   0.92568016 0.9251274
 0.92687196 0.9247675  0.9217624  0.9242426  0.9243728  0.92478865
 0.92341566 0.92414033 0.92746466 0.92206836 0.92527723 0.92483795
 0.9233202  0.92388076 0.9204268  0.9250852  0.9251253  0.9229893
 0.9227315  0.9257838  0.9265989  0.923463   0.9302726  0.92395544
 0.922928   0.9231803  0.92406225 0.92376316 0.9212848  0.9228808
 0.92694944 0.92156315 0.9252121  0.9238962  0.9271444  0.9241456
 0.9246869  0.92483985 0.9252097  0.9216423  0.92145383 0.9244627
 0.9219777  0.92581844 0.9220071  0.92481744]",1.4830862,120.83363223075867,3000.0
GSymplecticNNgHMC,1.0,autograd,high_dimensional_warped_gaussian,SynchronousLeapfrog,0.1,"[0.9257223  0.9250609  0.9234804  0.9262125  0.9252481  0.92734563
 0.9270228  0.927011   0.92567825 0.92499804 0.9251973  0.9255211
 0.92591995 0.9244051  0.9279129  0.925585   0.92547464 0.9256551
 0.92546594 0.9254388  0.925193   0.923995   0.92318577 0.9247098
 0.9264575  0.9249306  0.9262535  0.92470497 0.92427796 0.92590636
 0.9239351  0.92507577 0.92775714 0.92322874 0.92217493 0.92829645
 0.9238597  0.9227966  0.9250026  0.92579365 0.92512655 0.92373943
 0.92531204 0.9241036  0.9242899  0.92467797 0.9224256  0.9264564
 0.92748106 0.9271411  0.92671573 0.9254801  0.92459154 0.925451
 0.92705667 0.92613125 0.9245838  0.925904   0.926494   0.9238905
 0.9247296  0.926429   0.9271509  0.92343473 0.9255371  0.92522335
 0.9252757  0.9252198  0.9228523  0.9276289  0.9244191  0.92463374
 0.9240872  0.9252914  0.9257411  0.9231855  0.9280812  0.9235298
 0.92452264 0.9259428  0.92443156 0.92464465 0.9229037  0.9240867
 0.925776   0.9222767  0.9251639  0.92587656 0.9252917  0.92524767
 0.9267415  0.9256699  0.92573917 0.9247992  0.9247188  0.92505074
 0.9213537  0.9258398  0.924287   0.9251107 ]",10092.975,57.721781730651855,3000.0
