model,training_size,distribution,reversibility_error,hamiltonian_error,time,ess
HMC,0.1,banana,3.783798e-13,"[0.9315841  0.97505283 0.9895402  0.88189495 0.9145527  0.95317006
 0.88885784 0.9277111  0.93437946 0.8675902  0.922449   0.73181057
 0.94769394 0.7256314  0.94378424 0.942289   0.95050704 0.9175948
 0.90937585 0.95226574 0.9857851  0.96298444 0.90701187 0.9011582
 0.94877446 0.971753   0.9518914  0.86306703 0.9212159  0.9241593
 0.9693564  0.92591393 0.87739086 0.95191336 0.8977663  0.9352948
 0.9281346  0.925249   0.96053666 0.9676199  0.9721936  0.9700273
 0.9834647  0.85175145 0.8980441  0.8603572  0.8226694  0.9410335
 0.8845817  0.9604908  0.90224075 0.9031088  0.98338526 0.83377516
 0.9325588  0.9491247  0.9188387  0.8764872  0.93491477 0.9032328
 0.9192444  0.92650336 0.9121436  0.95884025 0.9479832  0.9451167
 0.97579545 0.9724616  0.9596882  0.8499643  0.8900142  0.9613123
 0.95666015 0.8656142  0.9090959  0.8990178  0.9454934  0.98877734
 0.89140546 0.86229897 0.9620111  0.9490273  0.91794765 0.9584629
 0.97280616 0.96417797 0.7731897  0.83827245 0.9985547  0.9474861
 0.92945164 0.93996966 0.9261141  0.84026307 0.8851347  0.9899394
 0.94073075 0.9476875  0.9355185  0.8314795 ]",20.62142038345337,1.4962419769826643
SymplecticNNgHMC,0.1,banana,0.016116323,"[0.9339244  0.8275937  0.8267925  0.46793365 0.5029423  0.7095279
 0.8790285  0.89599943 0.8048467  0.34128994 0.91335094 0.41668972
 0.11461212 2.623631   0.8412994  0.95268905 0.6320795  0.81841755
 0.617766   0.79337215 0.9205448  0.20020938 0.88462305 0.847881
 0.9610454  0.9684938  0.88630456 0.83104014 0.88141    0.7975296
 0.9545614  0.4120615  0.8942921  0.05043507 0.89474857 0.65961707
 0.9049686  0.4047764  0.9088912  0.94515467 0.9525372  0.9686195
 0.98513985 0.9659478  0.88999546 0.19855788 0.2926925  0.93144053
 0.8359207  0.17673624 0.48496458 0.570536   0.9827548  0.42749536
 0.91704035 0.8361789  0.4631841  2.526446   0.4532016  0.8593551
 0.6419176  0.90521526 0.8507411  0.4622675  0.9116675  0.9529035
 0.9639596  0.9562533  0.92979956 1.3953586  0.88170624 0.80528164
 0.9502899  0.849029   0.5240688  0.788376   0.93810666 0.9895281
 0.8805236  0.5049362  0.9628219  0.94520736 0.90952075 0.29590988
 0.9724498  0.9671258  0.42008433 0.81631535 0.9961325  0.90465546
 0.5198431  0.22624159 0.48846048 0.5652634  0.7429983  0.9966385
 0.96362007 0.2021687  0.9502605  0.65858006]",48.53739547729492,1.3406480405594179
GSymplecticNNgHMC,0.1,banana,0.0041898806,"[0.9353172  0.9774646  0.97471017 0.58910275 0.877608   0.8847015
 0.46231326 0.5575647  0.9306774  0.40945587 0.91163635 0.22583626
 0.9414136  1.4216967  0.96386456 0.93952936 0.82320994 0.8995926
 0.7772541  0.947282   0.9829297  0.94777954 0.895087   0.94396967
 0.63958603 0.96891373 0.7284287  0.82559144 0.8082954  0.44426054
 0.95526016 0.76920295 0.15690118 0.8746759  0.87370014 0.7409663
 0.47034073 0.7171792  0.9215099  0.97138774 0.9735843  0.9685974
 0.9802443  0.03258813 0.88313055 0.24457012 0.3369655  0.61524814
 0.918712   0.85826075 0.6793661  0.7092714  0.9838786  0.7256216
 0.8792984  0.87054175 0.69477534 0.44650504 0.82978094 0.53729403
 0.5308756  0.69358635 0.7982248  0.8020775  0.40179014 0.63311285
 0.97057104 0.7581188  0.675282   0.37353522 0.8874315  0.96636456
 0.93832797 0.8517534  0.5901586  0.92289037 0.618655   0.9870216
 0.8792194  0.149039   0.8717642  0.9425049  0.9084524  0.94788206
 0.9744009  0.96300936 0.8599455  0.91089475 0.99740905 0.7740552
 0.36487943 0.88512087 0.6071811  0.63775206 0.20553416 0.9838687
 0.86135054 0.72982156 0.8299757  0.80527794]",12.981600999832153,11.906575018995118
GradSymplecticNNgHMC,0.1,banana,0.020732211,"[0.9355046  0.85086715 0.8393606  0.4698807  0.54876757 0.76778936
 0.82971835 0.8746923  0.8458459  0.34594536 0.91281354 0.39364713
 0.19471072 2.8176627  0.8513595  0.9530484  0.6396526  0.8231785
 0.627951   0.7967059  0.9293301  0.28138813 0.8817233  0.85008633
 0.94509387 0.97024345 0.870351   0.82868737 0.87391585 0.7654873
 0.95397925 0.43970823 0.860302   0.1246413  0.89669836 0.65985847
 0.87413406 0.38518915 0.90712833 0.94604635 0.95832366 0.96875066
 0.9853401  1.0413083  0.8926252  0.20587145 0.2945785  0.9088514
 0.8442657  0.103641   0.4584707  0.51556754 0.9833471  0.45371485
 0.91468716 0.83458036 0.45230603 2.52768    0.39329588 0.8408944
 0.6367587  0.8916229  0.8459088  0.47301587 0.9195305  0.8792383
 0.9637343  0.94681877 0.91214794 1.4282408  0.8851094  0.82590425
 0.94868773 0.8533634  0.44975823 0.8041061  0.9292261  0.9904303
 0.88258684 0.51106834 0.9718884  0.94508904 0.9106231  0.3461542
 0.97311294 0.96773076 0.48795518 0.8395088  0.9963848  0.9094461
 0.5275573  0.1293227  0.41928023 0.60674804 0.697307   0.99608934
 0.96877164 0.13826814 0.9619748  0.5798408 ]",60.77169632911682,1.3188743265274563
GradGSymplecticNNgHMC,0.1,banana,0.0015088245,"[0.93576306 0.96370065 0.96197295 0.65263855 0.8191147  0.93741196
 0.11884032 0.743066   0.95858544 0.56432354 0.91197056 0.3640203
 0.93114376 0.97917145 0.96579665 0.9503212  0.80782366 0.9241668
 0.7525444  0.9471058  0.9858586  0.91652954 0.89703524 0.9423913
 0.8019514  0.9693231  0.8218354  0.8402872  0.84758776 0.61238146
 0.96128273 0.72049135 0.3852236  0.8321144  0.8984024  0.8185417
 0.71082133 0.752687   0.9350454  0.9703015  0.9711441  0.9697439
 0.98455393 0.15266661 0.8960599  0.2489489  0.47672123 0.7911147
 0.92797124 0.8132536  0.7211604  0.67176425 0.9832423  0.68591976
 0.89450264 0.90462303 0.7137209  0.38915896 0.8505192  0.6668829
 0.5827711  0.80901545 0.83032465 0.782607   0.6369324  0.643239
 0.96664417 0.85115325 0.79033077 0.29028532 0.8826679  0.9636413
 0.94710267 0.85486114 0.52631116 0.92466116 0.80324876 0.98454684
 0.8845749  0.13873167 0.9383499  0.94505376 0.9119191  0.9277465
 0.9700038  0.9660742  0.8404619  0.89577025 0.9985892  0.860062
 0.410009   0.8225988  0.52514    0.6944253  0.45731515 0.9919144
 0.93477005 0.6744466  0.92115974 0.14480326]",13.838269233703613,28.719646059779
RevGSymplecticNNgHMC,0.1,banana,2.9533708e-13,"[0.93435526 0.9662399  0.96068734 0.617942   0.8022356  0.9179959
 0.1421946  0.69892645 0.9524085  0.51107085 0.913731   0.30232084
 0.93425506 1.2964706  0.9660704  0.94361895 0.7990469  0.92426074
 0.7481286  0.94576216 0.9851281  0.9192761  0.8918833  0.9428868
 0.7356347  0.96638525 0.7833586  0.83818436 0.83969086 0.5415164
 0.96287984 0.7008454  0.21237276 0.8290979  0.8813491  0.80657995
 0.6263839  0.7136072  0.93591    0.9706666  0.97249573 0.97021246
 0.9820808  0.01741437 0.8860159  0.16947585 0.425749   0.72605574
 0.9299941  0.78637284 0.6876168  0.6027663  0.98285574 0.69104373
 0.87456644 0.89225245 0.6932504  0.6257688  0.8337542  0.6204292
 0.5089396  0.78461236 0.815355   0.75159097 0.531379   0.60423744
 0.9682261  0.8149333  0.7322067  0.44982585 0.8824959  0.9626726
 0.9459366  0.84933126 0.49129075 0.9229144  0.75811875 0.9830343
 0.87914515 0.012775   0.91519165 0.94557637 0.90894353 0.9189293
 0.97063303 0.9635154  0.8529336  0.9052245  0.99837685 0.84121406
 0.3245545  0.79417825 0.46465898 0.6743307  0.3647014  0.98921704
 0.9158303  0.6457111  0.89457893 0.34184283]",20.91719698905945,1.322624653871376
RevGradGSymplecticNNgHMC,0.1,banana,8.799117e-13,"[0.93410033 0.96707094 0.9608134  0.6199683  0.8103508  0.9192109
 0.15733634 0.6892953  0.95213413 0.505185   0.91371125 0.29859522
 0.93157786 1.3361156  0.9661347  0.9439306  0.79812133 0.92372453
 0.74820065 0.94397116 0.9853543  0.91945636 0.89213103 0.9430264
 0.73214185 0.9661662  0.7811769  0.8376242  0.8383314  0.5386826
 0.96284    0.70518726 0.18508884 0.82907933 0.88214636 0.8037127
 0.6162286  0.70768327 0.93582225 0.9705471  0.97287166 0.9701165
 0.98216105 0.0065321  0.8865969  0.17162097 0.4207116  0.7197115
 0.92978716 0.7897813  0.68030924 0.6086704  0.98287475 0.6898562
 0.8719715  0.8918497  0.686769   0.6204832  0.82413995 0.6195655
 0.49961966 0.7790612  0.8157774  0.75366783 0.5307095  0.59504235
 0.9681349  0.8143679  0.73326826 0.45438847 0.88294804 0.96335053
 0.94550484 0.84953725 0.49421525 0.9236328  0.7490028  0.9827868
 0.879457   0.02184963 0.9143564  0.9453876  0.9090191  0.9195673
 0.97074115 0.9639034  0.85128826 0.9053804  0.99838185 0.83893156
 0.31810087 0.8020241  0.47461396 0.6814891  0.35674894 0.98916376
 0.9130001  0.6487447  0.8916299  0.3759992 ]",22.808194160461426,26.439122075475026
HMC,0.1,gaussian,4.61529e-15,"[0.9295777  0.9480586  0.90053487 0.93221253 0.9545288  0.94226754
 0.8826067  0.95544976 0.9377103  0.9430876  0.9418678  0.947579
 0.93138826 0.9405047  0.9514595  0.93400353 0.9454624  0.92316425
 0.95363176 0.940684   0.959943   0.8467283  0.949753   0.9248292
 0.9091935  0.95776147 0.91827    0.953067   0.94338584 0.93946093
 0.94311017 0.9546461  0.94478273 0.89734185 0.9426106  0.96149063
 0.91903365 0.93462294 0.90937823 0.94596577 0.94409007 0.9288943
 0.9398154  0.9121455  0.93738985 0.9468918  0.9271323  0.9583293
 0.9506954  0.94980997 0.9340304  0.9467532  0.9403877  0.9439618
 0.9565557  0.94238544 0.9306842  0.922086   0.9557309  0.9609653
 0.9504077  0.94316596 0.938924   0.961709   0.93522406 0.94644994
 0.92578    0.93640155 0.9462621  0.9336506  0.9294679  0.9579896
 0.93810767 0.93891066 0.9537193  0.9586641  0.94882905 0.9229078
 0.9026828  0.9450201  0.9350831  0.94388247 0.93987644 0.95585936
 0.9270012  0.9239828  0.9230856  0.9419149  0.95777607 0.91753507
 0.9380516  0.9463259  0.94406265 0.957963   0.9375652  0.958835
 0.9149911  0.9436691  0.93987364 0.96229213]",17.179279565811157,2722.399408710577
SymplecticNNgHMC,0.1,gaussian,7.724161e-05,"[0.92961204 0.9481114  0.9003644  0.9315993  0.95448554 0.94197226
 0.8820723  0.9554689  0.9378543  0.942784   0.94192743 0.94745916
 0.9318837  0.94079036 0.9515395  0.93418616 0.94529676 0.92288506
 0.95374507 0.94080245 0.95986176 0.84615874 0.94953936 0.92507446
 0.9092533  0.9576622  0.91861457 0.9532608  0.94343936 0.939583
 0.9432063  0.95485353 0.94468296 0.8972521  0.9425844  0.96157163
 0.9191371  0.93477744 0.9101559  0.94606054 0.9439506  0.9289428
 0.93977493 0.9120687  0.9373581  0.94699115 0.9273995  0.95815027
 0.9505969  0.9499191  0.93394536 0.9465933  0.94038033 0.9439975
 0.9566349  0.9425099  0.93112653 0.9222864  0.95563406 0.96088266
 0.9503176  0.94298047 0.93902385 0.9617745  0.9352627  0.9466118
 0.92574537 0.9361881  0.9463441  0.9338846  0.9295714  0.9579851
 0.93802613 0.9390503  0.953685   0.9587201  0.9487208  0.9225607
 0.90281343 0.9450461  0.93524575 0.9440004  0.93984    0.9559232
 0.9269063  0.9243262  0.92292756 0.9419322  0.9579371  0.9177201
 0.9379673  0.94630706 0.94409245 0.9580163  0.93757856 0.95869446
 0.91454935 0.94360495 0.93972296 0.96235055]",25.257848024368286,2694.527530677258
GSymplecticNNgHMC,0.1,gaussian,5.6603596e-05,"[0.9298207  0.948032   0.9007219  0.93191755 0.95445937 0.94240415
 0.88279766 0.95540065 0.93772215 0.9430909  0.94159544 0.9475488
 0.93165874 0.94037473 0.95137537 0.9340658  0.94560546 0.9231695
 0.95349884 0.9405718  0.95997953 0.8467342  0.94979334 0.92476535
 0.90891635 0.9577875  0.9185058  0.95281976 0.9432254  0.9394126
 0.94307816 0.9545125  0.94473946 0.897624   0.9425386  0.9614598
 0.9188293  0.9347035  0.9092724  0.9457989  0.94403684 0.92887324
 0.93992376 0.9121938  0.9377011  0.9469554  0.92702764 0.9583246
 0.9508245  0.94984674 0.9341451  0.9467265  0.9402537  0.943686
 0.9565232  0.94241834 0.93098134 0.92197484 0.9558033  0.96101284
 0.9503977  0.94316125 0.938885   0.961637   0.93517256 0.9462771
 0.9260535  0.93676245 0.94626844 0.93343484 0.9293803  0.95795286
 0.9380555  0.93876046 0.9538007  0.95866174 0.94896644 0.9227613
 0.9026202  0.94491976 0.93530387 0.9436976  0.9401158  0.9558171
 0.92692435 0.92394006 0.9231491  0.94179916 0.95765543 0.9172251
 0.93780965 0.9463066  0.94411314 0.95791805 0.9375987  0.9589515
 0.91548675 0.94375753 0.9399471  0.9622201 ]",8.779786586761475,42.377533068573136
GradSymplecticNNgHMC,0.1,gaussian,1.3354219e-05,"[0.92991084 0.9481213  0.90097845 0.93317026 0.9548487  0.9425219
 0.8826474  0.95563096 0.93783545 0.94350123 0.9423202  0.94756144
 0.93176955 0.9414108  0.95149606 0.9341077  0.9455695  0.92333925
 0.95382327 0.9408433  0.96002495 0.8465221  0.94970816 0.9255209
 0.90959615 0.9578767  0.91858065 0.9534606  0.943486   0.94017524
 0.9434702  0.9548473  0.9448055  0.8974673  0.94283295 0.96152174
 0.91936797 0.93495893 0.91049135 0.94675463 0.94433486 0.929163
 0.9400312  0.91225815 0.9371978  0.9468944  0.9278468  0.95844144
 0.95073986 0.95008695 0.9342987  0.9470134  0.94051665 0.9446665
 0.9566188  0.9423603  0.9310446  0.9231331  0.9557556  0.9609284
 0.95065975 0.94364804 0.93898046 0.9618146  0.9354718  0.94668645
 0.9261637  0.9360237  0.9462855  0.9344932  0.9295408  0.95804256
 0.9386097  0.939296   0.95372313 0.95872897 0.9486947  0.9233486
 0.9028217  0.9455311  0.9352411  0.9444226  0.9399888  0.9559331
 0.9270279  0.92470354 0.92338055 0.942098   0.9579333  0.91768664
 0.9388167  0.9462947  0.94398224 0.9579972  0.93758047 0.9588541
 0.91450524 0.94390774 0.93975866 0.96238685]",47.511911153793335,2692.7935310763773
GradGSymplecticNNgHMC,0.1,gaussian,5.1089766e-05,"[0.92999804 0.94819397 0.90114486 0.9338778  0.9549602  0.94280356
 0.88276947 0.9556236  0.93788123 0.9435258  0.942312   0.9475834
 0.9312698  0.9413135  0.9514656  0.9340589  0.9457097  0.92335457
 0.95379657 0.9408674  0.96007943 0.8471575  0.94974506 0.9255039
 0.9096111  0.9579274  0.9185247  0.953396   0.94358337 0.9401263
 0.9435581  0.95474946 0.9448694  0.8977562  0.9429356  0.9614994
 0.91924596 0.93480414 0.90949905 0.9467037  0.94436157 0.92919886
 0.9399164  0.9120946  0.9375236  0.94696033 0.92730254 0.95847577
 0.9507741  0.9501483  0.9343292  0.94715357 0.94047374 0.94480324
 0.95665014 0.94243217 0.9306204  0.9225544  0.9558128  0.96095324
 0.95074624 0.94393796 0.93892974 0.96177906 0.93551505 0.94663656
 0.9262726  0.93654525 0.9462694  0.9344057  0.92945766 0.95800066
 0.9383805  0.93919086 0.9537541  0.9587113  0.94878805 0.9233152
 0.9026716  0.9455937  0.93540335 0.9444674  0.93993104 0.9559417
 0.92700505 0.92461526 0.92345273 0.94205546 0.957878   0.91762304
 0.9389285  0.94644105 0.9441689  0.95797724 0.93758523 0.9589211
 0.9153606  0.9437593  0.9398505  0.96235293]",12.698755264282227,212.55386248761246
RevGSymplecticNNgHMC,0.1,gaussian,2.3447278e-14,"[0.92973346 0.9480009  0.90075445 0.9325596  0.95463705 0.9424181
 0.8825101  0.95552015 0.93782634 0.9432096  0.94187343 0.94774795
 0.93141854 0.9405498  0.9514815  0.9338872  0.945539   0.9232344
 0.9535533  0.9407081  0.96003187 0.8469348  0.9498684  0.92494726
 0.9093253  0.9578643  0.9183518  0.9530449  0.94335574 0.9397828
 0.9431652  0.95461863 0.944813   0.8976114  0.94265836 0.9614398
 0.9191283  0.9347748  0.9092711  0.9460095  0.9441205  0.92879987
 0.9398939  0.91210866 0.937448   0.9469032  0.92721856 0.9584295
 0.95078534 0.9498162  0.9342634  0.9467737  0.9404101  0.9441023
 0.95653963 0.9423382  0.93071496 0.9220571  0.95578307 0.96102154
 0.95046127 0.9434797  0.9389299  0.9616933  0.9352083  0.94642323
 0.92606544 0.9365474  0.9462072  0.93362635 0.92950547 0.95798695
 0.93825644 0.93893754 0.95377564 0.9586396  0.948878   0.9229979
 0.9026371  0.9451579  0.9352164  0.94393677 0.9399631  0.955861
 0.92707634 0.92397755 0.9232402  0.9419249  0.95771027 0.9176099
 0.9381136  0.9462587  0.9440791  0.95795506 0.93761015 0.958941
 0.91534466 0.94374704 0.93983763 0.9622571 ]",12.5545973777771,2700.9499196127144
RevGradGSymplecticNNgHMC,0.1,gaussian,2.568188e-14,"[0.93090457 0.9482586  0.90330887 0.93155324 0.9545593  0.9421791
 0.88391936 0.95571536 0.939067   0.94291735 0.9421718  0.9478039
 0.93117523 0.94026077 0.95170724 0.93436974 0.9454341  0.9239712
 0.95353985 0.94132775 0.9601226  0.8466629  0.9501127  0.9248681
 0.90996265 0.9577686  0.9190969  0.9529594  0.94328165 0.9393155
 0.9433245  0.9548825  0.9449723  0.8995651  0.9431387  0.96153927
 0.91904736 0.9352333  0.90844786 0.9456141  0.9434704  0.9290594
 0.9396419  0.9117354  0.93776524 0.9470257  0.9270293  0.95819044
 0.9510414  0.9496249  0.9354638  0.94683695 0.94073105 0.9436843
 0.9566767  0.9421553  0.9306201  0.92136955 0.9557189  0.96101725
 0.9503014  0.9433726  0.9386277  0.9617068  0.93483436 0.946504
 0.9256239  0.93690246 0.94612163 0.9330467  0.92985743 0.9581828
 0.93811846 0.9394522  0.9540111  0.95870346 0.9487383  0.9235233
 0.9028162  0.94503963 0.935071   0.94388056 0.9400809  0.95593977
 0.927344   0.92417705 0.9239652  0.94226897 0.9577727  0.9178772
 0.9386665  0.94636774 0.94440556 0.957946   0.9379369  0.95889014
 0.9163674  0.9433436  0.939636   0.9622163 ]",12.16645073890686,2730.025841565419
HMC,0.1,high_dimensional_gaussian,1.4289015e-15,"[0.9344958  0.94257784 0.92875826 0.9406926  0.942775   0.933475
 0.93336487 0.9348962  0.93058896 0.9438108  0.93694293 0.9281553
 0.937833   0.94231045 0.9317593  0.9465699  0.9343114  0.9383153
 0.9368951  0.9371659  0.9344157  0.9436757  0.9325967  0.93738884
 0.94142693 0.9383888  0.93685883 0.93786305 0.936093   0.9419646
 0.93521035 0.9378869  0.9424421  0.9405875  0.93136966 0.94279337
 0.9383645  0.93439263 0.943011   0.93829817 0.9383794  0.9329599
 0.94268525 0.9299835  0.94075596 0.928936   0.94632185 0.93910444
 0.93801117 0.93968695 0.9365131  0.93579483 0.93409014 0.9407295
 0.9398416  0.9294285  0.9313242  0.93555975 0.9433815  0.9414325
 0.939958   0.931127   0.93162954 0.9410245  0.9392201  0.9383004
 0.942798   0.9300126  0.93169737 0.93826497 0.93658435 0.9373161
 0.94172776 0.9462279  0.93829465 0.9370572  0.93988645 0.9355175
 0.93886185 0.92241454 0.9379379  0.9341115  0.94368184 0.93672824
 0.9297711  0.9381851  0.94120836 0.9415115  0.9378022  0.93797624
 0.93275565 0.93222797 0.9250711  0.92321813 0.9329459  0.9342496
 0.9290241  0.93037075 0.9347019  0.9358448 ]",48.34911608695984,353.77453188826047
SymplecticNNgHMC,0.1,high_dimensional_gaussian,5.1663916e-05,"[0.9345124  0.9425799  0.9288107  0.94064903 0.9427433  0.93346775
 0.933329   0.93486965 0.93060386 0.94380474 0.9369284  0.9281932
 0.93783736 0.9422864  0.9317257  0.9465952  0.93431515 0.93828315
 0.93685716 0.9371824  0.93440384 0.9436902  0.93257135 0.93741864
 0.94143426 0.9383644  0.9368329  0.9378435  0.9361178  0.94195074
 0.9352333  0.9379144  0.9424224  0.9405936  0.9313814  0.9427926
 0.9383826  0.93437326 0.9429996  0.93826455 0.9383222  0.93289584
 0.9426707  0.92990136 0.9407077  0.92893285 0.94631946 0.93907756
 0.9380021  0.93967927 0.9365057  0.93575543 0.93408155 0.9406872
 0.93982077 0.9294038  0.9313015  0.9355258  0.94334    0.94141567
 0.9399669  0.93109626 0.9316039  0.9410085  0.9392521  0.93828714
 0.9427859  0.92992616 0.9316964  0.9382738  0.9365835  0.93730867
 0.9417323  0.9461975  0.9382701  0.9370812  0.93990296 0.9354806
 0.9388261  0.9224564  0.9378935  0.93404984 0.9436841  0.9367589
 0.9297695  0.93816316 0.9411906  0.9414372  0.93780774 0.93797874
 0.9327564  0.9322349  0.9250004  0.9231884  0.93297756 0.934261
 0.92902625 0.9303853  0.93470776 0.93582267]",62.70092964172363,369.16435174667544
GSymplecticNNgHMC,0.1,high_dimensional_gaussian,0.0003860765,"[0.9346067  0.9425796  0.9286097  0.9405922  0.9427396  0.933366
 0.9333188  0.9347973  0.9305005  0.9437393  0.93683857 0.92799985
 0.9377669  0.9422703  0.93162525 0.9465744  0.9342951  0.938225
 0.93689793 0.9371685  0.9343354  0.94363916 0.93257487 0.9373344
 0.94136876 0.9382969  0.9367451  0.93777    0.93603677 0.94193953
 0.93516606 0.93781394 0.9424571  0.9405403  0.93131304 0.94271153
 0.9382858  0.9342946  0.9429421  0.9382262  0.9381992  0.9329671
 0.9426961  0.92988986 0.9407241  0.92885876 0.94638    0.93901074
 0.93796724 0.9396509  0.93639106 0.93567055 0.93409413 0.9406887
 0.9398546  0.92944276 0.93119574 0.9354131  0.9433503  0.94138
 0.93992364 0.93102705 0.931496   0.94096226 0.93920946 0.93822974
 0.94276273 0.9299598  0.93170184 0.93822837 0.9365262  0.9372043
 0.94173783 0.94617003 0.9382484  0.9371042  0.9399077  0.9354133
 0.9387913  0.92228985 0.9378984  0.9341258  0.9436439  0.93668115
 0.9297123  0.93813884 0.9411552  0.9414643  0.93775505 0.9379101
 0.93266934 0.93223447 0.9249228  0.92305684 0.9330718  0.93417895
 0.9288689  0.9303181  0.9346587  0.935748  ]",26.60166907310486,326.3955268266083
GradSymplecticNNgHMC,0.1,high_dimensional_gaussian,3.5744213e-06,"[0.93450946 0.9425801  0.9287965  0.9406883  0.942768   0.93347996
 0.93336296 0.93489236 0.9306021  0.9438065  0.93694305 0.9281616
 0.9378349  0.9423079  0.93175066 0.9465766  0.93429726 0.9383129
 0.9368851  0.93716085 0.9344026  0.9436748  0.9325967  0.9374118
 0.9414371  0.938393   0.9368442  0.9378551  0.93608713 0.9419602
 0.9352164  0.9378916  0.9424304  0.9405934  0.9313822  0.942784
 0.9383749  0.9343974  0.9430148  0.93830216 0.9383666  0.9329357
 0.9426891  0.92999125 0.940762   0.92894006 0.9463177  0.93909836
 0.9379963  0.93968534 0.9365253  0.93578357 0.93409556 0.94073105
 0.93983126 0.9294208  0.93132627 0.9355643  0.9433834  0.9414293
 0.93995064 0.9311303  0.93162507 0.9410081  0.93923724 0.9383043
 0.9427971  0.9299997  0.93170595 0.9382713  0.93658656 0.9373255
 0.9417325  0.94623154 0.9382986  0.93706906 0.9398893  0.9355196
 0.9388477  0.9224328  0.937937   0.9340994  0.94367564 0.9367428
 0.929758   0.93820024 0.94119805 0.94150007 0.93779886 0.93797415
 0.93277854 0.93224525 0.92508364 0.92321634 0.9329369  0.9342623
 0.9290246  0.9303662  0.9347009  0.935835  ]",91.98375654220581,370.0822196492231
GradGSymplecticNNgHMC,0.1,high_dimensional_gaussian,0.00020376954,"[0.934461   0.9425765  0.9286146  0.9405936  0.94275796 0.9334636
 0.93337107 0.93482256 0.9305212  0.94374245 0.9368925  0.9281416
 0.93775773 0.94229746 0.93162215 0.94654703 0.9341364  0.9383318
 0.9368936  0.93718565 0.9343244  0.9436209  0.9326088  0.93729514
 0.94138116 0.9383154  0.93677896 0.937847   0.93601453 0.9419509
 0.93526685 0.93787354 0.9424502  0.94058406 0.93131447 0.94275063
 0.93834305 0.93428516 0.9429614  0.9382758  0.93827856 0.9329891
 0.94265956 0.92990637 0.9407104  0.92893004 0.9463128  0.93897915
 0.93795574 0.9396622  0.9364431  0.9356541  0.9340086  0.94065046
 0.9398038  0.92938423 0.93130016 0.935461   0.94335    0.9414338
 0.9399513  0.93110895 0.9315065  0.94096273 0.93919796 0.9382557
 0.9427416  0.9300536  0.93167293 0.9382259  0.9366617  0.93716854
 0.94166696 0.9461851  0.9382026  0.93701077 0.9399252  0.935457
 0.93887633 0.92227113 0.9379     0.9340989  0.9436344  0.9367331
 0.9297277  0.9381169  0.9411863  0.94154084 0.9377538  0.9378888
 0.9327016  0.93219554 0.92488325 0.92322576 0.9330484  0.9341773
 0.9289497  0.9303099  0.934683   0.93583226]",48.14388942718506,333.76497799409685
RevGSymplecticNNgHMC,0.1,high_dimensional_gaussian,6.713613e-15,"[0.93447083 0.94254863 0.9287273  0.9405788  0.94275    0.9333975
 0.9333205  0.9348855  0.93058467 0.94379175 0.9368738  0.9279802
 0.9378196  0.9423224  0.9317092  0.94657373 0.9341313  0.93829906
 0.9369091  0.9371289  0.9343047  0.94362634 0.9324517  0.9373468
 0.94140565 0.9382771  0.93680924 0.9378378  0.9359616  0.9419605
 0.9350766  0.93782604 0.9424249  0.9406263  0.931478   0.9427837
 0.93831885 0.9343785  0.94298744 0.93827486 0.938303   0.9328908
 0.9426395  0.9298803  0.9407432  0.92884797 0.9463231  0.93908566
 0.9379963  0.93964505 0.9364218  0.9357213  0.93403834 0.9407136
 0.9397733  0.9294081  0.93127763 0.93553084 0.9433531  0.94142073
 0.93991727 0.9309125  0.93149436 0.94096696 0.9392266  0.9382405
 0.9428152  0.9300129  0.9316282  0.9382211  0.9365959  0.9372873
 0.9417014  0.9462056  0.93820465 0.93704337 0.9398818  0.93551946
 0.93882483 0.9223132  0.93786955 0.9341263  0.943655   0.93665504
 0.9296936  0.93812436 0.941136   0.94151545 0.9377114  0.9379066
 0.9326312  0.9322192  0.92488515 0.9230422  0.9329281  0.9341589
 0.9289078  0.9304163  0.93460655 0.9357656 ]",38.61195373535156,337.2983401631338
RevGradGSymplecticNNgHMC,0.1,high_dimensional_gaussian,6.1188275e-15,"[0.93449754 0.94254243 0.9287374  0.94065225 0.9427308  0.9334308
 0.9333193  0.93491024 0.9305665  0.9437949  0.93688536 0.92812884
 0.93779886 0.9423055  0.9317559  0.9465687  0.93425226 0.93830794
 0.93689966 0.9371864  0.93431926 0.94363916 0.9325261  0.93738717
 0.94138885 0.9383668  0.9368271  0.937896   0.9359843  0.9419699
 0.9352082  0.93785846 0.9424137  0.94058573 0.9313973  0.9427761
 0.9383422  0.93438405 0.94300073 0.9382715  0.9382989  0.9329685
 0.9426624  0.9298751  0.940773   0.92887485 0.946308   0.9390557
 0.93797576 0.9396522  0.93644977 0.93571615 0.93407285 0.9407282
 0.939825   0.9294192  0.93131846 0.93552226 0.9433681  0.9414176
 0.93995106 0.9310898  0.93150395 0.9409799  0.93920773 0.938238
 0.9427888  0.9299983  0.93165696 0.9382291  0.9365705  0.93727654
 0.9417219  0.94620913 0.9382512  0.9370834  0.939861   0.9354924
 0.9388312  0.92228955 0.9379589  0.9340498  0.94366616 0.9367074
 0.92969674 0.938146   0.94116414 0.9415156  0.9377367  0.93793076
 0.9327245  0.9322061  0.92502016 0.92316115 0.93292445 0.9342308
 0.9288968  0.93035305 0.93467665 0.9357888 ]",84.28592085838318,345.9950923410404
HMC,0.1,normal_normal,2.13312e-15,"[0.9419713  0.93967456 0.9297793  0.93966806 0.9120389  0.94961715
 0.95286006 0.94392747 0.928661   0.9400296  0.9522556  0.90814567
 0.9358915  0.9382409  0.94075763 0.94707745 0.9514103  0.928864
 0.95425737 0.9398617  0.9500806  0.9427699  0.9479529  0.9448103
 0.952114   0.938122   0.92938346 0.94952023 0.9384546  0.9219648
 0.9410369  0.9463192  0.9443313  0.95074797 0.9262359  0.95028126
 0.93458486 0.906227   0.9493997  0.90439355 0.9482479  0.93533945
 0.9467602  0.9411778  0.9477942  0.9494464  0.9495179  0.9448967
 0.91986406 0.9210528  0.9065296  0.94962597 0.94067955 0.93173236
 0.9495758  0.952697   0.904899   0.94624233 0.9224054  0.9217474
 0.9360646  0.9477781  0.90530133 0.94730234 0.95116585 0.94848585
 0.9545746  0.95482016 0.8825302  0.9385737  0.94016826 0.9375528
 0.9362115  0.93187875 0.9513957  0.9452853  0.9120536  0.94755507
 0.9426249  0.9365138  0.9555475  0.93730056 0.94025326 0.9488938
 0.94893116 0.9233715  0.9179621  0.94286406 0.95062006 0.95458287
 0.951983   0.93314475 0.93711394 0.9110489  0.9174875  0.95367014
 0.9087423  0.9364151  0.93878764 0.9188821 ]",78.66028666496277,469.8560873380105
SymplecticNNgHMC,0.1,normal_normal,0.0004905851,"[0.94106597 0.93995947 0.9299927  0.9393662  0.87348384 0.94888085
 0.9528174  0.94061077 0.92882967 0.9401722  0.95273113 0.89804566
 0.93512034 0.9381363  0.9380109  0.94650716 0.95098615 0.92565966
 0.95413435 0.938851   0.9488601  0.94234514 0.94796985 0.944483
 0.95203614 0.93748045 0.9173967  0.9489143  0.938732   0.92240405
 0.941432   0.94505584 0.94318426 0.9504007  0.9255392  0.9511471
 0.92208475 0.9080841  0.9482962  0.9060559  0.94911355 0.9354056
 0.94596064 0.9396751  0.94693744 0.9497657  0.9497807  0.94181395
 0.91523206 0.9217703  0.908594   0.94933146 0.94051397 0.93173695
 0.9483871  0.9518797  0.9071226  0.94659424 0.9225556  0.9194077
 0.9358643  0.94587123 0.90552825 0.9476068  0.9503194  0.9485342
 0.9544594  0.9544305  0.88645256 0.9384601  0.93943167 0.9362995
 0.92739546 0.93188477 0.9511182  0.9465205  0.89800644 0.9466893
 0.94223374 0.93149346 0.9553478  0.93740404 0.94002795 0.9489355
 0.94881797 0.92667264 0.91874266 0.94196504 0.95006764 0.9546989
 0.95144737 0.91804504 0.9379808  0.91218305 0.91792524 0.95318836
 0.9091059  0.9342092  0.93778765 0.91387355]",63.77801752090454,1.3562027828618963
GSymplecticNNgHMC,0.1,normal_normal,0.00034785224,"[0.9415266  0.93983257 0.92993546 0.94001764 0.904679   0.94981086
 0.95279634 0.94169986 0.9289427  0.9400176  0.9525231  0.91053534
 0.9358794  0.9382868  0.93968034 0.9472178  0.95155686 0.92801905
 0.95432806 0.9401226  0.9499916  0.94273853 0.9480095  0.9449744
 0.9519962  0.9382283  0.92625827 0.9489994  0.9386716  0.92252177
 0.9411196  0.94558823 0.9429077  0.95091367 0.92670035 0.950906
 0.92976177 0.9055699  0.94892025 0.90290374 0.94867754 0.93566793
 0.94703376 0.94113195 0.9479393  0.94944954 0.94950056 0.94414824
 0.91901314 0.9215101  0.9058735  0.9495029  0.9410244  0.9316403
 0.949576   0.95239925 0.90493816 0.9467697  0.92281294 0.9220761
 0.93595046 0.9469525  0.9028287  0.94739217 0.9513341  0.9487633
 0.9545371  0.95476377 0.88221836 0.93882436 0.9406285  0.9372238
 0.9337396  0.9315755  0.9511379  0.9462898  0.91621184 0.9478134
 0.9428768  0.9353663  0.9554722  0.93743443 0.94055027 0.9489783
 0.9492428  0.9259555  0.91620225 0.94284725 0.9508171  0.9546181
 0.9520161  0.9292903  0.9371845  0.90676755 0.91772306 0.9534583
 0.90911794 0.9367692  0.93915987 0.9225044 ]",28.471566438674927,306.6447840431718
GradSymplecticNNgHMC,0.1,normal_normal,0.00025452464,"[0.94100493 0.9399252  0.9299914  0.9392872  0.8754541  0.94882363
 0.9527771  0.94100755 0.9287032  0.94022083 0.95281136 0.89843005
 0.9350945  0.93808556 0.93815076 0.9464561  0.95095366 0.9260453
 0.95410705 0.93883437 0.94883364 0.94237804 0.9479598  0.9444785
 0.9520259  0.9374435  0.9178438  0.94899464 0.93870753 0.92221355
 0.9413726  0.9452602  0.9435083  0.9503471  0.92538595 0.95129097
 0.92273796 0.9081234  0.948403   0.9060186  0.94919837 0.9352938
 0.9458639  0.93968093 0.94685334 0.9498035  0.9498693  0.9421462
 0.9154451  0.92157984 0.90865755 0.949521   0.9404046  0.9316566
 0.9483735  0.9518339  0.90705985 0.94665587 0.9225022  0.9195473
 0.93584937 0.94616526 0.9055969  0.9475454  0.9502443  0.9485418
 0.9544791  0.9543996  0.8861775  0.93838453 0.9393076  0.9364263
 0.9278054  0.93179435 0.95120335 0.9467584  0.89865965 0.94664085
 0.94213486 0.93198097 0.95533407 0.93733716 0.9399292  0.9488914
 0.948938   0.92670524 0.91864395 0.9420347  0.95000595 0.95466185
 0.95142096 0.9189922  0.9378597  0.91215086 0.9177548  0.9532409
 0.9089626  0.9343865  0.93789786 0.91426766]",75.39543008804321,1.7115069708742023
GradGSymplecticNNgHMC,0.1,normal_normal,9.210062e-05,"[0.9417645  0.9397518  0.9298153  0.9401059  0.908582   0.94977134
 0.9528402  0.9426176  0.9287667  0.93990016 0.952631   0.911042
 0.9360131  0.9384241  0.9397863  0.9472623  0.9515218  0.92778456
 0.9542893  0.9402007  0.9501014  0.94266146 0.9480223  0.9449551
 0.95205873 0.9382774  0.92740726 0.94924533 0.938605   0.92220676
 0.9409353  0.94584435 0.9437474  0.95084846 0.92669743 0.95098466
 0.93157804 0.9058908  0.9490346  0.90326774 0.94855756 0.9355117
 0.9469604  0.9413775  0.94796133 0.94940037 0.94978446 0.94488907
 0.91910744 0.9212574  0.90629756 0.9495592  0.940855   0.9315834
 0.9496937  0.9525337  0.9049732  0.9467076  0.92283314 0.9220268
 0.9360334  0.9474885  0.90234137 0.94729394 0.95130634 0.9487113
 0.95455873 0.9547903  0.88228506 0.93877524 0.9404785  0.93698233
 0.93467355 0.93156743 0.9511827  0.94636095 0.9174421  0.94778204
 0.9427397  0.93581724 0.9555175  0.93731654 0.9404037  0.9488658
 0.94922674 0.9255525  0.91643274 0.94295496 0.9507558  0.9545728
 0.9520377  0.9306585  0.936918   0.90687835 0.91741514 0.95357835
 0.9087181  0.93692464 0.9394158  0.9232318 ]",31.313579082489014,364.9391014685269
RevGSymplecticNNgHMC,0.1,normal_normal,3.8208542e-15,"[0.9414196  0.9397826  0.92996097 0.93980503 0.9058955  0.94972074
 0.9527935  0.94216585 0.92872036 0.9402516  0.9526081  0.9110702
 0.93573296 0.9380207  0.9398675  0.9471151  0.9514629  0.92800444
 0.95427656 0.9398819  0.9499375  0.9428134  0.94792336 0.9447478
 0.95205164 0.9380821  0.9272685  0.9492074  0.9386341  0.92223567
 0.94113517 0.9456936  0.94331884 0.9508345  0.9264466  0.95097196
 0.9308429  0.905509   0.94909495 0.9026646  0.9486947  0.935569
 0.94691557 0.9409212  0.94777393 0.94940233 0.9496128  0.9445398
 0.91937625 0.9214083  0.9058002  0.9495794  0.9408964  0.93150896
 0.94946927 0.9523934  0.9045271  0.94692576 0.92259026 0.92222834
 0.9358783  0.9472598  0.9025502  0.9473424  0.9512524  0.94863147
 0.9545781  0.9547534  0.8820233  0.9387447  0.9404458  0.9373468
 0.9344518  0.93145627 0.9511992  0.9462954  0.9169466  0.9476902
 0.942765   0.935542   0.95549935 0.93734205 0.94043946 0.9489705
 0.9493245  0.9259917  0.9160821  0.9430332  0.95073605 0.95459527
 0.95196426 0.92993563 0.9371809  0.90642023 0.91745925 0.95358753
 0.90891665 0.936911   0.9393713  0.92291677]",36.58675289154053,429.328822961527
RevGradGSymplecticNNgHMC,0.1,normal_normal,3.2403095e-15,"[0.9417469  0.93973446 0.92987144 0.94003886 0.9084854  0.9497775
 0.9528159  0.9426731  0.92865527 0.9400551  0.95264405 0.911214
 0.9359925  0.9383289  0.9398413  0.9472121  0.95149773 0.9280462
 0.9542715  0.940221   0.9501058  0.9427578  0.9479715  0.9449072
 0.95205975 0.93824    0.92769784 0.94928426 0.9385928  0.92208767
 0.94096965 0.9458537  0.9437833  0.9508311  0.9266569  0.95101494
 0.9317476  0.9058153  0.9491136  0.9030761  0.94862604 0.9354865
 0.946932   0.9413516  0.94790477 0.9493607  0.9497628  0.94490165
 0.9193444  0.92119694 0.9062904  0.9496087  0.9408109  0.93155205
 0.94967264 0.95251083 0.9048416  0.9468694  0.922899   0.9221159
 0.9360053  0.947544   0.90224504 0.94725907 0.9512925  0.9486779
 0.9545678  0.95478606 0.88202876 0.9387306  0.94047517 0.937188
 0.9348898  0.93157005 0.95120996 0.9463911  0.91760176 0.94778645
 0.9427487  0.93581843 0.9555142  0.93728995 0.94040287 0.948884
 0.94928205 0.9256389  0.9163384  0.9430232  0.9507413  0.9545624
 0.9520237  0.9307723  0.9369174  0.906609   0.9172653  0.95360386
 0.9086327  0.93699026 0.9394593  0.92329633]",43.199636936187744,432.31335472596675
HMC,0.325,banana,2.9544707e-13,"[0.9136629  0.97458047 0.9694066  0.86021256 0.9223572  0.9564528
 0.80573624 0.9143316  0.9841969  0.8776762  0.9342344  0.81894606
 0.9589972  0.672059   0.9652046  0.8945257  0.98023987 0.91056967
 0.882082   0.91805714 0.9383693  0.9983306  0.75036347 0.9252094
 0.8431293  0.9821248  0.9510511  0.92776275 0.93774724 0.8950748
 0.9714434  0.97500247 0.88969135 0.95240897 0.82841414 0.97994995
 0.92333364 0.8420094  0.99536407 0.95121306 0.95491016 0.98882055
 0.9542934  0.66562605 0.7783328  0.9055518  0.8142648  0.9041524
 0.9634881  0.93402404 0.8763072  0.92855835 0.9912983  0.98224175
 0.9182075  0.8888172  0.9232575  0.8984469  0.9538819  0.932578
 0.9251756  0.92652553 0.9752724  0.9332127  0.8724033  0.9714464
 0.9009414  0.9285738  0.9111055  0.8611412  0.87033385 0.9652471
 0.9782035  0.9572946  0.93559444 0.9139819  0.8619301  0.9404198
 0.97720546 0.8585779  0.9576954  0.96081656 0.97401565 0.96984756
 0.9579464  0.9320833  0.9199721  0.7537154  0.9184789  0.9853562
 0.92194813 0.9610836  0.9140946  0.9662566  0.8906423  0.96808
 0.95071065 0.9700591  0.94107217 0.8910567 ]",20.231887102127075,1.5521622640363804
SymplecticNNgHMC,0.325,banana,0.03267696,"[0.9056708  0.95942086 0.6908649  0.55393577 0.8322684  0.89756536
 0.18266201 0.75453293 0.97510695 0.81383216 0.97147465 0.8992256
 0.7134309  5.603788   0.95493066 0.6779845  0.75274456 0.7275297
 0.1089692  0.7706331  0.7113273  0.9961939  3.9808745  0.6210539
 0.85479826 0.9830669  0.8909358  0.88330674 0.9012918  0.33943576
 0.81821287 0.9235172  0.53393215 0.83771104 0.33734125 0.97784734
 0.9119462  0.4884165  0.99438775 0.8512213  0.8982706  0.9889393
 0.87971807 0.28173208 0.46912092 0.41983518 0.7582973  0.57846296
 0.9135934  0.66792524 0.23923132 0.6527042  0.98540306 0.7530079
 0.9718084  0.7407505  0.09672042 0.8946676  0.9516337  0.88110083
 0.74427605 0.8419086  0.9593276  0.0685335  0.55884564 0.83147186
 0.80229044 0.9325422  0.90361804 0.37943262 0.8937394  0.91719437
 0.959967   0.9731517  0.86229724 0.7331495  0.7392528  0.9123821
 0.9022523  0.09446213 0.72681653 0.40263852 0.9122132  0.58906144
 0.75900304 0.8058793  0.9407866  0.23440257 0.7270729  0.9757301
 1.2335361  0.9262943  0.8259764  0.80652916 0.952965   0.9087801
 0.95672625 0.75719416 0.9250897  0.9181061 ]",49.23997116088867,1.3470376394485952
GSymplecticNNgHMC,0.325,banana,29490.54,"[9.2066431e-01 1.2635873e+04 3.9249402e+04 1.1199789e+04 5.4654253e+03
 2.0919342e+05 2.3047771e+04 1.0697909e+06 6.8373315e+03 7.6918483e-01
 1.1077496e+03 3.0620906e+05 9.4645544e+05 6.4086388e+05 7.6661646e-01
 3.5031765e+03 2.0271254e+03 2.0678396e+04 5.9225881e+05 5.6029762e+04
 1.6985059e+05 9.9671650e-01 3.7554409e+05 3.2308762e+01 4.9596381e-01
 9.3172359e-01 7.8511143e-01 8.7819284e-01 3.3927925e+03 4.8814866e-01
 1.0669830e+02 7.6377010e-01 8.4012851e-02 1.9713212e+05 2.1488824e+04
 9.7902262e-01 1.7090515e+02 5.8384043e+03 9.9516380e-01 5.6755471e-01
 1.2906329e+06 9.8833930e-01 6.9178477e+03 4.6523508e-01 8.3438400e+05
 6.5321240e+03 1.9404697e+05 8.5066094e+04 7.9112625e-01 1.6783970e+05
 2.4894023e+03 6.4097788e+03 2.0495537e+01 3.1109125e+05 6.3731575e+05
 5.6117512e+05 1.6614192e+05 8.9156127e-01 9.1876620e-01 1.9538922e+06
 8.8828754e-01 4.0864629e+03 1.8762392e+05 3.3478150e+05 1.6266279e+03
 1.3564827e+03 7.8823030e-01 9.1964930e-01 5.1922919e+05 3.4465346e-01
 2.9078574e+03 8.9395809e-01 1.1688547e+03 4.7909072e+03 1.0792800e+04
 6.1954558e-01 7.1998543e-01 9.1606557e-01 7.8044009e-01 5.2629805e+04
 4.6815407e-01 1.6009202e+06 1.8716942e+05 2.6141853e+05 4.8409675e+05
 1.5014854e+06 3.2855859e+03 1.4230037e-01 2.8838732e+04 2.6747207e+03
 4.6323856e+05 9.2974824e-01 8.2677853e-01 5.4466962e+05 1.3424705e+04
 1.7185693e+04 7.2339990e+03 2.8620590e+04 5.5062594e+05 9.6743484e+04]",17.27359652519226,7.84879520662186
GradSymplecticNNgHMC,0.325,banana,0.025959514,"[0.9043821  0.9589791  0.68941045 0.4784596  0.8255609  0.89282084
 0.08027492 0.7399154  0.9722209  0.79689586 0.9711336  0.877854
 0.7087221  5.2849045  0.9554123  0.6040799  0.75613177 0.71511674
 0.11912708 0.77259207 0.710037   0.99656314 3.7717757  0.62670743
 0.8278637  0.9834082  0.8726975  0.8779094  0.90357894 0.24955523
 0.81964624 0.9250474  0.46084476 0.8350581  0.17079376 0.97775984
 0.8876783  0.51048774 0.9944943  0.82693756 0.8915352  0.98911273
 0.85589397 0.26092046 0.32352164 0.43175846 0.6817595  0.51525205
 0.91441554 0.66239923 0.27065873 0.6532133  0.9850726  0.74939823
 0.9215778  0.6908414  0.06872094 0.8958003  0.95141476 0.87716407
 0.74051464 0.83436984 0.9564928  0.06552054 0.5262785  0.8352072
 0.8057288  0.93521965 0.8879485  0.39431116 0.866909   0.91864556
 0.96079826 0.9725455  0.862206   0.7341828  0.72864217 0.9156641
 0.88532704 0.08601471 0.6962487  0.38480052 0.91109705 0.5836446
 0.7506484  0.80045193 0.9420943  0.18657815 0.7276192  0.97469616
 1.1854247  0.927253   0.82821465 0.8031534  0.9525263  0.90120405
 0.95011234 0.75537103 0.9154763  0.9057255 ]",74.22914218902588,1.3074025847318893
GradGSymplecticNNgHMC,0.325,banana,12222.492,"[9.25629735e-01 9.69457397e+02 2.58450244e+03 9.19390381e+02
 4.32432709e+02 1.23049102e+04 1.72148608e+03 5.69965312e+04
 5.86646423e+02 7.69047618e-01 1.22357750e+02 1.75499453e+04
 5.15017891e+04 3.27461211e+04 7.38724887e-01 3.41626709e+02
 1.88717575e+02 1.39172009e+03 3.18895430e+04 3.59566797e+03
 1.00007480e+04 9.96997356e-01 1.92450195e+04 1.19108295e+00
 4.94328111e-01 9.24103975e-01 7.79912472e-01 8.76464069e-01
 3.11094452e+02 5.01310825e-01 9.66212845e+00 7.30669677e-01
 9.02179331e-02 1.13392295e+04 1.62572839e+03 9.79199588e-01
 2.33641357e+01 4.51989594e+02 9.95255947e-01 5.72124720e-01
 6.80090547e+04 9.88817096e-01 6.04395752e+02 3.53168100e-01
 4.67226953e+04 4.94270020e+02 1.15100293e+04 5.38336621e+03
 7.64908969e-01 9.55050977e+03 1.99041672e+02 4.97933533e+02
 1.07107615e+00 1.74892285e+04 3.40199219e+04 3.17071152e+04
 9.53564746e+03 8.94937992e-01 9.29983020e-01 1.03845125e+05
 8.90144706e-01 3.72401672e+02 1.10879717e+04 1.80355371e+04
 1.77947632e+02 1.31631226e+02 7.92378187e-01 9.18067336e-01
 2.92784199e+04 3.83955181e-01 2.88532959e+02 8.97812724e-01
 1.22883179e+02 4.32461670e+02 8.22699890e+02 5.94856977e-01
 7.17156768e-01 9.14301038e-01 7.76315808e-01 3.11228394e+03
 4.52122152e-01 8.35192500e+04 1.09406172e+04 1.45850967e+04
 2.64125918e+04 8.11365547e+04 3.09776703e+02 1.65524840e-01
 1.99267065e+03 2.58396454e+02 2.47077383e+04 9.25388277e-01
 8.17018688e-01 3.02357012e+04 1.04658594e+03 1.30587915e+03
 6.10844360e+02 1.92825366e+03 3.04104023e+04 5.92686133e+03]",26.337438821792603,16.47108358139723
RevGSymplecticNNgHMC,0.325,banana,3.759523e-13,"[9.2682713e-01 9.7099698e-01 9.5382869e-01 3.6908722e-01 7.3880923e-01
 4.9097080e+00 3.4421468e-01 4.8363842e+01 9.8733473e-01 7.6421595e-01
 9.5721048e-01 1.0895618e+01 3.3518906e+01 6.2087240e+00 9.5092320e-01
 6.6131151e-01 6.2313163e-01 8.0004781e-01 1.3526634e+01 8.6480141e-01
 1.2339880e+00 9.9494547e-01 1.5031565e+00 4.5869240e-01 7.1351671e-01
 9.8243713e-01 8.2624769e-01 8.7087572e-01 8.1052017e-01 3.9370745e-02
 6.8230009e-01 8.9611787e-01 2.5176167e-01 2.3830781e+00 5.4121757e-01
 9.7942650e-01 9.4126290e-01 5.4088700e-01 9.9505347e-01 7.6153272e-01
 5.1498730e+01 9.8893631e-01 8.9541715e-01 2.8199863e-01 4.7535027e+01
 4.4404516e-01 7.2403235e+00 1.9348624e+00 8.9310187e-01 8.9432019e-01
 2.6172376e-01 6.1609578e-01 9.6100271e-01 5.9018698e+00 1.2624705e+01
 2.6669907e+01 6.9257259e-02 8.9643443e-01 9.4793165e-01 8.2721008e+01
 8.1482828e-01 9.0488452e-01 3.6020093e+00 4.4401817e+00 6.9583166e-01
 7.2643030e-01 7.7548599e-01 9.3597621e-01 2.1392971e+01 3.7159604e-01
 9.1118670e-01 8.8831896e-01 8.8057935e-01 9.6074742e-01 8.7604332e-01
 7.0380950e-01 7.0972508e-01 9.2644870e-01 8.4507859e-01 8.2337511e-01
 6.1068690e-01 5.7351891e+01 2.4446809e+00 3.4080310e+00 1.2852196e+01
 6.1879967e+01 8.8688457e-01 6.1801702e-02 8.9117587e-01 9.6897948e-01
 6.3457651e+00 9.2729211e-01 8.2705534e-01 1.6381447e+01 9.3905962e-01
 8.7945074e-01 9.6651495e-01 9.4338816e-01 2.1550472e+01 1.0810332e+00]",24.4736065864563,3.9417205229661154
RevGradGSymplecticNNgHMC,0.325,banana,5.3605805e-14,"[9.2622185e-01 9.7391796e-01 9.5428979e-01 3.3591628e-01 7.6471496e-01
 4.1618032e+00 4.0163964e-01 4.0725502e+01 9.8656356e-01 7.6305914e-01
 9.6180600e-01 9.3762045e+00 2.7340122e+01 4.1485558e+00 9.2005253e-01
 6.3293779e-01 6.5320468e-01 8.1469297e-01 1.0714159e+01 8.7151140e-01
 8.5687017e-01 9.9512166e-01 7.1434319e-01 4.8342416e-01 6.5847373e-01
 9.7509265e-01 8.1403542e-01 8.7087435e-01 8.2960224e-01 1.6609445e-01
 7.0137042e-01 8.5647649e-01 2.0257890e-01 1.8566892e+00 5.8158123e-01
 9.7942895e-01 9.3646419e-01 5.7702625e-01 9.9505329e-01 7.1874923e-01
 4.2484337e+01 9.8891944e-01 8.7719482e-01 2.6223630e-01 4.0603905e+01
 4.8456138e-01 6.4159384e+00 1.7957729e+00 8.6251897e-01 5.5640018e-01
 3.0617824e-01 6.4980137e-01 9.6570718e-01 4.7307949e+00 9.7360706e+00
 2.2795080e+01 2.7262396e-01 8.9647740e-01 9.4909018e-01 6.7416237e+01
 8.6518991e-01 8.9722311e-01 3.0100029e+00 3.3277588e+00 6.7576504e-01
 7.5145507e-01 7.7770567e-01 9.3311894e-01 1.8132816e+01 3.7987250e-01
 8.9871186e-01 8.8979328e-01 8.9420021e-01 9.6701473e-01 8.9247644e-01
 6.6868889e-01 7.0798224e-01 9.3123621e-01 8.2896662e-01 8.1444395e-01
 5.7071537e-01 4.6308571e+01 1.9318064e+00 2.6050270e+00 1.0499062e+01
 5.0394806e+01 9.0066832e-01 1.1514096e-02 8.9601535e-01 9.7481698e-01
 4.6880093e+00 9.2467844e-01 8.2059085e-01 1.3416876e+01 9.3194813e-01
 8.6202067e-01 9.6074837e-01 9.4867963e-01 1.8268303e+01 9.0640855e-01]",36.40461778640747,11.913431003223277
HMC,0.325,gaussian,3.242175e-15,"[0.92501545 0.9514739  0.92193437 0.930381   0.9284352  0.9476902
 0.9428822  0.9342985  0.9337019  0.9417402  0.93566775 0.92584294
 0.941749   0.9138376  0.94628453 0.94705266 0.93641156 0.95320797
 0.9329519  0.93604875 0.9375905  0.9237744  0.89629555 0.9263785
 0.90381044 0.95179933 0.9444287  0.94321585 0.9440648  0.9164168
 0.94267505 0.9331341  0.95521295 0.9373097  0.900493   0.9518856
 0.9314709  0.90654993 0.92288935 0.9464836  0.93455625 0.95067394
 0.9366331  0.94431305 0.9464604  0.95621395 0.9224195  0.945666
 0.9392378  0.9415414  0.9119885  0.9307782  0.9459771  0.9348097
 0.9574398  0.95295036 0.9529098  0.93691003 0.9479725  0.9577489
 0.9478382  0.9412548  0.9497818  0.95245886 0.9197709  0.93555284
 0.9361433  0.9370772  0.9435096  0.92557526 0.94750893 0.9449805
 0.9299474  0.9121474  0.94297236 0.9444356  0.93131745 0.9459784
 0.9212133  0.9200722  0.93575037 0.9383735  0.92896295 0.955034
 0.95517874 0.93736565 0.93225545 0.926136   0.9436804  0.93796843
 0.9160761  0.9488106  0.95618784 0.94655275 0.9492759  0.93643874
 0.9114269  0.9391374  0.9534911  0.9563359 ]",16.907794713974,2359.9613936004384
SymplecticNNgHMC,0.325,gaussian,9.16942e-05,"[0.9253933  0.9514313  0.92218256 0.93016565 0.92881465 0.9477739
 0.94318867 0.93443286 0.93370426 0.94177556 0.9355575  0.92598647
 0.94182205 0.91383666 0.94625586 0.9470023  0.93645996 0.95301056
 0.933079   0.93635404 0.9374776  0.92386997 0.8962328  0.9264354
 0.90426415 0.95158184 0.9444384  0.943196   0.9442594  0.9163911
 0.9424419  0.93309975 0.95506275 0.9374461  0.90045714 0.9517956
 0.93138665 0.90659684 0.9226309  0.9465122  0.9345155  0.95093155
 0.93667555 0.9441109  0.9465493  0.95623225 0.92216    0.9457059
 0.9391334  0.9412625  0.91190046 0.9309082  0.94618595 0.9350009
 0.95743203 0.9528136  0.9530443  0.9368126  0.94810146 0.9576838
 0.9477631  0.94125336 0.9498212  0.952683   0.91993874 0.93577766
 0.9364249  0.9373231  0.9434222  0.9257386  0.9476012  0.94510067
 0.92995423 0.9120512  0.9430275  0.9444246  0.9313903  0.9460151
 0.92114776 0.92040706 0.9357077  0.9385598  0.9291109  0.95484495
 0.9552857  0.93721336 0.9323406  0.9259417  0.94359183 0.9379336
 0.91580045 0.94885457 0.9562378  0.94638366 0.94914865 0.9362861
 0.9116453  0.9392122  0.95372164 0.9564332 ]",29.421004056930542,2382.4040320609297
GSymplecticNNgHMC,0.325,gaussian,0.00017626978,"[0.9247918  0.95148945 0.9217818  0.9301142  0.928126   0.9476485
 0.9426634  0.93438214 0.9335699  0.9416859  0.93562764 0.9256081
 0.9418785  0.91394365 0.9463412  0.94718266 0.9364359  0.95329875
 0.9328246  0.93596953 0.93772143 0.9237387  0.8960233  0.92627734
 0.9034014  0.9517845  0.9442622  0.94340056 0.9439453  0.91669583
 0.94286215 0.9334402  0.9553787  0.93716353 0.90074944 0.9520664
 0.93125474 0.9064376  0.9231834  0.9464814  0.9343635  0.950524
 0.93677247 0.94440615 0.94636    0.9562403  0.9222469  0.94556993
 0.9394746  0.9415142  0.9120703  0.9305272  0.94580114 0.93450683
 0.95746076 0.9530821  0.952872   0.93686783 0.94783664 0.9577447
 0.94776124 0.9411742  0.9497057  0.95248103 0.9197159  0.93551177
 0.9360501  0.93707144 0.9436984  0.9256854  0.94739455 0.94489515
 0.93001163 0.91250074 0.94286263 0.94428873 0.9312252  0.9460043
 0.92130584 0.9198526  0.93593687 0.938301   0.9290477  0.95515406
 0.9551072  0.9374539  0.93209016 0.92591286 0.9437079  0.9379624
 0.9161417  0.94886625 0.9562979  0.9465131  0.9493103  0.9365933
 0.91149324 0.9392395  0.95347375 0.9563133 ]",9.662951946258545,14.750179718876273
GradSymplecticNNgHMC,0.325,gaussian,2.2261538e-05,"[0.92556036 0.95162225 0.92259806 0.9316768  0.9288935  0.9481649
 0.94350064 0.93454015 0.933881   0.9421537  0.9362539  0.9259447
 0.94176304 0.9142925  0.94630593 0.9470099  0.9366643  0.95330334
 0.9331405  0.93625706 0.9376461  0.9242096  0.8961556  0.9268815
 0.9043242  0.9518714  0.94464767 0.9435909  0.9443277  0.9171595
 0.94287026 0.933294   0.95519626 0.93777657 0.9005076  0.95186853
 0.9317254  0.90682507 0.92316145 0.9471166  0.93478656 0.9510738
 0.93671656 0.9442886  0.9464814  0.9562439  0.9227373  0.94579935
 0.9392594  0.9416541  0.9121227  0.9312021  0.9461874  0.9355971
 0.9574702  0.952898   0.9529505  0.9374882  0.9481052  0.9577279
 0.9480648  0.94194543 0.9498333  0.95260394 0.91998315 0.93574417
 0.9365678  0.9371114  0.943475   0.9261359  0.9475783  0.9450593
 0.93020916 0.9123272  0.94299096 0.94448537 0.93133634 0.9464029
 0.9213246  0.9207553  0.93596685 0.9389671  0.9290103  0.9549985
 0.9552974  0.9378381  0.93280506 0.9262833  0.94377935 0.9381115
 0.9169179  0.9489626  0.95627487 0.9465177  0.94926393 0.9363923
 0.9115648  0.9392047  0.9536686  0.956437  ]",77.20913100242615,2320.7665289763295
GradGSymplecticNNgHMC,0.325,gaussian,2.5409454e-05,"[0.925358   0.9516891  0.9225192  0.9320287  0.9288143  0.948223
 0.94342726 0.93450904 0.9338914  0.9422514  0.93638086 0.92586744
 0.94176954 0.9146842  0.9462557  0.94703245 0.936687   0.95332575
 0.9331604  0.93621176 0.9376645  0.9242544  0.8963646  0.92695093
 0.9042108  0.9518913  0.9446618  0.94366693 0.9443326  0.9171788
 0.9429842  0.9333038  0.95521295 0.93772453 0.9008152  0.95189416
 0.93185365 0.90689075 0.92312336 0.9470892  0.9347776  0.951029
 0.93682957 0.94437456 0.94645184 0.95622814 0.9227044  0.9458169
 0.9392657  0.94175595 0.9122251  0.9312258  0.9461317  0.9355892
 0.95745057 0.952919   0.95292664 0.9374639  0.9481194  0.95773506
 0.9480848  0.9420599  0.9498228  0.9525628  0.9199619  0.93567914
 0.93655145 0.93710655 0.9434848  0.92626685 0.94750375 0.94501877
 0.9304328  0.9124548  0.9430482  0.9445736  0.9313539  0.946438
 0.9213165  0.92070365 0.93604916 0.9389641  0.929053   0.9550512
 0.9552635  0.9378576  0.9327636  0.9265269  0.94388884 0.9382178
 0.9172222  0.9489378  0.9562709  0.9465393  0.94933224 0.9364667
 0.9115318  0.9393054  0.95359325 0.95642316]",14.100611448287964,48.64278066615372
RevGSymplecticNNgHMC,0.325,gaussian,2.2321958e-14,"[0.92499894 0.95150554 0.92203826 0.9306507  0.9283941  0.9477687
 0.9429163  0.934283   0.93375844 0.9418287  0.9357556  0.9258303
 0.94176674 0.9140186  0.946315   0.9470705  0.93644893 0.9532962
 0.9328884  0.9359797  0.93765295 0.9238824  0.89633226 0.92651814
 0.90370893 0.9518733  0.94440144 0.9433243  0.94403696 0.91657966
 0.942819   0.9331788  0.9552785  0.9373471  0.90045613 0.95191926
 0.93149364 0.9065728  0.9231123  0.94667614 0.9346018  0.95067155
 0.9366405  0.94435596 0.9464361  0.9562216  0.9225429  0.94567794
 0.9392934  0.9416234  0.9119434  0.93074024 0.9459049  0.9348723
 0.9574539  0.9529848  0.95287716 0.93713415 0.947948   0.95776594
 0.9479183  0.9414135  0.9497471  0.9524503  0.91975856 0.9355127
 0.93616027 0.93702424 0.94356954 0.9257177  0.9474945  0.9449417
 0.93002594 0.91227996 0.94288844 0.9443768  0.93131185 0.946102
 0.92121196 0.9200554  0.9358387  0.93846834 0.92894256 0.9550954
 0.95515454 0.9375552  0.93227637 0.9261403  0.9437272  0.93797624
 0.91621256 0.948827   0.95621264 0.9465763  0.9492887  0.9365363
 0.9113492  0.939168   0.9534644  0.9563366 ]",13.965440511703491,2346.982835089125
RevGradGSymplecticNNgHMC,0.325,gaussian,2.5209132e-14,"[0.9253882  0.9516141  0.9225588  0.9319018  0.9287879  0.9481454
 0.9434017  0.9344713  0.9339483  0.9422002  0.936267   0.92591214
 0.94177306 0.9145138  0.9462897  0.94702005 0.93664163 0.9533517
 0.9331018  0.93617976 0.9376844  0.9241912  0.8962881  0.926924
 0.9042276  0.9519199  0.9446362  0.9435636  0.9442906  0.9171431
 0.9429693  0.93323153 0.95522547 0.93772864 0.90067065 0.95183265
 0.93180704 0.90684795 0.9231647  0.947102   0.9348151  0.9509892
 0.9367794  0.9443263  0.94647217 0.95623606 0.9227791  0.94581544
 0.9392101  0.94173646 0.9121704  0.9311471  0.9461117  0.93552494
 0.9574666  0.9528984  0.95290965 0.9375175  0.948071   0.9577338
 0.9481034  0.94199383 0.9498238  0.9525583  0.9198626  0.9356699
 0.9365368  0.93708014 0.9434468  0.9261788  0.947529   0.9450264
 0.93031615 0.91233224 0.9429938  0.9445193  0.9313253  0.94641817
 0.921275   0.9206516  0.93603766 0.9389612  0.92900527 0.955043
 0.95525527 0.9378494  0.93272495 0.92637634 0.9437866  0.93810743
 0.9169569  0.948909   0.95625365 0.9465407  0.94928193 0.9364287
 0.91153353 0.9392731  0.95359445 0.9563963 ]",21.79337430000305,2388.0458157775315
HMC,0.325,high_dimensional_gaussian,1.5856961e-15,"[0.9424369  0.9455217  0.9345267  0.9418707  0.9470227  0.94220227
 0.9297615  0.93546504 0.9279071  0.9268664  0.9432955  0.93751013
 0.94593656 0.93102187 0.9269854  0.9345414  0.9335198  0.9385556
 0.9359357  0.94407123 0.9329634  0.941164   0.94316405 0.9385984
 0.93121284 0.9357168  0.92379177 0.9265485  0.9402647  0.92959213
 0.93794036 0.9308929  0.9251493  0.93297863 0.9290346  0.94005436
 0.9466561  0.94163436 0.93624467 0.92568195 0.93496054 0.9270848
 0.9419389  0.93325925 0.9277773  0.9336462  0.930017   0.94961375
 0.9352869  0.93507355 0.9406166  0.936711   0.93621385 0.94339025
 0.94406676 0.9218583  0.9339447  0.9317381  0.9389102  0.9344139
 0.94053173 0.9449589  0.93333185 0.94203174 0.93005836 0.93840027
 0.93987244 0.9355681  0.9358949  0.94139767 0.93064135 0.9388775
 0.9428646  0.9371933  0.93692183 0.9356445  0.9419974  0.9449496
 0.94531155 0.9446685  0.94511735 0.9387026  0.94626254 0.9402527
 0.9423456  0.93948287 0.9409636  0.93458694 0.9326434  0.9385761
 0.9380783  0.93847483 0.9411637  0.9316504  0.92770004 0.94613004
 0.9373476  0.939079   0.9300262  0.9373441 ]",48.46758270263672,303.64125925194963
SymplecticNNgHMC,0.325,high_dimensional_gaussian,6.6885326e-07,"[0.9424342  0.94552255 0.93453157 0.9418689  0.9470242  0.9421944
 0.9297671  0.9354631  0.92790747 0.9268688  0.94328964 0.93751526
 0.94594336 0.9310192  0.92699623 0.9345398  0.9335183  0.9385602
 0.935944   0.9440721  0.9329772  0.9411644  0.9431745  0.9385977
 0.9312147  0.9357125  0.92377687 0.9265379  0.9402577  0.9295723
 0.93793666 0.9309112  0.92514646 0.9329843  0.9290523  0.9400622
 0.9466526  0.94163597 0.9362461  0.9256899  0.9349507  0.9270913
 0.94193953 0.93324375 0.92778605 0.93367183 0.9300377  0.94961613
 0.9352791  0.93506265 0.9406184  0.93671894 0.93622005 0.9433907
 0.94405234 0.9218628  0.9339323  0.93174505 0.9389018  0.93440807
 0.94053257 0.9449551  0.93331194 0.94202745 0.93006706 0.93840235
 0.9398675  0.93556184 0.9358883  0.9413921  0.93064356 0.93888396
 0.9428513  0.9371909  0.9369189  0.93563336 0.9419968  0.94496787
 0.9453084  0.9446618  0.9451074  0.9387115  0.9462577  0.9402422
 0.9423474  0.9394797  0.9409594  0.93458784 0.93264097 0.9385726
 0.9380841  0.93847054 0.9411661  0.93164384 0.9276985  0.9461293
 0.93735385 0.9390706  0.9300312  0.9373343 ]",83.07583832740784,332.7778550557425
GSymplecticNNgHMC,0.325,high_dimensional_gaussian,3.9057064e-05,"[0.94242096 0.94553125 0.9344821  0.9418928  0.94701564 0.9422054
 0.9297521  0.93544674 0.92789054 0.9268557  0.9433028  0.9375129
 0.9459359  0.9310111  0.92699474 0.9345314  0.93352306 0.9385438
 0.93594205 0.94404835 0.9329564  0.9411687  0.9431774  0.9386047
 0.9312245  0.93571186 0.9237664  0.92655647 0.9402663  0.9296002
 0.9379307  0.93090916 0.925173   0.9329692  0.9290689  0.9400489
 0.946665   0.9416274  0.93624413 0.9256716  0.9350122  0.92709816
 0.9419408  0.93325937 0.92777526 0.9336468  0.9300202  0.9496161
 0.93527454 0.9350564  0.94060415 0.9367212  0.9362043  0.94338787
 0.94405913 0.92185205 0.93394035 0.93176043 0.93888366 0.93442744
 0.94053984 0.9449599  0.9333619  0.9420414  0.93007296 0.938406
 0.9398533  0.9355767  0.93588877 0.94138163 0.9306428  0.93886983
 0.942863   0.9372077  0.93692195 0.9356605  0.94199485 0.94494957
 0.9453093  0.94468534 0.94511145 0.9386778  0.9462476  0.94024104
 0.9423439  0.9394829  0.9409605  0.93458843 0.93268156 0.93855524
 0.9380843  0.93850136 0.94115984 0.9316556  0.9276931  0.94613826
 0.9373271  0.9390944  0.9300202  0.9373635 ]",37.61531209945679,323.3165211574672
GradSymplecticNNgHMC,0.325,high_dimensional_gaussian,5.6053824e-07,"[0.9424399  0.94552296 0.93452215 0.94186866 0.9470267  0.9421984
 0.9297581  0.93546265 0.9278981  0.926867   0.94329846 0.93751967
 0.9459359  0.9310157  0.9269948  0.9345419  0.9335345  0.9385583
 0.93594575 0.9440729  0.9329704  0.941163   0.9431709  0.9386059
 0.9312216  0.9357177  0.9237932  0.9265404  0.94026226 0.92958534
 0.9379436  0.9309006  0.9251479  0.9329845  0.9290489  0.9400589
 0.94665074 0.94163406 0.9362442  0.925683   0.9349531  0.92708015
 0.94193906 0.93325806 0.9277855  0.9336574  0.9300351  0.94962037
 0.93528366 0.9350671  0.94061995 0.93671906 0.936219   0.94338274
 0.9440646  0.9218619  0.93394464 0.9317483  0.93891525 0.93441296
 0.94053596 0.944963   0.9333358  0.942034   0.9300569  0.93840283
 0.9398699  0.93557024 0.9358875  0.9413997  0.9306387  0.9388772
 0.94286555 0.9371966  0.93692225 0.93564737 0.9420001  0.944957
 0.94531226 0.9446691  0.9451175  0.9387045  0.94626206 0.940259
 0.9423441  0.9394831  0.94096535 0.9345944  0.9326471  0.9385786
 0.93807715 0.93847454 0.94116706 0.9316558  0.9277024  0.94613
 0.9373522  0.93908536 0.93002164 0.9373431 ]",174.82079458236694,330.38427665739493
GradGSymplecticNNgHMC,0.325,high_dimensional_gaussian,2.1228705e-05,"[0.942404   0.9455268  0.93452644 0.9418677  0.9470273  0.9422137
 0.9297575  0.9354663  0.9279164  0.9268912  0.94329786 0.9375129
 0.94593346 0.93100786 0.92698014 0.9345349  0.9335246  0.93855715
 0.9359205  0.9440815  0.93296444 0.9411583  0.94317544 0.9386085
 0.93120545 0.9357175  0.92378604 0.9265628  0.9402787  0.92958724
 0.93795    0.93090314 0.9251727  0.93297756 0.9290333  0.9400524
 0.9466561  0.9416353  0.9362466  0.9256958  0.9349791  0.92710817
 0.9419502  0.9332754  0.92778134 0.9336548  0.93003577 0.94961214
 0.93528146 0.93507516 0.9406249  0.9367113  0.93621486 0.9433815
 0.9440659  0.9218647  0.9339318  0.9317368  0.938904   0.9344281
 0.94053614 0.94495916 0.9333329  0.9420335  0.93008584 0.9383974
 0.9398498  0.93558663 0.9358816  0.9413768  0.9306504  0.938869
 0.94286126 0.9372053  0.93691623 0.9356555  0.9419982  0.9449479
 0.94530475 0.94467556 0.94511336 0.9386945  0.9462661  0.94024456
 0.94234943 0.9394869  0.940977   0.93458885 0.9326815  0.9385859
 0.9380812  0.9385059  0.94117904 0.93165445 0.9277183  0.94613236
 0.9373411  0.93910635 0.9300401  0.937358  ]",99.1059455871582,324.9026351723126
RevGSymplecticNNgHMC,0.325,high_dimensional_gaussian,5.840236e-15,"[0.942455   0.94552296 0.93452513 0.94186735 0.9470233  0.942203
 0.9297714  0.935456   0.9278993  0.9268524  0.94330305 0.9375248
 0.9459335  0.9310087  0.92699957 0.9345343  0.9335326  0.9385557
 0.93594813 0.94407725 0.93294597 0.9411591  0.9431626  0.938615
 0.9312291  0.93575305 0.9237918  0.926547   0.94025505 0.92958224
 0.9379462  0.9309039  0.9251701  0.9329774  0.92907333 0.940061
 0.94666404 0.94163084 0.9362414  0.9256832  0.9349625  0.92709386
 0.9419383  0.93325126 0.92779464 0.9336516  0.93002784 0.94961727
 0.9352762  0.9350591  0.9406208  0.9367311  0.9362081  0.9433845
 0.9440634  0.9218938  0.9339515  0.93177104 0.9389119  0.9344171
 0.940536   0.9449624  0.933345   0.94203705 0.93007845 0.93839264
 0.93987715 0.93556565 0.9358884  0.94139516 0.9306547  0.93886554
 0.9428923  0.9371978  0.936923   0.935668   0.941991   0.9449565
 0.9453132  0.9446721  0.94511855 0.9386878  0.9462576  0.9402547
 0.9423455  0.9394864  0.9409584  0.93460006 0.9326657  0.9385828
 0.93807745 0.93848056 0.94117785 0.9316644  0.9276943  0.9461237
 0.9373559  0.93909425 0.9300363  0.9373512 ]",56.69968819618225,331.72779827651124
RevGradGSymplecticNNgHMC,0.325,high_dimensional_gaussian,5.2029075e-15,"[0.9424541  0.9455218  0.93453    0.94186544 0.9470217  0.9421997
 0.92976636 0.9354639  0.92789906 0.9268636  0.94330347 0.9375299
 0.9459383  0.93102264 0.92700577 0.93454313 0.9335283  0.9385581
 0.9359529  0.94407624 0.9329664  0.9411677  0.9431593  0.93860716
 0.93122023 0.93573534 0.92377937 0.9265556  0.94026154 0.9295826
 0.9379525  0.9309208  0.92516583 0.93299115 0.92908716 0.940056
 0.94666284 0.9416387  0.9362407  0.92568225 0.93496674 0.92709243
 0.94193953 0.93325996 0.9278054  0.9336454  0.9300355  0.94961786
 0.9352875  0.9350623  0.9406185  0.9367217  0.93620986 0.94339085
 0.9440632  0.92189205 0.9339558  0.9317576  0.93891454 0.93441886
 0.94053954 0.94496477 0.93334293 0.9420395  0.93006754 0.9383979
 0.9398694  0.9355658  0.93589324 0.94140196 0.9306601  0.93887055
 0.9428846  0.9371977  0.93692416 0.93566656 0.94199646 0.9449603
 0.9453108  0.94466865 0.945122   0.9386913  0.9462592  0.9402559
 0.9423504  0.93948525 0.9409652  0.9346046  0.9326634  0.93858516
 0.93808264 0.93848085 0.94117683 0.93165344 0.9277015  0.94612825
 0.9373598  0.93908954 0.9300388  0.9373471 ]",185.8635151386261,329.8866281210518
HMC,0.325,normal_normal,1.0534282e-15,"[0.9289756  0.9495901  0.9488168  0.94132745 0.9250168  0.9518217
 0.90757775 0.94301987 0.954066   0.9237075  0.93585867 0.9352573
 0.9434456  0.8996636  0.9329779  0.92256486 0.94386554 0.8916278
 0.9391856  0.9428824  0.9450206  0.949732   0.9333066  0.9261252
 0.9003649  0.95283765 0.9405627  0.9515161  0.9217924  0.95160806
 0.9399992  0.9233532  0.9281744  0.95291996 0.92842996 0.92986584
 0.94233006 0.9495714  0.9350073  0.93820226 0.9488687  0.8816554
 0.8995447  0.8937499  0.94872737 0.9471319  0.9243276  0.9497032
 0.9368533  0.9167603  0.9138863  0.9326062  0.94075763 0.9489187
 0.93021    0.93808    0.9380681  0.93808126 0.93416184 0.9452481
 0.95202255 0.9447789  0.94552535 0.9475788  0.9445318  0.9505477
 0.9329361  0.93990266 0.94600093 0.9480003  0.9505514  0.9397024
 0.94528306 0.9400897  0.9344665  0.93699884 0.9437215  0.9508004
 0.9495617  0.9317446  0.9302529  0.9260788  0.94968224 0.9514815
 0.95072955 0.92416334 0.9508003  0.94915044 0.928935   0.95028913
 0.9491631  0.93648505 0.93957996 0.95164555 0.94896287 0.9420457
 0.947227   0.94882363 0.9501604  0.93933487]",77.11219048500061,408.63140323767874
SymplecticNNgHMC,0.325,normal_normal,0.0004962595,"[0.92699337 0.9501497  0.9481759  0.9393756  0.9215789  0.951091
 0.90777177 0.94155276 0.9541029  0.9243481  0.9292091  0.9338889
 0.9422447  0.8980043  0.9338431  0.9222741  0.94315976 0.85590744
 0.9361481  0.94104767 0.94400376 0.94949096 0.93340915 0.92676544
 0.89880407 0.95190525 0.9395002  0.9517652  0.916398   0.9514955
 0.93828005 0.9135579  0.92420834 0.95284796 0.9280236  0.93062913
 0.9424685  0.9490031  0.9354252  0.9379885  0.9490324  0.8819563
 0.90019464 0.8952362  0.9479894  0.94760776 0.9253513  0.9502098
 0.93683386 0.91623735 0.91676605 0.9321577  0.9392538  0.9483634
 0.9291711  0.9379728  0.9374258  0.93862045 0.93607235 0.94501054
 0.9514917  0.9454969  0.94522446 0.9482226  0.9442152  0.94966954
 0.932387   0.93996304 0.94617105 0.9484362  0.94980466 0.93326664
 0.9455277  0.939275   0.9284126  0.9375453  0.94123816 0.9500815
 0.94931924 0.92812955 0.9289284  0.9259817  0.9496361  0.95149386
 0.95027864 0.9228813  0.9496068  0.9489541  0.9256692  0.9505107
 0.9492669  0.9341488  0.93807954 0.95066255 0.9485123  0.9420297
 0.9474633  0.9478344  0.94992185 0.93357706]",77.70415759086609,164.26769104653044
GSymplecticNNgHMC,0.325,normal_normal,0.00013184566,"[0.9291556  0.9497606  0.94876444 0.94157636 0.9276273  0.95184803
 0.90782297 0.94262856 0.95403504 0.9237339  0.9356672  0.93530416
 0.94340646 0.8991782  0.932979   0.922534   0.943916   0.8997881
 0.939139   0.9428681  0.94499034 0.9497446  0.93382525 0.9261114
 0.8990957  0.95288014 0.9407357  0.9512824  0.9220815  0.95164585
 0.9401578  0.9238798  0.928707   0.9528999  0.9283368  0.92979467
 0.9422873  0.9496126  0.93508476 0.9383563  0.94863147 0.8822069
 0.89968586 0.8938731  0.94870985 0.9471342  0.9243401  0.94951147
 0.9368169  0.9170622  0.9135193  0.932704   0.9408145  0.9489082
 0.92998374 0.93799067 0.9379551  0.93802994 0.9345828  0.94527996
 0.9520407  0.9447727  0.9456412  0.94769454 0.9446367  0.9505612
 0.932908   0.9398543  0.94602203 0.9480507  0.95056236 0.9395692
 0.9454111  0.940063   0.9337796  0.93690336 0.94315356 0.9508447
 0.9494962  0.9321696  0.93061006 0.9260886  0.9496967  0.9514408
 0.9505886  0.9240813  0.9508815  0.94917667 0.92893445 0.95027924
 0.94929993 0.9376585  0.93960285 0.9516449  0.94866484 0.9420735
 0.94732445 0.9487467  0.9498965  0.9386089 ]",38.97813653945923,479.8707202051704
GradSymplecticNNgHMC,0.325,normal_normal,0.00021340772,"[0.92787933 0.95043963 0.9482803  0.9398875  0.9254689  0.9511639
 0.90762776 0.9431824  0.9541442  0.92439795 0.9301345  0.93430185
 0.94262516 0.8994278  0.9336029  0.9221668  0.94323176 0.8648154
 0.9363569  0.94167006 0.9442452  0.94939697 0.93122005 0.9269823
 0.89911765 0.95198    0.9400542  0.95197284 0.9177415  0.9515626
 0.9389962  0.91389    0.9255142  0.9528985  0.9279849  0.93045324
 0.9434949  0.94902533 0.9350922  0.9383623  0.9498724  0.881461
 0.8999271  0.8938713  0.9480524  0.94723886 0.92500234 0.95042896
 0.9368782  0.9156229  0.9163084  0.9314132  0.93949306 0.9483926
 0.9296807  0.9379064  0.9377813  0.9381     0.9361674  0.94492286
 0.9515538  0.9452159  0.9453348  0.9477657  0.94428825 0.9497528
 0.932495   0.93987024 0.94605273 0.947852   0.9499034  0.9352479
 0.9453494  0.9394905  0.9280367  0.93777096 0.9428248  0.95013446
 0.9491428  0.9276654  0.9293682  0.9261653  0.9496543  0.9515828
 0.9506476  0.9234537  0.94981074 0.9488737  0.9251     0.95048016
 0.9488083  0.9360064  0.9393274  0.9507546  0.9488256  0.9418926
 0.94758403 0.9483044  0.95026106 0.9358381 ]",111.75153017044067,60.726007467044425
GradGSymplecticNNgHMC,0.325,normal_normal,2.5836243e-05,"[0.92909575 0.94968176 0.9487624  0.94145715 0.9274458  0.9518266
 0.90758896 0.94288415 0.9540271  0.9236679  0.9360854  0.9354498
 0.9434341  0.89988375 0.93290746 0.92250824 0.9438836  0.9010324
 0.93917215 0.94291353 0.94497085 0.94969606 0.93353176 0.9262303
 0.89957285 0.9528968  0.940537   0.9513709  0.9221632  0.95159364
 0.940201   0.9233055  0.92831135 0.9529244  0.928395   0.92975557
 0.94239664 0.94970894 0.9350068  0.9383351  0.94874895 0.88206786
 0.8996789  0.894133   0.94870585 0.94713044 0.9242201  0.94965947
 0.93682563 0.9167776  0.9137876  0.93246335 0.94089335 0.948867
 0.9300567  0.9380383  0.93811435 0.9380044  0.9343952  0.94524086
 0.952086   0.9447918  0.94555235 0.9476328  0.9445464  0.95058656
 0.93295443 0.93987167 0.9460785  0.94805145 0.95053095 0.93984836
 0.94528383 0.94010496 0.9334246  0.93701124 0.94349205 0.950828
 0.9495517  0.93172204 0.93035173 0.9260933  0.94973505 0.95147216
 0.95066357 0.92416894 0.950884   0.9491522  0.92896956 0.9503237
 0.9492619  0.937566   0.9396844  0.9516777  0.94878596 0.94206655
 0.9472351  0.94877815 0.9500255  0.9391524 ]",51.834001779556274,428.9400462291404
RevGSymplecticNNgHMC,0.325,normal_normal,7.597746e-15,"[0.92909354 0.94971025 0.9487891  0.9413247  0.92769194 0.9518139
 0.9077283  0.9427148  0.9540385  0.9239323  0.9360088  0.93559
 0.94341564 0.8993416  0.9329557  0.92253464 0.9439261  0.9004342
 0.93921345 0.942842   0.94499683 0.94973725 0.9337138  0.9262141
 0.8992791  0.9528563  0.94063777 0.95134753 0.92211646 0.9515943
 0.94021404 0.9237856  0.9285488  0.9529299  0.9283918  0.92993325
 0.9422853  0.9496233  0.9350915  0.9382197  0.94869775 0.88226384
 0.89957017 0.8938364  0.9486542  0.9471607  0.9244957  0.94960546
 0.936886   0.9168018  0.913569   0.9325129  0.94092506 0.94891024
 0.93009853 0.9380383  0.9380314  0.9380865  0.9344734  0.94528556
 0.95204294 0.94479597 0.9455503  0.9476166  0.9445201  0.95053995
 0.9329051  0.9398906  0.9460539  0.9480462  0.95048296 0.93979084
 0.9453387  0.94006395 0.9338707  0.9369949  0.94330806 0.9507984
 0.94954693 0.93191814 0.93043506 0.9261458  0.9497258  0.95148706
 0.95065635 0.9239905  0.9508366  0.9491736  0.9290072  0.95031655
 0.9492711  0.9375304  0.93974483 0.9516489  0.94873494 0.94208777
 0.94727206 0.9487947  0.9499797  0.93885005]",50.569082736968994,443.7578223422737
RevGradGSymplecticNNgHMC,0.325,normal_normal,7.0198444e-15,"[0.9292512  0.94957036 0.9487609  0.94136256 0.9268856  0.9517937
 0.9077004  0.9428263  0.954039   0.9237757  0.9361032  0.9354267
 0.94348264 0.8996662  0.9329431  0.92248195 0.9438409  0.9003493
 0.9391534  0.94290036 0.9450404  0.94971716 0.93337786 0.92627805
 0.89981973 0.9528586  0.94057053 0.9514264  0.9222414  0.9515793
 0.94013345 0.9231702  0.92834413 0.95292604 0.928359   0.9298147
 0.9421787  0.9496546  0.9350519  0.9382557  0.94878876 0.88204277
 0.8993484  0.89381236 0.94865596 0.9471594  0.9243283  0.94974077
 0.9368503  0.91654885 0.9136497  0.9323947  0.9408369  0.9489044
 0.9302437  0.9379984  0.9381175  0.93804455 0.9342877  0.94528186
 0.95203704 0.9447894  0.94551706 0.9476387  0.9444889  0.9505436
 0.9329115  0.9398397  0.9460118  0.94808215 0.950467   0.9399368
 0.9452939  0.94010675 0.93374914 0.93698543 0.94360083 0.9507892
 0.94954777 0.9314925  0.9303163  0.9260901  0.94970596 0.95149183
 0.95072377 0.92413783 0.9508128  0.94916385 0.92892694 0.9503252
 0.9492399  0.93701553 0.9397297  0.95168537 0.948815   0.9420676
 0.9472456  0.94881725 0.9500968  0.9393306 ]",87.2467315196991,438.1902544320215
HMC,0.55,banana,1.8260948e-14,"[0.9218824  0.9885332  0.68104994 0.89091265 0.9147811  0.9333307
 0.8745748  0.7493285  0.98297095 0.9173891  0.95895755 0.9443184
 0.9765382  0.8302562  0.983124   0.8940634  0.97620887 0.92896354
 0.97462785 0.95498157 0.9529351  0.9900824  0.8523395  0.9751998
 0.965991   0.9585013  0.9492712  0.93052214 0.98462    0.9389318
 0.95183134 0.97341084 0.9374792  0.98535794 0.798438   0.977461
 0.9079323  0.93761367 0.97785854 0.96667016 0.968579   0.9606721
 0.9243285  0.700639   0.8268053  0.94553614 0.9108297  0.9224593
 0.9440651  0.96847767 0.8449547  0.9467772  0.8874903  0.9617642
 0.94280905 0.89095277 0.89655423 0.89194477 0.94817436 0.98571295
 0.95332855 0.9714166  0.95957726 0.9521226  0.92935836 0.96868026
 0.92953694 0.81906164 0.9384271  0.8959829  0.7579844  0.92241716
 0.97050655 0.9709136  0.98442525 0.90306854 0.9590434  0.96400344
 0.91756266 0.87772024 0.93767804 0.9393179  0.9757596  0.95039654
 0.948549   0.9595407  0.9247429  0.96760094 0.98145294 0.98766077
 0.959171   0.9039717  0.9422641  0.987151   0.95690846 0.8822311
 0.9187074  0.9633841  0.92800796 0.9015765 ]",22.64798617362976,1.4899863914922595
SymplecticNNgHMC,0.55,banana,0.060061466,"[0.92853993 0.9860138  0.6267791  0.29435256 0.912131   0.96256495
 0.03480718 0.83932894 0.9882065  0.74187255 0.63253546 0.51875865
 0.9640192  0.51610136 0.9294016  0.15291123 0.81037897 0.8756968
 0.98556983 0.85023034 0.92093885 0.9833688  0.32493028 0.9587833
 0.74172723 0.90333843 0.58503926 0.47645485 0.9598243  0.5706117
 0.8769797  0.9197124  0.6741513  0.98055667 0.10880256 0.93009794
 0.2820782  0.64680713 0.97234094 0.89733213 0.9298185  0.961693
 0.18146175 0.8440713  1.2164872  0.67174786 0.7974957  0.8324851
 0.75155365 0.88515234 0.80300534 0.7260618  0.77782935 0.9495551
 0.49033722 0.19466148 0.48864537 0.9467282  0.94974124 0.9645109
 0.6664723  0.94375885 0.9799902  0.69535744 0.35135663 0.9468147
 0.8684212  0.4226424  0.6242436  0.09176739 0.43760452 0.79465234
 0.92458487 0.96860933 0.9352705  0.706165   0.81288517 0.9761748
 0.5538773  0.6676485  0.6750948  0.8288294  0.97496843 0.7569727
 0.89903235 0.92359495 0.7269577  0.9671278  0.9608113  0.97679514
 0.8187515  0.7232527  0.71869063 0.9839782  0.85554993 0.9323413
 0.32427436 0.8687353  0.94882977 0.05393997]",47.893991231918335,6.669124616403995
GSymplecticNNgHMC,0.55,banana,0.08156656,"[0.9251     0.98360586 0.63411176 0.2738884  0.9071363  0.96227777
 0.07415654 0.8233201  0.98918056 0.8178996  0.66021353 0.58959603
 0.9545884  0.51282334 0.932774   0.08920062 0.76954126 0.8770255
 0.9801971  0.80173874 0.91515607 0.9779562  0.302585   0.95804906
 0.8468992  0.90892214 0.62206066 0.517485   0.95359755 0.5870479
 0.855356   0.924288   0.7719731  0.9766854  0.18681507 0.9511354
 0.417227   0.6201121  0.9660233  0.8898579  0.93067646 0.95653427
 0.21668434 0.84146225 1.056996   0.6583537  0.85261124 0.8756585
 0.7444639  0.8707137  0.7722685  0.74066037 0.7589264  0.94082296
 0.36735433 0.2140626  0.42695412 0.9476161  0.94415176 0.9593312
 0.6086744  0.9486217  0.9790706  0.69139814 0.3654097  0.95947325
 0.88606834 0.40484166 0.61514807 0.11926194 0.3902995  0.7964455
 0.92088115 0.9628932  0.9400179  0.71460605 0.84795207 0.97224706
 0.5466945  0.6895401  0.6709298  0.84221864 0.9717468  0.74550915
 0.88861793 0.91698664 0.7218015  0.96492755 0.95583    0.9725964
 0.80373114 0.7458985  0.72899854 0.98729175 0.8759936  0.9362811
 0.3914745  0.88506067 0.9545407  0.21852367]",17.7370502948761,9.551781433514135
GradSymplecticNNgHMC,0.55,banana,0.05083309,"[0.9303364  0.9850534  0.644199   0.30083025 0.91173744 0.9634838
 0.00624335 0.83025396 0.9874191  0.76324624 0.6492818  0.5428168
 0.96083486 0.47002813 0.9157979  0.1528484  0.78186816 0.85438913
 0.9868786  0.8338685  0.9268591  0.9849019  0.25576818 0.951478
 0.7550367  0.8915694  0.60553443 0.49968666 0.96609366 0.5894391
 0.85228413 0.89995086 0.70276606 0.9774637  0.11592697 0.93430185
 0.31904572 0.6056492  0.9712124  0.90238655 0.9378401  0.9563171
 0.1881135  0.8405382  1.2146493  0.61662465 0.81489587 0.8476871
 0.7196252  0.8613872  0.7756494  0.68225116 0.7938843  0.95019746
 0.42975146 0.21091127 0.44312748 0.9416305  0.94686985 0.96979773
 0.62043095 0.9524121  0.9807422  0.6476029  0.35326272 0.93968105
 0.8615896  0.44436806 0.6383412  0.02640625 0.41642627 0.7697027
 0.93140495 0.97154164 0.91899914 0.66533744 0.83238906 0.9787564
 0.5698419  0.62699383 0.69183946 0.8052167  0.97529477 0.72496974
 0.90946174 0.928162   0.7359667  0.97152627 0.9596185  0.9804985
 0.78691596 0.68437433 0.67278373 0.9820091  0.86830413 0.92844915
 0.34437943 0.8487992  0.95401955 0.08027858]",69.2766842842102,1.4467940844799463
GradGSymplecticNNgHMC,0.55,banana,0.014987767,"[0.9337096  0.94524956 0.3893044  0.53426653 0.8185259  0.69100523
 0.45223898 0.7223162  0.98655164 0.9027888  0.91791856 0.7968836
 0.7230296  0.32055938 0.80136794 0.5139743  0.05050072 0.27468634
 0.98528373 0.3396756  0.9129938  0.9836292  0.04251556 0.9073256
 0.85013914 0.7989006  0.8306793  0.79211366 0.9672897  0.8049337
 0.2938124  0.7309494  0.8872883  0.9021678  0.57268476 0.9602517
 0.66976154 0.35251868 0.86602354 0.9576246  0.8338574  0.8606817
 0.7519347  0.8413827  0.16634163 0.26600042 0.9001946  0.9536483
 0.21533363 0.3319973  0.5294859  0.47757503 0.8686392  0.63058305
 0.55784553 0.51831216 0.06388025 0.94683766 0.8797097  0.9867935
 0.08816193 0.9697301  0.9596998  0.24480586 0.8457977  0.9500408
 0.86977565 0.5731388  0.7497573  2.1357126  0.04812567 0.21744439
 0.70489883 0.97822523 0.8116023  0.20631185 0.9526512  0.97724986
 0.7651528  0.6029346  0.85002196 0.6400316  0.6138926  0.1808742
 0.9070977  0.9462051  0.8825083  0.98483133 0.31840336 0.9503536
 0.58074224 0.5009545  0.27282733 0.9835526  0.9716629  0.8946621
 0.83812225 0.8070506  0.9624256  0.78099275]",24.036147832870483,1.7704170950520384
RevGSymplecticNNgHMC,0.55,banana,3.0368595e-13,"[0.93888354 0.95652765 0.705636   0.5262009  0.85797775 0.86047935
 0.40432447 0.7336353  0.9845495  0.88323736 0.91216534 0.77257174
 0.86205506 0.4325765  0.8376725  0.42293614 0.4351849  0.5121465
 0.9773829  0.64379704 0.95103633 0.98117894 0.17641589 0.9282519
 0.7002028  0.82546616 0.8153548  0.77122056 0.9798459  0.79481494
 0.58365667 0.78293324 0.86249363 0.93632764 0.51764    0.913206
 0.6278023  0.50089043 0.92287827 0.9654271  0.9239599  0.9064784
 0.6881263  0.8412942  0.3152197  0.4310062  0.88923705 0.94174063
 0.41992578 0.59009546 0.7021457  0.540046   0.87895834 0.8455059
 0.02616734 0.49933255 0.23138583 0.9477279  0.9251175  0.991488
 0.38649964 0.9768416  0.9633502  0.41027534 0.81036985 0.9521319
 0.87840307 0.5871651  0.7563762  0.90241545 0.01316055 0.2356472
 0.885694   0.981476   0.84229296 0.1457366  0.9483255  0.95794195
 0.76078033 0.5991533  0.8491206  0.6734211  0.8307187  0.41190705
 0.9449502  0.9568776  0.8848332  0.98597693 0.71705455 0.9717344
 0.68844956 0.52487946 0.41158032 0.9876549  0.967046   0.8882555
 0.8054203  0.80016494 0.96342385 0.7013909 ]",25.182995080947876,8.01550539671073
RevGradGSymplecticNNgHMC,0.55,banana,1.314504e-14,"[0.936435   0.94343793 0.66055506 0.55114186 0.8328892  0.81483054
 0.4411258  0.7201452  0.9842922  0.8905419  0.9270376  0.7923169
 0.8175206  0.39202747 0.8087801  0.47509417 0.32382116 0.42696723
 0.9789456  0.5651051  0.9416949  0.98174375 0.12494026 0.91492385
 0.6911799  0.8005247  0.8354683  0.79690146 0.9735068  0.8165611
 0.4919672  0.7436546  0.87286794 0.91582024 0.54917973 0.9127955
 0.65138614 0.4478589  0.8963636  0.9680226  0.8949773  0.881969
 0.7300552  0.8409318  0.24235877 0.36020717 0.89197224 0.94887066
 0.33164752 0.50190187 0.65458864 0.49082577 0.88859844 0.7899631
 0.12304046 0.5311459  0.14145121 0.9464332  0.9092541  0.98964
 0.29389518 0.9729366  0.9550829  0.33200523 0.8398835  0.9489941
 0.87620974 0.606938   0.77077407 1.1645731  0.05871312 0.1153276
 0.8422637  0.97916555 0.81412214 0.02532448 0.9553242  0.9605066
 0.784301   0.5818164  0.8667137  0.6339015  0.7732631  0.31898165
 0.9338664  0.9567403  0.89871013 0.98444164 0.635656   0.9586391
 0.6439245  0.4807412  0.33397707 0.9873488  0.97356004 0.88016623
 0.8311169  0.78310776 0.9606659  0.7346846 ]",38.12862229347229,7.498115036342258
HMC,0.55,gaussian,7.339777e-15,"[0.89919496 0.9479865  0.9165447  0.8797363  0.9520232  0.9400147
 0.9393991  0.9424757  0.9440955  0.9204844  0.94322014 0.92594194
 0.95075643 0.92933387 0.93727195 0.9369186  0.9383571  0.9217982
 0.9492752  0.95578325 0.94300234 0.9201077  0.9518263  0.9285978
 0.93598986 0.9339423  0.9342984  0.9409069  0.9133816  0.9257986
 0.9412718  0.95118064 0.9604125  0.9106588  0.9076497  0.95501614
 0.92561924 0.9404191  0.9336631  0.93536794 0.93982935 0.9315752
 0.94970626 0.9535278  0.9581716  0.9579651  0.9500487  0.9424183
 0.92696774 0.93913484 0.9157034  0.93982667 0.95082587 0.9112875
 0.9255805  0.95822847 0.950029   0.943463   0.9549064  0.95416707
 0.92973316 0.9149703  0.93446004 0.95191157 0.9523729  0.92872924
 0.88721144 0.9541823  0.9452755  0.9273519  0.9515128  0.9498018
 0.93209857 0.93938917 0.95363545 0.94017524 0.9476012  0.94537485
 0.9244857  0.9238522  0.91189337 0.91989696 0.9369731  0.95049417
 0.9426743  0.9360387  0.91648114 0.9489195  0.9380652  0.9212953
 0.9348612  0.91755426 0.9467155  0.94542456 0.9425847  0.93884313
 0.9479135  0.95439357 0.9483309  0.9462552 ]",17.265604257583618,1963.2494166319627
SymplecticNNgHMC,0.55,gaussian,3.9372277e-05,"[0.8991186  0.9479737  0.9162742  0.8785924  0.9519285  0.9397279
 0.9391014  0.94243956 0.9439945  0.92062443 0.94299906 0.926126
 0.9508256  0.9293911  0.9370761  0.9369142  0.9382484  0.92181623
 0.9491943  0.9558233  0.9429378  0.91988724 0.95188653 0.9285044
 0.9357919  0.93399256 0.9342081  0.9408571  0.9132242  0.925959
 0.94135845 0.95125455 0.9604157  0.91049665 0.9077225  0.9549686
 0.92570055 0.9404704  0.93362755 0.935353   0.93991375 0.9313532
 0.9496392  0.9535822  0.9581461  0.95796984 0.95005006 0.94250286
 0.92710894 0.9392401  0.9157138  0.9395851  0.9507638  0.9108991
 0.9255866  0.9582433  0.9500716  0.9434921  0.95483494 0.95421356
 0.929871   0.91440046 0.93443793 0.9519469  0.9523842  0.92864585
 0.8871137  0.9541475  0.9452333  0.92757595 0.9514825  0.94986975
 0.9322273  0.9394295  0.95357895 0.9401232  0.9475845  0.94544905
 0.9245645  0.9237666  0.9117688  0.9196218  0.9369818  0.95056903
 0.9426732  0.9361677  0.916351   0.9489244  0.93810654 0.92105144
 0.9343421  0.9174382  0.94668424 0.94543576 0.9425885  0.9389717
 0.94790256 0.9544522  0.9483015  0.94623774]",26.446558475494385,1964.3652871026604
GSymplecticNNgHMC,0.55,gaussian,3.5777906e-05,"[0.89930487 0.9477986  0.9163102  0.87881124 0.9517388  0.939871
 0.9391583  0.9423883  0.94410723 0.9208187  0.94289464 0.9263932
 0.9508232  0.9296398  0.93701816 0.9367387  0.9384491  0.92211854
 0.94911253 0.95564526 0.9430752  0.9198215  0.95183563 0.9289994
 0.9357978  0.9341048  0.9343033  0.9406538  0.91289824 0.9260685
 0.9414573  0.9510739  0.9604521  0.9106526  0.90778446 0.95502186
 0.9259922  0.9406478  0.9339571  0.93570375 0.9400425  0.93135613
 0.9498358  0.9536163  0.95819247 0.9579667  0.95032233 0.9426872
 0.92689484 0.9394361  0.9157101  0.93940914 0.95064354 0.91121745
 0.9256511  0.958234   0.9499922  0.9437705  0.95487225 0.9542007
 0.9301628  0.9146205  0.9345125  0.9517815  0.9521545  0.9288678
 0.8869152  0.9541867  0.94534874 0.9277997  0.9515256  0.9497604
 0.93251705 0.9391095  0.95370805 0.9402885  0.9477639  0.94565773
 0.92435116 0.9234265  0.91193837 0.9197856  0.93698657 0.9506204
 0.9424514  0.936355   0.9164727  0.9486734  0.9379964  0.9208206
 0.9342968  0.91727465 0.9465925  0.9454422  0.9424698  0.93914485
 0.94787395 0.95455956 0.948166   0.9461152 ]",11.469931364059448,150.20126111352167
GradSymplecticNNgHMC,0.55,gaussian,3.2138858e-05,"[0.8995967  0.94822633 0.9173063  0.88088906 0.9525284  0.9404318
 0.9399067  0.9426645  0.9441775  0.9209317  0.9438376  0.92597246
 0.95079255 0.9300374  0.9372779  0.9371065  0.93853056 0.9218607
 0.9495348  0.9560132  0.9430566  0.9206018  0.95187855 0.9290304
 0.93638897 0.9340579  0.93442315 0.9413843  0.9138125  0.92655224
 0.9415107  0.95140254 0.96041197 0.9109311  0.9077532  0.9549928
 0.9257448  0.94059885 0.93396044 0.9359419  0.9400586  0.9318843
 0.9497484  0.95359004 0.958146   0.95796907 0.95034266 0.9425205
 0.9271413  0.9393519  0.9160301  0.94025487 0.950963   0.9119415
 0.92555606 0.95825744 0.95010346 0.9440311  0.9549662  0.9542012
 0.92984116 0.91549194 0.9344532  0.95207614 0.95270985 0.92880666
 0.8877439  0.9541693  0.9452485  0.92803687 0.9514825  0.9499457
 0.9324507  0.9397998  0.9535847  0.94013596 0.9475261  0.9456992
 0.9246599  0.9244968  0.91220665 0.92044675 0.93696344 0.9505436
 0.94279385 0.9365894  0.91689557 0.9492633  0.93827075 0.92147326
 0.93570936 0.917763   0.9468285  0.9454531  0.9427103  0.9388468
 0.94799995 0.95453775 0.9484906  0.9463693 ]",55.128347396850586,1973.548057966412
GradGSymplecticNNgHMC,0.55,gaussian,2.7549579e-05,"[0.8995081  0.94813555 0.91738    0.88113356 0.9524679  0.9406208
 0.940063   0.9427413  0.9442328  0.9210121  0.94386786 0.9260582
 0.9507909  0.9300191  0.93719435 0.93694514 0.9387387  0.92189443
 0.94953024 0.9559528  0.9431221  0.9206173  0.9518138  0.92909515
 0.9366081  0.93404055 0.93453616 0.94131935 0.91353524 0.92655104
 0.94150543 0.95131123 0.9604246  0.911205   0.90773743 0.95504856
 0.9258741  0.9405842  0.9339799  0.9358939  0.94006014 0.9319242
 0.9498348  0.9535663  0.9581584  0.9579669  0.95043457 0.9425931
 0.92712975 0.93942326 0.9160732  0.940263   0.95096064 0.9123783
 0.9256167  0.95823896 0.95003223 0.9439871  0.9550354  0.9541782
 0.9299442  0.915749   0.9344888  0.9519898  0.95260423 0.92897147
 0.8877287  0.9542121  0.94536436 0.9280421  0.9515032  0.9498513
 0.9325384  0.9397367  0.9536564  0.9402491  0.9476476  0.9457504
 0.92467546 0.92456335 0.9121162  0.92073965 0.9369699  0.950544
 0.94274396 0.93653476 0.9170334  0.9491269  0.93822765 0.9214488
 0.9358586  0.9176342  0.94676465 0.9454056  0.94260377 0.93887275
 0.9480332  0.9545514  0.94843006 0.94634837]",14.456648826599121,165.4963421613592
RevGSymplecticNNgHMC,0.55,gaussian,2.619451e-14,"[0.8992499  0.94804704 0.9166784  0.8799052  0.9521624  0.9401531
 0.93956065 0.94247836 0.9442431  0.9206623  0.9433745  0.92611045
 0.9507847  0.92959166 0.9373056  0.93695486 0.93844795 0.9217895
 0.94935834 0.9558312  0.9429965  0.92036366 0.9518709  0.9287392
 0.9361453  0.9340336  0.9342884  0.94102955 0.9135022  0.9260638
 0.9414279  0.9512172  0.9604051  0.91072387 0.9076663  0.9550047
 0.92579335 0.9404661  0.9336928  0.93552303 0.93995607 0.9316782
 0.94970435 0.95355177 0.95817536 0.9579439  0.9502019  0.9425206
 0.9269656  0.9392638  0.9156345  0.9399543  0.9508812  0.9114709
 0.9256171  0.9582448  0.95004547 0.9436302  0.9549305  0.9541845
 0.92980784 0.91510934 0.934497   0.9519491  0.9524624  0.92880106
 0.88734543 0.95417684 0.94524705 0.92765975 0.95151466 0.9498323
 0.93231314 0.9394798  0.9536246  0.9401559  0.9475907  0.9455082
 0.92447317 0.9239502  0.9118854  0.9200028  0.9369609  0.95053667
 0.9427375  0.93623084 0.91651696 0.94899625 0.9381299  0.9214236
 0.93513346 0.9176117  0.9467589  0.9454603  0.94261163 0.938874
 0.9479046  0.95446575 0.94836754 0.94628656]",15.586145162582397,2021.8112159384102
RevGradGSymplecticNNgHMC,0.55,gaussian,2.0693355e-14,"[0.8995413  0.94811845 0.9172776  0.8809422  0.95243144 0.9404382
 0.93993634 0.9426748  0.94434065 0.92094827 0.9438002  0.92597455
 0.9507922  0.9300424  0.9373324  0.9369969  0.93852377 0.92189693
 0.9494907  0.95594615 0.9431069  0.92061555 0.95185804 0.9290675
 0.93645686 0.9340924  0.9344572  0.94126785 0.9136504  0.9266378
 0.94159716 0.9513258  0.9604446  0.9110455  0.9078177  0.9549974
 0.9258274  0.94062155 0.9340075  0.9359333  0.94008887 0.9318549
 0.949862   0.95358723 0.9581752  0.9579872  0.9504744  0.9425649
 0.927031   0.9393878  0.91602373 0.94023055 0.9509356  0.91194266
 0.92563045 0.9582528  0.9500432  0.94404924 0.954961   0.95417666
 0.9298743  0.9155628  0.93446106 0.9519888  0.95261574 0.92882013
 0.8876219  0.9541825  0.94529504 0.92802066 0.9514889  0.9498776
 0.93250436 0.93965745 0.953592   0.9402046  0.9475454  0.94575804
 0.9246375  0.9244461  0.91213214 0.9204135  0.93696594 0.9505429
 0.9427465  0.93658257 0.9168842  0.9491407  0.9381711  0.92150545
 0.93579817 0.9176731  0.9467675  0.9454268  0.9426335  0.9388269
 0.9480011  0.954568   0.94844973 0.9463231 ]",21.973419666290283,2032.579811518264
HMC,0.55,high_dimensional_gaussian,1.5061817e-15,"[0.9269435  0.9395703  0.92946714 0.9372689  0.92944527 0.942546
 0.94132847 0.9470472  0.9328445  0.94286937 0.94123507 0.93323755
 0.9372849  0.9407844  0.94664514 0.94187707 0.941506   0.93603295
 0.9412839  0.9451114  0.9456519  0.9363065  0.95026815 0.93583935
 0.94160354 0.94116133 0.934148   0.92931986 0.91938746 0.92798936
 0.9356863  0.9418838  0.9396562  0.93965    0.9456562  0.9367589
 0.9365748  0.9445542  0.9443412  0.9398073  0.94599503 0.93900955
 0.9416466  0.92968434 0.9313803  0.9415461  0.9347615  0.9330487
 0.93303317 0.9377877  0.9420228  0.9384548  0.9360781  0.939981
 0.9339148  0.93836105 0.93598485 0.93197197 0.929901   0.94271106
 0.93381995 0.9305111  0.9339824  0.93752855 0.9346843  0.9330961
 0.93492216 0.9442694  0.9305142  0.9298786  0.9256503  0.942692
 0.9380592  0.93775386 0.9349774  0.93527925 0.93302107 0.9366311
 0.9376701  0.9358186  0.9263854  0.9415056  0.9371581  0.9407725
 0.9422695  0.9341259  0.9325403  0.93472594 0.9332182  0.93836683
 0.9393729  0.9407685  0.924171   0.9400445  0.9254044  0.93659925
 0.93967485 0.94146824 0.92768115 0.9229678 ]",48.535452127456665,264.28861908260654
SymplecticNNgHMC,0.55,high_dimensional_gaussian,6.427428e-06,"[0.9269513  0.939562   0.92948526 0.9372734  0.92945266 0.9425487
 0.941329   0.94704217 0.9328508  0.9428592  0.9412343  0.933243
 0.9372928  0.9407797  0.9466461  0.9418634  0.9415188  0.9360258
 0.94128644 0.94510794 0.94564915 0.9363062  0.9502655  0.93582904
 0.9415924  0.9411657  0.9341346  0.92932093 0.9193915  0.92798805
 0.9356963  0.94188714 0.9396524  0.9396454  0.9456543  0.9367601
 0.9365682  0.94454765 0.9443404  0.9398162  0.9459939  0.9390132
 0.94163626 0.92967606 0.93138695 0.9415424  0.93475455 0.9330487
 0.9330353  0.9377796  0.94202805 0.93845844 0.9360773  0.9399755
 0.9339065  0.93836117 0.935984   0.9319695  0.9299164  0.9427039
 0.9338268  0.9305028  0.93396807 0.93753314 0.93466604 0.933093
 0.9349193  0.94426244 0.93050873 0.9298818  0.9256606  0.94268674
 0.9380578  0.9377445  0.9349654  0.93528    0.933017   0.93665016
 0.93767524 0.9358239  0.9263736  0.9414971  0.93715686 0.940773
 0.9422687  0.93412733 0.9325336  0.93472564 0.93321055 0.9383492
 0.9393821  0.94076604 0.9241707  0.94003534 0.9253963  0.9365892
 0.9396814  0.94146025 0.9276738  0.9229445 ]",96.36631560325623,285.4764348308205
GSymplecticNNgHMC,0.55,high_dimensional_gaussian,3.0261283e-05,"[0.92695117 0.93958515 0.929475   0.937267   0.9294545  0.94255084
 0.9413408  0.9470386  0.93283486 0.94288576 0.9412281  0.93322885
 0.93729085 0.94078434 0.9466591  0.94188917 0.9415263  0.93602145
 0.9412801  0.945106   0.94564307 0.93632096 0.9502801  0.9358536
 0.9416     0.9411547  0.9341731  0.9293213  0.9193492  0.9280127
 0.9356951  0.94186914 0.9396391  0.9396672  0.94566965 0.9367689
 0.9366083  0.94455546 0.9443468  0.9398097  0.94599617 0.939013
 0.9416466  0.92968196 0.9314029  0.9415509  0.93478316 0.9330497
 0.9330139  0.93778276 0.9420198  0.9384462  0.9360704  0.940006
 0.93393624 0.9383656  0.935974   0.93199766 0.9299214  0.94272506
 0.9338125  0.9305482  0.9339692  0.9375238  0.93468493 0.93308663
 0.93492335 0.9442806  0.9305171  0.92987967 0.92567277 0.94269294
 0.93806475 0.9377739  0.9349909  0.93529606 0.9330288  0.9366417
 0.9376781  0.9358198  0.92639875 0.9415118  0.93715    0.9407732
 0.9422579  0.93413734 0.93259895 0.9347491  0.9332228  0.938379
 0.93938637 0.94077826 0.9241227  0.94004    0.9254644  0.9365942
 0.93972826 0.9414775  0.92770576 0.9229828 ]",45.29540777206421,269.9412168115061
GradSymplecticNNgHMC,0.55,high_dimensional_gaussian,2.2570296e-07,"[0.92695206 0.9395749  0.9294801  0.9372767  0.9294483  0.94254553
 0.94132936 0.9470491  0.93285006 0.94286984 0.94123834 0.93324864
 0.93728846 0.94078255 0.94664896 0.9418812  0.9415104  0.9360332
 0.94129074 0.9451098  0.9456544  0.9363103  0.9502687  0.93584204
 0.9416121  0.9411702  0.9341525  0.92931306 0.9193842  0.92798376
 0.9356844  0.9418847  0.9396565  0.93964374 0.9456606  0.9367606
 0.93657494 0.94455385 0.9443424  0.9398097  0.94599617 0.9390186
 0.9416468  0.9296844  0.93138456 0.94155043 0.9347646  0.9330528
 0.93302715 0.93778676 0.94202393 0.9384596  0.9360768  0.9399799
 0.93391955 0.938364   0.935984   0.9319743  0.92990774 0.94270915
 0.93382233 0.93051636 0.9339797  0.93752956 0.93467855 0.9330946
 0.93492174 0.94427127 0.9305169  0.9298835  0.9256557  0.942695
 0.9380617  0.93775487 0.9349773  0.9352865  0.93302464 0.9366362
 0.9376756  0.93581796 0.92638767 0.94150865 0.9371604  0.9407754
 0.9422723  0.93412924 0.9325413  0.93473065 0.9332185  0.93836534
 0.9393741  0.9407715  0.9241699  0.94004965 0.92540777 0.9365963
 0.93968534 0.9414706  0.92768925 0.9229695 ]",266.6021177768707,273.1759822531753
GradGSymplecticNNgHMC,0.55,high_dimensional_gaussian,1.2779741e-05,"[0.92693746 0.9395704  0.92948854 0.93726444 0.9294611  0.9425454
 0.94132626 0.9470393  0.93285435 0.9428711  0.9412445  0.9332487
 0.9372904  0.940781   0.94665015 0.94187725 0.9415094  0.93602866
 0.9412737  0.9451132  0.9456484  0.93631446 0.9502721  0.93584514
 0.9416088  0.94116133 0.9341806  0.92932427 0.9193839  0.9280054
 0.93568027 0.9418888  0.9396639  0.939641   0.94566154 0.9367561
 0.93658257 0.944558   0.94433975 0.9398071  0.94599074 0.9390165
 0.9416587  0.92968315 0.9313741  0.9415448  0.93477666 0.93306893
 0.9330257  0.93778485 0.9420139  0.9384627  0.9360726  0.9399861
 0.9339258  0.9383561  0.9359872  0.93198097 0.929907   0.94271386
 0.9338106  0.9305316  0.93398726 0.9375221  0.93468475 0.93308663
 0.93492526 0.9442668  0.93051517 0.92988193 0.9256774  0.9427024
 0.9380655  0.937772   0.93496895 0.9352869  0.9330336  0.93662155
 0.9376745  0.93580556 0.92640114 0.94151664 0.9371593  0.9407686
 0.94225585 0.9341404  0.93254447 0.9347322  0.93320644 0.9383788
 0.93937653 0.9407818  0.92417973 0.94005513 0.9254279  0.9366063
 0.93969953 0.9414763  0.9276955  0.92297906]",158.27229809761047,274.26282537368473
RevGSymplecticNNgHMC,0.55,high_dimensional_gaussian,5.6315413e-15,"[0.92697614 0.9395838  0.9294831  0.937277   0.9294456  0.9425404
 0.9413576  0.9470594  0.93286127 0.942867   0.9412528  0.93328685
 0.9372923  0.9407841  0.9466671  0.94190013 0.94152826 0.93605745
 0.94131184 0.94510144 0.9456645  0.9363332  0.9502717  0.9358589
 0.94163394 0.94118613 0.9341812  0.9293088  0.9194021  0.928007
 0.9356589  0.9419173  0.9396547  0.9396376  0.94566464 0.9367544
 0.9365856  0.9445564  0.94434375 0.9397937  0.9459963  0.93903154
 0.9416566  0.92969024 0.9313911  0.94155014 0.93479097 0.93310136
 0.9330338  0.9377806  0.94202435 0.93846273 0.9360668  0.939979
 0.93391246 0.9383719  0.9359753  0.9319884  0.9299118  0.9427117
 0.93381834 0.93052423 0.93400335 0.9375264  0.9346863  0.9330918
 0.9349278  0.9442603  0.93052816 0.92988986 0.925645   0.94270754
 0.93808484 0.9377773  0.93498755 0.9353167  0.93303156 0.9366443
 0.9376826  0.93581885 0.9263927  0.9415209  0.93716884 0.9407773
 0.9422683  0.93412757 0.9325447  0.9347598  0.93322945 0.9383745
 0.93939155 0.9407855  0.92420197 0.9400878  0.92543447 0.93659985
 0.9397158  0.941501   0.92770404 0.9229819 ]",62.72814989089966,275.7757641761517
RevGradGSymplecticNNgHMC,0.55,high_dimensional_gaussian,5.1152925e-15,"[0.9269657  0.93957937 0.92946994 0.9372748  0.92944324 0.9425404
 0.9413411  0.9470525  0.93286264 0.94286966 0.9412462  0.9332599
 0.9372902  0.94078827 0.9466579  0.94188184 0.94151056 0.9360444
 0.941302   0.94510925 0.9456562  0.93631744 0.9502694  0.9358504
 0.9416156  0.94117296 0.9341695  0.92931414 0.91939545 0.928002
 0.93568075 0.94189453 0.9396528  0.93965185 0.9456605  0.9367533
 0.9365859  0.9445554  0.94434106 0.9397973  0.9459964  0.9390158
 0.94164705 0.92967165 0.93139356 0.94154894 0.9347805  0.93306386
 0.9330398  0.9377915  0.9420233  0.9384596  0.9360738  0.9399804
 0.933915   0.9383699  0.9359824  0.9319853  0.9299218  0.94270945
 0.9338136  0.930521   0.93399227 0.9375326  0.9346868  0.9330963
 0.9349278  0.9442641  0.93052787 0.929883   0.92564917 0.94269866
 0.9380676  0.93776166 0.93497884 0.93529737 0.9330291  0.9366452
 0.9376745  0.9358236  0.92639136 0.9415142  0.9371712  0.94077754
 0.94226617 0.93412656 0.93253917 0.9347455  0.9332232  0.93837327
 0.9393797  0.9407756  0.9242     0.94005936 0.9254304  0.9366002
 0.93969434 0.9414782  0.9276945  0.9229747 ]",282.4268112182617,286.40569406274244
HMC,0.55,normal_normal,1.9841073e-15,"[0.90244555 0.9292531  0.9237571  0.9353475  0.9381291  0.94597787
 0.9476813  0.9276034  0.9504149  0.94606084 0.9518215  0.9198388
 0.9469948  0.9243597  0.95136803 0.9452593  0.94463587 0.9356288
 0.922959   0.9348998  0.94655055 0.94360626 0.9425477  0.9442574
 0.94571465 0.95190704 0.9498911  0.95105314 0.93184566 0.93844163
 0.9190096  0.9400915  0.93431777 0.9502995  0.9292061  0.93899983
 0.93488705 0.91937035 0.9482216  0.9346551  0.94827837 0.9101403
 0.95028085 0.93217516 0.9160878  0.9270474  0.94846344 0.9284638
 0.9350939  0.9529675  0.9345204  0.9443215  0.9325397  0.95441836
 0.9478833  0.9359884  0.9288101  0.913407   0.94174993 0.95168227
 0.9508864  0.9381652  0.9312271  0.9458353  0.9153942  0.935616
 0.9413819  0.9523925  0.9387107  0.9171211  0.94878596 0.94004095
 0.94191456 0.9353614  0.9326867  0.91982794 0.94395685 0.94831216
 0.9515853  0.93780583 0.9529691  0.9447011  0.9536678  0.9332799
 0.9440079  0.9402555  0.9258475  0.94059485 0.9479434  0.95402586
 0.92493284 0.9223353  0.92275333 0.94852847 0.9349346  0.89521444
 0.9369627  0.9495961  0.94966024 0.92259204]",76.6509518623352,433.06511169906923
SymplecticNNgHMC,0.55,normal_normal,0.0005952791,"[0.9053768  0.9296764  0.92365426 0.93410635 0.9392437  0.9454538
 0.94731253 0.9066269  0.9502818  0.94634235 0.95240515 0.92065275
 0.9458833  0.92343533 0.9509506  0.94469327 0.9442123  0.9348642
 0.91846365 0.9343393  0.9460021  0.94339526 0.94344777 0.94354796
 0.94450444 0.95138264 0.94983673 0.95158565 0.9318053  0.9381839
 0.9148218  0.93771094 0.9343662  0.950401   0.9300062  0.934391
 0.9259135  0.92196864 0.94822896 0.9354143  0.94902384 0.91212463
 0.9497814  0.9329033  0.91619813 0.91645116 0.9491528  0.92636055
 0.9343133  0.95358133 0.93513036 0.9442522  0.9325228  0.9540459
 0.94737613 0.9363345  0.9300679  0.91168374 0.9408245  0.951693
 0.9503435  0.9361565  0.9309796  0.94632405 0.9151933  0.9355149
 0.94085664 0.9521989  0.9387054  0.91653633 0.94846314 0.9380443
 0.93828005 0.93456143 0.93296003 0.9031509  0.9447316  0.94762343
 0.9509667  0.9384665  0.9527521  0.9450647  0.9536284  0.93327284
 0.94421184 0.9395442  0.9269549  0.9388689  0.94774026 0.9543266
 0.9218947  0.91721505 0.92327565 0.94821775 0.93565464 0.89533246
 0.93781996 0.9489538  0.95027435 0.9118101 ]",76.23377537727356,108.34932388304043
GSymplecticNNgHMC,0.55,normal_normal,8.9131194e-05,"[0.902735   0.9292388  0.92369574 0.9354353  0.9377122  0.94600886
 0.94758576 0.9269966  0.95046014 0.94601    0.9518008  0.9197464
 0.9470378  0.9239931  0.9513328  0.9452578  0.94456786 0.9348743
 0.9234232  0.93494606 0.94654036 0.94353265 0.94240636 0.94422317
 0.94586325 0.9519477  0.949901   0.95099723 0.93196726 0.9385924
 0.9229126  0.9402695  0.9345991  0.9503654  0.9291303  0.9386991
 0.9349234  0.9192314  0.9482138  0.9345168  0.94820374 0.90998167
 0.9502525  0.931839   0.9161148  0.9271656  0.9483503  0.92884606
 0.9352715  0.95296854 0.93430245 0.94439477 0.9324545  0.9543996
 0.9478034  0.9359541  0.9287733  0.9135685  0.9416344  0.95167243
 0.95084494 0.9385146  0.93113124 0.9458232  0.9152268  0.93550676
 0.94135404 0.95237243 0.9387362  0.917066   0.9487631  0.94014823
 0.9423313  0.9353174  0.93268245 0.9205059  0.9439065  0.9482915
 0.9515587  0.9376333  0.9529445  0.9446486  0.9536736  0.9332282
 0.94401616 0.94028825 0.92596716 0.9407699  0.9478657  0.95402473
 0.9251207  0.92293787 0.9228527  0.94854367 0.9349281  0.8951875
 0.93695515 0.94970894 0.94963455 0.9233172 ]",47.75330471992493,462.2130443668529
GradSymplecticNNgHMC,0.55,normal_normal,0.00025528515,"[0.90584016 0.92942446 0.92372626 0.9345338  0.93971837 0.94542074
 0.94734967 0.9089617  0.95032763 0.9464773  0.9526086  0.92040205
 0.9460248  0.9238612  0.95090735 0.9445491  0.94415927 0.9368502
 0.9183571  0.9344882  0.94610894 0.9432473  0.9426211  0.9434962
 0.9445393  0.95128906 0.9498223  0.95178765 0.9319253  0.93842715
 0.9154738  0.9380085  0.93418235 0.9503716  0.92968553 0.93566537
 0.92680717 0.92147684 0.9482629  0.9355645  0.94912785 0.9115867
 0.94978416 0.9332654  0.9166206  0.91602206 0.94932026 0.92658174
 0.93463916 0.95361376 0.9346954  0.94429386 0.93233556 0.9539807
 0.94713914 0.93632364 0.92984366 0.910923   0.9405482  0.951733
 0.9501814  0.9372632  0.9308938  0.94600177 0.9150491  0.93539095
 0.9406685  0.95218575 0.9386157  0.9164386  0.9485121  0.93862504
 0.93899953 0.9346747  0.93259424 0.9048686  0.9446399  0.94766015
 0.9510004  0.93801653 0.9527294  0.9448085  0.9536499  0.93301916
 0.94408625 0.93969905 0.9270596  0.93892574 0.94758576 0.95442903
 0.9210514  0.918707   0.9231949  0.94826835 0.9354674  0.89496183
 0.9376773  0.94938946 0.95056665 0.9131994 ]",117.20183658599854,105.45057511026751
GradGSymplecticNNgHMC,0.55,normal_normal,1.3728541e-05,"[0.9026417  0.9292344  0.92371845 0.93543005 0.9381205  0.94593763
 0.9475608  0.92798114 0.9504198  0.9460658  0.9518169  0.9196217
 0.94705045 0.9243147  0.95137405 0.9452219  0.9446158  0.9357519
 0.9232831  0.93508327 0.9465849  0.94357526 0.9425609  0.9443721
 0.94580317 0.9519373  0.94985425 0.95101273 0.9318098  0.9384572
 0.922172   0.9401568  0.93422294 0.9503152  0.92921245 0.93897104
 0.935317   0.91944206 0.9482247  0.9345952  0.9482577  0.9098849
 0.9502406  0.93197334 0.91612214 0.9269335  0.94841385 0.9286742
 0.93515724 0.9529996  0.9345891  0.9444205  0.9325118  0.95442766
 0.9479501  0.93602204 0.9290227  0.9135475  0.94166875 0.9516288
 0.9509432  0.9384658  0.93122196 0.9458265  0.91535115 0.9357048
 0.9413187  0.95236254 0.93876934 0.91714144 0.94873905 0.94011134
 0.9422578  0.93539    0.9326548  0.91997385 0.9438871  0.9483297
 0.9515854  0.9377693  0.9529346  0.94462883 0.9536443  0.9332368
 0.943944   0.9404546  0.9261198  0.9407635  0.9479453  0.9540067
 0.9250741  0.92274    0.9227381  0.9485437  0.9349499  0.8951721
 0.9370119  0.949639   0.9496709  0.92331016]",65.11988353729248,479.7933526070826
RevGSymplecticNNgHMC,0.55,normal_normal,8.488314e-15,"[0.9028292  0.9291455  0.9237113  0.93546265 0.93832487 0.9460267
 0.9474227  0.9267076  0.9504179  0.94601977 0.9517312  0.9196389
 0.9470563  0.92411274 0.95135707 0.94520867 0.94460595 0.9359101
 0.9235789  0.9349143  0.9465995  0.943565   0.94248784 0.94422626
 0.9457114  0.95194685 0.9499048  0.95090437 0.93185204 0.93849885
 0.9225053  0.94024295 0.934297   0.95028067 0.92903996 0.93868417
 0.9346916  0.9192929  0.94821656 0.9345533  0.94824815 0.9099332
 0.95029753 0.9317713  0.91625404 0.92682946 0.94828653 0.9287593
 0.9352552  0.95298755 0.9343659  0.9444114  0.93249846 0.9544177
 0.9478056  0.9359493  0.9288156  0.91377497 0.9416361  0.9515971
 0.95084167 0.93851066 0.9312781  0.945759   0.915408   0.93553776
 0.94143736 0.95238173 0.93865937 0.9170529  0.94874924 0.94016814
 0.94225454 0.9354795  0.93255055 0.9205963  0.94392395 0.94834393
 0.95161426 0.93783164 0.9529664  0.9447111  0.9536351  0.93317556
 0.9440748  0.94032717 0.9260887  0.9406737  0.9479217  0.9539897
 0.92515934 0.9231385  0.92269456 0.94857144 0.93486375 0.89512175
 0.9368824  0.9497099  0.9495454  0.9233839 ]",60.517666816711426,489.0904006250511
RevGradGSymplecticNNgHMC,0.55,normal_normal,6.070682e-15,"[0.9024676  0.92923707 0.9237115  0.9355643  0.93822116 0.9459526
 0.94759274 0.92827773 0.95039195 0.9461063  0.95184916 0.91972077
 0.94710225 0.92441314 0.95139015 0.94518656 0.94464266 0.9359646
 0.92313397 0.93506646 0.946648   0.9435911  0.9425561  0.94437003
 0.9457404  0.9519312  0.94984806 0.95105267 0.93180776 0.9383639
 0.9214634  0.94014347 0.934225   0.95027417 0.92914295 0.9390475
 0.93540734 0.91937447 0.9482166  0.93470544 0.94826543 0.90988415
 0.95024717 0.9321942  0.9159445  0.92698324 0.9484824  0.92864513
 0.93508875 0.9530033  0.93462646 0.94436854 0.9325086  0.9544252
 0.9479604  0.936057   0.92895913 0.9132771  0.9417736  0.95162666
 0.95095396 0.9383375  0.9312129  0.945814   0.9152956  0.93570495
 0.9412935  0.95237464 0.93871945 0.91715044 0.94876695 0.9401163
 0.94213676 0.9353966  0.9326539  0.9201124  0.9439093  0.9483714
 0.951578   0.93771505 0.95293987 0.9446199  0.9536464  0.93324137
 0.94392824 0.94042796 0.92604053 0.940654   0.9479356  0.9540264
 0.92489946 0.9226345  0.92275465 0.9485447  0.93495846 0.8951244
 0.9370035  0.9496271  0.9496938  0.9232583 ]",111.79983973503113,333.6535595449187
HMC,0.775,banana,8.6401996e-14,"[0.9136065  0.9430952  0.94151276 0.8547849  0.80593777 0.93564355
 0.8309328  0.8556256  0.9821595  0.91547656 0.9120264  0.9368026
 0.9530512  0.6962584  0.7779893  0.8410031  0.96243876 0.8793292
 0.97551537 0.7882724  0.8898136  0.9377004  0.8017634  0.94771117
 0.9480529  0.97518027 0.9279736  0.9325897  0.97243154 0.96059173
 0.94174325 0.779385   0.8891124  0.9692172  0.7689244  0.95874393
 0.88915557 0.8771558  0.9799902  0.9461889  0.96797156 0.95112056
 0.924014   0.8272237  0.8502959  0.90506023 0.8963871  0.89249563
 0.9685032  0.94397277 0.7942816  0.94856185 0.9666314  0.9824766
 0.90249604 0.8585923  0.87938786 0.81279683 0.93145657 0.9537878
 0.847218   0.9141129  0.9572983  0.917202   0.94735926 0.8943238
 0.98824835 0.90997183 0.91729593 0.9190463  0.8961842  0.9675734
 0.9680662  0.94534016 0.9362394  0.9347981  0.9011118  0.92846847
 0.95262355 0.893826   0.93793106 0.9761405  0.93831754 0.91229266
 0.9852679  0.9529133  0.92247003 0.965208   0.98392    0.97782457
 0.8810043  0.8509822  0.9185643  0.9787574  0.8758849  0.98133266
 0.9264986  0.92753446 0.9559393  0.9217725 ]",20.42851424217224,1.3788336897369535
SymplecticNNgHMC,0.775,banana,0.14103869,"[0.63936466 0.82599723 0.7280927  0.39032662 0.34666917 0.53311205
 0.45029923 0.02710313 0.8799944  0.36220217 0.39574283 0.23334491
 0.9457915  2.33107    0.56281364 2.722629   0.9593637  0.8370347
 0.98184794 0.7282435  0.59174883 0.7141795  0.32211256 0.9587037
 0.6137018  0.9780663  0.84519506 0.69335866 0.740189   0.5006465
 0.955948   0.6559642  0.6988491  0.97996557 4.1779537  0.94101465
 1.4133375  0.4003048  0.9079451  0.09262487 0.80188036 0.9367212
 0.54097795 0.15061693 0.9377322  0.8239254  0.23447725 0.9934776
 0.9361805  0.9081197  0.5202596  0.9008708  0.9357917  0.94984
 0.77834386 0.5230284  0.7145211  0.06264964 0.9022945  0.8896874
 0.5505506  0.13986103 0.51645553 0.9469211  0.2346431  0.8496644
 0.97882193 0.4098757  0.23755872 0.6320561  0.38973963 0.97021186
 0.64421165 0.45847017 0.9284243  0.89482135 0.3786866  0.74695486
 0.01622343 0.6942576  0.04354664 0.97792816 0.77938306 0.8797935
 0.9080019  0.74806756 0.33706498 0.5008649  0.86947626 0.59987825
 0.8911084  0.8013851  0.92555636 0.8675062  0.41440576 0.7762426
 0.07271796 0.8593402  0.4557774  0.66583544]",62.28923463821411,1.353212667005173
GSymplecticNNgHMC,0.775,banana,2583.1116,"[6.86190963e-01 5.90419336e+04 7.32258359e+04 5.36782146e-01
 1.53836984e+05 6.15034297e+04 5.51651955e+00 8.29426289e-01
 9.12235379e-01 4.39081430e-01 1.48751094e+04 9.19255435e-01
 2.14190453e-01 1.02621179e+03 3.29065889e-01 1.91589125e+05
 3.54170391e+04 6.21505141e-01 4.76509333e-01 1.93768048e+00
 8.34453464e-01 3.94354999e-01 1.41897365e-01 1.28344102e+04
 8.81617248e-01 9.57444370e-01 1.36948625e+05 9.44089375e+04
 5.79675794e-01 9.36875701e-01 2.10837549e+03 3.06897789e-01
 6.42031670e-01 5.49777627e-01 2.25303250e+05 9.49649453e-01
 9.73380000e+04 1.57960811e+04 3.62180397e-02 5.31790625e+04
 5.86819232e-01 7.75919616e-01 9.88465820e+03 5.00762646e+03
 5.51066399e+00 2.72138000e+00 4.28098083e-01 1.88181914e+04
 3.28090625e+04 8.01324487e-01 1.01373115e+04 6.14118934e-01
 1.23897195e-01 6.17248535e+00 6.11209062e+04 9.38209713e-01
 5.63794136e-01 4.39796055e+04 2.05450342e+03 9.01359737e-01
 3.13864648e-02 1.58566772e+03 8.21845770e-01 8.80118984e+04
 9.41035748e-01 1.22568726e+03 8.80718887e-01 2.60256836e+04
 6.76047656e+04 1.94736287e-01 5.33478141e-01 4.65864748e-01
 6.35449961e+04 3.15317617e+04 3.45543549e+02 3.06106152e+04
 2.10577715e+04 7.48050869e-01 8.92499805e+03 1.33334219e-01
 3.59335107e+03 2.26459913e-02 4.49003047e+04 7.05854833e-01
 7.34889030e-01 9.30775046e-01 9.22210395e-01 8.98807883e-01
 6.28707647e-01 8.22355273e+03 7.32128067e+01 2.55239666e-01
 3.91685273e+04 9.08156097e-01 4.95898743e+02 9.73896384e-01
 1.02153109e+05 4.01776719e+04 9.27080572e-01 9.36560392e-01]",29.198434352874756,16.291558393786822
GradSymplecticNNgHMC,0.775,banana,0.08230596,"[0.7698239  0.9483706  0.9093449  0.15453275 0.65059185 0.79348946
 0.6166523  0.2547198  0.93903655 0.5022538  0.00370897 0.42533335
 0.9633956  2.2410626  0.70916724 1.9126238  0.9357848  0.8823327
 0.9459528  0.59651685 0.73307693 0.8470454  0.37228417 0.89229727
 0.7333683  0.96552956 0.2845127  0.17644876 0.86076343 0.6614853
 0.93322295 0.5127264  0.78286636 0.95863366 3.2228289  0.96705884
 0.8218807  0.00688999 0.96784014 0.47421417 0.8998534  0.87610435
 0.13772368 0.16745901 0.6165308  0.66797847 0.01476314 0.5313157
 0.9614754  0.8402152  0.23197693 0.8252243  0.9764401  0.9836483
 0.43821105 0.6640172  0.6404863  0.50907975 0.9341183  0.9488115
 0.42303476 0.4148744  0.6845727  0.8246484  0.44800037 0.670104
 0.98893154 0.02807559 0.19167963 0.5425947  0.11442029 0.96079254
 0.8644135  0.7296022  0.8109335  0.9315914  0.63082606 0.85398906
 0.31863904 0.5807902  0.2810434  0.9653214  0.93147933 0.80164456
 0.96424794 0.848499   0.5551287  0.6654997  0.94546413 0.8091402
 0.75325775 0.8675761  0.90178084 0.93755317 0.0826993  0.8740131
 0.33304754 0.9373169  0.6165277  0.7738201 ]",90.89636468887329,1.3029493668484269
GradGSymplecticNNgHMC,0.775,banana,462.1507,"[8.88178527e-01 2.61919580e+03 3.80265894e+03 3.17832172e-01
 5.36420215e+03 2.79477588e+03 1.12265885e+00 5.26241422e-01
 9.42085862e-01 4.67282861e-01 5.61837830e+02 6.56350017e-01
 8.84808540e-01 1.12194580e+03 7.70243347e-01 5.04646191e+03
 2.47525928e+03 8.65194798e-01 8.43338966e-01 4.10094142e-01
 8.86717916e-01 5.29396176e-01 3.16035807e-01 1.44851733e+03
 7.81646430e-01 9.41382110e-01 3.93416162e+03 2.82161279e+03
 9.42203403e-01 8.45828533e-01 3.29151733e+02 5.01328707e-01
 6.57619119e-01 9.25240219e-01 5.17525244e+03 9.71760273e-01
 2.35288037e+03 2.16948438e+03 9.47889209e-01 2.56930127e+03
 8.80628586e-01 8.55019033e-01 3.90073425e+02 1.45213281e+03
 1.11603117e+00 7.36049652e+00 2.73676097e-01 5.42648071e+02
 2.04693848e+03 8.32896411e-01 1.97125708e+03 7.52644062e-01
 9.64750946e-01 2.08460255e+01 4.86603613e+03 7.72545218e-01
 5.78433216e-01 3.46766211e+03 5.01980438e+02 9.75539088e-01
 3.45921695e-01 1.00967735e+02 8.94347072e-01 4.86928223e+03
 6.11545563e-01 3.57349243e+02 9.63118732e-01 1.10257837e+03
 2.40671924e+03 4.27932680e-01 8.83248672e-02 8.88777494e-01
 2.64161475e+03 1.63911365e+03 1.20799576e+02 1.55261755e+03
 7.19605957e+02 9.07963455e-01 4.27324066e+02 4.15416658e-01
 2.03307709e+02 3.66624260e+00 2.22191772e+03 8.01886737e-01
 9.61535931e-01 9.36600208e-01 6.53622627e-01 8.83909166e-01
 9.37816858e-01 4.82269379e+02 1.56896118e+02 7.90464044e-01
 2.23039014e+03 9.67421472e-01 3.35816727e+01 9.46201801e-01
 3.03031738e+03 2.39417676e+03 8.23188305e-01 8.09407890e-01]",65.77258610725403,9.411606240957404
RevGSymplecticNNgHMC,0.775,banana,1.5575097e-13,"[0.89868754 0.8502013  0.8754992  0.3144923  0.8288053  0.9592172
 0.85837334 0.6168554  0.9872571  0.7545743  0.6266906  0.74869585
 0.9058456  2.25289    0.8312084  0.2897829  0.65272427 0.8915469
 0.85344476 0.38174614 0.86923325 0.9468279  0.41996247 0.6134289
 0.9024641  0.94477195 0.6238794  0.6459708  0.96697825 0.8862219
 0.76045793 0.29289764 0.9015403  0.847563   1.1190531  0.950789
 0.27462673 0.56246203 0.9639029  0.90236896 0.9704606  0.7731783
 0.54127383 0.537834   0.06940494 0.4616345  0.42746872 0.32225788
 0.74421376 0.7387637  0.13079625 0.7284839  0.9431238  0.91341066
 0.16514371 0.8651206  0.56605375 1.2871621  0.82237566 0.97451866
 0.2880276  0.7901901  0.8854603  0.38848555 0.7665918  0.29938382
 0.9540431  0.6659114  0.80957675 0.46456093 0.40276814 0.88961554
 0.9511986  0.9610809  0.5260204  0.7511205  0.92470044 0.9373843
 0.798834   0.4736371  0.74788237 0.8485402  0.8974213  0.6786845
 0.9805974  0.9356698  0.8176664  0.8788228  0.9844092  0.9770393
 0.5350138  0.8944866  0.63302124 0.9780111  0.4781468  0.97274625
 0.87629306 0.7936608  0.8462186  0.91642493]",23.111896276474,31.42366022702875
RevGradGSymplecticNNgHMC,0.775,banana,2.5845906e-10,"[1.36608303e+00 9.89502734e+04 1.52764438e+05 4.76975024e-01
 2.00587359e+05 1.01638750e+05 5.43569565e+01 5.73360586e+00
 9.83767986e-01 7.39399791e-01 1.98929570e+04 3.79610956e-01
 9.10959148e+00 6.39941055e+04 2.18507957e+00 1.52250125e+05
 1.06794094e+05 8.82072926e-01 8.30752611e-01 1.16018658e+01
 8.82519603e-01 1.58836884e+02 3.59506339e-01 6.74657656e+04
 9.43663299e-01 9.43892360e-01 1.26069234e+05 9.17211406e+04
 5.51798248e+00 4.10446972e-01 1.78245430e+04 2.89024353e-01
 8.67330909e-01 2.81799679e+01 1.48156719e+05 9.37530220e-01
 7.11967578e+04 1.05991375e+05 8.61724091e+01 9.38832500e+04
 2.07487850e+01 7.73650110e-01 1.33875059e+04 7.65987969e+04
 1.69755669e+01 1.58120117e+03 5.48677385e-01 1.70025684e+04
 8.64310000e+04 7.61029124e-01 1.00107117e+05 7.10047901e-01
 2.75839291e+01 1.91022876e+03 2.18503609e+05 6.84521854e-01
 5.56634426e-01 1.61312469e+05 2.58166641e+04 9.63128269e-01
 2.30539665e-01 4.46165674e+03 1.79423675e-01 2.06715000e+05
 9.14612961e+00 1.93022207e+04 9.32659090e-01 3.97523477e+04
 7.95673594e+04 4.17965502e-01 9.40864944e+00 8.78694415e-01
 9.80582734e+04 6.08978672e+04 7.58913428e+03 6.41291992e+04
 2.40864961e+04 9.33654726e-01 1.56222490e+04 4.14867997e-01
 8.20599609e+03 7.20732605e+02 8.41914766e+04 6.88625991e-01
 9.74932551e-01 9.47079837e-01 1.90671997e+02 7.63725936e-01
 9.81495857e-01 1.97160000e+04 1.11117422e+04 8.49843204e-01
 9.57549219e+04 9.70707297e-01 1.47751794e+03 9.88721251e-01
 9.90050938e+04 1.01314680e+05 8.91722560e-01 9.42358851e-01]",117.267746925354,7.127819095837893
HMC,0.775,gaussian,4.877256e-15,"[0.93472046 0.9225778  0.9370903  0.9155302  0.9490525  0.9310033
 0.9208387  0.95011604 0.92763984 0.92706406 0.9390955  0.9392221
 0.9556791  0.92686075 0.93623304 0.95836806 0.94568384 0.93533796
 0.9418185  0.9479816  0.9254014  0.9343109  0.94419503 0.94184923
 0.90263486 0.93639815 0.9317519  0.94594204 0.916629   0.9255929
 0.93857783 0.9522257  0.93675184 0.90049493 0.92969644 0.9407014
 0.95244825 0.9392489  0.9477304  0.9415107  0.94435585 0.9551872
 0.94819564 0.93947256 0.9595918  0.92877674 0.9265338  0.94756866
 0.95540285 0.94390965 0.93594885 0.9509063  0.9501356  0.93738955
 0.9231231  0.95115876 0.9546828  0.94176453 0.9610299  0.9338068
 0.94686675 0.94351953 0.94964665 0.9445051  0.9338853  0.9447236
 0.94241726 0.948373   0.9538812  0.8827132  0.93162626 0.9499864
 0.940511   0.93616676 0.9540057  0.9091934  0.9380728  0.9344859
 0.95529246 0.94109577 0.9442643  0.94959843 0.9443919  0.94172645
 0.94764686 0.9183507  0.9435188  0.93303883 0.93426406 0.92527246
 0.9349372  0.95134395 0.9542222  0.94748366 0.9474286  0.9334366
 0.95332766 0.95647097 0.94763935 0.9598075 ]",16.55447554588318,1626.0436581732763
SymplecticNNgHMC,0.775,gaussian,8.64401e-06,"[0.9347546  0.9226042  0.93718064 0.9153037  0.9490565  0.9309243
 0.9208089  0.9501669  0.9276066  0.92716026 0.93912125 0.93918407
 0.9556279  0.9270033  0.93628883 0.95841825 0.94563735 0.9352702
 0.94178104 0.94796485 0.925321   0.9343235  0.9442322  0.94179773
 0.90263116 0.9364661  0.93171406 0.94598615 0.9166126  0.9255805
 0.9385058  0.9522152  0.93676794 0.9003762  0.92974013 0.940756
 0.9523897  0.93928945 0.9477036  0.9414691  0.9443571  0.9552039
 0.94822043 0.9395428  0.9595809  0.9287073  0.9265188  0.94757855
 0.95537543 0.94394606 0.93589467 0.9508976  0.9500894  0.9374174
 0.9231109  0.95112056 0.954656   0.9417423  0.9610232  0.93379736
 0.94682205 0.94349116 0.94968724 0.9444927  0.93387246 0.944688
 0.94246197 0.94841903 0.9539177  0.8828144  0.9316143  0.95000255
 0.9404489  0.93616235 0.95397234 0.9092487  0.93809813 0.93448085
 0.95532453 0.9411473  0.9443127  0.9495634  0.9444684  0.94173926
 0.9477045  0.91836566 0.9435958  0.9330286  0.9342947  0.9253158
 0.93488663 0.9514052  0.95428866 0.94750786 0.9473971  0.9333817
 0.9532895  0.9564223  0.94768846 0.959845  ]",38.52490282058716,1683.1800191482687
GSymplecticNNgHMC,0.775,gaussian,3.8534832e-05,"[0.93464583 0.9225701  0.93702    0.9154171  0.94907594 0.93124664
 0.92097425 0.9501654  0.9276738  0.92702913 0.9390116  0.9391644
 0.9557139  0.9267386  0.9361845  0.958352   0.94576955 0.9353689
 0.94198054 0.94814175 0.9253708  0.93439674 0.9441161  0.94178474
 0.90284103 0.93653333 0.9318781  0.9459286  0.9165589  0.9256371
 0.9385731  0.95226735 0.93693066 0.90029955 0.92983377 0.9408023
 0.95242226 0.9392082  0.94770527 0.94140565 0.9444081  0.95520496
 0.9482478  0.93961656 0.9595833  0.9289111  0.92648613 0.9475242
 0.9554991  0.9439343  0.9361118  0.9509311  0.95020145 0.9373282
 0.92324924 0.9512145  0.9547717  0.941669   0.961066   0.933947
 0.946857   0.9434284  0.94968784 0.94463754 0.93403566 0.94490194
 0.9424243  0.94843924 0.9539021  0.8824583  0.9315249  0.9499965
 0.9404644  0.9360789  0.954072   0.90944993 0.9381623  0.9344841
 0.95532954 0.9411184  0.9443881  0.9496186  0.94449425 0.9417639
 0.94772947 0.9183749  0.9434713  0.9331121  0.93458176 0.92522115
 0.9348127  0.951348   0.9542796  0.9475502  0.94742024 0.93338937
 0.95339936 0.9564322  0.9476881  0.95981586]",15.118854761123657,1618.2280608803164
GradSymplecticNNgHMC,0.775,gaussian,4.076358e-06,"[0.9351734  0.92263335 0.93775153 0.9167656  0.9493865  0.9313957
 0.92133653 0.95028514 0.9277691  0.9274969  0.9395935  0.9392196
 0.9556672  0.927544   0.93625927 0.95841634 0.9458586  0.9354458
 0.9419276  0.9480998  0.9254284  0.9347563  0.94424284 0.9423747
 0.90303814 0.9365227  0.931839   0.9462764  0.9168129  0.92623186
 0.9388161  0.9523574  0.9367571  0.9007728  0.92992294 0.94066525
 0.95273316 0.9394702  0.9481365  0.9420678  0.9445634  0.9554922
 0.94838107 0.9395031  0.959589   0.92870903 0.9269292  0.9477248
 0.95544475 0.94412154 0.93615246 0.9512652  0.950233   0.9381126
 0.92309207 0.95112956 0.95470536 0.94235873 0.9610969  0.93370044
 0.9470713  0.9441366  0.9497091  0.9445533  0.9340863  0.94479203
 0.9427787  0.948379   0.95390433 0.883135   0.9316303  0.9500129
 0.9408616  0.9364471  0.9540123  0.9092061  0.93805635 0.9348449
 0.95538557 0.9416811  0.9445039  0.95010805 0.94446266 0.9417341
 0.94769144 0.9187437  0.9438795  0.9331684  0.9343295  0.92536736
 0.93573475 0.9514608  0.9543052  0.9474737  0.9474256  0.93345135
 0.9533924  0.95661557 0.9476727  0.95988125]",108.63971471786499,304.8170507167759
GradGSymplecticNNgHMC,0.775,gaussian,1.5425334e-05,"[0.9351262  0.9226538  0.93763876 0.9168188  0.94940567 0.9315442
 0.92143106 0.9502184  0.9279213  0.9275245  0.939541   0.93927735
 0.955719   0.92746997 0.936224   0.95836896 0.9459245  0.9355354
 0.9420511  0.9481782  0.9255264  0.9347954  0.94419    0.94239104
 0.9031764  0.9365845  0.9318298  0.94623774 0.9167675  0.9262373
 0.9388522  0.9523532  0.93680215 0.90080947 0.929968   0.94068086
 0.9527979  0.9394919  0.94815385 0.94206524 0.94462395 0.95549506
 0.9483995  0.93957937 0.9596193  0.92879236 0.9269275  0.9477152
 0.95548964 0.944142   0.93624544 0.95127904 0.9503102  0.93807256
 0.92318344 0.9512059  0.9547465  0.94234294 0.9611145  0.9338612
 0.94713604 0.94415605 0.9497001  0.94464624 0.93418425 0.94490445
 0.94273615 0.94835603 0.95386887 0.883019   0.9316219  0.94999075
 0.9409368  0.9363518  0.9540738  0.9093312  0.93803227 0.93489575
 0.9553273  0.9416671  0.9445462  0.9501402  0.9444705  0.9417774
 0.94766665 0.9188563  0.9437663  0.9331388  0.93449825 0.9253316
 0.93573534 0.95140135 0.9542901  0.94749707 0.9475021  0.9335418
 0.95342004 0.9566619  0.94763535 0.95985484]",29.09580397605896,944.4221783745129
RevGSymplecticNNgHMC,0.775,gaussian,2.9342546e-14,"[0.9347407  0.92262954 0.93716925 0.91568035 0.94910693 0.93111414
 0.9208921  0.95012563 0.92769516 0.927046   0.9391701  0.9392306
 0.95568395 0.9268601  0.936258   0.95836306 0.9457347  0.9353596
 0.9418721  0.9480283  0.9253967  0.934389   0.9441797  0.94191825
 0.9026878  0.93641794 0.93178463 0.94599795 0.91669464 0.92568225
 0.93862    0.9522443  0.936787   0.90034765 0.9297304  0.94069195
 0.9524901  0.9392886  0.9478116  0.9415659  0.94440067 0.9552506
 0.94823205 0.9394697  0.9595922  0.9287979  0.9265649  0.9475886
 0.95542705 0.9439511  0.93600845 0.9509772  0.9501703  0.93745565
 0.9231564  0.9511625  0.95470303 0.9418454  0.9610456  0.93380994
 0.94693464 0.94360983 0.9496522  0.9445362  0.9339351  0.9447756
 0.94250154 0.94836235 0.9538913  0.88249224 0.9316075  0.9499838
 0.9405588  0.93617964 0.9540032  0.9092445  0.9380889  0.93451566
 0.9553056  0.9411556  0.94433516 0.94971216 0.9443873  0.94171655
 0.94765615 0.91846836 0.94355315 0.9330772  0.93431234 0.9252862
 0.93508434 0.95135564 0.95422137 0.94749963 0.9474225  0.93344784
 0.95335597 0.9565069  0.94768333 0.95982385]",20.671130657196045,1686.5711008189612
RevGradGSymplecticNNgHMC,0.775,gaussian,3.369217e-14,"[0.93512887 0.9225601  0.9376315  0.9166958  0.9493725  0.93142366
 0.9213054  0.95020884 0.9278897  0.92746514 0.9395509  0.9392774
 0.95570326 0.92746496 0.9362259  0.9583672  0.94587886 0.93551224
 0.94195735 0.9481203  0.92550445 0.934757   0.94420767 0.9424037
 0.9030136  0.93651664 0.9317441  0.9462025  0.91673577 0.9262454
 0.938866   0.95235795 0.9367203  0.90065426 0.9299013  0.9406323
 0.95278406 0.9394864  0.94816744 0.9420886  0.94458544 0.9554796
 0.9483811  0.93949926 0.95960206 0.92875475 0.92689645 0.94772565
 0.9554663  0.9441228  0.93621993 0.9512625  0.95026296 0.9380404
 0.92312145 0.9511702  0.95472544 0.9423735  0.96109885 0.9337475
 0.9471245  0.9441361  0.94966197 0.9445824  0.93410385 0.9448333
 0.94276    0.94831514 0.9538645  0.88282585 0.9316366  0.94999886
 0.94091725 0.93632287 0.9540338  0.90924037 0.93800914 0.9348668
 0.95534056 0.94163704 0.94452286 0.95012873 0.9444236  0.9417304
 0.9476242  0.91880274 0.9437913  0.9330796  0.9343564  0.9252596
 0.9357223  0.9513804  0.9542619  0.9474454  0.947454   0.93351924
 0.9534167  0.95666325 0.94761515 0.95985025]",27.972424745559692,1635.2323608598215
HMC,0.775,high_dimensional_gaussian,1.5484923e-15,"[0.93668526 0.93671435 0.93435013 0.9425628  0.9338207  0.93873906
 0.9325994  0.9438611  0.94165707 0.93725675 0.9418987  0.9202603
 0.9318979  0.93896884 0.9190518  0.92896295 0.94110453 0.9420624
 0.939151   0.9352095  0.9357764  0.9429867  0.93248916 0.940346
 0.935733   0.93141717 0.93983567 0.93926543 0.9430847  0.9395101
 0.9353649  0.9189261  0.9313412  0.9252424  0.9404235  0.94214195
 0.9352457  0.9427862  0.9365985  0.9325236  0.93694174 0.94273937
 0.93703383 0.9334277  0.93484753 0.9381005  0.9222953  0.9414339
 0.9337837  0.9218174  0.9350958  0.94223136 0.92971146 0.9403845
 0.9335681  0.9312339  0.93868226 0.94139546 0.94096196 0.93824005
 0.9331405  0.94275635 0.9382266  0.9441509  0.9445977  0.94088507
 0.9382407  0.939391   0.9410089  0.93439484 0.93963856 0.9343297
 0.93765426 0.9371645  0.94296855 0.93697    0.9416808  0.93198144
 0.9358386  0.94364136 0.941574   0.94071454 0.93138194 0.93847674
 0.9340453  0.9412429  0.9392082  0.94066495 0.93650025 0.9425638
 0.9427728  0.938842   0.9377231  0.92427135 0.93783635 0.9427606
 0.9367015  0.941277   0.93855584 0.9386189 ]",48.891377449035645,229.96486463005706
SymplecticNNgHMC,0.775,high_dimensional_gaussian,1.4623037e-06,"[0.9366839  0.93670595 0.93435097 0.94256276 0.9338118  0.93873966
 0.93259454 0.9438647  0.94165725 0.93725574 0.94189376 0.920256
 0.9318985  0.93897295 0.91905785 0.92896336 0.9411022  0.94206417
 0.9391422  0.9351988  0.93577945 0.9429858  0.93248534 0.9403452
 0.9357335  0.9314165  0.93983144 0.93926305 0.94308823 0.93950784
 0.93536127 0.9189262  0.9313458  0.9252343  0.9404135  0.9421389
 0.93524635 0.94277996 0.93659633 0.93252397 0.93693984 0.9427395
 0.9370351  0.9334216  0.9348416  0.9381     0.9222956  0.94144154
 0.93378913 0.9218143  0.93509334 0.9422263  0.929706   0.94038284
 0.9335624  0.931242   0.93868554 0.94139785 0.9409613  0.93823576
 0.9331435  0.94275236 0.938224   0.9441494  0.9445939  0.9408857
 0.9382391  0.93939394 0.94100523 0.93439054 0.9396326  0.9343296
 0.9376523  0.9371573  0.94297045 0.9369736  0.9416801  0.9319812
 0.93583673 0.94364184 0.941564   0.9407085  0.9313802  0.9384734
 0.9340498  0.94124496 0.93920726 0.94066143 0.9365072  0.94256324
 0.9427773  0.9388455  0.9377212  0.92427313 0.93783253 0.9427592
 0.93670005 0.9412749  0.9385559  0.93861973]",117.17787384986877,246.1055935432926
GSymplecticNNgHMC,0.775,high_dimensional_gaussian,3.417628e-05,"[0.93665206 0.93670577 0.93435496 0.94255084 0.93380105 0.9387523
 0.9326     0.9438596  0.94164944 0.9372492  0.9419297  0.92029214
 0.93191165 0.9389764  0.9190526  0.9289402  0.9411011  0.9420644
 0.939147   0.9351985  0.9357847  0.9429846  0.9324676  0.9403548
 0.9357362  0.9314103  0.93985003 0.9392506  0.9431391  0.9395231
 0.9353688  0.9189296  0.93134344 0.9252164  0.940421   0.9421372
 0.9352512  0.9427621  0.9365939  0.9325339  0.9369373  0.94274414
 0.9370396  0.93342245 0.9348764  0.93809813 0.92232525 0.94142354
 0.93380207 0.9218218  0.93508625 0.94224036 0.9297232  0.9403317
 0.9335742  0.93120307 0.93867606 0.9414023  0.94094867 0.93824404
 0.9331552  0.9427602  0.93826044 0.94413567 0.9445707  0.9408901
 0.93823195 0.9393859  0.9410026  0.9343848  0.9396585  0.9343154
 0.9376766  0.93717706 0.9429636  0.9369533  0.9416827  0.9320097
 0.93584126 0.9436385  0.94157934 0.9407074  0.9313483  0.9384966
 0.93404406 0.941244   0.9392028  0.9406729  0.93651354 0.9425657
 0.94275016 0.93884987 0.9377378  0.9242492  0.9378352  0.94276464
 0.9367136  0.94128335 0.93854177 0.93856514]",61.24965143203735,244.1237649695828
GradSymplecticNNgHMC,0.775,high_dimensional_gaussian,1.2274994e-07,"[0.9366946  0.9367137  0.9343497  0.94256365 0.9338182  0.93874156
 0.9325936  0.9438581  0.94165725 0.9372554  0.94190496 0.9202719
 0.93190116 0.93897456 0.91905904 0.92896575 0.9411084  0.9420631
 0.93915576 0.9352147  0.9357761  0.9429877  0.93249226 0.9403496
 0.93573713 0.9314103  0.93983525 0.9392678  0.9430889  0.93950623
 0.9353641  0.9189247  0.93134546 0.92524433 0.9404268  0.94214356
 0.93524927 0.94278514 0.9365985  0.9325236  0.9369459  0.9427413
 0.9370357  0.933428   0.93485564 0.9381048  0.9222952  0.94143903
 0.93378544 0.9218194  0.9350955  0.9422347  0.9297151  0.94038314
 0.93357193 0.93123734 0.93868446 0.9414003  0.94096696 0.93823546
 0.93314236 0.9427551  0.93822616 0.94415104 0.94459933 0.9408835
 0.93824327 0.93939275 0.9410118  0.934391   0.9396462  0.9343319
 0.9376599  0.93716896 0.9429698  0.9369704  0.94168234 0.93198574
 0.93583816 0.9436445  0.94158113 0.9407136  0.93139    0.93847626
 0.9340476  0.94124126 0.9392128  0.9406635  0.9365007  0.94256485
 0.94277334 0.93884534 0.93772835 0.92427194 0.93784034 0.9427647
 0.9367001  0.94127816 0.93855953 0.93862283]",327.03214979171753,245.992436771439
GradGSymplecticNNgHMC,0.775,high_dimensional_gaussian,1.0010954e-05,"[0.9366683  0.9367206  0.9343561  0.9425515  0.9338152  0.9387352
 0.93260324 0.9438612  0.9416505  0.9372565  0.94190896 0.9203137
 0.9319083  0.9389698  0.9190682  0.92896193 0.9411184  0.9420657
 0.93915963 0.9352142  0.93578327 0.9429984  0.9324856  0.9403493
 0.9357394  0.9314251  0.9398464  0.93926156 0.94309586 0.93950784
 0.935364   0.9189315  0.9313387  0.9252221  0.9404227  0.94214666
 0.9352566  0.9427874  0.93659675 0.9325247  0.9369449  0.94274545
 0.9370407  0.93342817 0.9348671  0.9381088  0.92233574 0.94143116
 0.93379325 0.9218098  0.9350952  0.9422331  0.9297199  0.9403881
 0.9335772  0.9312438  0.938674   0.9414171  0.94096774 0.9382448
 0.93315166 0.9427559  0.9382174  0.94415176 0.9446043  0.94088554
 0.9382318  0.9393975  0.94100416 0.9343934  0.9396484  0.93433106
 0.93767333 0.93717134 0.94296473 0.93696856 0.94168365 0.9319782
 0.93584317 0.9436404  0.9415834  0.9407166  0.93138325 0.9384734
 0.934049   0.94124174 0.93921775 0.9406749  0.93650836 0.9425596
 0.9427766  0.93884504 0.9377386  0.924268   0.93784    0.94276375
 0.9367053  0.94127655 0.93855184 0.9386179 ]",207.6209282875061,248.29815283395902
RevGSymplecticNNgHMC,0.775,high_dimensional_gaussian,4.1472605e-15,"[0.936697   0.9367138  0.9343413  0.94255775 0.93382406 0.93873644
 0.9325967  0.9438635  0.9416597  0.9372522  0.9419038  0.9202465
 0.93188846 0.9389693  0.91904783 0.92896813 0.9411092  0.9420681
 0.9391507  0.935217   0.9357729  0.9429836  0.9324908  0.94035184
 0.93572843 0.93141294 0.93983924 0.939264   0.9430927  0.939505
 0.93536305 0.91892767 0.9313364  0.92525    0.9404239  0.9421414
 0.93524617 0.94278514 0.9365899  0.9325139  0.9369478  0.9427384
 0.93703747 0.93342054 0.9348639  0.9381058  0.9223076  0.9414343
 0.93378305 0.9218058  0.9350952  0.94223374 0.929708   0.94038045
 0.9335656  0.931231   0.93868065 0.94140136 0.94095993 0.938238
 0.93313754 0.94275415 0.9382256  0.9441514  0.94459677 0.9408802
 0.93823683 0.93939173 0.9410131  0.9343955  0.93964994 0.9343227
 0.9376626  0.93716717 0.94297504 0.9369692  0.9416776  0.931973
 0.93583906 0.943638   0.9415697  0.9407153  0.9313812  0.93848217
 0.9340527  0.9412443  0.9392061  0.94065523 0.9364965  0.9425626
 0.9427744  0.9388396  0.9377254  0.9242696  0.9378333  0.9427571
 0.93670094 0.9412744  0.9385592  0.938617  ]",95.10976648330688,247.69962670491924
RevGradGSymplecticNNgHMC,0.775,high_dimensional_gaussian,4.5828705e-15,"[0.93669987 0.9367199  0.9343499  0.9425618  0.9338235  0.93874353
 0.9325919  0.943859   0.94165653 0.93725586 0.9419057  0.92026013
 0.9318988  0.93896836 0.91907775 0.9289719  0.9411106  0.9420686
 0.9391532  0.9352147  0.9357802  0.9429854  0.93249166 0.9403577
 0.9357424  0.93141913 0.9398414  0.93927383 0.9430946  0.9395083
 0.93536174 0.9189333  0.9313452  0.92525405 0.9404329  0.94214046
 0.9352461  0.9427864  0.9365942  0.93252087 0.93695045 0.9427427
 0.9370439  0.93342817 0.9348757  0.93810815 0.9223075  0.941436
 0.9337799  0.92181766 0.9350972  0.9422382  0.9297198  0.9403836
 0.9335816  0.93124115 0.93868184 0.94140834 0.94096553 0.93823373
 0.9331436  0.9427538  0.93823385 0.9441533  0.9446     0.9408834
 0.9382415  0.9393953  0.94101447 0.9343965  0.939645   0.93433166
 0.93766445 0.93716544 0.9429736  0.9369674  0.9416808  0.93198454
 0.93584573 0.9436443  0.9415765  0.9407138  0.93139046 0.9384823
 0.9340562  0.9412415  0.9392086  0.9406574  0.9365096  0.9425637
 0.9427738  0.93884695 0.93773115 0.92427987 0.9378371  0.94276327
 0.93670833 0.9412765  0.93856335 0.93862045]",402.46383810043335,248.333279051012
HMC,0.775,normal_normal,2.619363e-15,"[0.9063641  0.9449414  0.9485828  0.8948676  0.8818981  0.94299865
 0.9235198  0.9470229  0.9379425  0.9289736  0.95077914 0.9232223
 0.9491036  0.93749726 0.94856775 0.9429934  0.95179147 0.93620634
 0.95468235 0.8975751  0.93641317 0.93995893 0.9263122  0.94696844
 0.8720295  0.9485903  0.952916   0.94831324 0.95006365 0.9489414
 0.9497496  0.91309595 0.9022236  0.9382037  0.93804395 0.9442319
 0.9376957  0.94789183 0.94533443 0.9484779  0.94829553 0.9522309
 0.92530525 0.9434082  0.94299525 0.944463   0.9476433  0.94801635
 0.95223397 0.9507997  0.9349549  0.91879904 0.93784773 0.95019996
 0.9114666  0.9458338  0.9397187  0.9360913  0.9450206  0.94921124
 0.95018566 0.9445734  0.9438604  0.93501204 0.9406959  0.9423373
 0.9470818  0.942047   0.94674724 0.90762544 0.93507755 0.9379411
 0.94879305 0.9383874  0.9375905  0.9153793  0.93686676 0.95114946
 0.9289321  0.93498677 0.9514383  0.9495734  0.92937696 0.94837177
 0.9486784  0.932611   0.9132258  0.95182693 0.9435233  0.9471075
 0.94183886 0.9421983  0.94254255 0.9241463  0.9518363  0.9511204
 0.9448395  0.9468726  0.9278301  0.93158484]",76.899099111557,375.61753584945404
SymplecticNNgHMC,0.775,normal_normal,0.009593851,"[0.907556   0.9444494  0.9488621  0.894619   0.76806873 0.9420344
 0.9239158  0.94792354 0.9378561  0.9127077  0.95184535 0.92393136
 0.94761467 0.93655765 0.94757926 0.94151276 0.9510414  0.93712205
 0.95460665 0.8964132  0.9369376  0.9389845  0.9255041  0.94629633
 0.8726573  0.94757533 0.9533622  0.9486581  0.95002306 0.9484744
 0.94960994 0.8810665  0.90403974 0.93745327 0.93849945 0.9437207
 0.93318194 0.9470932  0.94482964 0.9478402  0.94990295 0.9519911
 0.925652   0.94255084 0.94292617 0.94542134 0.94825804 0.94915664
 0.95269966 0.95152134 0.93516874 0.9187698  0.9382851  0.94964266
 0.9130785  0.9454815  0.93992823 0.9371619  0.9441781  0.9484717
 0.9491925  0.9431545  0.94319534 0.93496794 0.940508   0.94112456
 0.9463533  0.94152564 0.94610685 0.907376   0.93507    0.9380872
 0.9489352  0.9389348  0.93630433 0.91613865 0.9347557  0.95027274
 0.9291353  0.93417454 0.9507866  0.9499005  0.92767525 0.9479127
 0.9484004  0.933335   0.91242635 0.9520731  0.9431304  0.94651294
 0.94072056 0.94289637 0.94332474 0.92510146 0.9518608  0.95059556
 0.9435419  0.94653386 0.9286167  0.93132204]",114.5159113407135,387.8062674870637
GSymplecticNNgHMC,0.775,normal_normal,0.00018813524,"[0.9059905  0.94504964 0.9486289  0.8945326  0.8806429  0.942928
 0.9234134  0.9471719  0.9379258  0.92909586 0.9508266  0.9231509
 0.9489926  0.9371567  0.94862247 0.94305295 0.95172423 0.93635356
 0.9546992  0.8974918  0.9363367  0.93994015 0.92631066 0.9468204
 0.87170064 0.94848585 0.9529649  0.9483026  0.9501282  0.94897383
 0.94971627 0.9128169  0.90205735 0.9381539  0.93786705 0.94453955
 0.93755114 0.94775355 0.9454212  0.948323   0.9484162  0.95220125
 0.9251196  0.943186   0.9428619  0.9446194  0.9477412  0.9481043
 0.95229596 0.95089597 0.93468726 0.9186473  0.9379015  0.9501516
 0.9112439  0.9458739  0.93954    0.93601054 0.9448159  0.9491529
 0.9500935  0.94478166 0.9437877  0.9350705  0.94064355 0.9422288
 0.9470246  0.9419748  0.9466249  0.90811145 0.9349331  0.9378146
 0.9489545  0.9383232  0.9378297  0.915097   0.9373201  0.9510634
 0.9287483  0.935112   0.9513712  0.94960946 0.92945063 0.94830364
 0.9486222  0.93240166 0.91297245 0.9518564  0.94343245 0.94702643
 0.94183004 0.94248056 0.94259393 0.92411315 0.95184916 0.9510621
 0.94496775 0.94683    0.9278611  0.931972  ]",58.666425466537476,356.14841910610573
GradSymplecticNNgHMC,0.775,normal_normal,0.00039638398,"[0.90503156 0.94450283 0.94851846 0.893795   0.8114009  0.94279283
 0.9240712  0.9481143  0.9380001  0.9139055  0.95174384 0.9239358
 0.9479851  0.93687904 0.94783926 0.94212073 0.95145243 0.93738216
 0.9547075  0.8959667  0.9370548  0.93928134 0.92515326 0.9463142
 0.87252355 0.9478023  0.953267   0.9486431  0.9502508  0.9489166
 0.9498458  0.8840698  0.9034724  0.9379176  0.937405   0.94340676
 0.93355894 0.94721    0.9437524  0.9473874  0.9498353  0.9522678
 0.9255607  0.94252604 0.94247216 0.94408387 0.94818705 0.9492387
 0.95232654 0.9513086  0.935205   0.9168002  0.937948   0.9498808
 0.91250885 0.9454012  0.9395566  0.93668735 0.9439335  0.94899166
 0.9495966  0.94275427 0.94378805 0.93476385 0.940602   0.94160455
 0.9467076  0.9420637  0.9461822  0.903866   0.9348206  0.93817973
 0.94820297 0.93862265 0.9355917  0.9156637  0.93541145 0.950495
 0.92901134 0.93463206 0.9511406  0.94973683 0.92835045 0.9483351
 0.9487617  0.93214214 0.91227025 0.95180976 0.94357723 0.9469905
 0.94008607 0.9428279  0.9430703  0.92581743 0.95211303 0.9508823
 0.94305867 0.9468378  0.9284388  0.9318868 ]",163.0340518951416,1.283047893136124
GradGSymplecticNNgHMC,0.775,normal_normal,4.4517656e-05,"[0.9065436  0.9449207  0.9485838  0.89547956 0.87951493 0.94299763
 0.9234313  0.94702995 0.9380306  0.9289211  0.950762   0.9231403
 0.9491018  0.9376248  0.9485086  0.9429438  0.95180535 0.93627137
 0.9546651  0.8980106  0.9365504  0.93991125 0.9263215  0.9470339
 0.871679   0.94867563 0.95289934 0.9482671  0.95004976 0.948945
 0.9497628  0.9129648  0.90204895 0.9382733  0.9381007  0.94423485
 0.9373614  0.9479321  0.9453181  0.9485706  0.94827    0.952223
 0.92527974 0.9435028  0.9430207  0.94435996 0.9475622  0.94803905
 0.9522346  0.95076436 0.9350664  0.9185381  0.9378426  0.95023954
 0.9113034  0.9457611  0.9397906  0.93606013 0.9451134  0.94921637
 0.95026433 0.9445623  0.9438876  0.9349698  0.940783   0.94243765
 0.947145   0.94208634 0.94682664 0.90760916 0.9351532  0.93789834
 0.9488028  0.938503   0.93756807 0.91506696 0.93683803 0.9512083
 0.9288869  0.9350397  0.95146406 0.9495656  0.9293718  0.94836366
 0.9486722  0.93267584 0.9132163  0.95178884 0.9435506  0.94711083
 0.94171923 0.94221926 0.94252366 0.9243325  0.95186126 0.9511282
 0.94477844 0.9469048  0.9277586  0.9315826 ]",98.93926453590393,286.47920664065975
RevGSymplecticNNgHMC,0.775,normal_normal,1.2968376e-14,"[0.9063584  0.9449794  0.94861543 0.89504164 0.87765646 0.9429747
 0.923501   0.9470038  0.9379751  0.9289044  0.9507369  0.9232092
 0.9490752  0.93762004 0.9486189  0.9430022  0.95182216 0.93616164
 0.9547014  0.89775    0.936411   0.93993413 0.9263147  0.9469837
 0.8716105  0.94862795 0.9529251  0.94830406 0.9500952  0.9489564
 0.9497814  0.91279525 0.9022373  0.93825805 0.9379646  0.9443412
 0.9373297  0.9479493  0.94533914 0.9484402  0.9482371  0.95225084
 0.9251901  0.94344985 0.9429401  0.94449747 0.94770193 0.9480249
 0.95226634 0.95083493 0.9348124  0.9185103  0.9378557  0.9502186
 0.9113488  0.945838   0.9397423  0.9360687  0.9449899  0.9492086
 0.950206   0.9445876  0.943855   0.9350318  0.9406891  0.94235706
 0.9471092  0.94205296 0.9467279  0.90793514 0.93500495 0.9379829
 0.94884634 0.93834656 0.93772244 0.91539705 0.9369962  0.951167
 0.92884177 0.9350337  0.95143735 0.9495959  0.9294137  0.9484056
 0.9486966  0.9325125  0.9132539  0.95183533 0.94353265 0.947128
 0.94184315 0.94222045 0.9425682  0.9241149  0.9518218  0.9511299
 0.94480294 0.9469263  0.9278018  0.9319806 ]",74.87721395492554,282.91529605461255
RevGradGSymplecticNNgHMC,0.775,normal_normal,5.7149423e-15,"[0.9064254  0.9448499  0.9485828  0.89515543 0.8806906  0.94303226
 0.92349267 0.94700944 0.93791574 0.929358   0.9508197  0.9232056
 0.9491498  0.93772686 0.94854593 0.94292945 0.9518189  0.936192
 0.95469666 0.8975295  0.93646324 0.93985987 0.92629975 0.9470584
 0.871614   0.9486167  0.95291567 0.9483241  0.9500345  0.94893545
 0.9497409  0.91332257 0.90218085 0.93819064 0.9381293  0.94430983
 0.93788314 0.9479977  0.9453181  0.94852513 0.9483749  0.9522373
 0.9252433  0.9435959  0.9430276  0.94449943 0.94769    0.9480728
 0.95223397 0.9508135  0.93513834 0.91865075 0.93783545 0.950201
 0.91140145 0.9458189  0.9398152  0.93608135 0.9451344  0.9492134
 0.9502053  0.9447204  0.9438941  0.9350268  0.94069624 0.94234514
 0.94707793 0.9420546  0.94674224 0.90776086 0.9351125  0.93791234
 0.9488432  0.93841076 0.9375672  0.915336   0.9369496  0.9511657
 0.92894715 0.93501997 0.9514138  0.9495825  0.92935574 0.9483732
 0.9486572  0.93269867 0.9131236  0.9518446  0.9435162  0.947078
 0.9417259  0.9422927  0.94253826 0.9243121  0.95180213 0.9511061
 0.94497585 0.9468519  0.9278482  0.93175507]",136.21642661094666,274.7065866568395
HMC,1.0,banana,6.076561e-13,"[0.8939431  0.96993196 0.8872129  0.7008554  0.9087626  0.9295411
 0.92045677 0.9338276  0.9623865  0.866197   0.9385817  0.89804476
 0.9647713  0.6177711  0.95376253 0.79851484 0.9002756  0.8920765
 0.966715   0.94685906 0.9668941  0.9815768  0.8051526  0.9432801
 0.9538211  0.9477247  0.9190339  0.959723   0.9395255  0.95283353
 0.95186776 0.8604306  0.8683065  0.9888484  0.7751126  0.96219575
 0.8722446  0.9111416  0.91821593 0.95713437 0.89162105 0.9762845
 0.9130938  0.87906206 0.8597717  0.8527724  0.77189314 0.9202029
 0.934519   0.9513531  0.8794963  0.87272143 0.9820203  0.9830003
 0.9318325  0.8897178  0.9416307  0.86408657 0.9420061  0.9239894
 0.84039485 0.9398092  0.97181845 0.9311032  0.9419372  0.9714925
 0.9420047  0.8503932  0.91567725 0.87865865 0.84515876 0.9014327
 0.9830681  0.94468087 0.94210714 0.8896369  0.90124035 0.91006196
 0.74416536 0.8657538  0.90910435 0.935799   0.91994995 0.92941797
 0.96336    0.8470305  0.90350246 0.963943   0.9695308  0.97871816
 0.91697234 0.91967666 0.9414023  0.9609164  0.92671317 0.9636919
 0.9121957  0.9173795  0.96679896 0.91482866]",21.64383101463318,1.343913080510769
SymplecticNNgHMC,1.0,banana,0.030326521,"[0.58998317 0.89429295 0.8526362  5.491762   0.8881714  0.55731213
 0.08464929 0.4214556  0.97228545 2.5706055  0.16846356 2.0484254
 0.9370777  1.1960329  0.8393165  1.2302332  0.59951603 0.90971345
 0.9649832  0.93769234 0.81734    0.9602145  0.2928625  0.88875884
 0.6376499  0.94521207 0.7924881  0.6760826  0.7460317  0.5542203
 0.95351    0.885074   0.9458175  0.9828972  5.1260986  0.7912202
 1.7284784  0.7579102  0.7786414  0.7861986  0.15718228 0.94895804
 1.6211113  0.4672246  0.57265306 0.02710714 5.1045256  0.74057883
 0.9548804  0.9631723  0.48213482 0.90142536 0.9796585  0.98584366
 0.7442665  0.26258266 0.7840309  0.01665092 0.94882905 0.5310434
 0.91121674 0.49904364 0.6225948  0.7594761  0.5066047  0.9171812
 0.72435665 0.5421114  0.83899635 0.05056094 2.0809937  0.84676903
 0.9841312  0.8626382  0.91010684 0.915372   0.49184203 0.6153189
 0.52815175 0.24587262 0.47696507 0.9371325  0.8138792  0.9662053
 0.85352004 0.03323136 0.30443332 0.16805965 0.8133173  0.7427467
 0.8409609  0.9392082  0.8998574  0.6159283  0.9186375  0.03289546
 0.39780068 0.75734013 0.79561156 0.6366284 ]",109.4582507610321,1.3088795161624187
GSymplecticNNgHMC,1.0,banana,6.4361496,"[8.7416232e-01 9.6411419e+00 4.1538750e+01 4.4395224e+02 1.5261649e+01
 4.2312424e+01 7.7157372e-01 7.3019505e-01 8.8469118e-01 3.8986279e+01
 4.5308714e+00 3.8596741e+01 8.9729327e-01 8.8451337e+02 9.0148896e-01
 5.2525747e-01 8.4894133e-01 9.1228312e-01 4.8152924e+01 8.8208532e-01
 7.7818253e+01 7.2847879e-01 3.1318218e-01 3.7072571e+01 7.7452290e-01
 3.6603310e+01 4.0214520e+01 8.2358479e-01 8.3028686e-01 8.1340706e-01
 1.8970994e+00 4.5448089e-01 2.7204962e+01 9.5152569e-01 4.1354496e+01
 5.0423384e-01 9.1203632e+00 5.9592956e-01 4.2677011e+00 9.4545794e-01
 5.4115425e+01 5.6449503e-01 8.0529041e+02 3.2094011e-01 4.0023452e-01
 5.1732597e+00 2.3139709e+02 6.2590897e-01 5.9275079e-01 9.1362469e+02
 2.3711121e-01 7.8821820e-01 9.7638559e-01 9.7069895e-01 2.5632593e-01
 7.2620976e-01 7.6465130e-01 3.6635616e+01 9.3428820e-01 8.6903638e-01
 1.0308093e+00 1.9402752e+01 2.9561992e+00 4.9306622e+01 4.3810265e+01
 8.0565536e-01 3.7888145e+01 5.2835594e+01 7.6850243e+00 1.3661497e+01
 3.9076176e+00 3.8037294e-01 9.8207045e-01 8.2328641e-01 5.0116676e+01
 7.2755402e-01 7.7047908e-01 4.5709770e+01 6.2363207e-01 4.6271893e+01
 8.3245885e-01 6.5893256e+02 5.9067093e+01 9.3461370e-01 4.5930886e-01
 3.8429665e+01 2.6626074e-01 1.1536952e+01 8.0160486e+02 3.0801806e+00
 6.7935741e-01 7.1394339e+00 4.7229490e-01 7.1417801e+01 3.3794899e+01
 4.0701286e+01 3.4309325e+00 2.5309176e+00 8.2185125e-01 8.5873121e-01]",35.34005522727966,8.721255693136087
GradSymplecticNNgHMC,1.0,banana,0.07006756,"[0.5465965  0.91043586 0.88780516 3.662335   0.88625515 0.6738099
 0.22421275 0.48947582 0.953809   1.4821947  0.09199937 1.1706257
 0.90540075 2.0064678  0.9207984  0.8475636  0.7657757  0.9020271
 0.9720329  0.95021904 0.862761   0.93779224 0.2513952  0.8919388
 0.62007296 0.95980144 0.27840108 0.65282243 0.7143091  0.53147185
 0.95509195 0.84888285 0.35945028 0.98902214 3.2289214  0.78774285
 0.98082244 0.82655716 0.78468436 0.75574267 0.08904517 0.9709532
 0.9116192  0.53850836 0.33975634 0.1337319  3.311935   0.71687764
 0.9290897  0.96143866 0.5287882  0.929976   0.9690285  0.96315444
 0.7883472  0.05147146 0.86175746 0.02630001 0.9478945  0.51334333
 0.8897655  0.620977   0.68889683 0.77489614 0.09800206 0.9562377
 0.7721192  0.6689825  0.38830632 0.04937505 1.281591   0.8165111
 0.9650527  0.86084193 0.92430466 0.8846307  0.4647983  0.6798792
 0.37273917 0.25014633 0.4340484  0.95483106 0.86559534 0.9413177
 0.8353729  0.17431653 0.36782128 0.3632633  0.858279   0.77776814
 0.9097888  0.92683077 0.9264544  0.7011082  0.40843773 0.27416986
 0.08706525 0.8208887  0.7495553  0.66762006]",212.13338780403137,6.928944738248708
GradGSymplecticNNgHMC,1.0,banana,3.4280322,"[8.9487910e-01 5.6012516e+00 2.6057404e+01 1.5854312e+02 8.1967764e+00
 4.8899933e+01 7.5969666e-01 8.3780020e-01 8.6745894e-01 4.5581261e+01
 1.6789434e+00 4.5496929e+01 9.6359557e-01 1.3511621e+02 9.5400184e-01
 6.4326233e-01 8.9599025e-01 8.7360275e-01 3.0099060e+01 9.3704122e-01
 4.6355709e+01 9.7636288e-01 5.9745520e-01 2.4076607e+01 7.9827404e-01
 2.4237717e+01 4.7475761e+01 8.2215184e-01 9.1698611e-01 8.2913852e-01
 6.8642288e-02 8.6606610e-01 1.7571606e+01 9.9017966e-01 3.3435715e+01
 9.3270910e-01 4.8373604e+00 8.9594352e-01 1.7059641e+00 9.5112228e-01
 4.6244350e+01 9.6805525e-01 2.1178830e+02 7.4550813e-01 5.9450108e-01
 2.4726233e+00 5.2357002e+01 6.7381877e-01 9.3258381e-01 1.3336751e+02
 6.9999135e-01 9.4334316e-01 9.7493315e-01 9.8686165e-01 8.1775939e-01
 5.3052020e-01 9.0923023e-01 2.1045425e+01 9.5801753e-01 8.9955997e-01
 3.2148176e-01 1.2257895e+01 8.7434781e-01 3.4033058e+01 4.4162758e+01
 9.4933623e-01 4.5371483e+01 3.7854622e+01 4.3335419e+00 8.6343431e+00
 1.3204601e+00 8.8243377e-01 9.5984620e-01 9.6266830e-01 5.0608887e+01
 8.9946741e-01 7.4789208e-01 3.4945778e+01 7.0781392e-01 2.5767906e+01
 8.3186090e-01 1.0319906e+02 4.9472893e+01 9.6010870e-01 9.3854439e-01
 4.3453064e+01 8.2384527e-01 7.3850670e+00 1.4643341e+02 8.2961416e-01
 9.6064806e-01 3.3788180e+00 9.4072998e-01 4.5347900e+01 2.2042412e+01
 4.4997925e+01 8.6806667e-01 5.7509398e-01 8.1665289e-01 7.8685009e-01]",80.0843300819397,24.457539207023387
RevGSymplecticNNgHMC,1.0,banana,5.1537086e-12,"[ 0.8776517   0.18330054  2.1678178  15.889354    0.43651885  5.989769
  0.75033253  0.68775654  0.86075056  5.6404943   0.09453216  5.5671306
  0.9045824  17.498775    0.9231014   0.5138133   0.8641933   0.91205287
  2.8713768   0.91235083  7.7600875   0.6691281   0.19150436  2.4257293
  0.7666454   2.1677556   5.6054764   0.82180756  0.78315437  0.8058553
  0.16966313  0.36995262  1.1599197   0.96173704  3.5069227   0.5309442
  0.25990695  0.57959473  0.30885577  0.93467826  5.9557548   0.5243033
 17.132656    0.40345627  0.3987597   0.50093764 11.298773    0.6190003
  0.53101695 15.140493    0.37771297  0.6774421   0.9713893   0.979617
  0.30862626  0.5261256   0.8054535   2.3888717   0.9226243   0.8457061
  0.46238312  0.63261604  0.2853547   3.3565006   4.6119776   0.84429634
  5.437401    3.1403842   0.21828711  1.3003919   0.04350635  0.32847416
  0.96533126  0.79038525  6.0625715   0.67906237  0.7816272   3.822587
  0.5746248   2.6683898   0.8297086  13.855895    6.8004646   0.935759
  0.45421848  6.237829    0.3549168   0.35044965 15.7986555   0.20494995
  0.55807155  0.39141822  0.40679306  7.6701736   1.9422624   4.7574244
  0.11337388  0.09097821  0.8119618   0.8538499 ]",51.76384115219116,4.5043222026972565
RevGradGSymplecticNNgHMC,1.0,banana,2.0055778e-11,"[ 0.88736236  3.973334   17.544815   60.97331     6.626976   32.857895
  0.8919401   0.90210485  0.9126875  30.887014    0.86123484 30.091213
  0.95186394 64.75935     0.95468867  0.7400731   0.9011202   0.90686554
 19.499256    0.9463873  38.472603    0.9314725   0.6009489  15.139919
  0.89558935 15.355005   31.400604    0.9217257   0.901049    0.914509
  0.14062585  0.7189057  12.398234    0.9803777  17.757423    0.88426006
  3.2669287   0.88611764  0.9624113   0.9569577  33.395714    0.9041002
 69.08792     0.8052017   0.72760975  1.5480989  49.06515     0.8153634
  0.8350231  67.53609     0.76355493  0.8824338   0.98503464  0.9838006
  0.8121602   0.77856696  0.92931974 15.52594     0.95513314  0.91131675
  0.4348577   8.98032     0.10486811 22.37561    26.352444    0.9411451
 28.69042    22.36067     2.5310595   6.3126097   0.2908892   0.76348484
  0.9849589   0.9709686  34.39727     0.79507226  0.88913214 20.896824
  0.7271897  18.841051    0.9025035  63.611588   36.96524     0.95081854
  0.871607   30.427502    0.8204166   5.036572   67.555695    0.25307477
  0.8999793   2.5350473   0.8109859  37.526154   14.502425   27.530651
  0.3536834   0.11128857  0.91853845  0.9171599 ]",144.84441447257996,9.05282090335877
HMC,1.0,gaussian,6.959248e-15,"[0.9114342  0.94829434 0.9029435  0.9091158  0.95210665 0.94616735
 0.94567394 0.9467368  0.937148   0.92505395 0.9028125  0.94136286
 0.95196426 0.9310462  0.94856167 0.93235445 0.94440264 0.94774294
 0.9562208  0.9423186  0.9485998  0.93214583 0.9544506  0.9451151
 0.9213432  0.9541537  0.9458151  0.9485167  0.92135763 0.9257147
 0.9423961  0.9269551  0.9326753  0.8784914  0.94705045 0.9593533
 0.938394   0.92799103 0.93769836 0.9486517  0.9276811  0.9288718
 0.93043995 0.94016397 0.9573904  0.9390594  0.93228024 0.94421095
 0.9559674  0.9158554  0.9446595  0.94384354 0.9444558  0.9449309
 0.9593018  0.9503447  0.95434415 0.9430374  0.9405968  0.94741696
 0.92373085 0.94004834 0.95293707 0.9471633  0.94111633 0.9442276
 0.89991915 0.9524604  0.9404659  0.9321321  0.9415142  0.9502435
 0.9355714  0.93888843 0.94794863 0.9288796  0.9412106  0.94709796
 0.94179887 0.92066425 0.9349607  0.89268535 0.94444406 0.9543724
 0.9556011  0.94071555 0.9457204  0.94653606 0.9382846  0.9469116
 0.92530483 0.9397212  0.94076025 0.9506809  0.93590516 0.9488594
 0.94512504 0.94641566 0.95834225 0.9171447 ]",17.73092746734619,1309.4776876471112
SymplecticNNgHMC,1.0,gaussian,4.024602e-05,"[0.9115114  0.94823647 0.9027996  0.90877646 0.9520991  0.9461159
 0.94564885 0.94669145 0.9371702  0.9251636  0.9025463  0.9414209
 0.9519762  0.9312443  0.9485539  0.9323342  0.94433093 0.9478294
 0.95619154 0.9423032  0.9486269  0.9320645  0.9544453  0.9451771
 0.9212551  0.9542146  0.94582385 0.9484822  0.92130965 0.9257211
 0.9424844  0.9269395  0.9326842  0.87841344 0.9470491  0.9593603
 0.93847406 0.9280348  0.9378189  0.94876933 0.92767763 0.9287793
 0.9305029  0.9402132  0.95737714 0.93909407 0.9322877  0.9442706
 0.95597327 0.9160247  0.94462204 0.9438061  0.94437456 0.9448589
 0.95932764 0.95031595 0.95437133 0.9431777  0.9405982  0.94743556
 0.9238504  0.9399912  0.95290446 0.94714963 0.94108194 0.944199
 0.8997406  0.95248985 0.940426   0.9322748  0.9415416  0.9502225
 0.93558633 0.9388043  0.94792527 0.9288374  0.94121397 0.9472096
 0.94174325 0.92052495 0.9349744  0.89256734 0.94445515 0.9543656
 0.9555758  0.9407117  0.94572395 0.94654053 0.9382011  0.9468838
 0.92508495 0.93966794 0.94074863 0.95068073 0.93587923 0.94890827
 0.9451207  0.94641244 0.95834076 0.9171178 ]",46.28708481788635,1304.8458703920844
GSymplecticNNgHMC,1.0,gaussian,3.7208214e-05,"[0.9113369  0.9482967  0.9030024  0.9088871  0.9519911  0.9460721
 0.9455713  0.94678795 0.9372077  0.92525434 0.90268886 0.94136375
 0.95202655 0.9311098  0.9485911  0.9323602  0.9444554  0.94792885
 0.9562129  0.9423804  0.94865906 0.93217725 0.9544643  0.9451717
 0.92127055 0.95427465 0.9457853  0.94838524 0.92135304 0.925785
 0.9425565  0.9271218  0.93279874 0.87857056 0.94711894 0.9593577
 0.93859375 0.9280119  0.9379504  0.94875205 0.92768    0.9289066
 0.93063754 0.94029903 0.95738566 0.9392163  0.93228424 0.9442903
 0.95603085 0.91602635 0.9447791  0.94372845 0.9445209  0.9447562
 0.959356   0.95035124 0.9544114  0.94313926 0.9406227  0.94750905
 0.9239275  0.9398243  0.95289564 0.9471523  0.94120187 0.94429815
 0.8998729  0.9524635  0.940499   0.9323194  0.94157714 0.9502071
 0.9355936  0.9387819  0.9479259  0.9291846  0.94128036 0.9472648
 0.9418425  0.92079735 0.93505955 0.89251983 0.9445441  0.9543718
 0.9556169  0.94065106 0.9456543  0.9464816  0.9383793  0.9468746
 0.9251673  0.93975514 0.9408562  0.95065993 0.9359893  0.9490144
 0.9451543  0.9464325  0.9583616  0.9174031 ]",16.056108474731445,1282.461314833443
GradSymplecticNNgHMC,1.0,gaussian,3.4375955e-06,"[0.91196644 0.948408   0.9034578  0.91042584 0.9524679  0.9466102
 0.94617647 0.94683015 0.93728256 0.9254526  0.9033009  0.94140685
 0.9519601  0.93172616 0.94854254 0.93236494 0.9445739  0.9479264
 0.9564079  0.94243443 0.9486865  0.93254745 0.95444393 0.9456624
 0.92176867 0.9542894  0.94596356 0.94886583 0.9215085  0.9263832
 0.942701   0.92704105 0.9326765  0.8787652  0.94716805 0.95936203
 0.9386549  0.9282405  0.9380802  0.94925255 0.9279051  0.92910403
 0.9305469  0.94013774 0.95738983 0.9390744  0.93256617 0.9443482
 0.95600414 0.91600025 0.9447705  0.9441987  0.94453716 0.94564867
 0.9593355  0.950346   0.9543613  0.94364566 0.94063777 0.9473933
 0.9239451  0.9406759  0.9529957  0.9471618  0.9413085  0.9443466
 0.9002408  0.9524759  0.9403807  0.93271685 0.94149625 0.95035887
 0.9359295  0.93917745 0.94797707 0.9288168  0.9411484  0.94751453
 0.9417419  0.92114747 0.93521106 0.89320606 0.94447386 0.9544181
 0.9556569  0.9412569  0.9460759  0.94665897 0.9383447  0.9471327
 0.92614174 0.9398079  0.9407916  0.9506973  0.93584603 0.9489133
 0.94523954 0.9465463  0.95844716 0.91708106]",129.09538459777832,1309.5354238484592
GradGSymplecticNNgHMC,1.0,gaussian,1.3219807e-05,"[0.9118907  0.9483957  0.9035486  0.9105754  0.952481   0.9466035
 0.9461864  0.94685686 0.93732834 0.92554086 0.9032965  0.94140595
 0.95199    0.93168116 0.94855016 0.9324238  0.94465894 0.9479499
 0.95644045 0.9424845  0.9486863  0.93271923 0.9544589  0.9456739
 0.9218144  0.9543225  0.9459388  0.9488754  0.92160475 0.9264044
 0.9427304  0.92710173 0.93274665 0.8789686  0.94716567 0.9593639
 0.9387193  0.92828834 0.93814325 0.9492903  0.9279535  0.92919964
 0.9306652  0.9402029  0.9574002  0.93911695 0.93259156 0.944365
 0.95602655 0.9160675  0.94476    0.9442061  0.9446349  0.9456498
 0.959356   0.95036906 0.95434064 0.94367874 0.9406513  0.94744444
 0.9240068  0.9406743  0.9530079  0.94717586 0.9413945  0.94439906
 0.9003191  0.9524584  0.9404313  0.93279505 0.94155186 0.9503479
 0.9359671  0.93924284 0.9480108  0.92893445 0.94123906 0.9475627
 0.9417855  0.9213667  0.9352507  0.8932222  0.9445418  0.95441616
 0.9556758  0.9412931  0.94605297 0.94664145 0.9383761  0.94709533
 0.9262559  0.9398805  0.94084775 0.9506929  0.9359255  0.9489474
 0.9452188  0.94659376 0.958456   0.9172729 ]",33.945146799087524,715.4097559168482
RevGSymplecticNNgHMC,1.0,gaussian,2.0318377e-14,"[0.91147316 0.94830006 0.90297544 0.9091351  0.9521227  0.9461779
 0.94567513 0.94674575 0.9372133  0.9251124  0.902821   0.94136375
 0.95198333 0.93111026 0.948565   0.9323508  0.94444317 0.94777346
 0.9562397  0.9423008  0.94860643 0.9321377  0.95445395 0.94517773
 0.9213173  0.9541836  0.9458333  0.94854325 0.9213896  0.92573977
 0.9424531  0.9269888  0.9326965  0.87859046 0.94707537 0.9593546
 0.9384495  0.9280176  0.9377543  0.9487337  0.9276785  0.92890143
 0.9304652  0.94020414 0.9573967  0.939096   0.9322998  0.9442438
 0.9559776  0.91591233 0.9446578  0.9438673  0.94449747 0.9449558
 0.9593072  0.95035046 0.95433474 0.94310844 0.9405867  0.94743365
 0.9238021  0.9400573  0.9529617  0.9471469  0.9411448  0.9442522
 0.8998245  0.95244694 0.94046706 0.93221176 0.9415264  0.950269
 0.9356059  0.9389119  0.94795644 0.92890966 0.9411919  0.9471693
 0.94179547 0.92068064 0.93498844 0.8925842  0.94443434 0.95437974
 0.9556221  0.94075865 0.9457879  0.9465555  0.93828475 0.94694203
 0.92538404 0.939751   0.9407463  0.9506841  0.935936   0.94887364
 0.9451206  0.9464425  0.95835245 0.91721   ]",24.011059761047363,1310.5784719392807
RevGradGSymplecticNNgHMC,1.0,gaussian,2.8088377e-14,"[0.9118335  0.94841737 0.90350723 0.9104488  0.95249975 0.9466337
 0.94620883 0.9468383  0.9373521  0.92548406 0.9032769  0.94143903
 0.9519193  0.93157524 0.9485245  0.93238175 0.9446     0.94794345
 0.9564253  0.9424767  0.9486952  0.9326474  0.95443916 0.94562304
 0.9217801  0.95430344 0.9459538  0.94889563 0.9215493  0.92636794
 0.94273996 0.92702645 0.93267775 0.8788449  0.9471409  0.95936555
 0.93868065 0.9281429  0.9381076  0.9492601  0.9278655  0.92914647
 0.9305398  0.9401107  0.95738    0.93904394 0.9325396  0.94426394
 0.9559922  0.91592616 0.94480443 0.94423425 0.9445452  0.94568336
 0.9593339  0.95035493 0.9543605  0.94364595 0.9406559  0.94736975
 0.92387676 0.94070756 0.9529861  0.9471783  0.9413252  0.9443514
 0.9002423  0.95248055 0.94038695 0.9327383  0.94149464 0.9503541
 0.9359099  0.93921775 0.9479982  0.9288682  0.9411777  0.947533
 0.9417605  0.9212367  0.935208   0.8931026  0.9445156  0.9544074
 0.9556484  0.94121313 0.9460758  0.94666594 0.9383675  0.9471364
 0.9261872  0.93982506 0.94082963 0.9506844  0.93586826 0.9489247
 0.94523907 0.9465124  0.9584522  0.91710365]",42.632468700408936,1302.3182971484393
HMC,1.0,high_dimensional_gaussian,1.4246292e-15,"[0.9347526  0.9359457  0.9299199  0.9384165  0.9442042  0.9370775
 0.9476161  0.9371438  0.936816   0.9463686  0.9288265  0.93853366
 0.9432167  0.93926513 0.9245612  0.9403092  0.93822235 0.94214046
 0.93088114 0.93494624 0.941      0.9395846  0.9315569  0.9369645
 0.9440656  0.93593895 0.93406314 0.9376256  0.93025374 0.9367659
 0.9429774  0.9326269  0.92888594 0.9433397  0.9396159  0.94138783
 0.9242438  0.9429034  0.9393541  0.9390726  0.94344395 0.92413557
 0.9330139  0.91997147 0.9361609  0.9409499  0.94064415 0.9309839
 0.94027364 0.94111013 0.94330966 0.9474977  0.9433831  0.9384844
 0.92969334 0.9304177  0.93131584 0.9400384  0.9345025  0.93033475
 0.94548106 0.9425802  0.93280315 0.9311029  0.92095816 0.9364437
 0.9372258  0.9272326  0.9418677  0.9483711  0.93871325 0.9424848
 0.93764067 0.94062203 0.93582314 0.93184793 0.9267211  0.92931193
 0.93892354 0.9395714  0.93870753 0.93101424 0.93762815 0.9441082
 0.94060075 0.9330487  0.94165754 0.93955755 0.9351861  0.93810534
 0.9406099  0.9426507  0.9394158  0.92908144 0.93924415 0.9378616
 0.9305116  0.9348887  0.9340457  0.93644094]",48.01784539222717,186.00469243945815
SymplecticNNgHMC,1.0,high_dimensional_gaussian,2.5875246e-07,"[0.93475235 0.9359409  0.9299218  0.9384154  0.9442028  0.9370761
 0.9476156  0.9371433  0.9368169  0.9463688  0.9288267  0.93853277
 0.9432125  0.9392678  0.92456406 0.94030917 0.9382218  0.9421387
 0.93088216 0.93494916 0.94099873 0.9395823  0.93155336 0.93696165
 0.94406694 0.9359374  0.9340639  0.9376234  0.9302492  0.9367654
 0.94297636 0.93262666 0.92888594 0.9433405  0.93961495 0.9413847
 0.924243   0.9429002  0.9393546  0.93907344 0.9434451  0.9241439
 0.93301296 0.91997385 0.93615854 0.9409485  0.9406438  0.93098414
 0.9402704  0.94110763 0.94330907 0.94749665 0.9433815  0.93848175
 0.92969024 0.93041444 0.9313133  0.94003814 0.93450207 0.9303336
 0.9454806  0.94257915 0.932806   0.9310998  0.92095345 0.9364432
 0.9372269  0.92723286 0.94187564 0.94837207 0.9387139  0.9424829
 0.9376372  0.9406179  0.9358245  0.9318475  0.92671466 0.92930627
 0.93892336 0.93957156 0.93870723 0.9310109  0.9376292  0.94410956
 0.9406001  0.9330468  0.9416594  0.93955743 0.93518513 0.9381058
 0.94061035 0.9426497  0.9394158  0.92908597 0.93924445 0.93786037
 0.9305054  0.93489075 0.9340421  0.9364389 ]",130.91906309127808,197.75067625598064
GSymplecticNNgHMC,1.0,high_dimensional_gaussian,8.313626e-06,"[0.9347612  0.9359498  0.92991734 0.9384097  0.9442045  0.9370874
 0.9476199  0.93714255 0.9368226  0.94637156 0.9288189  0.9385406
 0.94322145 0.9392621  0.92457986 0.9403024  0.938228   0.94213736
 0.93087375 0.9349494  0.9409971  0.9395908  0.93155646 0.93697184
 0.94406885 0.93592614 0.934062   0.9376234  0.9302473  0.93677396
 0.9429754  0.9326185  0.9288954  0.9433384  0.93963116 0.94139755
 0.924253   0.9429029  0.9393544  0.93908155 0.9434471  0.92414224
 0.93301296 0.9199463  0.93617696 0.9409549  0.9406376  0.93098944
 0.94027615 0.9411086  0.94331014 0.9474988  0.94338864 0.93847847
 0.9297042  0.9304077  0.9313194  0.94003856 0.93450105 0.93033767
 0.94548166 0.9425802  0.9328022  0.9311013  0.9209683  0.93645066
 0.93723744 0.9272396  0.94187105 0.94836706 0.9387135  0.94248646
 0.93763655 0.9406276  0.9358392  0.93184984 0.92673033 0.9293108
 0.9389206  0.93957555 0.93869704 0.9310169  0.9376323  0.94411516
 0.94060266 0.93304896 0.94165707 0.93955106 0.93517673 0.9381038
 0.94061375 0.9426465  0.93941605 0.929065   0.93924    0.9378617
 0.9305236  0.93488234 0.9340416  0.9364357 ]",72.73747563362122,198.4326747799527
GradSymplecticNNgHMC,1.0,high_dimensional_gaussian,6.2329484e-08,"[0.9347563  0.93594635 0.9299273  0.93841875 0.9442038  0.93708193
 0.9476196  0.9371454  0.93682003 0.9463701  0.92882895 0.9385394
 0.9432174  0.9392699  0.9245714  0.9403113  0.93822354 0.94214314
 0.930886   0.9349451  0.9409989  0.9395876  0.93155754 0.9369638
 0.94406617 0.9359407  0.93406487 0.9376302  0.93025255 0.93676853
 0.9429803  0.93262887 0.92888534 0.94334096 0.93961877 0.9413904
 0.92424977 0.94290394 0.9393548  0.9390773  0.94345    0.9241446
 0.9330179  0.91998047 0.93616414 0.9409509  0.9406438  0.93098706
 0.9402773  0.9411096  0.94331115 0.9474988  0.9433837  0.93848395
 0.9296931  0.93041867 0.93132114 0.94004077 0.9345031  0.93033266
 0.9454805  0.94258326 0.9328079  0.9311041  0.9209601  0.93644357
 0.93723166 0.9272394  0.94187677 0.94837224 0.93872064 0.94248486
 0.93763924 0.940624   0.9358301  0.9318539  0.9267273  0.9293126
 0.93892527 0.9395751  0.9387082  0.9310121  0.9376337  0.9441117
 0.94060296 0.9330485  0.9416599  0.9395579  0.93518466 0.93810606
 0.94061387 0.94265145 0.939418   0.9290856  0.93924683 0.9378621
 0.93051803 0.93489504 0.9340458  0.9364408 ]",389.93738198280334,196.83414070081153
GradGSymplecticNNgHMC,1.0,high_dimensional_gaussian,7.22835e-06,"[0.93475604 0.9359562  0.92992085 0.9384079  0.9442055  0.9370839
 0.94762343 0.93714255 0.9368261  0.94637203 0.92883146 0.938539
 0.9432213  0.9392519  0.92458934 0.94030607 0.93822765 0.9421406
 0.93087    0.93495196 0.94099    0.93959534 0.9315618  0.936965
 0.94406384 0.9359318  0.93406886 0.9376275  0.9302521  0.93677443
 0.94297695 0.93262565 0.9288971  0.94333637 0.939633   0.94139403
 0.92424667 0.94290197 0.93935245 0.93908155 0.94345635 0.9241446
 0.93301886 0.9199753  0.9361629  0.9409517  0.94064206 0.93098176
 0.9402839  0.9411129  0.9433088  0.9475025  0.9433837  0.9384839
 0.92969704 0.9304198  0.9313297  0.94003886 0.9344983  0.93033683
 0.9454822  0.9425871  0.93281305 0.93110913 0.9209747  0.9364451
 0.9372295  0.9272472  0.9418839  0.94837636 0.9387209  0.94248545
 0.93763876 0.94063246 0.935835   0.93185794 0.9267466  0.9293238
 0.93892324 0.9395797  0.9387064  0.9310193  0.9376347  0.9441128
 0.9406063  0.9330555  0.94165915 0.9395706  0.9351823  0.9381103
 0.94061613 0.9426519  0.93942255 0.92907894 0.9392444  0.93786687
 0.93053246 0.93489856 0.93404996 0.93644035]",261.3456814289093,198.9420785340281
RevGSymplecticNNgHMC,1.0,high_dimensional_gaussian,4.737779e-15,"[0.93475264 0.93594515 0.9299252  0.93841356 0.9442023  0.93707746
 0.9476211  0.93714714 0.9368105  0.9463679  0.92881966 0.9385378
 0.9432167  0.9392724  0.9245738  0.94030964 0.9382266  0.9421425
 0.93088293 0.9349437  0.9410026  0.9395857  0.93154615 0.93696135
 0.94406366 0.9359474  0.9340638  0.93762463 0.93025655 0.93676585
 0.9429803  0.9326196  0.92887706 0.9433416  0.9396124  0.94139075
 0.9242511  0.9429047  0.93934935 0.9390776  0.9434458  0.92414254
 0.9330125  0.9199774  0.9361638  0.94095135 0.9406433  0.93098944
 0.9402765  0.9411098  0.94331014 0.9474944  0.9433783  0.93848574
 0.9296962  0.93041766 0.9313094  0.94003475 0.9345046  0.93033624
 0.94548124 0.942582   0.9328089  0.93109643 0.92095816 0.9364456
 0.93722427 0.927231   0.9418738  0.94837093 0.938719   0.9424777
 0.93763924 0.94063044 0.93583477 0.931846   0.92672884 0.92931545
 0.9389257  0.9395754  0.93871    0.9310109  0.9376313  0.9441079
 0.94059867 0.93305564 0.941658   0.9395582  0.9351837  0.93810165
 0.94060993 0.94264936 0.9394123  0.9290662  0.93924254 0.93785954
 0.93051004 0.9348976  0.9340367  0.9364338 ]",113.96916079521179,198.2790776404039
RevGradGSymplecticNNgHMC,1.0,high_dimensional_gaussian,4.1479504e-15,"[0.9347613  0.9359474  0.92993724 0.9384203  0.9442009  0.93708867
 0.94762564 0.93714803 0.936814   0.9463707  0.92883456 0.93854237
 0.9432187  0.93927336 0.9245936  0.9403081  0.9382247  0.94215053
 0.9308896  0.93494004 0.94100225 0.93958735 0.93155783 0.93696445
 0.9440653  0.935946   0.9340606  0.9376286  0.9302573  0.93677795
 0.94298184 0.9326274  0.928884   0.94334114 0.9396213  0.94139403
 0.9242563  0.9429045  0.93935513 0.93908143 0.9434473  0.9241514
 0.93301696 0.9199912  0.93616605 0.9409492  0.94064635 0.9309896
 0.9402825  0.94110864 0.94331026 0.9474977  0.94338226 0.9384903
 0.92969626 0.9304201  0.9313265  0.94003934 0.9345066  0.9303421
 0.9454818  0.94258165 0.9328143  0.9311037  0.920969   0.9364483
 0.93723273 0.927243   0.94187284 0.9483714  0.9387225  0.9424838
 0.9376403  0.94062847 0.93583584 0.93185115 0.92673874 0.92932093
 0.938929   0.9395744  0.93871325 0.93102074 0.9376339  0.94410825
 0.94060487 0.93305314 0.941661   0.9395592  0.93517846 0.93810576
 0.9406141  0.9426497  0.9394177  0.92908305 0.93925047 0.9378637
 0.9305335  0.934903   0.93404263 0.9364378 ]",511.39177107810974,198.7098326349474
HMC,1.0,normal_normal,1.079345e-15,"[0.93869865 0.940175   0.93959016 0.90728396 0.9369048  0.95290804
 0.94245833 0.92010355 0.9339757  0.94271106 0.94873035 0.9402422
 0.93410754 0.9294933  0.93121016 0.9321557  0.94517803 0.91007537
 0.9477298  0.9393195  0.9468996  0.9459013  0.92333573 0.948027
 0.9484792  0.94812125 0.9466824  0.896443   0.90868825 0.94428885
 0.92431515 0.9432167  0.92659444 0.95301956 0.93884647 0.9413353
 0.94267344 0.9237868  0.9467392  0.91507834 0.94323486 0.9457327
 0.9449588  0.90456855 0.9169723  0.9456078  0.9131412  0.9409038
 0.9427248  0.94322765 0.94188374 0.9472213  0.942084   0.91273046
 0.934436   0.9406006  0.93287516 0.9328922  0.9443883  0.9520683
 0.9505559  0.94173163 0.9530277  0.9439523  0.95117015 0.94847053
 0.94816655 0.9421034  0.93803024 0.9424585  0.9478714  0.9366967
 0.94721603 0.9492296  0.9271455  0.94199395 0.93714345 0.92115927
 0.9466337  0.9350829  0.9473157  0.9219534  0.9430501  0.9405546
 0.9488322  0.8761438  0.94603527 0.9375287  0.9431536  0.93083954
 0.94999593 0.93991077 0.9338231  0.9503894  0.93578213 0.9445275
 0.9440415  0.9328281  0.9508375  0.94256234]",84.47633099555969,325.6714531592125
SymplecticNNgHMC,1.0,normal_normal,0.0070709446,"[0.93762434 0.94022024 0.9392094  0.9091303  0.9398445  0.9521575
 0.9401874  0.91768694 0.9337918  0.943567   0.94868207 0.94096506
 0.9340005  0.9285915  0.9311861  0.93303716 0.945333   0.8914401
 0.947265   0.93919885 0.9458892  0.94616836 0.92586267 0.9469099
 0.9485564  0.94731206 0.94655037 0.8969079  0.9091322  0.9442115
 0.9246061  0.94377613 0.91149604 0.9527383  0.939058   0.9401072
 0.94264287 0.9266623  0.94637704 0.91704786 0.9426796  0.9462037
 0.9446672  0.90937823 0.9180071  0.94585264 0.8833541  0.93810594
 0.9425389  0.943189   0.94106627 0.9478879  0.9421047  0.91524637
 0.9336152  0.9406233  0.9341965  0.93224716 0.9436412  0.9516767
 0.9497501  0.9427406  0.95264447 0.9450495  0.95078003 0.9481337
 0.9484333  0.9416172  0.9357716  0.9424797  0.9473351  0.93614167
 0.9472778  0.94852924 0.9274065  0.94464415 0.9337401  0.92125815
 0.9459586  0.9369596  0.9467865  0.922047   0.9414382  0.9398731
 0.94921416 0.8787521  0.94508576 0.93733585 0.94268274 0.93091965
 0.94977283 0.940777   0.9347939  0.949706   0.93628496 0.94421947
 0.9437768  0.93106794 0.9512302  0.94356966]",164.12753009796143,278.8179931402581
GSymplecticNNgHMC,1.0,normal_normal,0.00014145332,"[0.93847275 0.9401538  0.939655   0.90706813 0.9370088  0.9528922
 0.9421932  0.9200393  0.93399227 0.94260186 0.9487618  0.94017476
 0.9341175  0.9293672  0.93118036 0.9323077  0.94516844 0.9083354
 0.9477757  0.9391605  0.94692963 0.94584703 0.9231852  0.9479679
 0.9484323  0.9481074  0.9467486  0.89664793 0.90861475 0.94427896
 0.9242319  0.9433572  0.927042   0.953058   0.9387142  0.9414687
 0.9427389  0.923666   0.94681036 0.91490746 0.9431238  0.94577646
 0.944987   0.9041974  0.9169183  0.9457316  0.9119563  0.9407387
 0.9428236  0.94320714 0.9417748  0.94722724 0.94208735 0.9128636
 0.9344158  0.94070023 0.93281686 0.933007   0.9442476  0.9520674
 0.9505555  0.9416288  0.952989   0.9441032  0.9511399  0.9484102
 0.9481143  0.9422037  0.93788683 0.9424751  0.94787455 0.93673295
 0.9472375  0.9492097  0.9272914  0.9421355  0.93731487 0.92109793
 0.94669217 0.9354817  0.9471447  0.9218503  0.9430853  0.9404305
 0.94878787 0.87605953 0.94600296 0.9375567  0.9431511  0.931014
 0.9499806  0.94013715 0.93412346 0.9503416  0.93575597 0.944536
 0.94401526 0.93297946 0.9508428  0.942441  ]",71.47681450843811,227.91510043394868
GradSymplecticNNgHMC,1.0,normal_normal,0.0022533145,"[0.9372963  0.9399521  0.9389507  0.9070978  0.9400708  0.9522052
 0.9404647  0.9182447  0.9331657  0.94366276 0.948647   0.9406466
 0.93307877 0.9288389  0.93095684 0.9318646  0.94469184 0.89385796
 0.9472384  0.939166   0.94636    0.94585335 0.92520183 0.94732475
 0.94831884 0.9476731  0.9470043  0.8953798  0.9088305  0.9437782
 0.92454386 0.9439095  0.9121584  0.95302665 0.9378624  0.93917245
 0.94262826 0.9266636  0.94685    0.9159888  0.94180536 0.9465253
 0.9441581  0.91018814 0.91576385 0.9450514  0.88458    0.9380483
 0.94245166 0.9430332  0.9411607  0.9476255  0.9413821  0.9141872
 0.9335418  0.93993396 0.93403494 0.932677   0.94339967 0.95160794
 0.9500667  0.94251764 0.9526634  0.94524336 0.9505705  0.9480025
 0.9480356  0.9419774  0.93636656 0.9420408  0.9470247  0.9369618
 0.9471404  0.9485366  0.92683166 0.9446529  0.9333622  0.9203321
 0.9463191  0.9369383  0.94666564 0.9216122  0.9425088  0.93897146
 0.9489994  0.875533   0.94531816 0.9366702  0.9424108  0.9303786
 0.94973946 0.94095254 0.93511915 0.9495155  0.93583846 0.9438431
 0.94339883 0.9299784  0.9514122  0.9438051 ]",416.4401607513428,163.2996946084266
GradGSymplecticNNgHMC,1.0,normal_normal,2.6900138e-05,"[0.9387972  0.94014454 0.93957937 0.90731645 0.9366869  0.95292044
 0.9424     0.92003953 0.9339322  0.9426937  0.94874114 0.94028425
 0.93419236 0.9297005  0.93124306 0.93229264 0.94512606 0.90937424
 0.9477556  0.9393939  0.9468521  0.94591564 0.92348164 0.9480311
 0.94845426 0.9481293  0.9467001  0.89657235 0.90863776 0.9442746
 0.92426366 0.9432355  0.92698324 0.9530196  0.9389076  0.94146574
 0.94269574 0.9240148  0.946751   0.91505307 0.9433057  0.9456767
 0.94501173 0.90465635 0.91703033 0.94565225 0.9127369  0.94098246
 0.94270957 0.9432036  0.9420676  0.94720143 0.9420719  0.912805
 0.9345139  0.94073105 0.9329418  0.932893   0.9445652  0.95209163
 0.9505594  0.9417099  0.95300543 0.9439482  0.9511914  0.94853914
 0.9481505  0.9421148  0.9378819  0.94242966 0.94793797 0.9366473
 0.94720095 0.9491951  0.92709434 0.94198847 0.93735015 0.92111135
 0.94663703 0.93521637 0.9472377  0.9218526  0.9430172  0.94042844
 0.9488025  0.8759657  0.94606847 0.93751144 0.9431734  0.9308646
 0.9500162  0.93996716 0.93394035 0.9504611  0.9358119  0.9445362
 0.94413424 0.9327736  0.95085895 0.9425292 ]",113.2604627609253,210.49574936743
RevGSymplecticNNgHMC,1.0,normal_normal,9.180521e-15,"[0.9386958  0.9401538  0.93957233 0.90731335 0.936768   0.9529315
 0.9423439  0.92014664 0.9339666  0.9426961  0.9487262  0.9402505
 0.93412465 0.9295455  0.931169   0.9322233  0.94516754 0.9093571
 0.9477128  0.93928325 0.9468664  0.94589233 0.92336524 0.9480233
 0.94848746 0.94811505 0.94669056 0.8964778  0.90866995 0.94430625
 0.924287   0.9432552  0.9269172  0.95302886 0.9389824  0.9413282
 0.94267774 0.923834   0.9467308  0.91506404 0.94315    0.9458927
 0.94498694 0.90457344 0.91700524 0.9455769  0.9129536  0.9408469
 0.9427074  0.94319296 0.9419546  0.94716847 0.9421092  0.9127221
 0.9343958  0.94064134 0.93285364 0.9334043  0.9444308  0.9520745
 0.9505843  0.9416756  0.9530244  0.94425464 0.95119727 0.94852686
 0.94817895 0.9420988  0.9378481  0.9424331  0.9479078  0.9370862
 0.9471995  0.9492748  0.9271442  0.9421575  0.93717146 0.92109406
 0.9466309  0.93559957 0.9472252  0.92189515 0.94300866 0.9406025
 0.9487978  0.876132   0.94604176 0.9375448  0.94315183 0.9308421
 0.9500164  0.93999547 0.93448055 0.9504746  0.9357861  0.94454086
 0.9439864  0.93289435 0.9508312  0.942431  ]",88.18207049369812,210.77912795415324
RevGradGSymplecticNNgHMC,1.0,normal_normal,4.5858974e-15,"[0.93874013 0.94015044 0.9395887  0.9073517  0.9368324  0.95290345
 0.9424143  0.92033565 0.93394256 0.9426923  0.94871014 0.9402312
 0.9341456  0.9297702  0.93122995 0.9321939  0.9451461  0.91005373
 0.9477369  0.93939877 0.9468805  0.94591564 0.9233684  0.9480454
 0.9484288  0.9481384  0.9467065  0.8965343  0.9087008  0.9442438
 0.92433894 0.94319165 0.92704713 0.95301527 0.93880147 0.9414686
 0.9426448  0.9238944  0.94675756 0.91509163 0.94333553 0.9457256
 0.94495916 0.90452474 0.9169106  0.94564146 0.9133093  0.9409704
 0.9426901  0.94323033 0.94206095 0.94723094 0.9420825  0.9126925
 0.93451095 0.94064635 0.9329848  0.93298674 0.94450164 0.95205975
 0.9505575  0.9417194  0.9530113  0.94396615 0.95114875 0.9485136
 0.94816035 0.9421336  0.93792623 0.9424654  0.9478754  0.93688077
 0.9471814  0.9492063  0.9270991  0.9420368  0.9373669  0.92118335
 0.9466531  0.9351047  0.9472585  0.921997   0.9430663  0.9404859
 0.9488151  0.8761794  0.9460713  0.9375037  0.9431696  0.9308073
 0.95002425 0.9398893  0.9339515  0.9504142  0.9357586  0.94450986
 0.9441411  0.9328655  0.95085895 0.9426109 ]",195.20368099212646,226.7723766490805
