model,training_size,sensitivity,distribution,solver,step_size,hamiltonian_error,reversibility_error,time,ess
HMC,0.1,autograd,banana,SynchronousLeapfrog,0.1,"[0.9315841  0.97505283 0.9895402  0.88189495 0.9145527  0.95317006
 0.88885784 0.9277111  0.93437946 0.8675902  0.922449   0.73181057
 0.94769394 0.7256314  0.94378424 0.942289   0.95050704 0.9175948
 0.90937585 0.95226574 0.9857851  0.96298444 0.90701187 0.9011582
 0.94877446 0.971753   0.9518914  0.86306703 0.9212159  0.9241593
 0.9693564  0.92591393 0.87739086 0.95191336 0.8977663  0.9352948
 0.9281346  0.925249   0.96053666 0.9676199  0.9721936  0.9700273
 0.9834647  0.85175145 0.8980441  0.8603572  0.8226694  0.9410335
 0.8845817  0.9604908  0.90224075 0.9031088  0.98338526 0.83377516
 0.9325588  0.9491247  0.9188387  0.8764872  0.93491477 0.9032328
 0.9192444  0.92650336 0.9121436  0.95884025 0.9479832  0.9451167
 0.97579545 0.9724616  0.9596882  0.8499643  0.8900142  0.9613123
 0.95666015 0.8656142  0.9090959  0.8990178  0.9454934  0.98877734
 0.89140546 0.86229897 0.9620111  0.9490273  0.91794765 0.9584629
 0.97280616 0.96417797 0.7731897  0.83827245 0.9985547  0.9474861
 0.92945164 0.93996966 0.9261141  0.84026307 0.8851347  0.9899394
 0.94073075 0.9476875  0.9355185  0.8314795 ]",3.783798e-13,20.364065170288086,1.4962419769826643
NNgHMC,0.1,autograd,banana,SynchronousLeapfrog,0.1,"[0.9378333  0.9159462  0.8892471  0.30792558 0.7153911  0.97152394
 0.26826268 0.79692096 0.9586532  0.1856724  0.91308796 0.38722953
 0.75800216 2.1906219  0.9296907  0.94931984 0.6756675  0.73239654
 0.6415446  0.86378646 0.9662273  0.75790423 0.8815848  0.9040588
 0.86674047 0.9663696  0.8568127  0.8313267  0.879189   0.69427454
 0.95393723 0.5544121  0.44367012 0.6107764  0.88801086 0.5328876
 0.7514894  0.49783656 0.8914224  0.9086081  0.95986795 0.9704156
 0.9840535  0.5669291  0.8880625  0.08586397 0.1665252  0.8329937
 0.9118292  0.5407755  0.5030205  0.28128627 0.98309076 0.5351761
 0.93644047 0.7813112  0.5068211  1.293756   0.47481775 0.7783747
 0.06292488 0.8599911  0.85224473 0.5914543  0.7931098  0.13973923
 0.9631009  0.91725445 0.86357856 0.9578473  0.8848672  0.91584605
 0.95113677 0.8491933  0.1635397  0.8817415  0.85719085 0.9919681
 0.88071966 0.27769077 0.975701   0.94717836 0.9101696  0.75881547
 0.97259486 0.9684064  0.75033396 0.87383497 0.9969041  0.92237484
 0.08185615 0.59097034 0.17615536 0.8458686  0.5530549  0.9963864
 0.9599911  0.37347627 0.9572587  0.0234958 ]",5.647149e-15,15.781933546066284,6.764561299551193
NNODEgHMC,0.1,autograd,banana,SynchronousLeapfrog,0.1,"[0.93707556 0.9551398  0.9368581  0.4675417  0.7994477  0.9584214
 0.03184184 0.70613927 0.9646107  0.31190616 0.91246337 0.3238631
 0.8671133  1.8580875  0.9583721  0.94898355 0.74824715 0.8502988
 0.70722795 0.9099083  0.9836949  0.86758965 0.88528574 0.93219376
 0.77895373 0.9677552  0.8058175  0.8295671  0.85358256 0.5939455
 0.95342416 0.65922004 0.19938819 0.7513591  0.88844955 0.66182965
 0.6383027  0.603668   0.904264   0.9547384  0.9712693  0.97032523
 0.9844467  0.32459915 0.889446   0.0668675  0.256351   0.74652004
 0.92904586 0.70711017 0.5833996  0.49477208 0.98318756 0.6289868
 0.9166064  0.82608485 0.59476644 0.9028408  0.6610666  0.6873943
 0.29427457 0.79953754 0.83414    0.6949536  0.64465344 0.38973945
 0.9645121  0.8589736  0.79002225 0.6861094  0.8853806  0.95268196
 0.9483534  0.8503232  0.3742342  0.9142002  0.7690071  0.99103916
 0.8818134  0.08806058 0.94341993 0.94665194 0.9108138  0.8665382
 0.9727601  0.96751297 0.8181542  0.89972305 0.99833363 0.87500685
 0.13360399 0.74765223 0.38369936 0.7877302  0.41340446 0.993266
 0.9282496  0.5522233  0.9158467  0.34105104]",2.7379219e-11,27.278611421585083,1.4009386937627035
Explicit NNODEgHMC,0.1,autograd,banana,SynchronousLeapfrog,0.1,"[0.93041253 0.9763345  0.97646856 0.6005966  0.8987767  0.95598555
 0.1170581  0.44792756 0.90251386 0.45330152 0.9141512  0.26375133
 0.8322791  1.4124477  0.9579505  0.9422908  0.81391877 0.91058916
 0.760945   0.95075    0.98059285 0.87430334 0.8932451  0.94635856
 0.53058076 0.96356666 0.7537458  0.8345968  0.82654655 0.43378696
 0.9631227  0.7966027  0.2544498  0.79610765 0.87882537 0.7763412
 0.36145782 0.7408206  0.9350985  0.9692048  0.97472686 0.96997166
 0.98149145 0.03166823 0.8851332  0.27249816 0.37897986 0.57863665
 0.9073877  0.6943034  0.6601152  0.45031732 0.9829302  0.73716545
 0.8542773  0.88583946 0.68361825 1.0531977  0.551191   0.41185957
 0.35418305 0.6609629  0.8130202  0.8317332  0.65446895 0.24625616
 0.9682921  0.71374595 0.6616496  0.24948439 0.8835901  0.9603919
 0.9433111  0.8475189  0.45000488 0.9208703  0.4892157  0.9808339
 0.8788451  0.24162887 0.79925144 0.9447907  0.9083244  0.91169655
 0.9718456  0.9638254  0.8504652  0.9050306  0.99828166 0.6849922
 0.4294146  0.6899573  0.4760178  0.8243579  0.06709141 0.9877615
 0.82222885 0.65741843 0.7353131  0.20631222]",7.566526e-11,47.88624906539917,1.5324654633263477
SymplecticNNgHMC,0.1,autograd,banana,SynchronousLeapfrog,0.1,"[  303.66116   2901.4792    3569.4702      37.522667  4928.986
    18.9519      48.206326  2641.8286     288.8052     719.474
  5427.9976    5708.582       37.061012   555.5697    2075.5679
  1307.601     3893.5137    4790.335     4663.8623    1057.0807
  1616.8689      43.268425 15296.6045    2127.0942     919.8446
  4331.709     3907.25      3771.9023    7359.3125    2104.0918
  7793.0312    4384.7954      25.489859   106.10342    723.24866
  2426.3638    1722.908     2615.08      3830.8289      99.94682
  7262.323    10689.857     3406.727      391.1512    1231.1165
  5411.91       573.63306   2028.7644    3304.8306     158.89267
  2849.7566     264.28625   6819.949     1878.7808    3462.5242
   251.03806   2120.227      173.26807     58.01632   1100.5576
   110.703064  3685.4707    5103.9434    4785.1655      22.388388
    37.660313  6096.9834    1439.6189    1117.251     1508.4789
  1550.2891    3658.3037    9848.25      3108.522      240.93652
  6168.203     1427.3256    2667.5054    3954.6538    6181.6123
   897.53723  10954.891     6636.3984     319.28827   7522.0938
  2672.602       25.594452  1452.5668    6464.5874    1070.4131
   848.9975     149.68016    774.8347      50.28524   1620.6498
  4996.503     2159.3237     422.6413     980.5802      18.385305]",570.5365,59.19239354133606,5700.0
GSymplecticNNgHMC,0.1,autograd,banana,SynchronousLeapfrog,0.1,"[0.93121564 0.9709116  0.96563214 0.6277035  0.84251106 0.92078173
 0.19575334 0.6583111  0.9473214  0.4753296  0.91090316 0.28364992
 0.9151432  1.6379713  0.96771514 0.9413341  0.803648   0.9129528
 0.7574426  0.93478656 0.98620594 0.9239789  0.8982314  0.9457113
 0.7137167  0.9653486  0.7688358  0.8314991  0.8287813  0.5200114
 0.959578   0.7369451  0.1378696  0.8368143  0.877252   0.7755054
 0.5902466  0.6844918  0.9307493  0.96950996 0.97246855 0.9695961
 0.9805937  0.17401993 0.8833535  0.21696095 0.395025   0.6988144
 0.9280826  0.82067955 0.64128983 0.66683215 0.982799   0.6932184
 0.86083734 0.88683385 0.65733683 0.51001537 0.7546797  0.6072039
 0.46190295 0.75530785 0.81232184 0.7806453  0.52230805 0.54927945
 0.96918666 0.8047418  0.726725   0.42712134 0.88184583 0.9664835
 0.9425875  0.84729815 0.52907515 0.92598975 0.71906203 0.98297405
 0.87833357 0.11742224 0.9055359  0.94416445 0.9084298  0.93040943
 0.97182196 0.964826   0.8411936  0.9044568  0.9981505  0.8235036
 0.3095606  0.84651136 0.5466271  0.71775216 0.3251755  0.9871273
 0.8997716  0.6810765  0.87670374 0.4474334 ]",0.002250972,7.622072458267212,2.520191311386677
GradSymplecticNNgHMC,0.1,autograd,banana,SynchronousLeapfrog,0.1,"[3.65677834e+00 9.39207649e+00 9.09810448e+00 1.61290985e+02
 1.19635544e+02 3.52079163e+01 4.46652832e+01 1.06548576e+01
 1.96419964e+01 4.46374750e+00 1.25420511e+00 2.59532881e+00
 3.84653625e+01 1.24119930e+01 6.28996944e+00 3.91356587e-01
 7.82906342e+00 2.06661339e+01 1.03176117e+01 6.51216459e+00
 4.88618660e+00 3.22854614e+01 1.93247162e+02 3.75359726e+00
 1.02206192e+01 5.57478905e-01 1.01126003e+00 8.65411162e-01
 2.23560600e+01 3.86724520e+00 2.40579491e+01 4.03226852e+01
 3.59340019e+01 2.69361877e+01 1.98577404e-01 6.96406588e-02
 5.41022015e+00 6.47104979e+00 2.17580006e-01 1.64769304e+00
 3.38246002e+01 4.81340561e+01 5.38519263e-01 1.41354246e+01
 3.08210701e-01 6.65035095e+01 3.63438797e+00 4.05275106e+00
 1.66982498e+01 2.61816921e+01 2.58121395e+00 2.88108978e+01
 6.33884716e+00 4.09693909e+00 6.48204684e-01 7.96397328e-02
 2.58330631e+00 3.17618694e+01 4.15310287e+01 9.02875805e+00
 2.54938545e+01 1.34036617e+01 8.82560909e-01 4.88562698e+01
 3.61785507e+01 4.66385612e+01 4.40480661e+00 6.44919348e+00
 7.32629585e+00 1.93531780e+01 6.71449602e-02 3.10485287e+01
 3.71850433e+01 6.70660019e-01 2.16284466e+01 1.04207031e+02
 9.10684681e+00 5.76518536e-01 8.17610443e-01 1.64861740e+02
 1.03250484e+01 5.03899231e+01 4.47954559e+00 2.02678375e+01
 1.32677307e+01 4.06486653e-02 2.60000572e+01 6.02689934e+00
 7.33121252e+00 1.01145868e+01 1.27591171e+01 3.06757202e+01
 2.60916557e+01 4.22474022e+01 6.39725256e+00 1.04989529e+00
 4.72979307e+00 1.82604446e+01 9.71310997e+00 3.79155846e+01]",98.50697,81.27584886550903,5700.0
GradGSymplecticNNgHMC,0.1,autograd,banana,SynchronousLeapfrog,0.1,"[0.9345031  0.9713606  0.9652164  0.5717341  0.8194908  0.88934344
 0.44077903 0.6284467  0.93628633 0.43093562 0.9105977  0.23513743
 0.935583   1.6855824  0.96750563 0.93405426 0.8007447  0.91478395
 0.75417554 0.94477975 0.98412454 0.93005174 0.8905718  0.94598246
 0.6491406  0.96705574 0.73563623 0.82765627 0.824918   0.45460698
 0.9593893  0.7125943  0.0041906  0.8414637  0.8603138  0.7664897
 0.5184519  0.6791319  0.9282602  0.97108305 0.97246933 0.97091854
 0.9787187  0.15570596 0.8752493  0.14530174 0.35170364 0.6416248
 0.9300103  0.796013   0.6481286  0.6000415  0.98347014 0.70465374
 0.8638444  0.8704886  0.67101526 0.71492213 0.80365294 0.5581249
 0.44955784 0.74055904 0.79922503 0.7508782  0.40317893 0.5716466
 0.9694102  0.76632184 0.66159105 0.5366062  0.88409966 0.9654087
 0.9432645  0.84804535 0.50166094 0.9251003  0.6860046  0.98509264
 0.87629217 0.01100529 0.8790555  0.94611186 0.908461   0.9251525
 0.9729699  0.9620248  0.8582567  0.9085947  0.99794364 0.8064846
 0.27105892 0.8127208  0.4795955  0.65805304 0.24739045 0.98439926
 0.8820307  0.6565499  0.8503369  0.59439933]",0.00019428424,8.079496622085571,1.3085682030144807
HMC,0.1,autograd,gaussian,SynchronousLeapfrog,0.3,"[0.9295777  0.9480586  0.90053487 0.93221253 0.9545288  0.94226754
 0.8826067  0.95544976 0.9377103  0.9430876  0.9418678  0.947579
 0.93138826 0.9405047  0.9514595  0.93400353 0.9454624  0.92316425
 0.95363176 0.940684   0.959943   0.8467283  0.949753   0.9248292
 0.9091935  0.95776147 0.91827    0.953067   0.94338584 0.93946093
 0.94311017 0.9546461  0.94478273 0.89734185 0.9426106  0.96149063
 0.91903365 0.93462294 0.90937823 0.94596577 0.94409007 0.9288943
 0.9398154  0.9121455  0.93738985 0.9468918  0.9271323  0.9583293
 0.9506954  0.94980997 0.9340304  0.9467532  0.9403877  0.9439618
 0.9565557  0.94238544 0.9306842  0.922086   0.9557309  0.9609653
 0.9504077  0.94316596 0.938924   0.961709   0.93522406 0.94644994
 0.92578    0.93640155 0.9462621  0.9336506  0.9294679  0.9579896
 0.93810767 0.93891066 0.9537193  0.9586641  0.94882905 0.9229078
 0.9026828  0.9450201  0.9350831  0.94388247 0.93987644 0.95585936
 0.9270012  0.9239828  0.9230856  0.9419149  0.95777607 0.91753507
 0.9380516  0.9463259  0.94406265 0.957963   0.9375652  0.958835
 0.9149911  0.9436691  0.93987364 0.96229213]",4.61529e-15,17.339128732681274,2722.399408710577
NNgHMC,0.1,autograd,gaussian,SynchronousLeapfrog,0.3,"[0.92829555 0.94862986 0.8967078  0.93310773 0.9552736  0.9420726
 0.87947226 0.9557743  0.93787116 0.9444601  0.9419946  0.94767565
 0.9311284  0.9412718  0.95149535 0.9342408  0.94517577 0.92362165
 0.954324   0.9409379  0.96036637 0.84084433 0.94970465 0.92453027
 0.9067025  0.9580411  0.9173886  0.95406437 0.9433912  0.94027466
 0.9427339  0.95479715 0.94461477 0.8966832  0.9426421  0.96162766
 0.91647995 0.93427575 0.9071924  0.9466723  0.9437791  0.92934453
 0.9397572  0.91234934 0.9382061  0.94700694 0.9257476  0.9587285
 0.9507375  0.9497446  0.9342269  0.94662565 0.9408385  0.9455284
 0.95660484 0.94240826 0.92949283 0.9208869  0.955557   0.9608365
 0.95087045 0.944368   0.93903625 0.96188563 0.93499005 0.9468233
 0.92544734 0.93638515 0.9461273  0.9332797  0.9296207  0.95792353
 0.9377068  0.9388249  0.95399666 0.9587407  0.948856   0.9231586
 0.9014524  0.94558764 0.9343369  0.94432753 0.9396714  0.95577955
 0.92734516 0.9223547  0.92353964 0.9423419  0.9581604  0.91684836
 0.9389786  0.94674444 0.9442756  0.95794713 0.9381126  0.959064
 0.9158219  0.9435622  0.9395127  0.9624278 ]",5.2696274e-15,16.13714361190796,2707.023161442358
NNODEgHMC,0.1,autograd,gaussian,SynchronousLeapfrog,0.3,"[0.92854065 0.9485949  0.8972349  0.9329561  0.95497465 0.94210047
 0.880476   0.9557144  0.9378357  0.9442207  0.9421271  0.9475061
 0.9309102  0.94100684 0.9514095  0.93413705 0.9451512  0.9238464
 0.95417106 0.94075096 0.9602808  0.8347657  0.9497285  0.9245159
 0.9070109  0.95796174 0.9180009  0.9538671  0.94341254 0.9403628
 0.94317335 0.95469654 0.94469255 0.89550054 0.9428856  0.961631
 0.91643494 0.93428487 0.9073784  0.9466257  0.94409275 0.929163
 0.93991345 0.912152   0.93767834 0.9467251  0.92570984 0.95871943
 0.9509427  0.94976634 0.9341469  0.947062   0.9408924  0.9444437
 0.95666116 0.94246006 0.9294033  0.9220514  0.9555315  0.96076417
 0.95059586 0.9439111  0.9388437  0.9618942  0.9351562  0.9467012
 0.9256693  0.93594885 0.94617575 0.933506   0.9293956  0.95786923
 0.93771493 0.9391694  0.9538988  0.9587282  0.9487214  0.92319334
 0.9019871  0.945474   0.93460405 0.9444406  0.94006085 0.95593834
 0.9275131  0.92299545 0.92323625 0.9422089  0.95804155 0.91553676
 0.9395952  0.94663954 0.9439222  0.95804036 0.9380317  0.958897
 0.9150287  0.94380033 0.9395675  0.9624568 ]",2.4281145e-14,12.993391752243042,2694.8135685350594
Explicit NNODEgHMC,0.1,autograd,gaussian,SynchronousLeapfrog,0.3,"[0.9200201  0.949958   0.8759333  0.8285181  0.9207684  0.9103748
 0.8441248  0.94707173 0.92886245 0.9090084  0.9325118  0.9449744
 0.94200534 0.82948494 0.9482748  0.9324547  0.9288718  0.9122486
 0.95621294 0.89516294 0.95279044 0.766936   0.94981664 0.8315811
 0.8687221  0.9531865  0.8855442  0.94369096 0.9495682  0.90428793
 0.9146835  0.95662296 0.9137456  0.86704487 0.92341995 0.9592972
 0.8882114  0.9251298  0.90922344 0.8880613  0.92656535 0.9311337
 0.940523   0.8782171  0.9258041  0.94477075 0.9312412  0.94993514
 0.9424863  0.91629267 0.9268656  0.92994785 0.9349121  0.92232835
 0.9453591  0.9397666  0.93589133 0.9258971  0.94823503 0.96013755
 0.9063129  0.9060706  0.937019   0.95879114 0.9207778  0.9390092
 0.8472656  0.94049084 0.94545174 0.8395585  0.9209322  0.9578202
 0.9350354  0.92743707 0.9482268  0.95688456 0.94388247 0.90695065
 0.88938    0.92611665 0.92606306 0.92944926 0.94110036 0.94495773
 0.9127277  0.85226077 0.91105795 0.939157   0.9582588  0.83811206
 0.8996022  0.95067215 0.9478161  0.9557358  0.9152789  0.9587506
 0.9129404  0.9449069  0.9307002  0.9573328 ]",3.1564473e-13,20.633241415023804,132.17144046156082
SymplecticNNgHMC,0.1,autograd,gaussian,SynchronousLeapfrog,0.3,"[1.2827698e+03 3.1311169e+02 3.1563091e+03 7.6956499e+03 5.3618066e+03
 1.4190622e+02 5.9522046e+03 7.4935474e+02 1.5505678e+04 6.8014423e+02
 2.0456257e+03 3.2867041e+03 9.2394958e+02 4.0411941e+03 2.1244431e+03
 2.2348273e+04 9.6315399e+02 1.3444207e+03 6.3874524e+02 1.1383725e+04
 3.2165833e+02 4.3050679e+03 3.5824363e+03 8.3000732e+03 1.6602512e+04
 2.9059695e+03 5.5870449e+03 2.4928149e+03 6.8468256e+02 8.5191230e+03
 6.4072412e+03 1.8835586e+03 5.2057695e+03 1.2441791e+03 3.5287588e+03
 3.9377374e+02 8.1833818e+03 1.4282074e+04 1.0784485e+03 4.6031995e+02
 5.4878047e+03 7.8761250e+03 6.5056719e+03 9.1209805e+03 6.7763047e+03
 3.7517670e+02 1.1115884e+03 1.3635427e+03 5.6198740e+03 1.3528743e+03
 3.5032920e+03 3.5023674e+01 4.5249033e+03 3.0310684e+03 9.4155598e+00
 1.1724292e+03 1.6860172e+02 1.2694133e+03 1.2750821e+02 1.1950705e+02
 3.6392133e+02 7.3690811e+03 7.3111328e+02 1.7296365e+03 3.9562273e+03
 2.6616443e+02 1.6370293e+03 4.6095991e+03 1.2518162e+04 1.2012814e+03
 1.8387430e+03 3.5638110e+02 3.2162090e+03 1.0397121e+02 3.1042847e+03
 5.2804834e+02 5.5933289e+02 2.2286860e+03 2.1328469e+04 5.3187090e+03
 1.3992352e+04 1.6923082e+04 5.1339087e+02 2.5508041e+02 2.7597585e+03
 2.4452326e+04 1.0223593e+04 7.1516680e+03 2.4831143e+03 4.0419771e+03
 1.1865925e+03 1.3353535e+03 2.5214141e+03 6.2111548e+02 2.3358728e+03
 3.5072546e+03 4.5550547e+03 1.2779479e+03 5.3665337e+03 7.3019943e+00]",1.4049681e+11,20.847014904022217,1900.0
GSymplecticNNgHMC,0.1,autograd,gaussian,SynchronousLeapfrog,0.3,"[0.93761843 0.95153826 0.9122824  0.92955637 0.9492656  0.9299297
 0.8859967  0.9550303  0.9387065  0.94866294 0.9454376  0.94805616
 0.93727756 0.94083047 0.9520065  0.9328787  0.938282   0.9266502
 0.95544636 0.9434449  0.96131074 0.86061597 0.95127535 0.9185946
 0.916259   0.95803946 0.91969174 0.9524328  0.94742    0.93905234
 0.9443225  0.9566555  0.94252366 0.9069319  0.94381094 0.9615917
 0.91880006 0.9432289  0.92165136 0.94677675 0.94358605 0.9300808
 0.9419562  0.9117672  0.93974864 0.94732106 0.94074005 0.9594531
 0.95248526 0.9504868  0.93876123 0.939983   0.94280356 0.94019985
 0.9571299  0.9418759  0.93374795 0.9353881  0.9533416  0.9611615
 0.9504322  0.9337408  0.93837535 0.9619469  0.938126   0.9480524
 0.9240281  0.9414505  0.9456525  0.93005025 0.93073213 0.9585751
 0.9463037  0.9385798  0.9535324  0.95946383 0.9478229  0.9244261
 0.8997973  0.9404819  0.9263605  0.94673395 0.9409384  0.95616525
 0.9279778  0.91193736 0.9282658  0.9454226  0.9585246  0.9133474
 0.9358591  0.95026326 0.94751036 0.9583186  0.93812466 0.9605665
 0.9233138  0.9469403  0.93812245 0.9615885 ]",0.036945447,6.183068037033081,19.25042349098416
GradSymplecticNNgHMC,0.1,autograd,gaussian,SynchronousLeapfrog,0.3,"[1.2827698e+03 3.1311169e+02 3.1563091e+03 7.6956499e+03 5.3618066e+03
 1.4190622e+02 5.9522046e+03 7.4935474e+02 1.5505678e+04 6.8014423e+02
 2.0456257e+03 3.2867041e+03 9.2394958e+02 4.0411941e+03 2.1244431e+03
 2.2348273e+04 9.6315399e+02 1.3444207e+03 6.3874524e+02 1.1383725e+04
 3.2165833e+02 4.3050679e+03 3.5824363e+03 8.3000732e+03 1.6602512e+04
 2.9059695e+03 5.5870449e+03 2.4928149e+03 6.8468256e+02 8.5191230e+03
 6.4072412e+03 1.8835586e+03 5.2057695e+03 1.2441791e+03 3.5287588e+03
 3.9377374e+02 8.1833818e+03 1.4282074e+04 1.0784485e+03 4.6031995e+02
 5.4878047e+03 7.8761250e+03 6.5056719e+03 9.1209805e+03 6.7763047e+03
 3.7517670e+02 1.1115884e+03 1.3635427e+03 5.6198740e+03 1.3528743e+03
 3.5032920e+03 3.5023674e+01 4.5249033e+03 3.0310684e+03 9.4155598e+00
 1.1724292e+03 1.6860172e+02 1.2694133e+03 1.2750821e+02 1.1950705e+02
 3.6392133e+02 7.3690811e+03 7.3111328e+02 1.7296365e+03 3.9562273e+03
 2.6616443e+02 1.6370293e+03 4.6095991e+03 1.2518162e+04 1.2012814e+03
 1.8387430e+03 3.5638110e+02 3.2162090e+03 1.0397121e+02 3.1042847e+03
 5.2804834e+02 5.5933289e+02 2.2286860e+03 2.1328469e+04 5.3187090e+03
 1.3992352e+04 1.6923082e+04 5.1339087e+02 2.5508041e+02 2.7597585e+03
 2.4452326e+04 1.0223593e+04 7.1516680e+03 2.4831143e+03 4.0419771e+03
 1.1865925e+03 1.3353535e+03 2.5214141e+03 6.2111548e+02 2.3358728e+03
 3.5072546e+03 4.5550547e+03 1.2779479e+03 5.3665337e+03 7.3019943e+00]",1.4049681e+11,29.422403573989868,1900.0
GradGSymplecticNNgHMC,0.1,autograd,gaussian,SynchronousLeapfrog,0.3,"[0.93172044 0.94758856 0.9017722  0.9350197  0.9555434  0.94607294
 0.8831527  0.9562356  0.9391911  0.9429802  0.9409479  0.94774866
 0.93370384 0.9456924  0.95170236 0.9348237  0.9483737  0.92466915
 0.95279646 0.94131297 0.96043843 0.85149276 0.9503331  0.93032426
 0.91131425 0.95840585 0.9214268  0.9518728  0.94269466 0.94078726
 0.94609785 0.9546083  0.94565475 0.9009232  0.9449625  0.9614134
 0.9211351  0.93515146 0.9103858  0.9496515  0.9449806  0.9291363
 0.9401045  0.91308016 0.93979347 0.94802046 0.926815   0.95870936
 0.9520292  0.95309085 0.93627614 0.9484126  0.9414085  0.9443364
 0.95744133 0.94358206 0.9343669  0.9215657  0.95702475 0.96121347
 0.95195377 0.9450978  0.9392454  0.96158046 0.93687487 0.9468422
 0.9314331  0.9383296  0.94642925 0.93877494 0.930576   0.9579991
 0.93763846 0.93863106 0.9545223  0.95918274 0.9495489  0.9230978
 0.9040307  0.946151   0.9375781  0.9439754  0.9422598  0.9569268
 0.9287915  0.9294765  0.92594564 0.9427972  0.9570042  0.9179715
 0.93851554 0.9460265  0.9445956  0.9583931  0.9388547  0.95892185
 0.9187465  0.94394964 0.9404925  0.9620848 ]",0.05471315,7.208477258682251,14.625896953101062
HMC,0.1,autograd,high_dimensional_gaussian,SynchronousLeapfrog,0.1,"[0.9344958  0.94257784 0.92875826 0.9406926  0.942775   0.933475
 0.93336487 0.9348962  0.93058896 0.9438108  0.93694293 0.9281553
 0.937833   0.94231045 0.9317593  0.9465699  0.9343114  0.9383153
 0.9368951  0.9371659  0.9344157  0.9436757  0.9325967  0.93738884
 0.94142693 0.9383888  0.93685883 0.93786305 0.936093   0.9419646
 0.93521035 0.9378869  0.9424421  0.9405875  0.93136966 0.94279337
 0.9383645  0.93439263 0.943011   0.93829817 0.9383794  0.9329599
 0.94268525 0.9299835  0.94075596 0.928936   0.94632185 0.93910444
 0.93801117 0.93968695 0.9365131  0.93579483 0.93409014 0.9407295
 0.9398416  0.9294285  0.9313242  0.93555975 0.9433815  0.9414325
 0.939958   0.931127   0.93162954 0.9410245  0.9392201  0.9383004
 0.942798   0.9300126  0.93169737 0.93826497 0.93658435 0.9373161
 0.94172776 0.9462279  0.93829465 0.9370572  0.93988645 0.9355175
 0.93886185 0.92241454 0.9379379  0.9341115  0.94368184 0.93672824
 0.9297711  0.9381851  0.94120836 0.9415115  0.9378022  0.93797624
 0.93275565 0.93222797 0.9250711  0.92321813 0.9329459  0.9342496
 0.9290241  0.93037075 0.9347019  0.9358448 ]",1.4289015e-15,49.58758020401001,353.77453188826047
NNgHMC,0.1,autograd,high_dimensional_gaussian,SynchronousLeapfrog,0.1,"[0.9343662  0.9425747  0.92859197 0.94059694 0.9427134  0.9333606
 0.9332241  0.93478763 0.9304218  0.94383323 0.93683994 0.9279687
 0.93774956 0.9423237  0.93157136 0.94657516 0.9341892  0.9382516
 0.9368579  0.9371171  0.9343152  0.9436587  0.93228555 0.9372964
 0.9413344  0.93833184 0.93676555 0.93776643 0.9360091  0.9419435
 0.9350106  0.937835   0.9424268  0.94054174 0.93111336 0.94278276
 0.9382572  0.93422335 0.9429573  0.9382388  0.9383602  0.9327563
 0.94265836 0.92979145 0.9407693  0.92875934 0.9463321  0.93901765
 0.93797797 0.93966264 0.9364287  0.935729   0.9339447  0.9406761
 0.9397998  0.92936933 0.93109167 0.9354025  0.94337404 0.9414031
 0.93993807 0.9308642  0.93137264 0.9410061  0.9391664  0.9381697
 0.9427313  0.92974484 0.93157625 0.93824565 0.9365408  0.9372365
 0.94171804 0.94623536 0.93822086 0.9370307  0.93985146 0.9354407
 0.9387528  0.92204285 0.9377951  0.9339251  0.9436679  0.9365996
 0.9295366  0.9380102  0.94117594 0.94150496 0.93768823 0.93792117
 0.93256557 0.9320767  0.9245994  0.92273855 0.93288344 0.9340644
 0.9286338  0.93004817 0.9345383  0.93568486]",1.5291873e-15,46.478583574295044,328.44782437254304
NNODEgHMC,0.1,autograd,high_dimensional_gaussian,SynchronousLeapfrog,0.1,"[0.93432397 0.9425575  0.92862916 0.940639   0.94272935 0.9334054
 0.9332676  0.93481565 0.9303895  0.943789   0.93681735 0.9279438
 0.9377531  0.9423129  0.9316238  0.94660556 0.93414927 0.9382671
 0.9368369  0.9371195  0.93430126 0.94365835 0.93235767 0.9372999
 0.94130695 0.9383081  0.9367118  0.9377925  0.9359839  0.94195163
 0.93500984 0.9377885  0.94244385 0.94056606 0.93113315 0.9427843
 0.93826765 0.9342873  0.94298    0.9381908  0.9383584  0.9327531
 0.9426281  0.92973983 0.94075483 0.92872804 0.94633406 0.93902874
 0.93799484 0.93961    0.93644416 0.93569326 0.93396115 0.9406786
 0.93976545 0.92929685 0.9310734  0.9354073  0.9433675  0.94143057
 0.9399532  0.93079555 0.931422   0.94100094 0.93916243 0.9381895
 0.94275093 0.9298066  0.93156767 0.93819374 0.936536   0.93719405
 0.9416517  0.9462511  0.93820184 0.9370634  0.939854   0.935388
 0.9387754  0.92214555 0.9378125  0.9338977  0.9436785  0.9366018
 0.92958754 0.93802583 0.94115156 0.94150186 0.9377394  0.9379202
 0.93253726 0.9320239  0.92462075 0.9227886  0.9328517  0.9340474
 0.9287035  0.9301383  0.93452823 0.935671  ]",1.3273297e-14,36.457923889160156,321.4380592962923
Explicit NNODEgHMC,0.1,autograd,high_dimensional_gaussian,SynchronousLeapfrog,0.1,"[0.93015134 0.94081354 0.9238639  0.9387927  0.9415525  0.9299922
 0.9305412  0.9329271  0.9267303  0.94155234 0.93331456 0.92534226
 0.93675673 0.94007576 0.9291705  0.94569916 0.9322197  0.93579495
 0.9339169  0.93473005 0.9321283  0.9415517  0.9286047  0.9358796
 0.9389298  0.9367354  0.93143773 0.9353169  0.93338597 0.94088954
 0.9315426  0.9369788  0.940351   0.9374398  0.92572945 0.94150746
 0.9351246  0.92982805 0.9402003  0.9373131  0.9363303  0.9296124
 0.9396698  0.92763495 0.93889034 0.92511785 0.9444674  0.9368113
 0.93500566 0.9382825  0.93448126 0.9338006  0.9303273  0.9374172
 0.9375346  0.9266499  0.9279423  0.9324417  0.9416258  0.9394225
 0.93678904 0.928616   0.92821634 0.94033146 0.9365238  0.93641585
 0.941133   0.92577875 0.9304611  0.93648523 0.93294716 0.9341589
 0.94069755 0.9437814  0.9369094  0.9347231  0.93641734 0.9321692
 0.9370283  0.9186248  0.9350719  0.9303095  0.9420047  0.93353605
 0.9235038  0.93546885 0.93816936 0.939981   0.9349424  0.93583477
 0.92806864 0.9293744  0.92218804 0.9203166  0.9310252  0.93347406
 0.92605376 0.92538404 0.93178385 0.93382835]",1.7753694e-14,58.67899966239929,63.01196653090806
SymplecticNNgHMC,0.1,autograd,high_dimensional_gaussian,SynchronousLeapfrog,0.1,"[0.92190194 0.9335331  0.9284742  0.9286911  0.93690145 0.9347283
 0.92637587 0.93411225 0.92626274 0.93693197 0.93323296 0.92819023
 0.9348999  0.94225204 0.92152154 0.9404237  0.92429584 0.93149793
 0.93227595 0.93421555 0.91984004 0.94227433 0.92228305 0.93567055
 0.9342996  0.9285195  0.93072957 0.93529147 0.93329096 0.93980616
 0.93480015 0.9358654  0.9423625  0.93119156 0.92477816 0.93947303
 0.9336567  0.9281716  0.9377255  0.9342207  0.9318253  0.91681457
 0.93921584 0.92099446 0.9208602  0.9238465  0.9410798  0.9340935
 0.93288076 0.9387225  0.9318082  0.9362294  0.9296211  0.94029796
 0.93806094 0.9290489  0.9268591  0.9336876  0.9340219  0.94038934
 0.93659735 0.92872643 0.92802763 0.9352276  0.93378615 0.9372704
 0.9428413  0.9253744  0.9272291  0.93353224 0.92422026 0.9308445
 0.9378638  0.9399313  0.9371351  0.93367404 0.9320116  0.9290898
 0.9388522  0.92093754 0.9313717  0.9315108  0.937189   0.9319946
 0.9234737  0.9345846  0.9384753  0.93475145 0.9344157  0.9238759
 0.929239   0.9261109  0.92089593 0.9115133  0.9194621  0.93057936
 0.9151381  0.9248799  0.9205696  0.9354551 ]",0.3577873,69.0410566329956,5.029867023108656
GSymplecticNNgHMC,0.1,autograd,high_dimensional_gaussian,SynchronousLeapfrog,0.1,"[0.93502665 0.9426788  0.928787   0.9408228  0.9429068  0.93353695
 0.9332837  0.9348606  0.9307294  0.9438469  0.9370154  0.92829263
 0.937987   0.94216746 0.9314188  0.9467723  0.93407506 0.93821067
 0.9370648  0.9368557  0.93426675 0.94372416 0.93234956 0.93759334
 0.94188356 0.9380053  0.9367217  0.93791986 0.93605536 0.94228065
 0.93509454 0.9375609  0.94248724 0.9407934  0.9321623  0.9427341
 0.9385117  0.9342084  0.94289625 0.9384093  0.9380681  0.9331775
 0.94254375 0.92982566 0.94080687 0.9292609  0.9461438  0.9390024
 0.9377254  0.93975866 0.9363825  0.93563604 0.93422717 0.94071716
 0.9397949  0.9293212  0.93159294 0.9358575  0.94354725 0.9415805
 0.9397483  0.93119663 0.93163395 0.9410142  0.9391367  0.9383449
 0.94303244 0.9301866  0.9317428  0.93822753 0.9364278  0.9374919
 0.9418036  0.94616556 0.938204   0.93726885 0.9397913  0.9356177
 0.9386382  0.92214817 0.93786186 0.9341612  0.94342846 0.936924
 0.92956495 0.93835825 0.94104564 0.94131917 0.93800443 0.938013
 0.9329934  0.93242824 0.924723   0.92352533 0.93302274 0.93398523
 0.9289155  0.93038225 0.9347543  0.93587756]",0.0074792625,18.16946291923523,120.22781013674675
GradSymplecticNNgHMC,0.1,autograd,high_dimensional_gaussian,SynchronousLeapfrog,0.1,"[0.93426216 0.9422846  0.92924404 0.93929005 0.9424831  0.9314437
 0.9320976  0.9338457  0.93110317 0.94176185 0.9355006  0.9264213
 0.9379195  0.9428402  0.93139875 0.9467122  0.93385017 0.9381051
 0.9361539  0.9370289  0.93419015 0.94365185 0.9323796  0.9379613
 0.9400789  0.9382024  0.9364983  0.93687695 0.9365317  0.94099927
 0.9359926  0.9368957  0.94173706 0.93942994 0.930371   0.94331205
 0.9372381  0.9336337  0.94256663 0.9383284  0.93839145 0.93248963
 0.9423455  0.92909193 0.9396136  0.9308157  0.9458472  0.9389863
 0.9381692  0.93905795 0.93847203 0.93620014 0.93288887 0.94074905
 0.93883276 0.9279768  0.93137854 0.9341544  0.94278777 0.9410839
 0.93933123 0.9317422  0.93216246 0.9406685  0.93956757 0.9386177
 0.94260854 0.9284953  0.93183297 0.9372177  0.93380183 0.937278
 0.9417765  0.9461942  0.9384173  0.9355904  0.9390925  0.9343437
 0.93947065 0.91870683 0.937051   0.932323   0.9426319  0.93614167
 0.92988384 0.93750596 0.941847   0.94109035 0.9368609  0.9353801
 0.9311075  0.93190646 0.9262692  0.9224617  0.93199635 0.9340403
 0.9282612  0.9287896  0.9329504  0.935483  ]",0.2701228,95.8797538280487,2.7717311189657705
GradGSymplecticNNgHMC,0.1,autograd,high_dimensional_gaussian,SynchronousLeapfrog,0.1,"[0.9346954  0.94283617 0.9289689  0.94077194 0.94297475 0.93381774
 0.9338131  0.9351362  0.9308561  0.94398725 0.9372625  0.9284188
 0.9381572  0.94247335 0.932076   0.9467486  0.93446016 0.9385966
 0.93739605 0.93756074 0.934657   0.94390744 0.9329149  0.9375705
 0.941555   0.93844306 0.93716073 0.9380032  0.93625    0.942208
 0.9355323  0.9382056  0.942605   0.94084597 0.9315626  0.94303393
 0.9385664  0.9346916  0.9432072  0.9385664  0.9386077  0.9332371
 0.94292533 0.93009734 0.94070995 0.9293966  0.9464299  0.9392308
 0.938265   0.9399726  0.9368207  0.93591183 0.93454933 0.9409883
 0.9402489  0.92998284 0.9315556  0.9358845  0.9435315  0.94177616
 0.9402261  0.9314408  0.93187946 0.9412715  0.9394235  0.9385947
 0.9430508  0.93047655 0.9320616  0.938537   0.93682927 0.9376153
 0.9419815  0.94629085 0.9386257  0.9374242  0.940073   0.93593657
 0.9390724  0.9226135  0.93832433 0.93440455 0.94388115 0.9370453
 0.93018913 0.93854445 0.94153476 0.94160175 0.93803394 0.93831205
 0.9330942  0.9326877  0.925409   0.9238326  0.93340635 0.93458545
 0.9294195  0.9308316  0.93511367 0.93613386]",0.0026348832,29.543148279190063,105.25386651250399
HMC,0.1,autograd,normal_normal,SynchronousLeapfrog,0.1,"[0.9419713  0.93967456 0.9297793  0.93966806 0.9120389  0.94961715
 0.95286006 0.94392747 0.928661   0.9400296  0.9522556  0.90814567
 0.9358915  0.9382409  0.94075763 0.94707745 0.9514103  0.928864
 0.95425737 0.9398617  0.9500806  0.9427699  0.9479529  0.9448103
 0.952114   0.938122   0.92938346 0.94952023 0.9384546  0.9219648
 0.9410369  0.9463192  0.9443313  0.95074797 0.9262359  0.95028126
 0.93458486 0.906227   0.9493997  0.90439355 0.9482479  0.93533945
 0.9467602  0.9411778  0.9477942  0.9494464  0.9495179  0.9448967
 0.91986406 0.9210528  0.9065296  0.94962597 0.94067955 0.93173236
 0.9495758  0.952697   0.904899   0.94624233 0.9224054  0.9217474
 0.9360646  0.9477781  0.90530133 0.94730234 0.95116585 0.94848585
 0.9545746  0.95482016 0.8825302  0.9385737  0.94016826 0.9375528
 0.9362115  0.93187875 0.9513957  0.9452853  0.9120536  0.94755507
 0.9426249  0.9365138  0.9555475  0.93730056 0.94025326 0.9488938
 0.94893116 0.9233715  0.9179621  0.94286406 0.95062006 0.95458287
 0.951983   0.93314475 0.93711394 0.9110489  0.9174875  0.95367014
 0.9087423  0.9364151  0.93878764 0.9188821 ]",2.13312e-15,80.16723418235779,469.8560873380105
NNgHMC,0.1,autograd,normal_normal,SynchronousLeapfrog,0.1,"[0.94150466 0.93974864 0.92989033 0.9398048  0.9023379  0.94973946
 0.9528856  0.9433273  0.9285879  0.93990266 0.9525361  0.9057827
 0.9358109  0.9383657  0.93993175 0.9472267  0.95141315 0.9280846
 0.95424974 0.9398634  0.95000243 0.94286555 0.9477962  0.94458693
 0.9522545  0.93808836 0.9271528  0.94969976 0.9385583  0.92208767
 0.94106215 0.94637144 0.94404244 0.950786   0.9265408  0.9509834
 0.93254125 0.9061109  0.94933987 0.903454   0.94871616 0.93541545
 0.9468756  0.9411063  0.94796675 0.94939464 0.9495896  0.9447764
 0.91874164 0.9211534  0.90662706 0.9498409  0.94073814 0.93163633
 0.9495748  0.9523756  0.9048624  0.94723463 0.92274964 0.92208433
 0.93593526 0.94775933 0.9066988  0.94722646 0.95128006 0.94842947
 0.9545741  0.95472217 0.8832194  0.93855953 0.9404887  0.9374275
 0.9350113  0.9315933  0.95139134 0.9464223  0.9091906  0.94768417
 0.9427117  0.93623847 0.9555259  0.93728036 0.9403281  0.9489357
 0.94930613 0.9256055  0.91774434 0.94315326 0.95069546 0.9545908
 0.9519891  0.93046343 0.93698525 0.9112374  0.91728485 0.9536106
 0.9086458  0.93666637 0.93948114 0.91951275]",1.0160622e-15,65.11827325820923,451.3047438771429
NNODEgHMC,0.1,autograd,normal_normal,SynchronousLeapfrog,0.1,"[0.9416051  0.939738   0.9298841  0.9398645  0.90514064 0.9498088
 0.9528575  0.94323707 0.92855346 0.9399345  0.95248574 0.9069967
 0.9357978  0.9384181  0.93989915 0.9472748  0.95143795 0.92810833
 0.9542505  0.9399226  0.9500453  0.94285524 0.947804   0.94459623
 0.952227   0.93807906 0.9277     0.9496557  0.9385557  0.9220128
 0.94106054 0.946388   0.9438796  0.9508003  0.92651737 0.9509125
 0.9330336  0.9060092  0.94935197 0.9033572  0.9486841  0.9353789
 0.9469093  0.94118404 0.94805825 0.9493537  0.94951934 0.9447648
 0.91881645 0.92102623 0.9064364  0.9497911  0.9407205  0.93173885
 0.9496455  0.9524192  0.9044652  0.94718313 0.9225497  0.92220473
 0.9359201  0.947684   0.9067565  0.94718826 0.9513341  0.9484401
 0.9545886  0.9547348  0.883342   0.93849486 0.94052947 0.9374747
 0.9355127  0.93169445 0.9513668  0.9463177  0.91081274 0.9477353
 0.94273233 0.9365942  0.9555113  0.9372866  0.9403116  0.9489305
 0.94927996 0.92527294 0.9181932  0.94315237 0.9507197  0.9545657
 0.95202017 0.9309397  0.9369668  0.9112002  0.91726846 0.9535848
 0.90865946 0.9368488  0.9395902  0.92015284]",1.847836e-14,41.471593618392944,411.4541510961841
Explicit NNODEgHMC,0.1,autograd,normal_normal,SynchronousLeapfrog,0.1,"[0.9430083  0.93945193 0.9278003  0.93976897 0.88884866 0.9489149
 0.9528057  0.93635    0.92411983 0.93948746 0.95176697 0.9019084
 0.9309977  0.93785757 0.93195105 0.9466111  0.95114934 0.9157351
 0.95423067 0.9379487  0.9484929  0.94085306 0.9482964  0.9447042
 0.95138586 0.93378925 0.9184691  0.9470498  0.93809    0.91677827
 0.939727   0.94296503 0.94023293 0.95029855 0.9212396  0.94912946
 0.91806304 0.90022373 0.9469594  0.89405715 0.94719243 0.9327244
 0.9454734  0.9379592  0.9471096  0.94954073 0.9489989  0.9383415
 0.91034496 0.9165443  0.900874   0.9473135  0.9384691  0.9292425
 0.94793594 0.95290864 0.89162797 0.9416992  0.91346014 0.9200206
 0.93204796 0.9427389  0.9028403  0.94733155 0.9504372  0.9492409
 0.9545194  0.9548068  0.8754033  0.9362018  0.93768406 0.93220663
 0.92721486 0.9279175  0.94997376 0.94331455 0.90521735 0.94629383
 0.94037145 0.9310304  0.9553342  0.93647575 0.93761945 0.94796556
 0.9454095  0.9273348  0.9187616  0.9412613  0.94978225 0.95466894
 0.95114917 0.91178524 0.936636   0.9124236  0.91354054 0.9525547
 0.90615743 0.93552923 0.93729806 0.915226  ]",2.5878795e-14,64.0605366230011,269.9691304802392
SymplecticNNgHMC,0.1,autograd,normal_normal,SynchronousLeapfrog,0.1,"[8.6539726e+00 9.0454000e-01 9.1063392e-01 1.8817273e+02 6.7639577e-01
 9.2894423e-01 4.2562884e-01 5.9227443e-01 9.2700410e-01 7.0394957e-01
 8.5775363e-01 6.2261242e+01 9.1756773e-01 8.9904964e-01 9.1505563e-01
 5.2041748e+01 9.4906777e-01 9.2239517e-01 9.5265764e-01 9.3779171e-01
 9.2380357e-01 9.3625093e-01 8.9655036e-01 9.5208907e-01 8.1382167e-01
 9.2534208e-01 2.3854642e-01 8.0127132e-01 8.5964715e-01 9.3076181e-01
 9.1383469e-01 9.1941488e-01 5.7967198e-01 9.5015848e-01 2.9855926e+00
 9.3828905e-01 1.7294495e+00 8.4068602e-01 9.1551870e-01 8.6988848e-01
 9.5066088e-01 9.1629905e-01 8.6516422e-01 9.0545046e-01 3.2839424e+01
 9.2291713e-01 3.1279964e+00 2.6088467e-01 9.1136283e-01 8.7373292e-01
 8.3492815e-01 9.4109982e-01 9.3873858e-01 9.3381155e-01 9.3322009e-01
 8.2934380e+00 8.7113988e-01 9.3448162e-01 9.2939109e-01 2.3976183e+00
 9.0092742e-01 8.3450210e-01 1.0506170e+01 9.1657519e-01 8.4734058e-01
 9.5183128e-01 9.2141771e-01 8.2942486e-01 9.1647309e-01 8.8485515e-01
 5.6828988e-01 9.3726778e-01 4.1759807e-01 9.3787766e-01 9.3998927e-01
 9.3874669e-01 1.0513851e+01 9.5270061e-01 9.3597388e-01 9.0072703e-01
 8.3393329e-01 9.2238355e-01 9.4627094e-01 9.3818808e-01 9.4838202e-01
 2.9901390e+00 8.9502370e-01 7.4179900e-01 9.5248461e-01 9.5217526e-01
 9.3361306e-01 8.6611307e-01 8.8842475e-01 3.9605078e-01 9.1726100e-01
 6.8174422e-01 9.0111089e-01 8.5144925e-01 2.9466346e-02 5.4455557e+00]",2.1819794,66.40589761734009,98.42275295829128
GSymplecticNNgHMC,0.1,autograd,normal_normal,SynchronousLeapfrog,0.1,"[0.9421084  0.939356   0.9296848  0.9410019  0.91222906 0.9498393
 0.9528755  0.94541776 0.92773354 0.93975157 0.95322704 0.9121461
 0.9367417  0.9393086  0.93975735 0.9475872  0.9511589  0.9313835
 0.9539971  0.9417585  0.9500262  0.94268286 0.9478123  0.94539946
 0.95242184 0.9385335  0.9277376  0.950201   0.93839043 0.9211278
 0.9404804  0.947211   0.94630855 0.95033956 0.9274106  0.95220035
 0.93354034 0.9077484  0.949598   0.90428257 0.9493601  0.9343583
 0.9463494  0.9429793  0.9482371  0.9492954  0.95039576 0.9461133
 0.91956496 0.9193217  0.9095721  0.9508916  0.93983495 0.9313125
 0.9500019  0.9522011  0.9080883  0.9481821  0.9256395  0.9230708
 0.9365644  0.9494331  0.90429294 0.94636387 0.9509373  0.94875467
 0.9545991  0.9544875  0.88253564 0.9379109  0.9407611  0.9380998
 0.9358469  0.93257844 0.95173633 0.94846964 0.91807306 0.9478029
 0.9428439  0.9376348  0.955562   0.9364497  0.94000566 0.9484477
 0.9498445  0.925131   0.91750157 0.94353217 0.9502184  0.95436144
 0.9518949  0.9326701  0.9356768  0.9075689  0.9156689  0.9538743
 0.90698165 0.9374131  0.94020814 0.923893  ]",0.004850778,22.19899034500122,679.00065913511
GradSymplecticNNgHMC,0.1,autograd,normal_normal,SynchronousLeapfrog,0.1,"[0.9400286  0.93911695 0.92625445 0.9384832  0.8459499  0.94834185
 0.9525768  0.9441401  0.92059803 0.93835586 0.9540924  0.8438899
 0.9300617  0.939886   0.9421042  0.9463682  0.9508183  0.9336208
 0.9537923  0.9387654  0.9470827  0.9419967  0.94848096 0.94493794
 0.9520404  0.9331964  0.8986634  0.94846153 0.93731606 0.91266334
 0.9383739  0.9419447  0.9494437  0.9497609  0.9159193  0.95321655
 0.9180845  0.90165496 0.944188   0.8930909  0.9503862  0.93406963
 0.9423369  0.93852156 0.9458858  0.9490763  0.9520759  0.9464118
 0.92121387 0.9165842  0.90315646 0.9485244  0.9362022  0.93257225
 0.9478712  0.951045   0.9000306  0.9481425  0.92067856 0.8940077
 0.9322988  0.94823945 0.8761492  0.94668496 0.94849455 0.94788504
 0.95471543 0.95369166 0.884027   0.9364381  0.936083   0.9388623
 0.91000116 0.93237877 0.94879377 0.94982564 0.84957856 0.94617224
 0.9412607  0.9242681  0.9552231  0.9372624  0.93900585 0.9472389
 0.95079124 0.9232661  0.9206195  0.936561   0.9487648  0.9541538
 0.9511983  0.9160267  0.9334063  0.9110214  0.9053401  0.9533026
 0.8955652  0.9207461  0.93196714 0.89611685]",0.26019594,85.59767150878906,5700.0
GradGSymplecticNNgHMC,0.1,autograd,normal_normal,SynchronousLeapfrog,0.1,"[0.93992275 0.9398026  0.9305975  0.9395331  0.90830386 0.9501505
 0.95266855 0.9425494  0.929458   0.9402369  0.9528076  0.9129466
 0.9366859  0.9372877  0.9407837  0.94717044 0.9517216  0.9275323
 0.95434254 0.94048756 0.9502332  0.9433397  0.94778794 0.9448987
 0.9520526  0.9390243  0.9300078  0.94936055 0.93869734 0.9231472
 0.9414234  0.9458704  0.9431951  0.9511405  0.9273313  0.9511551
 0.93270487 0.90670264 0.94963646 0.9031612  0.9486661  0.9363286
 0.94730747 0.9413659  0.94797194 0.9492385  0.94971454 0.94587934
 0.9204661  0.9223363  0.9073436  0.9499721  0.94156307 0.9323133
 0.94977665 0.9521191  0.90653896 0.94730586 0.92456377 0.92312753
 0.9367595  0.94802684 0.9015815  0.9473643  0.9515071  0.9485685
 0.9546182  0.95473    0.88240063 0.9394623  0.94141483 0.9376831
 0.9363202  0.9325303  0.95141685 0.9461645  0.91869473 0.94833726
 0.9435844  0.9360609  0.95547676 0.93766516 0.94130343 0.9492024
 0.94981706 0.9255201  0.91639507 0.94359505 0.9511161  0.9545557
 0.9521658  0.93372715 0.9371865  0.9050132  0.9178308  0.9538793
 0.9092075  0.937504   0.93957365 0.9231081 ]",0.0055239634,22.833328008651733,577.8994434563156
HMC,0.2,autograd,banana,SynchronousLeapfrog,0.1,"[0.89994586 0.9878437  0.97337806 0.8446676  0.91158295 0.9336479
 0.9321239  0.8708029  0.92938435 0.8757543  0.9346585  0.8474938
 0.9331012  0.69238394 0.99288243 0.86061424 0.9929959  0.9076747
 0.9344348  0.9213337  0.68678826 0.985417   0.71429336 0.9551825
 0.95811194 0.9768531  0.92182225 0.9223994  0.97510326 0.9752509
 0.9626877  0.94302547 0.8069617  0.9938315  0.51961476 0.95255965
 0.9077492  0.89749897 0.98808575 0.9538092  0.9674656  0.9142585
 0.9146453  0.8209171  0.8163449  0.9402336  0.77308    0.9387965
 0.9607054  0.95817804 0.83442706 0.91745895 0.8659152  0.9808151
 0.89758384 0.89804244 0.89776456 0.870644   0.9342418  0.97472155
 0.9431486  0.91048    0.9491207  0.8272288  0.913465   0.95978594
 0.9621401  0.97792834 0.93163514 0.72562957 0.8553271  0.9518652
 0.9744619  0.8913397  0.9310033  0.9498719  0.9450791  0.98259485
 0.97377646 0.9267213  0.95820034 0.9746541  0.9757999  0.970153
 0.98668945 0.8966052  0.9499334  0.9365601  0.9783053  0.92793286
 0.9249534  0.8792596  0.944462   0.9632251  0.9276599  0.9610564
 0.9763281  0.9900793  0.94551516 0.8554327 ]",8.657519e-14,21.251794576644897,1.507038188710227
NNgHMC,0.2,autograd,banana,SynchronousLeapfrog,0.1,"[0.8570425  0.95050806 0.8889622  0.5563454  0.68604344 0.90889
 0.7882773  0.5956278  0.9236846  0.4068211  0.4257471  0.8458919
 0.87650096 2.2548258  0.997777   0.21231699 0.99357104 0.63849354
 0.83929384 0.8468746  0.7287769  0.98315847 2.030447   0.7146956
 0.91397566 0.98672646 0.932927   0.920164   0.9722957  0.9552574
 0.5195176  0.38628662 0.24029271 0.97785896 0.5245347  0.8851409
 0.6821102  0.85147893 0.92947817 0.964863   0.962523   0.82284594
 0.786198   0.57163894 0.3267923  0.8548374  0.45402083 0.88852775
 0.21286768 0.5106248  0.7941556  0.53854054 0.64627767 0.9774121
 0.03045838 0.5104121  0.81776595 0.6079544  0.34467447 0.9678942
 0.822371   0.86866224 0.9134735  0.76488626 0.72852015 0.7608042
 0.54722214 0.79337454 0.7584232  0.6675984  0.9348172  0.66828024
 0.90001667 0.89160514 0.8747298  0.87332284 0.911438   0.85770106
 0.84509677 0.92927194 0.92103374 0.9732558  0.91475093 0.8153783
 0.9552617  0.73487806 0.9437894  0.97155714 0.78933334 0.9130429
 0.37978286 0.88253397 0.48824453 0.8159138  0.7820146  0.92944616
 0.97574604 0.98993015 0.85358286 0.80690163]",6.4903637e-15,16.199103355407715,13.112285149510308
NNODEgHMC,0.2,autograd,banana,SynchronousLeapfrog,0.1,"[0.8606455  0.97284544 0.9485806  0.37004566 0.78482485 0.813887
 0.68325555 0.35756797 0.954918   0.41648862 0.43528032 0.6889466
 0.9370014  1.8386278  0.99781024 0.0666713  0.9931462  0.74998367
 0.9203819  0.905398   0.67689514 0.98351586 1.6831155  0.82592934
 0.91401815 0.98757935 0.93291616 0.92093945 0.97059983 0.954668
 0.664032   0.65649915 0.7607543  0.97991276 0.51290476 0.93960464
 0.5582363  0.84563565 0.9679885  0.945261   0.962407   0.8272823
 0.5616821  0.5849514  0.02899532 0.85015094 0.88420427 0.83233523
 0.5388129  0.66436815 0.7956624  0.68880415 0.76059175 0.97796744
 0.22172725 0.22215569 0.36241874 0.31587097 0.5756893  0.92769784
 0.8352632  0.79375935 0.8278796  0.7649237  0.5853946  0.86109376
 0.759601   0.7999653  0.6157787  0.66844004 0.9179872  0.849391
 0.95628995 0.9283724  0.87890863 0.87684125 0.8423908  0.94118476
 0.85080063 0.9289001  0.9203815  0.9730558  0.97381544 0.9022748
 0.9583496  0.8572778  0.9228787  0.95161855 0.92666197 0.85945356
 0.5511067  0.8818078  0.63980126 0.93317306 0.6712319  0.83285064
 0.9757949  0.9896595  0.6894936  0.81218827]",2.2970027e-10,26.761672019958496,1.4248812858368813
Explicit NNODEgHMC,0.2,autograd,banana,SynchronousLeapfrog,0.1,"[0.9022908  0.9865302  0.97348344 0.24441299 0.8355596  0.11725103
 0.56377685 0.21987449 0.96337384 0.5899375  0.62764835 0.6892996
 0.93950355 1.8122896  0.99175185 0.18082607 0.99374676 0.8043015
 0.9318037  0.9269282  0.07226767 0.98248243 1.5463108  0.8697466
 0.9374902  0.9764606  0.9338602  0.9205861  0.95033854 0.96678776
 0.7403283  0.8626763  1.7905118  0.99512863 0.33753502 0.95783854
 0.42647967 0.66835725 0.98791254 0.91652834 0.96347845 0.88038445
 0.2642603  0.6186669  0.00459922 0.80051255 0.8844925  0.7516386
 0.86132526 0.7308108  0.776062   0.74519265 0.80873394 0.95803535
 0.33206874 0.17735122 0.02588953 0.23173082 0.5897628  0.89777637
 0.86439323 0.7419199  0.8161596  0.72125554 0.5042144  0.9031372
 0.83911836 0.9040348  0.53689456 0.6550519  0.88016117 0.94655246
 0.9729482  0.936876   0.9461211  0.9426737  0.7825979  0.9518801
 0.92714286 0.92842376 0.9361248  0.960345   0.93937653 0.93960047
 0.9886209  0.8668599  0.7368697  0.9515394  0.97593015 0.8555826
 0.6265534  0.83898735 0.7120337  0.96458864 0.56686383 0.7534385
 0.9774971  0.9902806  0.5791131  0.88791883]",5.655125e-11,47.08789539337158,1.3164476791687458
SymplecticNNgHMC,0.2,autograd,banana,SynchronousLeapfrog,0.1,"[ 1.6399444   1.1492512   0.33888155  0.39336246  3.309997   17.870308
  0.56051546  2.881396    1.1343217   3.2547855   4.884704    2.0156667
  1.5322503   1.0797158   0.23955981  0.4808111   0.62123084  3.4331598
  0.58272254  0.5616863  18.449368    0.6025827   1.1208515   0.5644712
  0.37407964  1.2699026   0.38328165  0.5890733   0.5901768   0.12392858
  1.0605105  10.774185    8.312488    1.1650558   2.9219298   2.0022886
  0.96868134  2.499004    0.41767472  0.43648002  0.03083835  1.8639619
  4.9543424   0.12886082  0.47673485  8.290836    0.49292117  1.0374768
 14.590216    1.3180937   0.87711847  0.81778944  1.706816    3.4334838
  0.46615458  0.8578447   9.282297    1.6593632   1.5442188   0.41287836
  0.15015113  0.739228    0.9229274   0.18238829  0.45502347  0.52204716
  4.535718    2.6357412   0.4532065   0.6590396   0.4777083   9.359896
  1.3376131   0.5121646   4.9394426   5.6746936   1.5004634   0.6046948
  1.580327    0.10944463  0.24860069  0.49722427  6.892727    0.41655526
  1.7287573   1.7568452   9.139658    1.2351427   6.2656703   0.91491127
  0.51603836  3.0606723   1.7874017   6.361169    0.371083    2.638391
  0.13859147  0.41188502  3.0031345   1.8385952 ]",32.729546,66.54631853103638,5400.0
GSymplecticNNgHMC,0.2,autograd,banana,SynchronousLeapfrog,0.1,"[0.8748903  0.961293   0.91251373 0.68828917 0.71960354 0.9275524
 0.8281759  0.6902931  0.9238399  0.5171976  0.4907338  0.90456724
 0.87589276 1.8426929  0.997664   0.42288244 0.9926014  0.6757199
 0.86237323 0.8641553  0.74884033 0.9841194  1.627877   0.7534814
 0.92713547 0.98750657 0.92214984 0.91998446 0.9769315  0.9602811
 0.5937247  0.47782773 0.06380458 0.98556995 0.36736017 0.8890516
 0.73268765 0.8782355  0.94886017 0.9660009  0.9611673  0.83652437
 0.86943865 0.5984192  0.5599611  0.9356984  0.10757391 0.90513647
 0.3153168  0.57667804 0.80584854 0.6229093  0.6541843  0.9788004
 0.15019459 0.67906725 0.6421561  0.37587357 0.36883458 0.97597206
 0.8387126  0.8865222  0.9358195  0.7682426  0.7832467  0.7987361
 0.56608975 0.8339083  0.8176358  0.68230456 0.939638   0.70841146
 0.90633523 0.88465875 0.8671007  0.8720436  0.92876744 0.8656081
 0.8835821  0.9301974  0.92800874 0.97318697 0.9128617  0.85016334
 0.97016376 0.7001656  0.9421811  0.9645361  0.7971705  0.9265895
 0.48607826 0.89112276 0.5670897  0.80581635 0.81547153 0.9519069
 0.9747189  0.9896506  0.9053587  0.85169303]",0.0057723024,8.675801753997803,74.29726086233075
GradSymplecticNNgHMC,0.2,autograd,banana,SynchronousLeapfrog,0.1,"[ 2.9949412   3.8685608   3.1614094   8.310329    3.4371696  44.801826
 12.0982685  19.174183    3.7937772   7.374227    3.6657577  11.634474
 18.380066   13.586875    4.178727    9.682138    4.5286245   3.7452285
  7.0048156   3.0274305  45.849365    8.090198    9.793982    4.2439785
 14.082794    2.436986   13.766287   21.696457    4.1913395  14.174206
  3.7633123  35.950535   30.006826    3.659616    8.671653    3.9923773
 12.621399    0.6750118   2.562032    4.3162947  11.5171585   2.2839255
 25.291988    0.34584206  9.574236    5.1180263  11.574916   13.28514
 42.088287    4.7246885   0.8215376   5.472966    4.120282    2.0082848
  4.131737   13.737792   32.99958     9.018417   17.116213    5.382417
  0.3607661   5.8858733  14.5045805   5.042265    6.7252874   3.8921752
 25.385387    4.482172    6.731447    2.9507008  13.328387   33.349285
  4.2486115   3.346255    1.8408027   2.1609554   6.34301     6.8283176
  6.592744    2.3047233  11.037107    5.4866133  30.57018     3.7554398
  4.601266   16.931957   32.950535   12.49018    29.441925   14.101965
  5.062445    2.1152296   4.3761263  29.137854    8.063015   21.056019
 17.781332    5.56521    20.143097    9.27324   ]",15.863381,141.65959191322327,23.561354098629334
GradGSymplecticNNgHMC,0.2,autograd,banana,SynchronousLeapfrog,0.1,"[0.8381426  0.953946   0.8721409  0.6237957  0.65917444 0.9255079
 0.79640913 0.72939444 0.92008156 0.3773733  0.35121116 0.90976346
 0.8063962  2.4105072  0.9977409  0.34835565 0.99292153 0.60438037
 0.7852975  0.82922125 0.7355356  0.9846579  2.1220908  0.6705185
 0.91099226 0.98418987 0.9294281  0.91922444 0.9739806  0.951626
 0.47687766 0.2071653  0.04868963 0.9785905  0.53888    0.8637926
 0.7005856  0.8919322  0.929779   0.9645197  0.96112096 0.8224739
 0.8826947  0.56499135 0.48195142 0.9465298  0.17370996 0.88612545
 0.01665139 0.45260996 0.80631614 0.47563538 0.60273707 0.9697897
 0.01394316 0.6744046  1.0786908  0.72339666 0.18325433 0.9768208
 0.8162031  0.8962466  0.9410362  0.77253556 0.78775805 0.723056
 0.38179684 0.77122444 0.8152346  0.67928684 0.93210095 0.5318058
 0.8740667  0.8810549  0.83373517 0.8286948  0.93048733 0.8009403
 0.8387429  0.9309885  0.91634357 0.97579235 0.8417914  0.78398
 0.95672715 0.6257825  0.91823405 0.9509139  0.66984576 0.9218863
 0.31595722 0.8953852  0.43830627 0.7091662  0.8106235  0.9561415
 0.97389907 0.9895649  0.9240278  0.80920887]",0.004329365,10.719681978225708,43.45154969899549
HMC,0.2,autograd,gaussian,SynchronousLeapfrog,0.3,"[0.920089   0.9400114  0.92478174 0.92970484 0.9468883  0.94083035
 0.9256928  0.9505341  0.88760155 0.9232726  0.9372374  0.9425452
 0.9549799  0.94436157 0.9450077  0.93503374 0.94992125 0.95413244
 0.95716953 0.93967617 0.89833915 0.930154   0.9524466  0.9221909
 0.9459201  0.94649386 0.94497013 0.9519359  0.9527739  0.9192736
 0.9418678  0.9014114  0.93731534 0.92920065 0.9550783  0.94421875
 0.94737387 0.93675625 0.9396221  0.93663394 0.92558944 0.9494187
 0.9391427  0.9334859  0.9539002  0.94433784 0.94298875 0.92430013
 0.8915104  0.9516975  0.93827486 0.9463209  0.88107985 0.92881525
 0.9437229  0.9545665  0.953067   0.9032062  0.9512805  0.95441675
 0.9571663  0.9300374  0.9494416  0.9497565  0.94970006 0.9514164
 0.9445734  0.93785757 0.9444895  0.94315267 0.94792736 0.9338109
 0.95458925 0.9172648  0.9488673  0.94310844 0.94500875 0.94312036
 0.9514092  0.9135334  0.9175872  0.9475732  0.90565366 0.93662894
 0.95269144 0.93562806 0.94353235 0.934029   0.9283063  0.9461055
 0.9242565  0.94683397 0.95522475 0.93656564 0.9476888  0.93835896
 0.9518191  0.9290279  0.9420544  0.9426009 ]",3.3682432e-15,17.71183943748474,2564.2805654765284
NNgHMC,0.2,autograd,gaussian,SynchronousLeapfrog,0.3,"[0.91901684 0.93994606 0.92357653 0.93098533 0.9476327  0.9413228
 0.9250342  0.9504425  0.88342017 0.9202246  0.9371128  0.942016
 0.9547919  0.94526803 0.9446064  0.9341321  0.94972265 0.95444983
 0.95761025 0.93893945 0.8985702  0.92939156 0.95259666 0.9218609
 0.94676566 0.94694084 0.9453518  0.9523854  0.9530873  0.9189989
 0.9421716  0.8984865  0.93720454 0.928477   0.95551395 0.9440808
 0.9475759  0.9371905  0.9401919  0.9364877  0.92599964 0.9501111
 0.93981516 0.93302596 0.9539026  0.9449942  0.9433786  0.9245803
 0.88937205 0.95192623 0.9386913  0.9465499  0.8751344  0.9297962
 0.94395393 0.9542068  0.95324945 0.8993453  0.95126593 0.9544654
 0.95782125 0.9294437  0.9492609  0.94950217 0.9500162  0.9516759
 0.9448991  0.9377829  0.9445785  0.9429695  0.948061   0.9342825
 0.95539796 0.91602516 0.94910944 0.94315374 0.9450654  0.9433274
 0.95145833 0.9156145  0.9181019  0.9485154  0.90791315 0.9369812
 0.9528569  0.93524635 0.94362134 0.93386555 0.9280313  0.94584215
 0.9241495  0.9472369  0.9552867  0.9368366  0.94768655 0.9382099
 0.9515945  0.92907834 0.94267315 0.9424161 ]",7.126059e-15,16.57894492149353,2555.3269179117583
NNODEgHMC,0.2,autograd,gaussian,SynchronousLeapfrog,0.3,"[0.91898155 0.9397999  0.92364824 0.9313594  0.94767094 0.9414792
 0.9250695  0.9502963  0.8814923  0.91984224 0.9372007  0.94195527
 0.9547183  0.94527787 0.94454116 0.9338794  0.94965905 0.95437115
 0.95760953 0.9394027  0.8983474  0.92906094 0.95262504 0.92189395
 0.9467863  0.94686747 0.9452362  0.9524294  0.953164   0.91964376
 0.9420233  0.89967    0.9372017  0.9285251  0.9555112  0.94419277
 0.94752324 0.9370434  0.9401846  0.93649405 0.926092   0.95021677
 0.9394836  0.93307185 0.9539188  0.9451522  0.94329965 0.92443323
 0.89114344 0.95191    0.93887395 0.9464216  0.87506855 0.92987007
 0.94406426 0.95428723 0.953357   0.89869964 0.9513793  0.95444345
 0.95779294 0.929032   0.9492693  0.9494418  0.95009434 0.9518594
 0.94487333 0.93772125 0.94467896 0.9429945  0.9480666  0.9345042
 0.9554126  0.9158058  0.9490483  0.94318455 0.94520795 0.9433651
 0.9514758  0.91583866 0.9181992  0.9485396  0.9083004  0.9366574
 0.95286655 0.93514395 0.94377583 0.93334043 0.9282484  0.9457977
 0.92374384 0.9472538  0.95526123 0.9368648  0.9476592  0.938329
 0.95152676 0.92915076 0.9428152  0.94245577]",2.7432932e-14,13.227275133132935,2538.7336534680867
Explicit NNODEgHMC,0.2,autograd,gaussian,SynchronousLeapfrog,0.3,"[0.9031393  0.91165304 0.88527393 0.75466335 0.9271097  0.9305264
 0.8000376  0.93412006 0.83473724 0.8392215  0.87941647 0.93859184
 0.95749044 0.8637992  0.94029987 0.9085618  0.8910265  0.95507205
 0.95130336 0.90849805 0.88408816 0.9031544  0.9485859  0.85037655
 0.9198184  0.9407572  0.9188799  0.8885352  0.9259132  0.82379836
 0.92700815 0.85440826 0.92787075 0.9181117  0.93789023 0.9404268
 0.9317419  0.93527555 0.9407091  0.91693187 0.8269286  0.9391432
 0.9277109  0.9049716  0.9490613  0.93934107 0.91250366 0.9242892
 0.8727276  0.93782556 0.9169426  0.92814916 0.8033215  0.8987376
 0.94253504 0.94878286 0.9486135  0.81646746 0.95780414 0.9523751
 0.9453492  0.85182035 0.9498402  0.92313254 0.9467229  0.9476136
 0.9194354  0.9270181  0.9366719  0.88487566 0.943777   0.9143531
 0.91300035 0.7501128  0.9405939  0.9417666  0.9398321  0.8706562
 0.9508096  0.9330747  0.88836706 0.88811207 0.89075065 0.92821217
 0.94926405 0.90596735 0.9399884  0.9018264  0.9115083  0.9188858
 0.8471834  0.9399991  0.9404676  0.93357754 0.9355361  0.9007791
 0.94097316 0.84647554 0.9484434  0.9114916 ]",3.206035e-13,20.742908239364624,143.46810694886935
SymplecticNNgHMC,0.2,autograd,gaussian,SynchronousLeapfrog,0.3,"[2391.77   2351.648  2584.4106 2992.82   2916.4285 2986.9285 2854.648
 2515.8818 2026.0443 1891.5702 2704.8765 2467.056  2423.8289 2264.5767
 2489.7415 2596.107  2648.0625 2322.665  2653.3503 2834.8027 3002.6714
 2671.244  2384.6006 2081.6675 2929.0654 2234.0913 2366.977  2722.7246
 2727.386  2441.905  2137.378  2408.0288 2514.8296 2999.3357 2337.9417
 2800.1687 2077.5525 2097.9053 2127.652  1999.6365 2176.3696 2677.4475
 2275.951  2418.667  2675.1833 2661.1216 2092.4424 2489.8508 2287.225
 2089.627  2473.4814 2749.1426 2271.2065 3038.3152 2260.7146 2507.0063
 2722.0154 1967.8376 2668.1577 2296.3416 2267.7505 2689.6895 2404.1162
 2490.9011 2816.827  2747.8828 2699.8608 2617.0132 2389.2178 2024.6932
 2292.367  2475.1067 2192.75   2702.7644 2347.448  2299.0984 2287.2937
 2377.4658 2698.081  2759.6042 2391.9956 2888.7207 2855.2588 2316.1323
 2500.2986 2338.3115 2691.2004 2334.5745 2340.5457 2646.539  3195.8184
 2850.371  2517.2104 2312.6162 2346.5398 2617.9644 2585.5317 2620.7908
 2517.5044 2445.3145]",1.5183078e+08,26.168260097503662,1800.0
GSymplecticNNgHMC,0.2,autograd,gaussian,SynchronousLeapfrog,0.3,"[0.9284231  0.9345104  0.92675245 0.8869519  0.9443768  0.9379939
 0.90090674 0.94648397 0.8848829  0.9101436  0.92460954 0.9457488
 0.95783156 0.92536306 0.9472541  0.934469   0.937397   0.9557928
 0.9533071  0.9361254  0.8839876  0.92741823 0.95324886 0.9089799
 0.94537914 0.94820595 0.9435613  0.9360199  0.9468786  0.9044881
 0.945356   0.90426064 0.9340006  0.9283809  0.9553523  0.94193614
 0.94838    0.94339865 0.9472947  0.9340169  0.9204674  0.9477486
 0.9416797  0.93483853 0.9523546  0.94647074 0.9397037  0.92862177
 0.89275396 0.9509799  0.9423411  0.9418186  0.87692565 0.93125045
 0.94762963 0.9561473  0.9536408  0.8822216  0.95518464 0.9544398
 0.9538512  0.913181   0.9499068  0.94561577 0.95344895 0.9517946
 0.9420916  0.93614006 0.94713706 0.9299647  0.94780564 0.9362299
 0.94760036 0.9008076  0.94887704 0.94401455 0.94682217 0.9260291
 0.95279205 0.9236936  0.92540383 0.9347965  0.9086337  0.9368974
 0.95210713 0.9312033  0.9463148  0.92977685 0.92656505 0.9417418
 0.9092549  0.94808024 0.95237577 0.9380188  0.94740903 0.93214846
 0.95142114 0.9132017  0.9455206  0.93871564]",0.041528158,6.92622709274292,243.24976251250743
GradSymplecticNNgHMC,0.2,autograd,gaussian,SynchronousLeapfrog,0.3,"[2391.77   2351.648  2584.4106 2992.82   2916.4285 2986.9285 2854.648
 2515.8818 2026.0443 1891.5702 2704.8765 2467.056  2423.8289 2264.5767
 2489.7415 2596.107  2648.0625 2322.665  2653.3503 2834.8027 3002.6714
 2671.244  2384.6006 2081.6675 2929.0654 2234.0913 2366.977  2722.7246
 2727.386  2441.905  2137.378  2408.0288 2514.8296 2999.3357 2337.9417
 2800.1687 2077.5525 2097.9053 2127.652  1999.6365 2176.3696 2677.4475
 2275.951  2418.667  2675.1833 2661.1216 2092.4424 2489.8508 2287.225
 2089.627  2473.4814 2749.1426 2271.2065 3038.3152 2260.7146 2507.0063
 2722.0154 1967.8376 2668.1577 2296.3416 2267.7505 2689.6895 2404.1162
 2490.9011 2816.827  2747.8828 2699.8608 2617.0132 2389.2178 2024.6932
 2292.367  2475.1067 2192.75   2702.7644 2347.448  2299.0984 2287.2937
 2377.4658 2698.081  2759.6042 2391.9956 2888.7207 2855.2588 2316.1323
 2500.2986 2338.3115 2691.2004 2334.5745 2340.5457 2646.539  3195.8184
 2850.371  2517.2104 2312.6162 2346.5398 2617.9644 2585.5317 2620.7908
 2517.5044 2445.3145]",1.5183078e+08,51.46506190299988,1800.0
GradGSymplecticNNgHMC,0.2,autograd,gaussian,SynchronousLeapfrog,0.3,"[0.9235434  0.94142175 0.92590547 0.9315607  0.94656706 0.9405618
 0.9284062  0.95165634 0.8916855  0.92616224 0.93882895 0.94349456
 0.95599854 0.94607675 0.94655347 0.9388566  0.9520956  0.95478
 0.95665115 0.9407085  0.90182173 0.9307232  0.95275116 0.9272251
 0.9453119  0.94762456 0.94637096 0.9528653  0.9530897  0.92433393
 0.943429   0.9047262  0.9400207  0.92942286 0.9560107  0.9449608
 0.9485687  0.9385724  0.94092864 0.9379556  0.9314758  0.94863164
 0.9412231  0.93783057 0.95447326 0.94594276 0.9446435  0.9259238
 0.8946273  0.9525191  0.9406953  0.9458579  0.884671   0.92826545
 0.9453944  0.9556491  0.9539256  0.9098231  0.95173836 0.95453805
 0.9577486  0.9305595  0.94938874 0.95189035 0.9497211  0.9516215
 0.94416845 0.9380788  0.94674015 0.945666   0.94829786 0.9366409
 0.9559628  0.91928023 0.94949216 0.94353855 0.946798   0.94624704
 0.95152277 0.9136128  0.92136157 0.94735235 0.91003644 0.9381609
 0.9524266  0.93629825 0.94366664 0.9357607  0.930371   0.9463568
 0.92606974 0.94712114 0.9560865  0.93854254 0.9496739  0.9420342
 0.95308006 0.93188286 0.942465   0.94567394]",0.04441152,8.28872036933899,8.924584487286324
HMC,0.2,autograd,high_dimensional_gaussian,SynchronousLeapfrog,0.1,"[0.93328583 0.931637   0.9334663  0.9345139  0.9372945  0.9358043
 0.931551   0.9383558  0.9352759  0.94580054 0.9266348  0.93327785
 0.9441484  0.93924755 0.92713726 0.9406101  0.9381347  0.9381653
 0.9401622  0.9335908  0.9302927  0.930563   0.92887485 0.942979
 0.93170106 0.9323896  0.9363734  0.93965805 0.94545114 0.9402043
 0.94237506 0.9425669  0.9353377  0.9393365  0.9192718  0.9368229
 0.9397688  0.939072   0.93977714 0.94349706 0.93567276 0.9295761
 0.9436302  0.9443924  0.9363439  0.94699955 0.9263682  0.93637705
 0.9395652  0.94296694 0.9485631  0.94303817 0.9366169  0.93613183
 0.93591917 0.9400171  0.9320223  0.9368679  0.93331456 0.935801
 0.9408617  0.9421215  0.9399662  0.9441377  0.9427082  0.9380803
 0.93724984 0.933983   0.93382424 0.9284234  0.9378335  0.9322157
 0.94094265 0.9348442  0.93326586 0.9353578  0.9311279  0.93527544
 0.93448246 0.93898    0.93657684 0.9334366  0.93155396 0.9431882
 0.9355     0.9343135  0.9332327  0.9400982  0.9268646  0.9388634
 0.93879527 0.9318905  0.92207164 0.9331602  0.9413025  0.9377236
 0.9424278  0.929173   0.93409026 0.9312482 ]",1.3558543e-15,51.01897120475769,329.4186311660649
NNgHMC,0.2,autograd,high_dimensional_gaussian,SynchronousLeapfrog,0.1,"[0.9332222  0.9315649  0.9333779  0.9344505  0.93724126 0.93572253
 0.93141687 0.93829834 0.9352085  0.9457946  0.9265455  0.9332306
 0.9441626  0.939235   0.92699045 0.9406066  0.9381188  0.93813485
 0.94015396 0.93349427 0.9301934  0.9303173  0.92866343 0.94298404
 0.9316737  0.9322429  0.9362723  0.93958396 0.9454619  0.94022
 0.9423666  0.94258755 0.93526495 0.9393352  0.9189439  0.93673944
 0.9397912  0.9390216  0.9397352  0.94349194 0.9355799  0.9293879
 0.9436202  0.944402   0.9363178  0.94701326 0.92616594 0.9363484
 0.93954635 0.9429933  0.9486189  0.94303083 0.9365646  0.93609303
 0.9358438  0.9399931  0.9319116  0.936785   0.9331906  0.9357196
 0.9408021  0.9421245  0.9399252  0.9441627  0.9426999  0.9380542
 0.9372182  0.93387383 0.9337446  0.9282453  0.9378376  0.932121
 0.94097656 0.9348389  0.9331686  0.93525517 0.9310416  0.9352336
 0.9344074  0.938904   0.93651026 0.9333231  0.9314275  0.94320154
 0.9354636  0.9342393  0.93309844 0.9401101  0.9267273  0.9388288
 0.93877715 0.9317961  0.92171115 0.9330436  0.9413282  0.9377133
 0.9424162  0.9290476  0.9340452  0.93109596]",1.7218261e-15,48.14861226081848,310.1461331032844
NNODEgHMC,0.2,autograd,high_dimensional_gaussian,SynchronousLeapfrog,0.1,"[0.93321824 0.9315138  0.93335617 0.93441534 0.93730915 0.93572366
 0.93136334 0.93830574 0.93520516 0.94580793 0.9264964  0.9331946
 0.944147   0.93923223 0.9268922  0.9405665  0.9381563  0.93813366
 0.94013107 0.933476   0.930197   0.93034023 0.92867744 0.9429738
 0.9316449  0.9322727  0.93630093 0.9396202  0.9454631  0.9402263
 0.9423729  0.94258565 0.9352317  0.93929756 0.91893095 0.9366867
 0.9397807  0.9390298  0.93976784 0.94352186 0.9355897  0.92932546
 0.9436361  0.94440174 0.93631685 0.9470307  0.92620504 0.9363389
 0.9395613  0.9429712  0.9485965  0.9429972  0.9365895  0.93607634
 0.9358597  0.93999755 0.9319215  0.9367852  0.93319345 0.9357528
 0.94083726 0.94212997 0.9399263  0.9441581  0.942706   0.9380344
 0.93721867 0.933833   0.9337551  0.9282361  0.9378333  0.9321174
 0.94098663 0.93478465 0.9331502  0.9352561  0.93098944 0.9352385
 0.93443125 0.9389496  0.93650424 0.9333624  0.93140525 0.94318616
 0.93542576 0.93419266 0.9330911  0.9401325  0.92675054 0.93879926
 0.9387867  0.93177646 0.9216651  0.9330028  0.941316   0.9377135
 0.9424175  0.92908496 0.9339783  0.9310922 ]",1.3209577e-14,37.92443919181824,308.50751125306937
Explicit NNODEgHMC,0.2,autograd,high_dimensional_gaussian,SynchronousLeapfrog,0.1,"[0.9304862  0.92846394 0.9305558  0.93062824 0.9341407  0.93464506
 0.9268602  0.93694437 0.9329197  0.9438173  0.92379296 0.93014574
 0.94286466 0.9370513  0.92455184 0.9381945  0.93563247 0.93564403
 0.93640196 0.92957103 0.92941    0.9266043  0.922471   0.9415168
 0.9267418  0.9305689  0.934118   0.93766093 0.9444439  0.93749213
 0.94108504 0.9405171  0.9329729  0.9393096  0.9154617  0.9336394
 0.9363248  0.93676656 0.936121   0.9408955  0.9326551  0.92490786
 0.94097495 0.94232357 0.9329945  0.9454228  0.9205596  0.9314158
 0.93777597 0.9401715  0.9476365  0.93998337 0.933799   0.9332218
 0.9340267  0.93842447 0.9313897  0.9338956  0.93010867 0.9328679
 0.9389259  0.9391173  0.9379291  0.94232655 0.94135916 0.93505925
 0.9337613  0.9317488  0.9324626  0.9237541  0.9349215  0.9272153
 0.9387929  0.9330505  0.927968   0.9319242  0.9279544  0.9342114
 0.93256414 0.935023   0.9325179  0.9302446  0.9277413  0.94200534
 0.93280923 0.92932385 0.9298732  0.9361593  0.9214406  0.9377839
 0.9354281  0.9279873  0.9169582  0.9291555  0.9381541  0.9346063
 0.9399017  0.9270042  0.92844915 0.9268653 ]",1.9110754e-14,59.626482009887695,53.77432901605086
SymplecticNNgHMC,0.2,autograd,high_dimensional_gaussian,SynchronousLeapfrog,0.1,"[0.927328   0.92780876 0.93021464 0.9342756  0.93802094 0.9350278
 0.92827576 0.93590987 0.9342828  0.9449816  0.92645514 0.93283117
 0.94349957 0.93670213 0.9268551  0.94073933 0.94054717 0.9359748
 0.9393867  0.93474054 0.9269909  0.9292531  0.92886305 0.9428562
 0.9306881  0.93356895 0.9337928  0.9393932  0.94344175 0.93915194
 0.9423026  0.94107723 0.93502396 0.9395746  0.9164898  0.93490285
 0.9386581  0.9381509  0.93837154 0.9409871  0.93407094 0.92925453
 0.9432788  0.94352186 0.93544024 0.94651973 0.9246105  0.9370127
 0.9372252  0.9421055  0.9490632  0.9426249  0.9361485  0.9362785
 0.9353377  0.9404521  0.93146455 0.93597174 0.9338607  0.93637484
 0.9400696  0.94163275 0.9398324  0.9426017  0.9419589  0.9355268
 0.9370171  0.93245447 0.9342369  0.9258782  0.9356816  0.93143386
 0.9389412  0.93039197 0.9317247  0.9348111  0.9304148  0.935307
 0.9347472  0.9388463  0.9346387  0.932848   0.9300949  0.9418225
 0.93593615 0.9314952  0.93169    0.94054794 0.9249958  0.9364893
 0.9389119  0.93124455 0.922533   0.93403304 0.9433133  0.93785155
 0.940098   0.92974925 0.9323454  0.9300102 ]",0.06117423,78.81004118919373,4.480952737596606
GSymplecticNNgHMC,0.2,autograd,high_dimensional_gaussian,SynchronousLeapfrog,0.1,"[0.93347585 0.93197316 0.93387264 0.93480575 0.937655   0.9358071
 0.9318814  0.93823355 0.93560433 0.9458407  0.9265391  0.9334595
 0.94436616 0.9392141  0.92788523 0.94069886 0.9384849  0.93803406
 0.9401547  0.93385434 0.93038225 0.93093795 0.92906284 0.94296837
 0.93195474 0.9325261  0.9367974  0.9397318  0.94536734 0.940467
 0.94235706 0.94272554 0.93571466 0.9398028  0.91964406 0.9370229
 0.94013137 0.93921673 0.9399855  0.94370997 0.9360029  0.9299867
 0.943767   0.94460475 0.93672436 0.9470414  0.92638874 0.93655205
 0.93987834 0.94309545 0.9486672  0.9433491  0.9369273  0.9363014
 0.93591964 0.9401963  0.932052   0.93713206 0.9338008  0.93612325
 0.9411223  0.9420229  0.94023657 0.94415444 0.94290733 0.93820834
 0.9372941  0.93415606 0.93376195 0.9285618  0.938125   0.93267107
 0.941123   0.9351249  0.93351173 0.93546903 0.93134063 0.93550694
 0.93466926 0.9393239  0.9365648  0.9336003  0.93169975 0.94334936
 0.9358296  0.9345707  0.93348026 0.9402792  0.9274776  0.9388752
 0.9387479  0.93220437 0.92230606 0.93309873 0.9413821  0.9378967
 0.94268674 0.9290184  0.934368   0.9316847 ]",0.005099833,22.014405488967896,106.41660274111983
GradSymplecticNNgHMC,0.2,autograd,high_dimensional_gaussian,SynchronousLeapfrog,0.1,"[0.9334752  0.9309544  0.9333973  0.934204   0.93732965 0.93590754
 0.93179536 0.9383935  0.93531513 0.94565296 0.9261524  0.93301797
 0.9443463  0.93903816 0.92665285 0.94019216 0.9381437  0.9385389
 0.9403243  0.9337442  0.9304937  0.9302074  0.9281211  0.94297755
 0.9314231  0.9317306  0.93603945 0.93985337 0.94523525 0.93994796
 0.94259346 0.9426953  0.9357195  0.93970346 0.9190588  0.93687177
 0.93991655 0.9391178  0.93944645 0.9432328  0.93519723 0.93012184
 0.94358015 0.9439664  0.9367871  0.9469693  0.925879   0.9361261
 0.9397966  0.9428406  0.94854105 0.9434893  0.93643826 0.9360618
 0.9358523  0.9396882  0.9321941  0.93717897 0.93312186 0.9356417
 0.9409424  0.94233817 0.93942463 0.94405174 0.94256395 0.938029
 0.93665284 0.9342003  0.93380356 0.92781305 0.93799484 0.93187374
 0.9409591  0.9347534  0.93341243 0.93518734 0.93103707 0.93507236
 0.9338374  0.9387293  0.93655413 0.933319   0.93129444 0.9429995
 0.93538296 0.9339199  0.93263566 0.9404321  0.92612666 0.9388213
 0.9385004  0.9318344  0.92249984 0.93301314 0.9410822  0.9382245
 0.94256055 0.9292576  0.9343271  0.9305295 ]",0.030346775,156.08726024627686,6.312809155761918
GradGSymplecticNNgHMC,0.2,autograd,high_dimensional_gaussian,SynchronousLeapfrog,0.1,"[0.93349904 0.9321145  0.93385446 0.9348297  0.9377448  0.93625325
 0.9320213  0.93868184 0.9356432  0.94603056 0.92727315 0.9336531
 0.94430566 0.9394242  0.9276001  0.9407966  0.9384645  0.93848133
 0.94044054 0.93400204 0.9307827  0.93104374 0.92952603 0.9431857
 0.93217963 0.9327201  0.93672264 0.93991995 0.9455824  0.9404842
 0.9426112  0.94270754 0.9356517  0.9396552  0.91983    0.93717706
 0.9400379  0.939381   0.9401498  0.94375753 0.9360006  0.9300697
 0.94387287 0.9445802  0.93656296 0.94716156 0.92682666 0.9367689
 0.93987644 0.94323033 0.948748   0.9432645  0.9370114  0.93652093
 0.9362787  0.94023025 0.9324192  0.9371462  0.9337236  0.93626845
 0.94124734 0.94243973 0.94024533 0.9443388  0.9429809  0.93840384
 0.9376482  0.93436944 0.934169   0.9289743  0.9380204  0.9327542
 0.94115496 0.9352735  0.9337368  0.93559617 0.9315057  0.9356617
 0.93486774 0.9392842  0.9369565  0.93383074 0.9320609  0.9433845
 0.9360077  0.93481517 0.93370646 0.9402234  0.92736936 0.9391731
 0.9391713  0.9323198  0.92270917 0.9335291  0.9414921  0.9382014
 0.94264024 0.92956054 0.93458235 0.9317781 ]",0.002330797,35.20765519142151,104.90898180379087
HMC,0.2,autograd,normal_normal,SynchronousLeapfrog,0.1,"[0.91706055 0.951941   0.9504241  0.9410907  0.9308572  0.9106091
 0.9136283  0.94205606 0.9254648  0.93893254 0.9029722  0.94448507
 0.9507108  0.9383847  0.9524249  0.92022055 0.93262166 0.9198464
 0.94451827 0.8918356  0.9074766  0.9384465  0.944378   0.9415211
 0.95093334 0.95224273 0.9537396  0.94281787 0.9499728  0.94790447
 0.9115855  0.94654596 0.9252741  0.9543373  0.83922976 0.95066535
 0.94404685 0.94834983 0.95385265 0.9378536  0.92474383 0.9417356
 0.9483665  0.9235463  0.909506   0.9514693  0.9469477  0.95123017
 0.9006218  0.9449102  0.9275309  0.9418726  0.9559089  0.93744516
 0.9480963  0.9525114  0.9483401  0.9373064  0.9101491  0.9544977
 0.94506776 0.9420643  0.9523277  0.94666505 0.9521642  0.94501925
 0.94787896 0.89043176 0.9509115  0.9295422  0.9201076  0.9387538
 0.94339514 0.94049597 0.95481867 0.9320804  0.9182276  0.94924706
 0.9523319  0.9472722  0.95416915 0.94985074 0.955595   0.94523585
 0.95095366 0.93974435 0.9492556  0.9434385  0.93913126 0.9388056
 0.9363743  0.94255996 0.92956686 0.94747174 0.9435841  0.9515268
 0.9467697  0.9336462  0.94178504 0.941133  ]",1.6460617e-15,80.41184306144714,431.5996875516771
NNgHMC,0.2,autograd,normal_normal,SynchronousLeapfrog,0.1,"[0.9172063  0.95193744 0.95053005 0.94129515 0.9302033  0.91029495
 0.91370314 0.9421317  0.92574334 0.93887234 0.90273666 0.944571
 0.9503731  0.93848747 0.95247126 0.9195716  0.9326962  0.92218155
 0.9444739  0.89141816 0.9070353  0.93836015 0.9446146  0.9413959
 0.95085853 0.9523834  0.95368004 0.9428827  0.950014   0.9479797
 0.9115534  0.9464935  0.9255983  0.95433587 0.8440982  0.95100296
 0.94392896 0.9484017  0.9538552  0.9380538  0.92556477 0.9414069
 0.948462   0.923982   0.90916556 0.9514122  0.94684637 0.9511506
 0.9003869  0.9451461  0.92735404 0.94223875 0.95592594 0.937498
 0.94820994 0.95248836 0.9484756  0.93726814 0.9102351  0.95445967
 0.94489616 0.9420295  0.95227164 0.9465809  0.9520108  0.94515693
 0.94789886 0.88917065 0.951091   0.9292773  0.91973376 0.93796873
 0.9438672  0.9404365  0.9548054  0.9302549  0.91839236 0.94907326
 0.95226115 0.947499   0.95419633 0.9502456  0.95560455 0.9452375
 0.95092285 0.9399225  0.949495   0.94355667 0.93900096 0.9372128
 0.93656635 0.942781   0.92962897 0.9475384  0.94329405 0.9515979
 0.9468206  0.9333525  0.94180036 0.9409196 ]",1.1128771e-15,68.3009819984436,382.99749000416995
NNODEgHMC,0.2,autograd,normal_normal,SynchronousLeapfrog,0.1,"[0.917186   0.95196164 0.9505136  0.941255   0.9299785  0.91023844
 0.9135622  0.9420879  0.92585576 0.93886006 0.9027957  0.94461745
 0.9502945  0.93841064 0.95243764 0.9195859  0.93265796 0.9218637
 0.9444735  0.89100856 0.9070262  0.93836206 0.94455564 0.9414805
 0.9508812  0.9523331  0.9537281  0.94290036 0.950037   0.94804466
 0.91165626 0.9464742  0.92520565 0.9543435  0.8437642  0.9510793
 0.94395244 0.94836414 0.95385206 0.93809927 0.9254178  0.941277
 0.94854325 0.9242395  0.9092473  0.9514157  0.9469015  0.9512577
 0.9003927  0.94509095 0.92735314 0.9421701  0.95595044 0.9375209
 0.94813603 0.95246565 0.9483666  0.93729323 0.9103546  0.9544616
 0.9448952  0.942033   0.95226276 0.9465661  0.95198554 0.9451252
 0.94792235 0.88924307 0.9510987  0.92929876 0.9198472  0.93777627
 0.94380903 0.9404687  0.95483065 0.92983836 0.9184014  0.9490418
 0.95225    0.9476055  0.95421064 0.9502431  0.95560426 0.9452363
 0.9509379  0.93998003 0.9494643  0.94361544 0.93901384 0.9369707
 0.93649    0.9426807  0.92974246 0.9474915  0.943257   0.9516441
 0.946823   0.93311846 0.9417882  0.94090176]",1.1573437e-14,44.59653353691101,383.46813573731185
Explicit NNODEgHMC,0.2,autograd,normal_normal,SynchronousLeapfrog,0.1,"[0.9106218  0.9521041  0.9507123  0.9369253  0.8960118  0.911867
 0.8928253  0.9409652  0.9225956  0.9384384  0.9027051  0.94054973
 0.9521644  0.9404976  0.9517937  0.91526365 0.93023217 0.8777417
 0.94353724 0.8931536  0.90905714 0.9354636  0.9460552  0.9420997
 0.95047253 0.9513016  0.9520515  0.9407184  0.9469991  0.94454706
 0.9106197  0.946073   0.8603424  0.95220107 0.8453212  0.9483154
 0.9191612  0.95106316 0.9535987  0.93275034 0.88615227 0.9105867
 0.9450984  0.93158007 0.91066617 0.95087165 0.9448187  0.9472016
 0.90023756 0.92948645 0.92319554 0.9260754  0.9550557  0.9340309
 0.9469659  0.9503155  0.94812965 0.9391755  0.9043157  0.95201147
 0.9456114  0.9413759  0.95242393 0.94709635 0.9491553  0.9424297
 0.9462986  0.8837833  0.948378   0.9284932  0.9192822  0.8875009
 0.9171238  0.93581146 0.95494145 0.8482057  0.9186269  0.948771
 0.95172215 0.9471625  0.95278716 0.94588965 0.95458305 0.94425
 0.9506192  0.9356543  0.94685495 0.9349484  0.9371829  0.92610645
 0.93532133 0.93596745 0.9278779  0.9450964  0.93772024 0.9495098
 0.94277954 0.88840675 0.9382762  0.90733576]",2.369523e-14,66.44151830673218,292.5405343233318
SymplecticNNgHMC,0.2,autograd,normal_normal,SynchronousLeapfrog,0.1,"[0.9010417  0.94972503 0.9459943  0.92294806 0.91835773 0.90604544
 0.92047924 0.93254226 0.9277906  0.93756026 0.8968619  0.9440626
 0.94757164 0.9406986  0.94942063 0.9084543  0.9333621  0.79379606
 0.94207066 0.8789767  0.90446424 0.93923205 0.9415091  0.93995976
 0.9490676  0.94741386 0.9534935  0.9406371  0.95209897 0.9457563
 0.9205513  0.94922984 0.92894024 0.9548534  0.82333773 0.94646585
 0.94968146 0.94852185 0.9524054  0.9260987  0.92610526 0.94221276
 0.94335854 0.92358196 0.89586633 0.9507078  0.9484257  0.9533817
 0.90818965 0.94626546 0.9251039  0.93990326 0.9552015  0.9356248
 0.94512814 0.94586885 0.94355965 0.9205291  0.9038954  0.9545619
 0.9439701  0.9446587  0.9491393  0.9464504  0.9521184  0.940899
 0.9458096  0.8893883  0.94286746 0.9312811  0.9122035  0.9343065
 0.94499344 0.9318409  0.9543102  0.9141166  0.90790987 0.94873923
 0.9472445  0.9273337  0.95122546 0.94508207 0.9539642  0.9466914
 0.95029306 0.9283476  0.93969905 0.9438286  0.9356209  0.93297577
 0.92951554 0.8994069  0.9324268  0.939626   0.9440249  0.9496624
 0.9451391  0.9315947  0.94283503 0.9454254 ]",0.17329161,77.48282361030579,5.0604986986295
GSymplecticNNgHMC,0.2,autograd,normal_normal,SynchronousLeapfrog,0.1,"[0.9215461  0.9515233  0.950364   0.9421053  0.9342477  0.9085865
 0.9146942  0.9421746  0.9260386  0.93820643 0.90111387 0.9445831
 0.95014906 0.940341   0.9522853  0.9197168  0.9323074  0.9269714
 0.94395113 0.88743865 0.9049798  0.93831605 0.9451437  0.9418565
 0.9507041  0.9524862  0.95395845 0.9417372  0.9501383  0.9480168
 0.9097265  0.9462387  0.92647886 0.95440805 0.824819   0.95199287
 0.9460311  0.9482772  0.95352066 0.9394878  0.9265081  0.9409339
 0.9485624  0.92442054 0.9082534  0.9516105  0.9473242  0.9520391
 0.8985951  0.94533205 0.93107575 0.94251317 0.95604753 0.9375309
 0.9489163  0.95234096 0.9493133  0.9367688  0.914071   0.95460767
 0.9452548  0.941024   0.9521121  0.9456896  0.9520525  0.9457132
 0.94789636 0.8872374  0.9509338  0.92892814 0.91981995 0.93868273
 0.9447249  0.9413337  0.9548368  0.93185157 0.9165354  0.9488194
 0.95199746 0.94867915 0.95395803 0.9507774  0.9555235  0.9445847
 0.95031595 0.94161344 0.94983023 0.943891   0.9385638  0.93773127
 0.9371041  0.9444925  0.92977667 0.94797397 0.9439845  0.9515176
 0.94769496 0.9326655  0.9414956  0.9435596 ]",0.0034211734,25.838502645492554,686.8420370893513
GradSymplecticNNgHMC,0.2,autograd,normal_normal,SynchronousLeapfrog,0.1,"[0.9227769  0.95292187 0.9503759  0.9431753  0.92642343 0.9074912
 0.911513   0.94029117 0.9253483  0.9389758  0.9056286  0.94419426
 0.94947386 0.9387753  0.95380676 0.9278437  0.9312624  0.9012526
 0.947554   0.8847279  0.9055718  0.9376259  0.9443318  0.941494
 0.9508904  0.9528632  0.95288324 0.94467497 0.94980377 0.9476929
 0.91509426 0.9470844  0.91883343 0.95345324 0.8368174  0.9489929
 0.9356305  0.9467392  0.9547676  0.9394412  0.92207956 0.93593454
 0.9482059  0.9253882  0.9070071  0.95147055 0.94527125 0.9497463
 0.9073149  0.9434182  0.9332813  0.9408049  0.9552287  0.93875813
 0.9498168  0.9520215  0.94925374 0.94008005 0.91436195 0.9525611
 0.94474804 0.94250554 0.9519324  0.9486908  0.94963026 0.9473523
 0.94808406 0.901783   0.9515931  0.9352498  0.9188174  0.92449826
 0.93381155 0.94044447 0.9550797  0.9114189  0.9202428  0.94560325
 0.9531871  0.94751537 0.9544525  0.94538206 0.95537394 0.9462656
 0.9521496  0.9408617  0.95016384 0.9428028  0.94320524 0.925365
 0.932475   0.9360792  0.929696   0.9497695  0.93790525 0.951488
 0.9432788  0.9279458  0.9415797  0.9304575 ]",0.118975826,94.3488233089447,2.636014415718761
GradGSymplecticNNgHMC,0.2,autograd,normal_normal,SynchronousLeapfrog,0.1,"[0.9185435  0.95193243 0.9505736  0.9411532  0.9290101  0.91003007
 0.91583467 0.94214267 0.92577744 0.9392674  0.9039024  0.9444305
 0.9502222  0.9382328  0.95265883 0.9211035  0.9331519  0.9246766
 0.94498414 0.8937353  0.9060453  0.93869054 0.944204   0.9407153
 0.95098007 0.95238686 0.9535575  0.9432912  0.9499125  0.9479334
 0.9136034  0.9464282  0.92704344 0.95440215 0.8238243  0.9504956
 0.9436662  0.94795597 0.9539542  0.93828106 0.92720526 0.94301534
 0.94840044 0.9212021  0.90909815 0.95140266 0.9469201  0.9505879
 0.90330285 0.94553494 0.9286736  0.94250745 0.9558649  0.93811554
 0.94841635 0.9524257  0.94838774 0.93731165 0.9121677  0.95457405
 0.94481623 0.94207877 0.9523995  0.9469439  0.9522311  0.94554126
 0.9480289  0.89277524 0.9510567  0.9304792  0.919908   0.9404275
 0.945271   0.94058883 0.95473003 0.93340063 0.91882074 0.9493741
 0.9523947  0.9467318  0.95418376 0.9504981  0.9555999  0.9456016
 0.95105994 0.939939   0.9494115  0.9438078  0.9397828  0.93994015
 0.936922   0.94263566 0.9295141  0.94781923 0.9443091  0.95154846
 0.94708395 0.9355737  0.9418906  0.94074124]",0.0050666295,27.87349796295166,511.10968917027594
HMC,0.30000000000000004,autograd,banana,SynchronousLeapfrog,0.1,"[0.9105239  0.96603084 0.98421717 0.8513107  0.7843075  0.9648504
 0.94202983 0.93994445 0.9858195  0.83621347 0.9475522  0.9256451
 0.9652513  0.74571407 0.9841118  0.9049654  0.9574779  0.85758084
 0.970798   0.8997075  0.97487664 0.9981405  0.7815192  0.927269
 0.9752202  0.98348224 0.95919836 0.95372313 0.966714   0.95003796
 0.9089422  0.7255081  0.9144758  0.9661864  0.84959555 0.9619726
 0.9299325  0.9316759  0.96602076 0.90951765 0.9583516  0.9707699
 0.961801   0.94739556 0.81294644 0.8965827  0.8883254  0.90906847
 0.9886362  0.88105696 0.8732156  0.872445   0.98034894 0.9782709
 0.9336392  0.92061853 0.9260168  0.9475977  0.94783795 0.9493799
 0.9359306  0.942995   0.96975136 0.9030685  0.96977377 0.97576594
 0.97010535 0.93311137 0.933994   0.87045956 0.92127794 0.8574273
 0.8308811  0.97414225 0.9727764  0.9296428  0.8584108  0.97684526
 0.9045588  0.7188368  0.81764305 0.94342375 0.9471798  0.9621258
 0.9546255  0.95168436 0.9729253  0.97687453 0.9903164  0.9782302
 0.92180955 0.9362283  0.9628768  0.9770379  0.8823513  0.9770837
 0.9630927  0.90395373 0.94973576 0.84481096]",1.4281909e-14,21.792146921157837,1.5362688374089846
NNgHMC,0.30000000000000004,autograd,banana,SynchronousLeapfrog,0.1,"[0.897805   0.95976734 0.91583717 0.09378084 0.5256778  0.8315879
 0.56290877 0.6920309  0.93766975 0.34951216 0.72452736 0.2385261
 0.93575215 2.1114132  0.9923973  0.28366092 0.75171125 0.65132356
 0.77585834 0.66030234 0.97590846 0.9969408  1.5922693  0.94394654
 0.98179424 0.9637079  0.8971523  0.7302792  0.92476165 0.6789403
 0.5600591  0.5817541  0.89351046 0.97232455 0.42201644 0.86488503
 0.5263181  0.7427069  0.9656498  0.82472724 0.8875972  0.9321291
 0.7289793  0.94714516 1.9744809  0.29087842 0.36709294 0.19633627
 0.98001975 0.42974877 0.61446834 0.40445024 0.96366954 0.9188077
 0.32897174 0.12025469 0.4299037  0.92210567 0.87799567 0.9489516
 0.63030165 0.9632338  0.9644729  0.04970237 0.9067272  0.8560637
 0.9484265  0.7628986  0.7190873  0.82260704 0.4909382  0.8060693
 0.7283671  0.90619993 0.9235384  0.87778556 0.8010008  0.96529686
 0.66403973 0.70370436 0.89478874 0.93979204 0.94739354 0.71059656
 0.92318666 0.9575059  0.9617135  0.9347831  0.9908199  0.9847336
 0.05488523 0.88633096 0.9449253  0.9774744  0.93580914 0.88962907
 0.90634835 0.94350696 0.6895198  0.878154  ]",3.4638957e-15,17.1614830493927,2.2206557415422834
NNODEgHMC,0.30000000000000004,autograd,banana,SynchronousLeapfrog,0.1,"[0.9008891  0.9668924  0.8911461  0.00306638 0.48479208 0.87132454
 0.62418455 0.75791997 0.9559218  0.27451682 0.76682484 0.3500533
 0.9107115  2.2921624  0.9893868  0.36466655 0.7114835  0.61079425
 0.7172861  0.61409104 0.973258   0.99538535 1.7315277  0.9315457
 0.98284763 0.98423517 0.8614063  0.65710545 0.9432745  0.5890548
 0.50936055 0.5010228  0.8968236  0.96250594 0.30360556 0.82264584
 0.5947963  0.7082676  0.9684458  0.77714014 0.9193567  0.95794225
 0.7743758  0.9457544  1.7170753  0.23160431 0.2262663  0.29029357
 0.9780493  0.36159143 0.56789637 0.35438085 0.97143865 0.88388956
 0.23615906 0.23687685 0.36006102 0.9541309  0.86011255 0.9660241
 0.7338332  0.9626608  0.9766965  0.07545751 0.92810667 0.8256509
 0.9598992  0.7072506  0.7768454  0.7977601  0.5623263  0.83615065
 0.70793056 0.9271407  0.89844173 0.86494434 0.8058727  0.9724938
 0.5945639  0.6638955  0.8896374  0.91345304 0.9307377  0.6461855
 0.8979746  0.9519423  0.9700357  0.88079566 0.9878862  0.98172826
 0.04316645 0.84368753 0.9602423  0.973511   0.9430317  0.912101
 0.92925847 0.93617237 0.7599878  0.8974809 ]",1.8640892e-10,26.408389568328857,1.8182049699694858
Explicit NNODEgHMC,0.30000000000000004,autograd,banana,SynchronousLeapfrog,0.1,"[0.88834    0.9493394  0.9357995  0.1863288  0.5622163  0.79455364
 0.5001743  0.6588923  0.91641563 0.39534396 0.68040913 0.16909139
 0.948497   2.0123956  0.98672736 0.20117423 0.7864665  0.68726254
 0.8060361  0.6996074  0.97242534 0.99803895 1.4696846  0.95217335
 0.9803543  0.9442735  0.9170775  0.76906896 0.90220964 0.7232062
 0.60513157 0.6233568  0.89041364 0.97625816 0.5406751  0.889018
 0.45613444 0.7724897  0.96192235 0.84546995 0.8715607  0.91147196
 0.6814666  0.9467258  2.1311388  0.3445949  0.49375483 0.1022529
 0.98281455 0.48912358 0.6553869  0.44940132 0.9544489  0.9350757
 0.3910939  0.03678288 0.49019825 0.8998424  0.8918899  0.935842
 0.56444234 0.9610418  0.94742584 0.10294454 0.8838967  0.8814268
 0.937493   0.7922063  0.6630951  0.84412974 0.4173003  0.7851062
 0.74614185 0.88227296 0.94367456 0.8911723  0.7946581  0.9566614
 0.7000303  0.73846996 0.89033353 0.9481761  0.95676726 0.7474229
 0.94005084 0.95613354 0.9510144  0.95541227 0.98967683 0.98381394
 0.13614629 0.90797794 0.9321095  0.97505474 0.9258857  0.86552495
 0.88126826 0.9472995  0.6575047  0.85531616]",2.1132777e-10,45.75878596305847,2.1657295572970963
SymplecticNNgHMC,0.30000000000000004,autograd,banana,SynchronousLeapfrog,0.1,"[2.83601940e-01 1.89838862e+00 1.41473889e+00 2.45426941e+01
 5.23584938e+00 3.36577237e-01 5.22754192e-01 1.44690247e+01
 4.12935466e-01 2.82256889e+01 3.04390252e-01 2.59767413e+00
 1.95501077e+00 7.37804353e-01 4.06326714e+01 5.62655258e+00
 1.11624694e+00 8.08485603e+00 6.26863623e+00 3.58914614e+00
 3.84081781e-01 8.21702421e-01 9.89810753e+00 6.77895099e-02
 9.44429874e-01 4.89699974e+01 1.89819984e+01 3.95615845e+01
 2.67842674e+00 3.63474083e+01 4.70812464e+00 1.04681137e+02
 2.01140791e-02 1.29097295e+00 1.36867485e+01 5.64696960e+01
 2.46556711e+00 6.74417436e-01 6.68001831e-01 3.22186422e+00
 1.62506409e+01 7.22612228e+01 4.97394055e-01 8.42947841e-01
 9.83737946e+00 5.19866037e+00 5.87248981e-01 1.25647879e+00
 8.85854244e-01 8.64306068e+00 1.02588058e+00 4.74597645e+00
 5.07953644e-01 2.11136436e+00 4.75393295e-01 3.24662542e+00
 5.95166445e-01 8.77923279e+01 1.06320274e+00 1.79569280e+00
 4.79366379e+01 2.52689242e+00 1.78575799e-01 2.17286949e+01
 6.90784395e-01 5.48509836e-01 9.79889679e+00 1.48210812e+01
 9.55008864e-01 8.58774841e-01 1.75066757e+00 9.31058197e+01
 9.37806487e-01 1.02583492e+00 3.10635233e+00 5.24611435e+01
 4.67766494e-01 3.93616009e+00 1.19906826e+01 8.93203926e+00
 5.54333458e+01 1.01934099e+01 1.32093477e+00 8.51531219e+00
 6.49777794e+00 7.92174435e+00 1.14446342e+00 5.20998840e+01
 8.51630419e-02 1.31421900e+00 4.04231024e+00 1.37494034e+02
 2.20954880e+02 1.27858925e+00 8.95708740e-01 6.91230476e-01
 1.62703979e+00 1.85337687e+00 6.72432709e+00 5.83788109e+00]",55.397236,70.72108840942383,1.492842294744301
GSymplecticNNgHMC,0.30000000000000004,autograd,banana,SynchronousLeapfrog,0.1,"[0.89754987 0.96737134 0.8260595  0.36122617 0.40460047 0.9555179
 0.8241724  0.9291563  0.98705864 0.32468754 0.88209164 0.74073255
 0.78832597 2.4394588  0.9773216  0.66174114 0.6273021  0.5144392
 0.53638256 0.48595637 0.9257182  0.9931829  1.7590826  0.8983203
 0.9829039  0.9790079  0.874531   0.6583507  0.9667144  0.56474113
 0.42182463 0.44224498 0.906054   0.9101844  0.20974992 0.8270478
 0.82734764 0.6686523  0.9703158  0.7675303  0.95514774 0.97033894
 0.90303123 0.9467459  0.58144474 0.1846149  0.36668333 0.6361364
 0.97738445 0.2089358  0.49464148 0.30646297 0.9808909  0.7414393
 0.03263179 0.6578081  0.20229521 0.96948546 0.83000994 0.95449054
 0.82686424 0.9396714  0.97244185 0.31786525 0.9723548  0.7591447
 0.9604205  0.7086863  0.9350998  0.78307766 0.80336523 0.8481802
 0.67377484 0.9692669  0.8332781  0.86804724 0.8201713  0.9722335
 0.59248585 0.6121356  0.881492   0.803236   0.8377714  0.46009004
 0.78645074 0.8802235  0.98034924 0.83996266 0.96277833 0.95083785
 0.21308678 0.8175578  0.95782423 0.9189919  0.93580884 0.95907164
 0.9745468  0.91150516 0.9396436  0.91209453]",0.0037440883,9.314306497573853,12.462871873725476
GradSymplecticNNgHMC,0.30000000000000004,autograd,banana,SynchronousLeapfrog,0.1,"[7.51657367e-01 7.44352798e+01 6.56366425e+01 7.54973145e+01
 3.99769745e+01 1.27347343e+02 7.32457886e+01 1.38821396e+02
 6.97404480e+01 1.37410343e+00 7.46039963e+01 1.37494141e+02
 1.17889755e+02 9.86599960e+01 9.51876581e-01 7.72177124e+01
 6.20874939e+01 5.38673668e+01 1.22885887e+02 6.91673203e+01
 1.14811424e+02 1.83599377e+01 7.22199860e+01 6.69482269e+01
 8.22535801e+00 7.72220075e-01 2.15673611e-01 1.32402742e+00
 1.00320641e+02 1.65551186e+00 5.69122429e+01 2.55145025e+00
 6.82916784e+00 1.02964012e+02 8.14873352e+01 7.02449977e-01
 8.69681625e+01 5.11249199e+01 3.13857174e+01 1.01165879e+00
 1.49615021e+02 5.02236843e-01 7.17133331e+01 4.24538612e+00
 1.73985016e+02 4.92043076e+01 1.23302971e+02 1.06075974e+02
 1.03308115e+01 7.69446182e+01 6.68493347e+01 4.24175034e+01
 4.45512390e+01 1.26544090e+02 1.11899864e+02 1.34981659e+02
 8.22462311e+01 3.23219746e-01 3.70294952e+01 1.29778534e+02
 2.76799768e-01 5.17122612e+01 9.67567749e+01 1.25287315e+02
 4.91142998e+01 6.15992813e+01 7.42393851e-01 9.94104862e-01
 1.11964386e+02 4.47467499e+01 8.58437729e+01 3.47920135e-02
 2.36579819e+01 6.71844482e+01 7.80488815e+01 4.46906418e-01
 1.14815054e+01 8.42177033e-01 1.35380960e+00 8.76495972e+01
 4.12522435e-01 1.49052673e+02 9.81136093e+01 1.17735703e+02
 1.00758171e+02 1.15525803e+02 4.56479759e+01 1.04161799e+00
 7.28937378e+01 6.69971466e+01 9.12408981e+01 1.53266990e+00
 1.10809350e+00 1.10165482e+02 5.04176483e+01 5.77314682e+01
 6.22990494e+01 7.27472839e+01 1.45936676e+02 7.24448090e+01]",122.22298,168.60685467720032,5100.0
GradGSymplecticNNgHMC,0.30000000000000004,autograd,banana,SynchronousLeapfrog,0.1,"[0.90232635 0.9518468  0.7478568  0.36489353 0.31964874 0.95904493
 0.83280456 0.9457861  0.9881058  0.21863918 0.90066385 0.78025615
 0.6736528  3.1624827  0.96386564 0.66829765 0.50901    0.40968728
 0.30535442 0.3674708  0.8606206  0.99049413 2.3960016  0.8527669
 0.9835515  0.9582857  0.83827347 0.57073677 0.95311594 0.44950783
 0.2708192  0.39008856 0.89971036 0.8340074  0.18731976 0.7911862
 0.83990926 0.56871086 0.9711509  0.72581244 0.9267101  0.97210765
 0.91743743 0.94591403 0.56739926 0.01410628 0.38277453 0.6672751
 0.97361135 0.01670805 0.34997988 0.16164072 0.9816946  0.58468115
 0.3112076  0.7064082  0.01851316 0.97024286 0.7983791  0.9145639
 0.8473711  0.92754525 0.948276   0.7950935  0.9770291  0.67170155
 0.9644265  0.6583365  0.9553188  0.7064028  0.8215803  0.86005515
 0.6524097  0.9746663  0.7355144  0.8597223  0.81583595 0.97502947
 0.5232942  0.4313736  0.8576932  0.6424074  0.75557435 0.21103215
 0.67654055 0.81376743 0.97990036 0.7569771  0.92989874 0.92264533
 0.58390135 0.7854414  0.9424447  0.8557264  0.9343456  0.9675623
 0.9781131  0.86828756 0.9596707  0.91170216]",0.004657511,10.143592596054077,1.5907615654579441
HMC,0.30000000000000004,autograd,gaussian,SynchronousLeapfrog,0.3,"[0.93499464 0.9561032  0.93088806 0.9327382  0.93709946 0.9472968
 0.9346856  0.9321176  0.9348036  0.93265367 0.9453304  0.9388949
 0.95575017 0.93775034 0.94046354 0.95104575 0.9523654  0.94597447
 0.9305896  0.9379082  0.9307782  0.9351441  0.9299206  0.92916363
 0.91632104 0.9564158  0.94876593 0.9422077  0.9503422  0.93110055
 0.9378922  0.9398438  0.95569843 0.9351141  0.94777095 0.9608981
 0.9324081  0.92676187 0.9222038  0.91476774 0.9453418  0.9376348
 0.91543746 0.9373805  0.93488497 0.9581103  0.94910544 0.94979066
 0.92559874 0.9406921  0.91379    0.9356489  0.9357783  0.92416763
 0.9538474  0.9438216  0.9485941  0.91929364 0.941662   0.95562166
 0.9559671  0.9401509  0.9515343  0.95552754 0.9480483  0.93861234
 0.92094463 0.9117732  0.9278504  0.8965861  0.9568901  0.9540162
 0.9233908  0.94385165 0.9237153  0.9431059  0.95228505 0.9428271
 0.9406148  0.91086334 0.936541   0.9369377  0.94618815 0.94200766
 0.9407283  0.94685495 0.9405     0.9163009  0.9171242  0.9495699
 0.9294478  0.9510392  0.95527744 0.9581411  0.9442935  0.9392478
 0.9420899  0.91565096 0.9479313  0.9485264 ]",6.11423e-15,17.36309504508972,2399.722665049648
NNgHMC,0.30000000000000004,autograd,gaussian,SynchronousLeapfrog,0.3,"[0.9345955  0.9565265  0.93125314 0.9354741  0.9367458  0.9484944
 0.9345379  0.9314338  0.9350936  0.93347    0.9462358  0.938866
 0.9554095  0.9382567  0.9406338  0.9511546  0.9525263  0.9456808
 0.93161964 0.9382652  0.9311751  0.93528056 0.92963445 0.93017197
 0.9160733  0.9565363  0.94882905 0.9427978  0.9509356  0.9316003
 0.9374486  0.93970793 0.955718   0.9355597  0.947557   0.96073806
 0.93222094 0.92575234 0.92234504 0.9139787  0.94518423 0.9375264
 0.91393995 0.937395   0.9350783  0.9579169  0.9496697  0.9498805
 0.92656744 0.94067943 0.9130375  0.935106   0.9353174  0.92098874
 0.95379007 0.94384617 0.94795054 0.9186353  0.94125026 0.9555788
 0.9563894  0.941949   0.9512559  0.95575905 0.9485862  0.93909234
 0.9202501  0.9127474  0.92854613 0.8977264  0.95700777 0.9539134
 0.92360306 0.94398344 0.92423403 0.9431486  0.95230436 0.94308347
 0.94112253 0.9087583  0.937107   0.9367199  0.9457287  0.9417019
 0.94043034 0.9476409  0.94073856 0.9157691  0.9176054  0.9496684
 0.93007463 0.9510724  0.95549107 0.95820683 0.9441471  0.93952847
 0.941621   0.91721046 0.94804066 0.9488133 ]",6.341698e-15,16.33708620071411,2386.2665194275114
NNODEgHMC,0.30000000000000004,autograd,gaussian,SynchronousLeapfrog,0.3,"[0.9344298  0.9564287  0.9313507  0.93544805 0.9367126  0.9485574
 0.9345445  0.9315836  0.93501234 0.9333949  0.9462597  0.93899673
 0.9555542  0.9381885  0.9407475  0.9510788  0.95253915 0.945697
 0.93173385 0.93817973 0.93123215 0.93516827 0.92993844 0.93036115
 0.91632533 0.95668423 0.9488575  0.942603   0.9509144  0.93154734
 0.93756217 0.9395141  0.95581627 0.935653   0.94767064 0.96077275
 0.9323232  0.9258677  0.92255354 0.913675   0.94525576 0.93760484
 0.9139826  0.93758744 0.9351138  0.9580359  0.9499246  0.9500011
 0.9264512  0.94075286 0.9127628  0.93515056 0.9354377  0.9205197
 0.9537999  0.9438328  0.9481766  0.91903275 0.94136614 0.95559645
 0.9565344  0.94176805 0.9511487  0.9558469  0.94861907 0.9389771
 0.91952467 0.9130733  0.9286363  0.8970706  0.95698565 0.95384043
 0.92358845 0.9440307  0.92422605 0.94320744 0.9522383  0.94315445
 0.94090605 0.9079417  0.9372201  0.9368446  0.94575644 0.9418132
 0.9407617  0.94766873 0.9405102  0.91589725 0.91748667 0.949671
 0.93006325 0.9511622  0.9554132  0.95816684 0.94414604 0.93968976
 0.9416186  0.91702247 0.9480636  0.9488516 ]",1.9561274e-14,13.26040506362915,2275.9120116136583
Explicit NNODEgHMC,0.30000000000000004,autograd,gaussian,SynchronousLeapfrog,0.3,"[0.9231838  0.94330025 0.88249815 0.866817   0.8362836  0.92209995
 0.8845904  0.90266466 0.9009921  0.9366355  0.8983929  0.9191296
 0.95843834 0.56625193 0.9345789  0.9500915  0.93524957 0.9236493
 0.88650817 0.9230096  0.92142    0.9056651  0.9187168  0.924561
 0.9215395  0.9570879  0.9480289  0.9299401  0.92441356 0.93509483
 0.90698785 0.94602954 0.95148844 0.9197606  0.900984   0.952711
 0.89006776 0.90564865 0.7954054  0.88599575 0.9227929  0.9068452
 0.7818374  0.67001414 0.8924443  0.95443195 0.9364934  0.95443153
 0.8973714  0.9509927  0.88627017 0.9072611  0.8685851  0.8735437
 0.9491447  0.9272382  0.938864   0.89866674 0.9207298  0.947565
 0.9387827  0.92357385 0.949454   0.9278712  0.95038664 0.92679834
 0.90112543 0.89251745 0.79840684 0.9060728  0.95097005 0.9538059
 0.91556823 0.92575026 0.85370797 0.9350786  0.95189476 0.94750303
 0.8602456  0.7448914  0.9215819  0.86464596 0.9427128  0.9310366
 0.88908356 0.7243295  0.9140309  0.9052304  0.863768   0.9229197
 0.8989722  0.90521973 0.9558834  0.95661485 0.9153389  0.93338937
 0.9320092  0.9070668  0.95175904 0.93729323]",3.4929465e-13,20.489402532577515,111.42220825298655
SymplecticNNgHMC,0.30000000000000004,autograd,gaussian,SynchronousLeapfrog,0.3,"[ 2.5512266   1.1906335   6.1863856  23.47267    25.09425    18.77195
  0.4883425   6.0585165  39.987713    0.7586111   3.9386652   6.032678
  0.2351176   2.7743196   1.8255657   4.3295507   0.33959386  8.596767
 16.350319    0.4769948  19.912403    1.1662643   7.8289466   4.143507
 11.103849    0.4527974   3.0277958  10.768985    1.6621478   7.9221206
  5.9691343   5.401082    0.8726115   4.1712356   2.4125938   0.7440173
  5.296803    0.40616077  5.5892787  10.849757   10.551732   30.00887
  0.7794008   0.6227515  24.916868    0.35154265  0.9414384   0.14622383
 13.11454     4.9321594   0.7890317   6.6244307   0.96334475  8.191099
  0.3452941   0.13546327  0.13436157  4.6112056  10.473365    0.3853416
  0.45130783 31.691854    2.0485563   6.72361     7.111064    0.6117115
 12.066383   17.876701    0.794927    5.4306784   3.544241    0.4787644
 12.8637295   0.3800288   1.7037909   8.066175    0.41175327  5.0873394
 11.107767   64.8338      3.08741     2.2781675   0.26569957  0.34311622
  0.17960334  0.47856444  2.9649608  43.6186     63.64738     1.7741611
  8.037121    0.08469544  3.9358947   0.5825795   0.9117133   7.266674
  3.7530715   7.353935    8.24332    20.97631   ]",222725.1,19.63958215713501,1700.0
GSymplecticNNgHMC,0.30000000000000004,autograd,gaussian,SynchronousLeapfrog,0.3,"[0.9369687  0.9549238  0.9192151  0.88111675 0.9083915  0.9387562
 0.895961   0.9302038  0.93197536 0.9322144  0.9381906  0.9376294
 0.9585778  0.8942156  0.94111395 0.9523763  0.9391222  0.94153476
 0.9397963  0.92608535 0.926521   0.91193235 0.93317956 0.9333968
 0.93143785 0.95672697 0.9470746  0.9450264  0.94916123 0.933102
 0.9326843  0.94703054 0.9575374  0.9347729  0.94200444 0.9593357
 0.9242848  0.93120974 0.90072525 0.87899685 0.94215083 0.92630994
 0.9128997  0.92963445 0.93046045 0.9598624  0.94631886 0.95321226
 0.9285416  0.9466874  0.9176237  0.9065876  0.924672   0.88755107
 0.95361984 0.9452255  0.94859445 0.88309574 0.93709517 0.9542421
 0.9498882  0.9289359  0.95211333 0.95168495 0.949656   0.9275586
 0.9019393  0.9106808  0.92770755 0.8999964  0.9570982  0.95501775
 0.9292902  0.9256255  0.921561   0.9451518  0.953992   0.94567347
 0.9376197  0.8849201  0.93497944 0.90961975 0.94871426 0.93860614
 0.9364292  0.91648215 0.9335951  0.9142746  0.9169996  0.9407759
 0.9184181  0.946188   0.958307   0.95855165 0.94300836 0.9303435
 0.9384651  0.9237744  0.9528198  0.9465221 ]",0.06241351,7.071099519729614,235.90818738362063
GradSymplecticNNgHMC,0.30000000000000004,autograd,gaussian,SynchronousLeapfrog,0.3,"[ 2.5512266   1.1906335   6.1863856  23.47267    25.09425    18.77195
  0.4883425   6.0585165  39.987713    0.7586111   3.9386652   6.032678
  0.2351176   2.7743196   1.8255657   4.3295507   0.33959386  8.596767
 16.350319    0.4769948  19.912403    1.1662643   7.8289466   4.143507
 11.103849    0.4527974   3.0277958  10.768985    1.6621478   7.9221206
  5.9691343   5.401082    0.8726115   4.1712356   2.4125938   0.7440173
  5.296803    0.40616077  5.5892787  10.849757   10.551732   30.00887
  0.7794008   0.6227515  24.916868    0.35154265  0.9414384   0.14622383
 13.11454     4.9321594   0.7890317   6.6244307   0.96334475  8.191099
  0.3452941   0.13546327  0.13436157  4.6112056  10.473365    0.3853416
  0.45130783 31.691854    2.0485563   6.72361     7.111064    0.6117115
 12.066383   17.876701    0.794927    5.4306784   3.544241    0.4787644
 12.8637295   0.3800288   1.7037909   8.066175    0.41175327  5.0873394
 11.107767   64.8338      3.08741     2.2781675   0.26569957  0.34311622
  0.17960334  0.47856444  2.9649608  43.6186     63.64738     1.7741611
  8.037121    0.08469544  3.9358947   0.5825795   0.9117133   7.266674
  3.7530715   7.353935    8.24332    20.97631   ]",222725.1,23.812817335128784,1700.0
GradGSymplecticNNgHMC,0.30000000000000004,autograd,gaussian,SynchronousLeapfrog,0.3,"[0.93614995 0.95595497 0.93212074 0.93266153 0.93892115 0.9470517
 0.937915   0.9334744  0.93562144 0.93373346 0.94539946 0.93922246
 0.9565834  0.9414196  0.9415047  0.9513235  0.95291805 0.94631577
 0.9327016  0.94112396 0.9330931  0.93627375 0.93158406 0.9307474
 0.91896194 0.9568366  0.94923615 0.9427079  0.9503373  0.9323208
 0.938368   0.9411885  0.9561943  0.93447113 0.9495286  0.96127224
 0.9335982  0.9288887  0.9278447  0.9190172  0.9460596  0.93875784
 0.919505   0.940529   0.9360169  0.95833695 0.9496128  0.9506657
 0.9275405  0.94245595 0.9179036  0.93925375 0.9384537  0.92674893
 0.9539844  0.94536424 0.9507336  0.92128986 0.9424066  0.95570695
 0.9561719  0.9395475  0.95203465 0.95594597 0.94806355 0.9402771
 0.9242091  0.91633713 0.9294195  0.8990172  0.9567144  0.9547192
 0.92519015 0.9446317  0.92755115 0.9452654  0.95319104 0.94379294
 0.9422617  0.9132843  0.937366   0.93720454 0.94778323 0.94251865
 0.9412882  0.94886625 0.9419997  0.91797507 0.91932106 0.9501681
 0.9297037  0.95124674 0.95568895 0.9582185  0.94699717 0.9415121
 0.94409657 0.9183039  0.94876975 0.94903773]",0.044498324,7.956533432006836,9.579977317027337
HMC,0.30000000000000004,autograd,high_dimensional_gaussian,SynchronousLeapfrog,0.1,"[0.9324452  0.9395833  0.9362916  0.94863546 0.9467077  0.9426929
 0.9278258  0.93812084 0.9322574  0.93106604 0.9301872  0.93588626
 0.9312493  0.9349551  0.9360398  0.9327914  0.93535614 0.9401084
 0.93372697 0.9349453  0.93709457 0.9381583  0.9366269  0.93527645
 0.9394082  0.93718433 0.93593585 0.93668485 0.93345994 0.93480766
 0.9406263  0.9396713  0.9283106  0.9230164  0.93314743 0.93795204
 0.9306239  0.9296522  0.9402884  0.9386358  0.94462365 0.9379982
 0.92514575 0.9406821  0.93011874 0.9450266  0.92691433 0.93699545
 0.9310707  0.9363095  0.9369743  0.9359864  0.9387026  0.93095374
 0.94287777 0.92940843 0.93305635 0.93380725 0.9354048  0.9270648
 0.94335306 0.9413308  0.9354243  0.9301729  0.94251895 0.9375237
 0.93053126 0.9473252  0.93925184 0.9472221  0.93557566 0.94340503
 0.940348   0.9384861  0.9292121  0.9356251  0.9288478  0.940725
 0.93034685 0.9267707  0.9358748  0.94017756 0.94498914 0.93863124
 0.945106   0.9423814  0.9404682  0.93920374 0.94302607 0.94613636
 0.9429773  0.93782115 0.92816293 0.9406795  0.93849826 0.93603456
 0.93212605 0.9355879  0.93838996 0.94701755]",1.3540546e-15,51.03129506111145,307.3118546710494
NNgHMC,0.30000000000000004,autograd,high_dimensional_gaussian,SynchronousLeapfrog,0.1,"[0.93236816 0.9395828  0.9362544  0.9486687  0.9467199  0.9426884
 0.92762727 0.9381032  0.9321627  0.93097734 0.9300687  0.9358456
 0.931167   0.9349495  0.9360323  0.93272775 0.93532014 0.9400613
 0.9336624  0.9349146  0.93709445 0.93814516 0.93663776 0.93525237
 0.939408   0.93718493 0.935884   0.93667    0.933452   0.93474615
 0.9406265  0.9396833  0.92819166 0.9227249  0.93303525 0.93796504
 0.93048906 0.9295701  0.9402744  0.9386294  0.9446515  0.9379463
 0.9249959  0.940681   0.93000877 0.9450478  0.9267935  0.93697405
 0.93098754 0.93629    0.93693924 0.93597746 0.9386972  0.930879
 0.9429203  0.92937326 0.93303126 0.93372077 0.93542624 0.9269065
 0.9433602  0.9413559  0.93534106 0.9300954  0.9425182  0.9374861
 0.9304408  0.94735336 0.9392666  0.9472413  0.9355607  0.94345343
 0.9403431  0.9384618  0.9291441  0.935601   0.928741   0.9407244
 0.9301919  0.9266275  0.9357454  0.9401698  0.9450134  0.938626
 0.94510573 0.9423844  0.9404553  0.9392249  0.9430896  0.9461421
 0.94299555 0.9378133  0.9279983  0.9406616  0.93845767 0.9360169
 0.9320798  0.93560904 0.9383888  0.9470439 ]",1.3551619e-15,47.166723012924194,294.4320407475037
NNODEgHMC,0.30000000000000004,autograd,high_dimensional_gaussian,SynchronousLeapfrog,0.1,"[0.93237865 0.93957585 0.9362477  0.94867325 0.94672316 0.9426784
 0.9276282  0.93811625 0.9322704  0.93101645 0.93010044 0.93582624
 0.9311232  0.9349241  0.93602294 0.9327532  0.935292   0.9400784
 0.9336869  0.9349116  0.9370591  0.9381479  0.93657434 0.93529195
 0.9393897  0.93715763 0.93589777 0.93665683 0.93341726 0.9347538
 0.94062114 0.9396937  0.92821777 0.92275095 0.93302983 0.93794125
 0.9305007  0.9294812  0.940231   0.9386238  0.94463825 0.93795866
 0.9249548  0.94071877 0.9300848  0.9450264  0.9267745  0.93699276
 0.93093634 0.93628186 0.9369542  0.93596447 0.9386368  0.930906
 0.9428789  0.9293736  0.9329566  0.9337692  0.9353595  0.9269072
 0.9433915  0.94131994 0.9353658  0.93006074 0.9425151  0.9375097
 0.9304825  0.9473666  0.93924755 0.94722575 0.93553746 0.94340605
 0.94034374 0.9384701  0.92909527 0.93559456 0.92873496 0.9406942
 0.93024606 0.92665786 0.93575263 0.9401957  0.9450059  0.9385829
 0.9451034  0.9423806  0.9404758  0.93921006 0.9430701  0.94614065
 0.9429843  0.93777955 0.92803234 0.940647   0.9385389  0.935948
 0.932054   0.9355469  0.93835443 0.94703746]",1.3257666e-14,38.75882387161255,296.38943955807855
Explicit NNODEgHMC,0.30000000000000004,autograd,high_dimensional_gaussian,SynchronousLeapfrog,0.1,"[0.9287324  0.9373492  0.93371904 0.94698185 0.9459733  0.940071
 0.9245539  0.9355272  0.92618245 0.9273628  0.9272342  0.9328933
 0.9281558  0.9312126  0.9329752  0.9289441  0.93357176 0.93811405
 0.9306501  0.93254375 0.933994   0.93511885 0.9333122  0.93180704
 0.9365047  0.9346468  0.9335699  0.9354509  0.93169856 0.9309618
 0.9385524  0.93591213 0.9235705  0.9194517  0.9288753  0.93423545
 0.928251   0.9242058  0.93735445 0.9360685  0.94317645 0.93598795
 0.92172307 0.9379262  0.92582893 0.94345236 0.9220721  0.93395036
 0.9284967  0.93350303 0.9359188  0.93079585 0.9354478  0.9273243
 0.9408655  0.92517513 0.9295293  0.9286814  0.93065464 0.9238552
 0.9408741  0.9383402  0.93275857 0.92721987 0.941203   0.93396306
 0.9251387  0.94639266 0.9368827  0.9456431  0.93459046 0.9413175
 0.93690264 0.93642896 0.9242184  0.93314517 0.9263425  0.9373421
 0.9280604  0.9231485  0.9317789  0.93693566 0.9429409  0.93681085
 0.9433543  0.9401673  0.9394158  0.9371718  0.93945783 0.94588685
 0.9401874  0.9360013  0.92444456 0.93845093 0.9329432  0.93395495
 0.928331   0.93244857 0.93564034 0.9454295 ]",1.6245411e-14,58.1476149559021,53.40407776101362
SymplecticNNgHMC,0.30000000000000004,autograd,high_dimensional_gaussian,SynchronousLeapfrog,0.1,"[0.9336268  0.9378048  0.9359488  0.9487239  0.9461211  0.94257563
 0.92658997 0.9391915  0.9330573  0.93197906 0.92669886 0.9341197
 0.9313694  0.93583477 0.9362316  0.9328469  0.93159664 0.94015026
 0.9331149  0.93489045 0.93504894 0.9367716  0.93625057 0.93678105
 0.93985283 0.9353813  0.9332895  0.937148   0.93190163 0.9303107
 0.93875647 0.9398323  0.92770004 0.9202549  0.9337363  0.93655604
 0.93173504 0.9298953  0.9405526  0.93771935 0.94264835 0.9384188
 0.9242228  0.93798304 0.92698497 0.9445059  0.92359495 0.93724096
 0.93003386 0.9344823  0.9363906  0.9347509  0.9353169  0.930298
 0.9406285  0.92796344 0.93205535 0.9319204  0.9374802  0.9273793
 0.941856   0.9404391  0.9338137  0.93000925 0.94224566 0.9362383
 0.9264717  0.94615686 0.9402796  0.94641036 0.93345165 0.94347894
 0.93840337 0.9363527  0.92799366 0.934416   0.930714   0.9405188
 0.92864245 0.9281561  0.93438935 0.938602   0.94498336 0.9380363
 0.94569486 0.940828   0.93763006 0.9358279  0.9436619  0.943964
 0.94321287 0.9356954  0.9308119  0.93866444 0.93773574 0.933326
 0.93354213 0.9339708  0.9392003  0.9455037 ]",0.05941256,84.85266852378845,4.117408117606294
GSymplecticNNgHMC,0.30000000000000004,autograd,high_dimensional_gaussian,SynchronousLeapfrog,0.1,"[0.93285507 0.939711   0.9363741  0.948861   0.9468176  0.9426548
 0.9281105  0.9383     0.93287224 0.9313469  0.9303436  0.9362658
 0.93167686 0.9353827  0.9363303  0.93286884 0.93564034 0.94040865
 0.9339436  0.93511295 0.9374425  0.9382846  0.93690586 0.9355135
 0.9396105  0.93738735 0.9361827  0.9370062  0.9335911  0.93488634
 0.94082475 0.9397978  0.92850894 0.92345905 0.9335548  0.938107
 0.93093646 0.9299285  0.9403817  0.93861854 0.9447632  0.9381968
 0.92537135 0.94104755 0.9301755  0.94521254 0.9270028  0.9372691
 0.93132925 0.9366026  0.93711233 0.93627954 0.9388428  0.9311168
 0.9430717  0.9296422  0.9334485  0.9340953  0.9358105  0.9273471
 0.94348836 0.9414095  0.9356191  0.9303068  0.942611   0.9377531
 0.93089366 0.9475262  0.93942493 0.9471852  0.9354765  0.9435353
 0.94026923 0.9385189  0.9292778  0.9358392  0.92912674 0.94080746
 0.93056273 0.9269373  0.9358499  0.9403738  0.9451043  0.93871486
 0.9451782  0.9426939  0.9404358  0.93947875 0.9432936  0.9460971
 0.9431824  0.93816423 0.9286094  0.9407233  0.9387361  0.93628067
 0.93236315 0.93571985 0.9385241  0.94704616]",0.0040421984,26.167216539382935,96.62620819739642
GradSymplecticNNgHMC,0.30000000000000004,autograd,high_dimensional_gaussian,SynchronousLeapfrog,0.1,"[0.93265355 0.939614   0.9367379  0.94867504 0.9466757  0.94271934
 0.92848176 0.93839383 0.9322437  0.93057716 0.9304449  0.93596303
 0.9316062  0.9347598  0.935452   0.93285483 0.93539214 0.940015
 0.93395627 0.9349308  0.9372506  0.9381835  0.9357164  0.93551224
 0.93926066 0.9364643  0.93621314 0.9370581  0.934523   0.9348438
 0.9406521  0.93988466 0.9273863  0.9217614  0.9330732  0.9381646
 0.9306063  0.92975277 0.94073105 0.93841237 0.9445858  0.9375608
 0.92575836 0.94096774 0.93039775 0.94515175 0.92657274 0.93699884
 0.9303775  0.93647444 0.93716    0.9361901  0.9385118  0.9308249
 0.94285965 0.92963123 0.9325668  0.9339261  0.93560505 0.9277154
 0.94332784 0.94160783 0.9357047  0.9303502  0.94269824 0.93815035
 0.9301185  0.9473526  0.9392954  0.9473199  0.9350648  0.94382495
 0.9402244  0.9387816  0.9293627  0.93590546 0.9289991  0.9410732
 0.9300625  0.927025   0.93592614 0.94061327 0.94478714 0.93905824
 0.9452586  0.942448   0.9407177  0.9393214  0.9428911  0.9462263
 0.9429674  0.9377289  0.92817515 0.9405502  0.93811834 0.9361071
 0.9321115  0.93588865 0.9385145  0.9471037 ]",0.026432924,187.0015890598297,1.767248086820707
GradGSymplecticNNgHMC,0.30000000000000004,autograd,high_dimensional_gaussian,SynchronousLeapfrog,0.1,"[0.9328174  0.9398581  0.9366269  0.9486966  0.9469075  0.9429586
 0.9283991  0.9384773  0.9327008  0.9316856  0.9307767  0.9362569
 0.93178153 0.9353657  0.9363314  0.93324363 0.93577546 0.94038284
 0.93413603 0.93530405 0.9374831  0.9385159  0.9370549  0.93571395
 0.9397304  0.93746585 0.93635315 0.937047   0.93388474 0.935202
 0.94094133 0.9399308  0.92884254 0.9236871  0.9334612  0.9383267
 0.9310994  0.93024397 0.9406785  0.9389741  0.94481957 0.93832016
 0.9258229  0.94098854 0.930488   0.9452416  0.9274584  0.93737876
 0.931527   0.9367665  0.93738544 0.93641603 0.93910694 0.93149424
 0.9431479  0.92981166 0.93350285 0.93419737 0.9357861  0.92770165
 0.94367    0.94164574 0.935776   0.9307251  0.9428069  0.9379339
 0.9310433  0.9474206  0.9395946  0.9473595  0.93588275 0.9436884
 0.940493   0.93880606 0.9297306  0.93594426 0.92926204 0.9410135
 0.93091553 0.92735136 0.9362831  0.9405389  0.9452237  0.9389671
 0.9453188  0.9427001  0.940771   0.93942964 0.94323635 0.94631904
 0.9432749  0.9381573  0.92868006 0.94093907 0.9388434  0.9364786
 0.93258494 0.935953   0.93871355 0.94716537]",0.0022382017,48.2056884765625,87.89130041369309
HMC,0.30000000000000004,autograd,normal_normal,SynchronousLeapfrog,0.1,"[0.9222624  0.94089293 0.94565475 0.94154584 0.92004204 0.944222
 0.9464604  0.946692   0.94666255 0.8830066  0.9367651  0.9335465
 0.9353974  0.93169963 0.9490874  0.9198081  0.9362413  0.90926
 0.94787997 0.92509955 0.94895124 0.9511911  0.9463872  0.92733383
 0.9485769  0.9254195  0.9508976  0.93788373 0.9162955  0.9498398
 0.93428755 0.9372525  0.9132675  0.94079244 0.92230356 0.9496309
 0.93289375 0.9338212  0.9373025  0.9234058  0.94022965 0.9520476
 0.94836366 0.89288473 0.93953484 0.9401209  0.94476455 0.9491307
 0.9484748  0.9437155  0.9387417  0.9406103  0.94354266 0.9521657
 0.9324536  0.9497558  0.94700575 0.94496775 0.9041867  0.9504607
 0.94776857 0.9284367  0.93151057 0.93600243 0.9521782  0.94255924
 0.9476261  0.95203245 0.9332525  0.94957733 0.9354038  0.94888103
 0.92880476 0.9429803  0.9311466  0.9349496  0.91866654 0.9481493
 0.94896543 0.91807884 0.9331526  0.93939435 0.93861127 0.9456872
 0.93317485 0.92656326 0.93359464 0.95032775 0.94199693 0.94001245
 0.9508649  0.9418828  0.8991143  0.9246869  0.9438534  0.9018747
 0.94440264 0.9457719  0.94871974 0.9321499 ]",1.5555785e-15,79.56790614128113,406.0216649236694
NNgHMC,0.30000000000000004,autograd,normal_normal,SynchronousLeapfrog,0.1,"[0.9227494  0.9408986  0.94564486 0.9410607  0.9201739  0.9442309
 0.9466747  0.9468274  0.9467739  0.88475794 0.9377701  0.9337022
 0.9357216  0.93168736 0.949114   0.92000616 0.9360978  0.8913541
 0.9479078  0.924698   0.9490465  0.951225   0.9465517  0.92700005
 0.9486286  0.92500347 0.9509475  0.9371691  0.91715145 0.94976157
 0.93371403 0.93812907 0.9135121  0.94068277 0.9222216  0.9497673
 0.9312598  0.9336952  0.9375595  0.92297065 0.94008917 0.9521932
 0.9484037  0.8923291  0.9397092  0.94024676 0.9448352  0.9492342
 0.94849885 0.94363415 0.93874526 0.9407275  0.9436564  0.9521688
 0.93270445 0.9493952  0.9467939  0.9450187  0.9049517  0.95052046
 0.9477841  0.92871225 0.9316007  0.9335027  0.9519739  0.94264746
 0.94762516 0.95193493 0.9329159  0.9497604  0.93532085 0.9492089
 0.92886055 0.9432491  0.93070436 0.9340092  0.91951704 0.9482667
 0.94885254 0.91721743 0.9333584  0.93968934 0.9385866  0.9457518
 0.933668   0.92709607 0.93326443 0.95042485 0.9421295  0.94004
 0.9509077  0.94285154 0.87913483 0.9246836  0.9439275  0.90221906
 0.945234   0.9458151  0.9487178  0.9320256 ]",1.794901e-15,67.58389925956726,378.4091688423924
NNODEgHMC,0.30000000000000004,autograd,normal_normal,SynchronousLeapfrog,0.1,"[0.9229609  0.9409458  0.94557804 0.9408226  0.92019594 0.944147
 0.94685495 0.94715255 0.94677985 0.88517463 0.93687075 0.9337532
 0.9357554  0.931539   0.94902897 0.9202304  0.93604416 0.8857136
 0.9479083  0.92485976 0.94882095 0.95124197 0.9464201  0.92720383
 0.9485287  0.9251617  0.9511118  0.9371238  0.9172888  0.9498074
 0.93332386 0.9375421  0.9139244  0.94060224 0.92240953 0.95006454
 0.9311421  0.9337714  0.9375145  0.923115   0.9398937  0.9522623
 0.9483664  0.89100647 0.9397464  0.94026655 0.94495237 0.9494362
 0.9485059  0.9434206  0.93848455 0.94081724 0.9437369  0.9520798
 0.93289983 0.9493288  0.94657135 0.9451198  0.906072   0.9505281
 0.94754493 0.92813945 0.93160045 0.9329111  0.9519531  0.9424933
 0.94755715 0.9519421  0.9329666  0.9496967  0.93542117 0.9493515
 0.9289546  0.943125   0.9305912  0.9336516  0.9198735  0.94808817
 0.9487652  0.917102   0.9334876  0.9397575  0.9386233  0.9458051
 0.93347406 0.9274235  0.93323326 0.9504578  0.9421381  0.9400661
 0.9507476  0.942759   0.87698746 0.92499566 0.94401854 0.90259
 0.94497526 0.94585437 0.9488201  0.93205345]",1.8348e-14,46.158703327178955,390.4292032494745
Explicit NNODEgHMC,0.30000000000000004,autograd,normal_normal,SynchronousLeapfrog,0.1,"[0.9144711  0.9398615  0.9429425  0.9415635  0.9244353  0.94127035
 0.9459963  0.9471915  0.9457525  0.8833747  0.92993486 0.9318864
 0.930779   0.9268853  0.9477161  0.9129453  0.9341577  0.70338476
 0.946011   0.9159765  0.94751453 0.9504821  0.9462888  0.9190342
 0.9457423  0.91915506 0.9502403  0.93361175 0.91363394 0.95001936
 0.9136235  0.9281732  0.91667604 0.93721473 0.91346496 0.94950885
 0.92548245 0.9285149  0.9320824  0.9145545  0.9258947  0.95126057
 0.94668233 0.88347006 0.93824804 0.9404793  0.9450431  0.9489131
 0.9477874  0.9348306  0.93497676 0.9403777  0.9431218  0.9517378
 0.927379   0.949792   0.94746137 0.9430148  0.897233   0.9495187
 0.94684905 0.89790535 0.9277031  0.91824436 0.9524576  0.9403609
 0.9459809  0.9521502  0.931695   0.94908285 0.93408334 0.94888157
 0.92717594 0.9403242  0.9249821  0.92252886 0.92109716 0.9468597
 0.948151   0.91321963 0.9299301  0.93896264 0.9360415  0.9455285
 0.9193616  0.92036545 0.92921704 0.94976395 0.93997204 0.93904227
 0.95036167 0.9372756  0.8256735  0.91683984 0.9435928  0.89449894
 0.94053686 0.9450265  0.94901955 0.9328598 ]",2.30577e-14,66.63830304145813,261.5734236908887
SymplecticNNgHMC,0.30000000000000004,autograd,normal_normal,SynchronousLeapfrog,0.1,"[0.92553854 0.9406578  0.94524467 0.94089913 0.91431874 0.94224834
 0.9468233  0.9484865  0.9465159  0.881356   0.9345466  0.93260705
 0.93626404 0.9324105  0.9481498  0.91676116 0.93738496 0.80739963
 0.9465406  0.92519563 0.94834983 0.9507102  0.94635606 0.9265041
 0.9480922  0.9237401  0.95112264 0.9362811  0.9121477  0.9492506
 0.92225015 0.9335219  0.91260785 0.940174   0.92394394 0.95062184
 0.9296214  0.93314594 0.9331075  0.92125833 0.9325378  0.95197904
 0.94747937 0.9001023  0.9401808  0.9399971  0.94456434 0.95030165
 0.9481983  0.9384202  0.9394578  0.9405691  0.94358253 0.9515475
 0.93289554 0.9490482  0.9478121  0.9441609  0.90790886 0.94980705
 0.94808483 0.91083616 0.9290805  0.9293088  0.9514405  0.9432
 0.94637096 0.951636   0.9344293  0.94952345 0.9363831  0.949654
 0.9293728  0.9427093  0.930169   0.9294771  0.91547656 0.94789934
 0.9470267  0.9142016  0.93190354 0.9382283  0.93935364 0.94562817
 0.92413443 0.9276935  0.935426   0.9499824  0.9420571  0.9383955
 0.9508542  0.9407501  0.87535083 0.9236572  0.9439885  0.90408266
 0.9447694  0.9454653  0.9486432  0.93370885]",0.03165623,86.39386916160583,519.8475024044446
GSymplecticNNgHMC,0.30000000000000004,autograd,normal_normal,SynchronousLeapfrog,0.1,"[0.9257964  0.9397389  0.9458415  0.9419614  0.92263937 0.9442605
 0.94685644 0.94760823 0.946403   0.88065445 0.9388997  0.93255055
 0.93641365 0.93486583 0.94892925 0.92089164 0.93581355 0.89750075
 0.9480855  0.9279578  0.94920987 0.95137036 0.9464617  0.92879933
 0.94913864 0.92591095 0.9513259  0.9377241  0.9168662  0.9497076
 0.9342651  0.9403176  0.9139304  0.9409827  0.9239677  0.9503779
 0.93281984 0.9352323  0.9378787  0.9247141  0.94148344 0.95242095
 0.94864047 0.89391947 0.94035006 0.9403266  0.94451416 0.9499042
 0.947869   0.9442096  0.9411136  0.93992937 0.94369954 0.95204777
 0.93366873 0.9495429  0.94745266 0.9454459  0.907935   0.9507078
 0.9478897  0.930277   0.93190324 0.9365174  0.9519701  0.94275856
 0.94744337 0.9519352  0.9335088  0.9495251  0.93603396 0.94930905
 0.927324   0.94349444 0.93164825 0.93717945 0.9200754  0.94822496
 0.94867295 0.9192945  0.93253964 0.9398986  0.93827623 0.9458148
 0.9343836  0.9289397  0.93410146 0.95057344 0.94156194 0.9393846
 0.9508135  0.94454473 0.89538574 0.92589134 0.9433858  0.901626
 0.94651175 0.94506097 0.9483254  0.9316865 ]",0.0037686087,29.287769317626953,561.7144514351271
GradSymplecticNNgHMC,0.30000000000000004,autograd,normal_normal,SynchronousLeapfrog,0.1,"[0.9233513  0.9413767  0.94637144 0.93770516 0.90002555 0.9412996
 0.94655514 0.9480672  0.9467149  0.867902   0.9394239  0.93458503
 0.9357895  0.9291005  0.94721544 0.9167213  0.93753636 0.803007
 0.94645154 0.92169285 0.9470992  0.95063084 0.94565725 0.92435473
 0.949114   0.92187566 0.9510724  0.93952054 0.90593565 0.9497607
 0.92115396 0.93952006 0.90390795 0.941468   0.9242625  0.9502953
 0.93467784 0.93085086 0.9314525  0.918982   0.9311471  0.9520533
 0.9474485  0.9014551  0.9391424  0.93822086 0.94506776 0.95087713
 0.9479232  0.9393069  0.93612564 0.940575   0.9431442  0.9508607
 0.9319849  0.9485523  0.94569576 0.9428982  0.90828705 0.9497678
 0.94678324 0.9034586  0.92733467 0.9376693  0.9511422  0.9425694
 0.9454691  0.9517654  0.9339137  0.94888294 0.9354822  0.9500978
 0.9314715  0.9420233  0.93244475 0.93510187 0.9067242  0.94712543
 0.946325   0.9174117  0.93332994 0.936672   0.9400017  0.9449396
 0.9206294  0.9266345  0.9351666  0.9497876  0.94255924 0.9386736
 0.94969815 0.9436187  0.8929571  0.922809   0.9445752  0.90906525
 0.94684744 0.9452889  0.9489247  0.93294877]",0.120978296,105.89789628982544,792.560520326757
GradGSymplecticNNgHMC,0.30000000000000004,autograd,normal_normal,SynchronousLeapfrog,0.1,"[0.92270297 0.941363   0.9460238  0.94095063 0.9187155  0.94473016
 0.94635475 0.9456598  0.9468126  0.87642735 0.93984115 0.9340779
 0.93574136 0.9322848  0.9493534  0.92109007 0.9364536  0.90879333
 0.9482541  0.9261767  0.9491856  0.95132995 0.946187   0.92840815
 0.94884765 0.92615867 0.9506337  0.93859243 0.9159111  0.9498873
 0.9360916  0.9398333  0.91244835 0.9413663  0.92298687 0.948955
 0.933596   0.93440783 0.9381957  0.92454994 0.94044966 0.95208716
 0.9486165  0.8968093  0.9396328  0.9403492  0.9445891  0.9486808
 0.9486963  0.94460934 0.93916976 0.94058913 0.94373024 0.95226324
 0.9332649  0.94958925 0.9465973  0.9451593  0.90614074 0.9506178
 0.9479002  0.9306125  0.93182313 0.9371091  0.95210075 0.94268894
 0.94794285 0.9520452  0.9332878  0.9495492  0.9354948  0.94858396
 0.92964077 0.9432053  0.93203706 0.93513775 0.91818583 0.94834584
 0.9491591  0.91764736 0.93393743 0.9398095  0.938904   0.9458511
 0.9347997  0.9273391  0.93347263 0.9504015  0.94235814 0.9403771
 0.9509656  0.9422296  0.9007351  0.9259609  0.9438936  0.90414417
 0.9451057  0.94599074 0.94861954 0.9319911 ]",0.0051820623,32.040263175964355,548.5166384118106
HMC,0.4,autograd,banana,SynchronousLeapfrog,0.1,"[0.9124753  0.9882964  0.9749631  0.8650049  0.80481356 0.9750751
 0.89414024 0.9254141  0.46655664 0.92593634 0.8879835  0.9327053
 0.98055506 0.79907477 0.9549377  0.9004624  0.95983374 0.928561
 0.98060364 0.94283503 0.9587443  0.94272125 0.72115517 0.9773337
 0.9535507  0.95940924 0.9626794  0.94034094 0.9874326  0.8764273
 0.95423114 0.89612854 0.9172616  0.988382   0.8647055  0.9379133
 0.9020494  0.87979406 0.99171436 0.9486035  0.9659686  0.96913767
 0.920784   0.85977906 0.8636106  0.9635493  0.85318774 0.9254541
 0.9705757  0.93654364 0.8651595  0.8988975  0.79450417 0.9788663
 0.948548   0.93749416 0.93190384 0.75861275 0.9444375  0.92795384
 0.9159683  0.92336273 0.9643516  0.97962564 0.9762246  0.94906163
 0.9887681  0.9782232  0.94924563 0.9264342  0.93535966 0.9528939
 0.99068713 0.9766302  0.9702934  0.9457077  0.796003   0.91241163
 0.9074118  0.88527    0.9543375  0.9710304  0.9817109  0.9857461
 0.97541153 0.9488174  0.9738803  0.948679   0.71284187 0.9891016
 0.9224636  0.96186465 0.9409083  0.9387016  0.87925303 0.9651532
 0.9274926  0.97239816 0.96314996 0.9353125 ]",2.2524204e-14,21.579796314239502,1.546060003902192
NNgHMC,0.4,autograd,banana,SynchronousLeapfrog,0.1,"[0.9271449  0.98152256 0.8295397  0.05531267 0.5331424  0.90657127
 0.18552065 0.9414773  0.17003939 0.45903277 0.8822593  0.27744693
 0.9816799  0.44218224 0.78006357 0.44450352 0.5401572  0.85715455
 0.84446114 0.91329426 0.9033952  0.8635544  0.39177474 0.95987153
 0.83423495 0.9758005  0.8610451  0.89356726 0.98382133 0.9429034
 0.89092815 0.8889529  0.51433575 0.9796437  0.10570916 0.92898357
 0.71288145 0.45400628 0.9872057  0.828689   0.97096825 0.7084173
 0.51420355 0.91374916 0.85712624 0.97655964 0.07313731 0.83085364
 0.84924877 0.67593706 0.8394623  0.02054913 0.7019433  0.9550311
 0.72390366 0.5306843  0.25911316 0.03139522 0.82090396 0.95960295
 0.17944166 0.76549405 0.8775401  0.97735727 0.8325128  0.7182154
 0.9850761  0.9264841  0.67859316 0.46328104 0.60996306 0.9553145
 0.990543   0.98406875 0.97613657 0.9514505  0.04436622 0.8237752
 0.9004361  0.42741808 0.85991144 0.80178964 0.98303735 0.8993032
 0.9694704  0.9213692  0.9536668  0.6435978  0.49315667 0.9914392
 0.16208735 0.8542714  0.67579687 0.91271806 0.37415668 0.9161579
 0.94388103 0.82923    0.91818017 0.6840811 ]",6.536993e-15,18.414331674575806,1.6426790341981583
NNODEgHMC,0.4,autograd,banana,SynchronousLeapfrog,0.1,"[0.9321865  0.94696176 0.6623234  0.28188193 0.38428983 0.9678842
 0.44063795 0.95469964 0.18307817 0.6400987  0.9513199  0.5886437
 0.9818504  0.66938657 0.6399473  0.58776104 0.19047296 0.7017516
 0.6573822  0.9310565  0.7401967  0.7769227  0.40787515 0.93407124
 0.7680511  0.96646166 0.94247866 0.89272875 0.9787945  0.93486375
 0.9306694  0.7402091  0.6845783  0.9348213  0.20267598 0.8639535
 0.6914754  0.35849258 0.9564196  0.9048564  0.9412155  0.4170124
 0.6822097  1.4381675  0.31259558 0.97833145 0.45486718 0.9252004
 0.7641363  0.523947   1.3869013  0.4609697  0.4663     0.8332147
 0.8355191  0.7004241  0.12651359 0.0767742  0.7181953  0.93966985
 0.65914655 0.8681588  0.9394381  0.9785716  0.7408042  0.43212217
 0.9455128  0.98027986 0.8063538  0.25932476 0.7731608  0.8977625
 0.99082327 0.9865376  0.95781136 0.9444052  0.3539221  0.7536105
 0.9634254  0.8832378  0.96429586 0.55271494 0.9384397  0.80346555
 0.9721712  0.945081   0.9761175  0.8520478  0.44370008 0.9767162
 0.6804411  0.75114125 0.5294374  0.9413566  0.58987796 0.97707963
 0.9641509  0.7282276  0.9740323  0.8476201 ]",7.375123e-11,26.1284499168396,1.3476967549929628
Explicit NNODEgHMC,0.4,autograd,banana,SynchronousLeapfrog,0.1,"[0.90902156 0.9881406  0.8787396  0.22449908 0.5955171  0.87808627
 0.04672019 0.92001665 0.13900226 0.35804367 0.9499601  0.22213185
 0.97757196 0.33886355 0.83147407 0.36123723 0.13150609 0.84037185
 0.8713398  0.8817753  0.78744215 0.8950305  0.32677612 0.9698237
 0.8840491  0.97655797 0.8074286  0.904475   0.9723773  0.9386706
 0.840541   0.8200986  0.41869277 0.98978543 0.27089155 0.94547814
 0.74932945 0.50119054 0.99237394 0.77650213 0.97032094 0.3689605
 0.4179415  0.9905076  0.94294727 0.9687726  0.11049692 0.7698814
 0.8834111  0.73672223 1.1279262  0.2519669  0.4397499  0.92240953
 0.61635387 0.4333043  0.05854278 0.09058285 0.857892   0.96420145
 0.5102336  0.6999856  0.83318704 0.969759   0.8895628  0.38459834
 0.991066   0.882287   0.6021373  0.5481148  0.5148972  0.96289575
 0.99091214 0.9785681  0.9814142  0.94904304 0.06564515 0.8519478
 0.8717092  0.391899   0.9583435  0.49891156 0.97858894 0.93309927
 0.9653721  0.8897284  0.9265915  0.8819829  0.54862815 0.9868611
 0.7912353  0.8929021  0.7357377  0.8806462  0.25445572 0.967656
 0.91850984 0.8692309  0.874648   0.59445137]",1.1763157e-10,44.07949137687683,1.7114161140420445
SymplecticNNgHMC,0.4,autograd,banana,SynchronousLeapfrog,0.1,"[2.59385132e+02 6.47974777e+01 2.40694183e+02 4.30232483e+02
 2.94702358e+01 4.22100677e+02 1.48865829e+02 7.49677963e+01
 2.17604961e+01 7.41860275e+01 4.76039398e+02 3.33083130e+02
 3.85043859e+00 1.86210251e+02 1.55233185e+02 1.03045349e+02
 6.46494568e+02 1.90185181e+02 3.41779724e+02 1.41395569e+00
 6.68751587e+02 8.93448410e+01 4.08068836e-01 7.18953552e+01
 1.25786662e+00 7.91138053e-01 1.00613159e+02 1.26660436e-01
 9.63202972e+01 5.89192123e+01 1.31107521e+00 3.69151947e+02
 6.44824753e+01 9.97952728e+01 2.27424316e+02 8.27132797e+01
 2.77874589e-01 7.68154221e+01 3.64715075e+00 2.00674042e+02
 8.29220123e+01 5.66562256e+02 1.41824951e+02 6.34955383e+02
 5.02537415e+02 5.28403461e-01 3.70167328e+02 9.75499496e+01
 6.18722000e+01 8.55630417e+01 7.31171570e+02 3.47827942e+02
 5.67617065e+02 5.14422546e+02 3.73164535e+00 1.59926910e+02
 7.06212524e+02 2.46739731e+01 1.96981049e+02 4.90593842e+02
 6.06487671e+02 1.11806870e+02 1.38993683e+02 6.66344404e-01
 3.28525877e+00 7.70490356e+02 1.27113487e+02 1.88648041e+02
 1.46636810e+02 1.29038147e+02 1.73552490e+02 1.41531525e+02
 5.86000395e+00 4.62549057e+01 1.23316979e+00 1.43109262e-01
 2.24128113e+02 8.18342361e+01 3.88525085e+02 2.10651367e+02
 5.77874817e+02 5.60504578e+02 4.93043884e+02 9.95984039e+01
 1.50402937e+01 3.75512878e+02 2.07879318e+02 7.44731201e+02
 1.31242716e+00 8.25571671e+01 6.87772644e+02 5.57262993e+01
 5.88812637e+01 2.53297150e+02 1.57415146e+02 5.26741455e+02
 9.34782104e+01 6.77938766e+01 1.20722824e+02 1.51763489e+02]",137.37697,78.06920981407166,4800.0
GSymplecticNNgHMC,0.4,autograd,banana,SynchronousLeapfrog,0.1,"[0.92860764 0.9511763  0.575768   0.5712878  0.38877243 0.95678556
 0.6072002  0.94148296 0.18607023 0.7351584  0.8599032  0.85670584
 0.98368025 0.44089895 0.6420084  0.62964356 0.21747452 0.49487218
 0.50740004 0.9414289  0.4790132  0.7933806  0.51479954 0.9550675
 0.8074764  0.961203   0.96418685 0.89405316 0.97574306 0.93127143
 0.9421961  0.5372     0.77775687 0.943268   0.4349887  0.8397021
 0.7191989  0.45853496 0.9558999  0.9202243  0.9231064  0.03568173
 0.75193644 1.5561111  0.32575834 0.97874296 0.8301879  0.9562892
 0.7995168  0.54836375 1.598905   0.77814496 0.06370455 0.6490723
 0.87979287 0.7729521  0.39532062 0.05121513 0.7461858  0.79887044
 0.97640693 0.90937966 0.9507961  0.98331803 0.7814349  0.08278783
 0.9493035  0.9881487  0.8463625  0.3387173  0.84839475 0.8614349
 0.9902894  0.98566556 0.9515387  0.94633675 0.623343   0.78660434
 0.93854177 1.0073915  0.9294199  0.17928007 0.7960601  0.81776756
 0.9703306  0.9378189  0.9766728  0.9369704  0.43362993 0.9761995
 1.1055739  0.76305807 0.56290376 0.9435061  0.72139835 0.9088625
 0.95460594 0.76207995 0.98306644 0.9415063 ]",0.0060005784,9.908803224563599,24.942454835118625
GradSymplecticNNgHMC,0.4,autograd,banana,SynchronousLeapfrog,0.1,"[ 0.8615477   0.39549455  0.6265869   0.43856645  0.40026134  0.84717214
  0.9113455   0.07747345  0.49899286  0.75983256  0.63712275  0.91560125
  6.3529124   0.5436331   0.37463748  0.8892827   0.27528566  0.8366293
  0.92692584 13.938202    0.2052295   0.29167825 10.157738    0.92695636
 12.520073   11.887816    0.640285    3.7761314   0.47091827  0.5781609
 19.774689    0.8409714   0.6561707   0.6090275   0.8819429   0.06448155
  6.6730947   0.65408915 17.151894    0.9274718   0.12560034  0.4496759
  0.9327092   0.7542655   0.02209871  7.7778563   0.8240516   0.41797054
  0.3034604   0.19581804  0.4992413   0.8628553   0.5898547   0.67678094
 21.579016    0.9621867   0.31190187  0.12661144  0.856692    0.7750474
  0.74032533  0.62321365  0.8807232   7.532737   14.699135    0.5964669
  0.71441627  0.79874027  0.950948    0.20609395  0.94295734  0.48259103
  0.24088424  0.78148746 13.142107   17.451427    0.8627235   0.64815235
  0.9330096   0.2855212   0.148768    0.39052647  0.7268404   0.31273422
  0.85112923  0.81637657  0.9305806   1.8648399   6.381632    0.4958757
  0.2142189   0.03423055  0.22131222  0.91230696  0.858205    0.49274206
  0.18474202  0.16576672  0.47810897  0.6813154 ]",58.579197,204.59942054748535,4800.0
GradGSymplecticNNgHMC,0.4,autograd,banana,SynchronousLeapfrog,0.1,"[0.8845638  0.8880245  0.0559702  0.77692306 0.18949907 0.7132001
 0.7454704  0.8900279  0.20612614 0.7984635  0.33318233 0.94461536
 0.9833895  0.9207791  0.35884032 0.6666975  1.8557367  0.26615041
 0.23857102 0.9360797  0.5203839  0.66489935 0.43348584 0.9242107
 0.7475474  0.9616827  0.98523605 0.88714635 0.91423166 0.91937435
 0.9444172  0.39452058 0.84271306 0.851948   0.5679729  0.6993294
 0.6830057  0.31365192 0.932939   0.9489454  0.819168   1.4505495
 0.8436777  3.2687907  0.6997727  0.97889745 0.9509627  0.97349876
 0.6828746  0.2809238  3.5027318  2.375177   1.1887743  0.16300714
 0.88335365 0.85609436 1.8770679  0.11384325 0.5661039  0.21668611
 2.7644615  0.92481256 0.96582574 0.9809048  0.6928339  1.4065437
 0.85283774 0.9410059  0.9111457  0.09757906 0.9199667  0.6047191
 0.9906155  0.9868926  0.95054024 0.9440659  0.77387303 0.70412767
 0.7039156  2.4238117  0.4505272  1.2198752  0.1554251  0.6377156
 0.97417444 0.80157614 0.9377755  0.48240364 0.42699715 0.9276172
 3.2705812  0.58200264 0.3153019  0.87418365 0.8424677  0.4115673
 0.90926933 0.607506   0.9580654  0.94937867]",0.01252009,11.997056722640991,16.323295987387166
HMC,0.4,autograd,gaussian,SynchronousLeapfrog,0.3,"[0.93311185 0.948617   0.9144496  0.9209604  0.94907254 0.9317969
 0.9453389  0.9419049  0.93423223 0.927664   0.90454596 0.9353579
 0.940223   0.93765914 0.95479333 0.92749345 0.9325025  0.9464338
 0.94640464 0.9311711  0.9381179  0.93249243 0.88330495 0.91735643
 0.93143654 0.938862   0.9210371  0.936674   0.93804955 0.9285573
 0.8886137  0.92461175 0.92567945 0.92553705 0.94661415 0.94051456
 0.94098186 0.9445631  0.94615126 0.92094505 0.94577396 0.94853824
 0.9373428  0.93200314 0.9532938  0.94604367 0.94151294 0.95455194
 0.94644403 0.9501542  0.9366807  0.95232904 0.94856787 0.9458911
 0.9533572  0.955506   0.93982255 0.9345104  0.9498923  0.9611243
 0.9283016  0.93374026 0.92525357 0.93654794 0.9433798  0.9537991
 0.9405718  0.9322335  0.9086237  0.9484706  0.9504084  0.947927
 0.94543374 0.95249844 0.94640195 0.95379937 0.9532012  0.92393076
 0.9490015  0.9123683  0.92340386 0.9171261  0.9511751  0.95931005
 0.9436433  0.9451052  0.9379132  0.9348406  0.93501973 0.9380379
 0.8983094  0.95730466 0.9234829  0.95634305 0.9389047  0.94391155
 0.9355685  0.9313706  0.930556   0.94865227]",4.7488055e-15,17.375279664993286,2241.3569324231626
NNgHMC,0.4,autograd,gaussian,SynchronousLeapfrog,0.3,"[0.9331809  0.9488971  0.9146304  0.9207253  0.9491514  0.92987776
 0.9466795  0.94216    0.93376756 0.925697   0.90093917 0.93422335
 0.9402871  0.9379837  0.9547178  0.92820925 0.9329181  0.9464571
 0.9463059  0.93151844 0.93857735 0.9314374  0.8843008  0.9111797
 0.9322077  0.9384754  0.9225162  0.93587875 0.9373349  0.9292423
 0.8842343  0.92479646 0.9265334  0.9253251  0.94648904 0.9410898
 0.9414749  0.9451138  0.9466495  0.92106223 0.94570136 0.9487264
 0.9375131  0.93176645 0.95310754 0.94570065 0.9413066  0.95492935
 0.9465419  0.9505095  0.93693656 0.9529106  0.9487709  0.9473506
 0.9537611  0.95521945 0.9399175  0.934046   0.9500971  0.9611516
 0.9275777  0.9339768  0.924288   0.93677276 0.9437377  0.9541351
 0.9407222  0.93219155 0.910752   0.9495723  0.9505409  0.94732237
 0.94585794 0.9532175  0.9462732  0.9542097  0.9531951  0.9253251
 0.9489886  0.9088197  0.92312855 0.91511405 0.95115364 0.95932436
 0.94381654 0.9457227  0.9383806  0.9355821  0.9350669  0.93824804
 0.88924754 0.95732325 0.9225625  0.95621586 0.93889797 0.9442269
 0.9356837  0.9312508  0.930323   0.9488663 ]",3.9137327e-15,16.565251111984253,2220.863842235077
NNODEgHMC,0.4,autograd,gaussian,SynchronousLeapfrog,0.3,"[0.9338831  0.9487011  0.91503    0.92085737 0.9491769  0.92983043
 0.94673413 0.94177496 0.93395865 0.9251923  0.90034187 0.934112
 0.94054496 0.9381881  0.9547651  0.92829955 0.93313116 0.94673634
 0.94648826 0.9310373  0.9387578  0.93154097 0.8844948  0.91218376
 0.9316329  0.9381927  0.922135   0.9357628  0.9371393  0.92946196
 0.885987   0.92507833 0.9262973  0.92546415 0.9465364  0.94110197
 0.94134665 0.94509923 0.94666326 0.9197241  0.94564193 0.9488268
 0.9371524  0.93184423 0.95306575 0.9458393  0.9411713  0.954883
 0.9466669  0.9503056  0.9367761  0.9528386  0.9485856  0.9475436
 0.9535906  0.955152   0.9401283  0.9341699  0.9501364  0.96117806
 0.9274618  0.93410033 0.92483664 0.93667793 0.94352436 0.95421094
 0.9408053  0.9321684  0.91143465 0.9496349  0.95052785 0.9474114
 0.94554967 0.953352   0.94635934 0.9543098  0.9531457  0.9253477
 0.94893825 0.90936774 0.92318624 0.9152622  0.9510559  0.95936126
 0.9440087  0.94589555 0.938523   0.9349939  0.9352433  0.93860453
 0.8886968  0.9572956  0.92276645 0.95620966 0.938791   0.944175
 0.93570244 0.9314283  0.93016833 0.9488267 ]",4.6329714e-14,13.568695306777954,2173.4037871700407
Explicit NNODEgHMC,0.4,autograd,gaussian,SynchronousLeapfrog,0.3,"[0.8924419  0.9407212  0.8789377  0.81654215 0.8872282  0.8834788
 0.90583575 0.90157574 0.92088544 0.89554185 0.8731588  0.92460316
 0.91784656 0.89325905 0.9541003  0.90483606 0.94131076 0.8595799
 0.93043995 0.9020561  0.87962306 0.8802161  0.8340572  0.83728063
 0.7491858  0.9138397  0.92518866 0.8832655  0.9194009  0.8162166
 0.88987106 0.9277818  0.8741094  0.9042324  0.9284812  0.9324498
 0.8769119  0.9403981  0.9298185  0.9256525  0.87822604 0.9183473
 0.9307582  0.9056014  0.9376084  0.9496851  0.91773003 0.94400775
 0.94165945 0.9403226  0.93256736 0.9179694  0.9216932  0.8842238
 0.9451984  0.9435126  0.9336712  0.91080683 0.93458414 0.96027964
 0.7320552  0.8763181  0.8798291  0.93471575 0.85586953 0.9552635
 0.9035921  0.9247327  0.90805805 0.8238094  0.9361112  0.93582124
 0.91329503 0.92226744 0.9453176  0.93259424 0.94083977 0.9197352
 0.949146   0.82850045 0.9111608  0.9036254  0.95078534 0.95893925
 0.9295602  0.9018984  0.90800583 0.90413254 0.9154773  0.9083893
 0.84221697 0.93507165 0.9063768  0.9478749  0.9329395  0.9413285
 0.92664003 0.8578696  0.8956921  0.9484199 ]",3.0335193e-13,20.004958629608154,148.42313170685614
SymplecticNNgHMC,0.4,autograd,gaussian,SynchronousLeapfrog,0.3,"[  8.958818     5.6340656   15.743086    25.785114    58.225517
  24.70446     15.5280905  104.31647     12.06204    311.9323
   6.8293467  210.41843    133.97014    101.375084     0.3740947
  80.64067     16.06062     81.763275    60.050476    74.31819
  65.14323    133.74255     13.831081    77.229095     1.5165857
 118.178825    12.238841    15.50383     23.77982    171.37024
  70.02785     38.004593    58.672432     1.7470026   46.807064
   1.6559099   80.52942     14.337204   173.45374    148.89478
  80.2207      13.052238   236.4633       0.79262495  67.39371
  37.451443   162.79198    175.03192     15.373164    95.50937
 269.20175      4.8586464    5.889838     8.857154   100.10779
  38.432587   149.16257    183.66388     39.76232     41.22648
  50.491486    30.093307    18.526592    39.18997      2.8608234
  29.065567     6.475988    32.037094     2.2449517  116.3457
 117.5089      20.574987   119.578       43.38838     33.599274
  25.468023    28.64059    171.2116      18.210947    20.218002
 199.5302       6.6857333   65.88109    150.28336     19.699488
 104.931145     5.72079     13.496181    21.78975     20.112087
   6.0057945    0.79432154 158.58054     95.35        14.19294
  49.716385    73.3621      18.089706    66.159546     2.6448689 ]",4.2959724e+07,20.098185300827026,1600.0
GSymplecticNNgHMC,0.4,autograd,gaussian,SynchronousLeapfrog,0.3,"[0.93852997 0.9481043  0.8990308  0.86574334 0.9341873  0.92307186
 0.93990105 0.9372457  0.93706506 0.9108019  0.90826046 0.93744105
 0.93819094 0.9246541  0.95486116 0.9282613  0.9405017  0.9415959
 0.94309324 0.9241911  0.9360188  0.91635823 0.8845496  0.9056682
 0.9142126  0.9316077  0.92717814 0.9258741  0.9304495  0.9082269
 0.8954344  0.9308111  0.9344942  0.92689323 0.9439454  0.9425995
 0.93195224 0.9464445  0.94541806 0.9216427  0.9353918  0.938885
 0.9441309  0.93061656 0.9534596  0.95002794 0.9419117  0.95495665
 0.94638264 0.9506728  0.9396566  0.9402994  0.9428247  0.9278528
 0.9541615  0.9564628  0.940592   0.93367183 0.9470436  0.961113
 0.9148239  0.9091921  0.92655957 0.94456875 0.93626565 0.9553652
 0.93190163 0.93140376 0.9144701  0.9283298  0.9495846  0.94911903
 0.94129294 0.9441103  0.9495782  0.9544632  0.9524021  0.93112606
 0.95035267 0.905108   0.92730063 0.91886806 0.9518846  0.9591806
 0.94110906 0.9326994  0.9397501  0.92691934 0.92549086 0.9348389
 0.8839512  0.952634   0.9220427  0.95615184 0.93672776 0.94986284
 0.9408552  0.923964   0.92664754 0.9497472 ]",0.040191494,7.6800103187561035,185.25849511776457
GradSymplecticNNgHMC,0.4,autograd,gaussian,SynchronousLeapfrog,0.3,"[  8.958818     5.6340656   15.743086    25.785114    58.225517
  24.70446     15.5280905  104.31647     12.06204    311.9323
   6.8293467  210.41843    133.97014    101.375084     0.3740947
  80.64067     16.06062     81.763275    60.050476    74.31819
  65.14323    133.74255     13.831081    77.229095     1.5165857
 118.178825    12.238841    15.50383     23.77982    171.37024
  70.02785     38.004593    58.672432     1.7470026   46.807064
   1.6559099   80.52942     14.337204   173.45374    148.89478
  80.2207      13.052238   236.4633       0.79262495  67.39371
  37.451443   162.79198    175.03192     15.373164    95.50937
 269.20175      4.8586464    5.889838     8.857154   100.10779
  38.432587   149.16257    183.66388     39.76232     41.22648
  50.491486    30.093307    18.526592    39.18997      2.8608234
  29.065567     6.475988    32.037094     2.2449517  116.3457
 117.5089      20.574987   119.578       43.38838     33.599274
  25.468023    28.64059    171.2116      18.210947    20.218002
 199.5302       6.6857333   65.88109    150.28336     19.699488
 104.931145     5.72079     13.496181    21.78975     20.112087
   6.0057945    0.79432154 158.58054     95.35        14.19294
  49.716385    73.3621      18.089706    66.159546     2.6448689 ]",4.2959724e+07,29.34025740623474,1600.0
GradGSymplecticNNgHMC,0.4,autograd,gaussian,SynchronousLeapfrog,0.3,"[0.93508065 0.9487399  0.919932   0.92505157 0.9499221  0.93248796
 0.9449849  0.9444603  0.93487185 0.9281096  0.90759087 0.93761027
 0.94139117 0.93840635 0.9547011  0.92984    0.9343476  0.94895494
 0.9465643  0.93468785 0.9410805  0.933627   0.8880733  0.9186098
 0.93490493 0.94034576 0.9235276  0.9376925  0.9394741  0.931833
 0.89102495 0.92758006 0.9301011  0.92728657 0.9473116  0.94165325
 0.94350547 0.9449374  0.9469185  0.9228837  0.94878507 0.94875085
 0.93979585 0.9366643  0.9547769  0.9478036  0.94240344 0.95495355
 0.9471054  0.9506897  0.93732965 0.95257413 0.95034283 0.9456123
 0.954193   0.956571   0.9409722  0.9350709  0.9499326  0.9611041
 0.93469715 0.93485564 0.92735976 0.93923795 0.9447705  0.9537295
 0.94090605 0.9334218  0.9134245  0.9501037  0.95073724 0.9485636
 0.946164   0.9523229  0.94779575 0.9546021  0.95339763 0.9263263
 0.9490212  0.9137709  0.9253645  0.91827035 0.95150244 0.95935524
 0.9442441  0.9462244  0.9393128  0.9381614  0.9381105  0.93786573
 0.9007491  0.9577346  0.9253601  0.95702696 0.9405366  0.9456767
 0.9377412  0.9351225  0.9349045  0.9489058 ]",0.046928406,8.638550281524658,6.04143708056946
HMC,0.4,autograd,high_dimensional_gaussian,SynchronousLeapfrog,0.1,"[0.9288273  0.9355251  0.93696856 0.9450242  0.9388013  0.9358222
 0.93572176 0.9371438  0.9195242  0.9338902  0.92682314 0.9381797
 0.9419481  0.9425316  0.9357259  0.9364373  0.93392646 0.93428516
 0.9382336  0.93630004 0.94048953 0.93691534 0.9458457  0.94068706
 0.9407887  0.9338152  0.93266857 0.93437135 0.9471053  0.93952245
 0.938501   0.9304344  0.93893087 0.93393755 0.9400245  0.9383325
 0.94520867 0.9398209  0.93894625 0.9445691  0.93043435 0.943279
 0.9336339  0.942605   0.93798846 0.937021   0.94047374 0.9311101
 0.9417058  0.9380705  0.93321824 0.94126225 0.9329016  0.94253457
 0.9378152  0.9232885  0.93850636 0.93735933 0.936458   0.93297356
 0.93858266 0.92856777 0.93644536 0.94068325 0.94791424 0.940829
 0.9386163  0.9371769  0.9340312  0.9421646  0.93396366 0.9407169
 0.9380455  0.94020104 0.9337311  0.9323876  0.9350683  0.93398225
 0.9352269  0.93771875 0.9325585  0.9421371  0.93282616 0.9327301
 0.9400128  0.9337487  0.9341375  0.94054365 0.91886586 0.94418424
 0.94294024 0.93756855 0.93646806 0.93531466 0.9310314  0.937055
 0.94042313 0.9186863  0.9423079  0.9428851 ]",1.3391024e-15,52.4788978099823,293.590944977919
NNgHMC,0.4,autograd,high_dimensional_gaussian,SynchronousLeapfrog,0.1,"[0.9287647  0.9354891  0.9369504  0.94504035 0.938753   0.93580216
 0.9356872  0.93712085 0.91934437 0.93378985 0.9266967  0.93815076
 0.94197774 0.9425491  0.9356913  0.936437   0.933843   0.93424165
 0.93822277 0.936283   0.9404871  0.9369356  0.9458597  0.94068646
 0.94077206 0.9337856  0.93260443 0.9343471  0.947134   0.93950593
 0.9384739  0.93033993 0.9389739  0.93391913 0.94002855 0.9383132
 0.9452596  0.93981504 0.93893754 0.9445882  0.9303733  0.9432839
 0.9336151  0.9426593  0.93799675 0.9369377  0.9404752  0.9309926
 0.94167536 0.93808794 0.933133   0.9413365  0.9328682  0.94252795
 0.9377985  0.9231175  0.9385499  0.9373802  0.93648714 0.9328682
 0.9385247  0.9284668  0.93643683 0.9406671  0.94792545 0.94081485
 0.9385767  0.9371826  0.93403447 0.9421625  0.9339387  0.9407274
 0.93807    0.9401994  0.9336771  0.93236446 0.93500394 0.933942
 0.9351799  0.9377302  0.93249655 0.94214666 0.9327431  0.93262094
 0.94006604 0.9336733  0.93405104 0.9405419  0.91859245 0.9442031
 0.94295025 0.93755686 0.936505   0.935285   0.93092525 0.9370154
 0.9404386  0.91845435 0.9423062  0.9429177 ]",1.5976676e-15,46.738157987594604,282.6914457969273
NNODEgHMC,0.4,autograd,high_dimensional_gaussian,SynchronousLeapfrog,0.1,"[0.92872113 0.9354471  0.9370079  0.9450431  0.93883646 0.9357871
 0.93567216 0.93712914 0.9192796  0.9337429  0.9267544  0.93819684
 0.941988   0.9425456  0.93570936 0.93640006 0.9338495  0.9341978
 0.93824065 0.9362773  0.94049424 0.9368577  0.94586015 0.9406749
 0.94080293 0.9337427  0.93266785 0.934345   0.9471326  0.9395369
 0.9385091  0.93037033 0.93892944 0.933839   0.94006765 0.93829525
 0.9452364  0.9398246  0.9389316  0.94458723 0.93037605 0.9432777
 0.9336003  0.94260633 0.9379706  0.936985   0.9404611  0.9310667
 0.94169426 0.9380509  0.9331206  0.9413066  0.9328283  0.94252795
 0.93780535 0.9231119  0.9385216  0.93735474 0.9364227  0.93290985
 0.9385461  0.9284856  0.9364204  0.9406604  0.94794774 0.9408469
 0.93858135 0.9371567  0.93397284 0.9421611  0.93393385 0.94072723
 0.93806404 0.9401819  0.9337095  0.9323324  0.93503374 0.93394226
 0.935188   0.9376862  0.9325342  0.9421357  0.93275917 0.93259895
 0.9400325  0.93366194 0.93409646 0.94055057 0.9186289  0.9442215
 0.9429463  0.93756574 0.93646085 0.9352853  0.9309246  0.93699884
 0.94041014 0.9183984  0.9423236  0.9428886 ]",1.3385414e-14,38.959532022476196,279.432522989825
Explicit NNODEgHMC,0.4,autograd,high_dimensional_gaussian,SynchronousLeapfrog,0.1,"[0.9266995  0.9334244  0.9337878  0.94393986 0.93606675 0.932898
 0.9331608  0.93538606 0.9155566  0.9294797  0.92167735 0.935774
 0.94089454 0.9400697  0.9336297  0.9338317  0.9318535  0.9326601
 0.9352864  0.9343233  0.9394157  0.9323227  0.94471073 0.93684244
 0.9391424  0.93123364 0.92959493 0.93248194 0.94680566 0.93762225
 0.93656623 0.9270312  0.93448627 0.92780465 0.9390998  0.9351813
 0.9444473  0.9368446  0.93742514 0.9432437  0.9261621  0.9417118
 0.93027496 0.94113123 0.9370642  0.9317752  0.93842715 0.92583466
 0.9398441  0.9357438  0.9310851  0.9381284  0.9284519  0.94161385
 0.935291   0.9202255  0.93826264 0.9342034  0.93421125 0.92851067
 0.9371079  0.92472446 0.93385494 0.93797696 0.94741076 0.93799496
 0.9360044  0.9337853  0.9307644  0.9411206  0.93154544 0.93771744
 0.9366374  0.93874663 0.92828214 0.92924494 0.932635   0.9314746
 0.9316106  0.9346139  0.9294564  0.94070095 0.930472   0.9295551
 0.93743265 0.9314088  0.9307393  0.94085217 0.9149057  0.9424423
 0.94050217 0.93551147 0.9327213  0.93247813 0.92578495 0.9339051
 0.9376044  0.91153735 0.9412128  0.93944025]",1.6766567e-14,59.26059126853943,53.161466236371936
SymplecticNNgHMC,0.4,autograd,high_dimensional_gaussian,SynchronousLeapfrog,0.1,"[0.9230832  0.93569934 0.93487024 0.9454748  0.9387721  0.9356847
 0.9351096  0.9370475  0.91747963 0.93373626 0.9269881  0.93768775
 0.9415344  0.9409437  0.93539494 0.9349794  0.9336331  0.9338516
 0.93524164 0.9360709  0.94031525 0.9362199  0.9446573  0.9400269
 0.9416973  0.932055   0.9316788  0.9332441  0.94577646 0.93841743
 0.93728733 0.9298595  0.9368974  0.9347183  0.93891925 0.9366255
 0.94526625 0.9390589  0.939353   0.94429845 0.92896    0.94264793
 0.9334117  0.94204485 0.93552303 0.9374587  0.93986624 0.93133736
 0.94213676 0.9365635  0.9315696  0.9415747  0.9329839  0.94113386
 0.938087   0.9233351  0.9392492  0.93667746 0.936553   0.9329383
 0.938451   0.92900485 0.9366499  0.9404806  0.9474765  0.9402671
 0.936835   0.9372026  0.93165636 0.94187295 0.9339762  0.93968964
 0.93815696 0.9397237  0.9332685  0.93258154 0.9341612  0.93152297
 0.934436   0.93745995 0.93200636 0.9409679  0.9332492  0.9335677
 0.9387741  0.93339777 0.9340682  0.9382733  0.91668105 0.94336987
 0.94157094 0.93602365 0.9364675  0.9351754  0.927355   0.93695873
 0.9392439  0.92117786 0.9410286  0.9435663 ]",0.040093027,93.65070748329163,5.6016643829389015
GSymplecticNNgHMC,0.4,autograd,high_dimensional_gaussian,SynchronousLeapfrog,0.1,"[0.9291703  0.93570614 0.93726027 0.9449939  0.939064   0.9363316
 0.93595874 0.93715495 0.91961694 0.93414277 0.92714375 0.9388487
 0.94206727 0.9428133  0.93600243 0.93645716 0.9340769  0.9347042
 0.9384146  0.9365175  0.9406247  0.93727934 0.9458201  0.94089067
 0.9410231  0.93411493 0.93295115 0.93468237 0.9471819  0.93971646
 0.93865293 0.9307069  0.93896055 0.9343629  0.9403802  0.9385098
 0.94535434 0.94002426 0.93910736 0.94480056 0.93065727 0.9433696
 0.93381155 0.942737   0.9380767  0.9374568  0.9406576  0.9315963
 0.9418615  0.9382331  0.93353724 0.9414711  0.93321484 0.94266933
 0.9381628  0.92361903 0.9386789  0.9378388  0.9366884  0.9333018
 0.9388281  0.92876196 0.936742   0.94082725 0.9480071  0.941008
 0.9389283  0.9376787  0.9343437  0.94210833 0.93437785 0.9409064
 0.9383008  0.94044244 0.9340879  0.93284583 0.935236   0.9342372
 0.9355426  0.9380498  0.93272895 0.94231164 0.9330324  0.93305385
 0.94019145 0.93401355 0.9344419  0.9405405  0.91907847 0.9444492
 0.943109   0.9376441  0.93689156 0.9355426  0.9312389  0.9373251
 0.9407169  0.91912    0.94260883 0.94308054]",0.0035626218,27.535136461257935,91.95789367938673
GradSymplecticNNgHMC,0.4,autograd,high_dimensional_gaussian,SynchronousLeapfrog,0.1,"[0.92874306 0.93508434 0.9367627  0.9449123  0.93852615 0.9361032
 0.9358729  0.93707913 0.91959393 0.9337977  0.9271679  0.9386642
 0.9417223  0.9425045  0.93586016 0.93644637 0.93359965 0.9342505
 0.9381598  0.936393   0.94059604 0.9368663  0.9455015  0.9403837
 0.9407768  0.9337567  0.9321867  0.9346792  0.94723576 0.93954325
 0.9381584  0.9299614  0.9387319  0.9334887  0.93992823 0.93791026
 0.9453753  0.93989813 0.9390615  0.94437283 0.9300374  0.9431276
 0.93317485 0.94217104 0.9381665  0.93729603 0.9406252  0.9308099
 0.94159317 0.9379314  0.9333906  0.94108224 0.93256867 0.94229525
 0.9379777  0.92292964 0.93855256 0.9371985  0.9363991  0.93345773
 0.93875515 0.9290074  0.9366099  0.94095814 0.9477825  0.9406678
 0.93861073 0.93702877 0.93356764 0.9421941  0.9335778  0.9408097
 0.9383878  0.9398153  0.9335682  0.93225634 0.93511724 0.93381375
 0.93527985 0.937493   0.932879   0.94186556 0.9329972  0.9321259
 0.94020283 0.9342424  0.9341046  0.9405966  0.9183256  0.94443077
 0.9428189  0.9375104  0.93624115 0.9353274  0.93111104 0.93658817
 0.9406786  0.9181584  0.94233817 0.9425594 ]",0.021780834,220.32711052894592,3.410779604578677
GradGSymplecticNNgHMC,0.4,autograd,high_dimensional_gaussian,SynchronousLeapfrog,0.1,"[0.92923784 0.9359107  0.9372816  0.9451522  0.93920755 0.9363007
 0.9361391  0.9375324  0.92022717 0.9344084  0.92738855 0.93849707
 0.9422192  0.9427314  0.9360112  0.9368243  0.9343912  0.9347266
 0.9385433  0.9366643  0.940757   0.9373367  0.9460594  0.9409536
 0.9410838  0.9342127  0.93314713 0.9348268  0.9472112  0.93982595
 0.9388663  0.9308859  0.93921554 0.9343705  0.9402313  0.9387344
 0.94537306 0.94017476 0.9393832  0.94479406 0.93093526 0.9434519
 0.93409985 0.9428207  0.938249   0.9374647  0.9407107  0.931627
 0.94197434 0.9384817  0.9337734  0.9415547  0.93345606 0.9428344
 0.93819    0.92388856 0.9388217  0.9376874  0.9367919  0.9334962
 0.9390029  0.9291231  0.9368367  0.9409861  0.94808364 0.94117755
 0.9389796  0.9375615  0.93447053 0.9423945  0.9343561  0.9410604
 0.9382738  0.9405407  0.93416786 0.9327754  0.93542826 0.9344427
 0.9357125  0.93814063 0.9330536  0.9424545  0.93332434 0.93318594
 0.9403683  0.934248   0.9346082  0.9407525  0.9196381  0.94443226
 0.9432246  0.9379143  0.9368118  0.93568176 0.93146956 0.93750906
 0.9406742  0.9194541  0.94256634 0.9431591 ]",0.002200208,60.775508403778076,98.89143007272645
HMC,0.4,autograd,normal_normal,SynchronousLeapfrog,0.1,"[0.93623036 0.9423935  0.9326613  0.91481805 0.923279   0.95217097
 0.9445491  0.9335576  0.9007556  0.89454937 0.94820774 0.94524163
 0.95089746 0.93476117 0.95030355 0.9464927  0.94927216 0.9260618
 0.95263517 0.9383806  0.936898   0.95442    0.9362828  0.9420745
 0.95293665 0.9061594  0.9504738  0.9438863  0.95139456 0.95134276
 0.9296173  0.91174746 0.9411127  0.95182705 0.93436337 0.9486868
 0.93897927 0.937904   0.9553516  0.9339099  0.94493127 0.93742645
 0.95061177 0.9340712  0.94068974 0.9316063  0.9406961  0.93605345
 0.92343324 0.9513774  0.93966377 0.90143335 0.94597334 0.9483566
 0.94787014 0.9484519  0.9470102  0.9374074  0.9406364  0.95423406
 0.9460706  0.9115634  0.9457041  0.93850803 0.9488883  0.9314096
 0.94260275 0.9448482  0.9459661  0.946741   0.9446676  0.950528
 0.943299   0.9266433  0.9364263  0.92655253 0.9327197  0.95354646
 0.9433907  0.9263999  0.9540162  0.9403507  0.95483685 0.9423103
 0.9349983  0.92894363 0.94021165 0.9532118  0.8565962  0.950528
 0.9449496  0.90680254 0.9447088  0.95205784 0.9331994  0.9536338
 0.94767135 0.9380204  0.937189   0.93754065]",1.3242922e-15,80.9349730014801,387.44245426214786
NNgHMC,0.4,autograd,normal_normal,SynchronousLeapfrog,0.1,"[0.93530893 0.9425644  0.9319844  0.9149345  0.9237227  0.9519173
 0.9449886  0.93271935 0.90131474 0.894225   0.9482155  0.9453515
 0.9509338  0.9348513  0.9503865  0.94653577 0.94931805 0.9263166
 0.9526574  0.93870485 0.9368619  0.95443887 0.9362235  0.94224083
 0.9528515  0.9061202  0.95067847 0.94407403 0.9516287  0.9513682
 0.92895377 0.9111096  0.94117135 0.95186174 0.9345557  0.94915885
 0.9388027  0.93774384 0.95540464 0.93430805 0.9450187  0.9375223
 0.9504814  0.9347617  0.9409997  0.93166006 0.94008625 0.9360126
 0.9235364  0.9518795  0.93966526 0.8730911  0.9459804  0.9484841
 0.94791573 0.9486666  0.9467284  0.938553   0.94065535 0.9541925
 0.9462465  0.90187037 0.9458494  0.93851066 0.9490306  0.93103063
 0.9426415  0.9450399  0.9460726  0.9465868  0.94479144 0.9505889
 0.9431157  0.9260408  0.9363885  0.9264137  0.9328493  0.9535719
 0.9434053  0.9232313  0.9540043  0.9407565  0.9548142  0.9425416
 0.9355477  0.9289774  0.94013613 0.95317686 0.856486   0.9505538
 0.94539213 0.90688705 0.94486284 0.9517478  0.93311167 0.9536421
 0.9476924  0.93671197 0.9376389  0.937418  ]",1.3358064e-15,68.42953252792358,363.4311687476255
NNODEgHMC,0.4,autograd,normal_normal,SynchronousLeapfrog,0.1,"[0.935382   0.9425766  0.9316448  0.9148957  0.9236023  0.9518942
 0.94506615 0.93243444 0.90093774 0.8942275  0.9482176  0.94539595
 0.9507904  0.9348272  0.9503438  0.946406   0.9493085  0.9259261
 0.95267457 0.93859243 0.9369067  0.9544489  0.9362213  0.942228
 0.95284957 0.905513   0.95069194 0.9441227  0.951664   0.95133436
 0.92877567 0.91056347 0.9411721  0.9518611  0.9346142  0.94921875
 0.9387414  0.937737   0.9554331  0.9343704  0.9449972  0.9375253
 0.95046127 0.9349033  0.94100285 0.9316782  0.93988883 0.93604344
 0.92354524 0.9519342  0.93965787 0.87125415 0.94597334 0.9484541
 0.94789493 0.94860333 0.9466919  0.93837965 0.9405396  0.95419073
 0.9462613  0.90100354 0.9458653  0.9385145  0.9490348  0.93093604
 0.94267434 0.94502354 0.9460799  0.9465561  0.94480443 0.95068717
 0.94304246 0.925831   0.9364095  0.9262986  0.932822   0.9534811
 0.94345033 0.9225747  0.95397943 0.9407584  0.95478785 0.94254535
 0.93550843 0.92889476 0.94006777 0.95317245 0.8560438  0.95056504
 0.945388   0.9069087  0.9449382  0.95168436 0.93308866 0.9536476
 0.94771624 0.9364276  0.9375733  0.93738604]",1.6487652e-14,48.319499492645264,350.9460491666527
Explicit NNODEgHMC,0.4,autograd,normal_normal,SynchronousLeapfrog,0.1,"[0.9378654  0.9427401  0.9215485  0.9069781  0.9245488  0.95231414
 0.9436332  0.9043802  0.8863144  0.88050437 0.9468066  0.94491565
 0.95001674 0.93174285 0.9493065  0.94430685 0.9482664  0.9118861
 0.95171976 0.93250316 0.93426454 0.9537491  0.9336684  0.94011676
 0.952928   0.8882719  0.9491799  0.9443811  0.94836926 0.95018375
 0.90178555 0.8951606  0.9410955  0.95027035 0.93573254 0.9447628
 0.92300415 0.9263839  0.95523083 0.9267262  0.9396481  0.93723357
 0.9510018  0.93884456 0.93850935 0.92850035 0.92511225 0.9365214
 0.91611147 0.9503008  0.93643665 0.8302101  0.9403938  0.94697446
 0.9454815  0.94710934 0.94814396 0.9317526  0.93626356 0.9539771
 0.94203967 0.845215   0.94478357 0.9379368  0.9488672  0.925833
 0.9416577  0.9420616  0.9458865  0.9467389  0.9447055  0.95147216
 0.9318323  0.9172654  0.93430036 0.9278313  0.92824286 0.95284843
 0.94416857 0.87520075 0.95321155 0.9378697  0.954533   0.94088143
 0.92757815 0.9171003  0.9371084  0.95141715 0.85504925 0.9499098
 0.9444126  0.9027028  0.9435611  0.9521464  0.9302535  0.95259064
 0.94805396 0.9220818  0.9238941  0.9220197 ]",3.0813588e-14,67.44365048408508,251.23864146473917
SymplecticNNgHMC,0.4,autograd,normal_normal,SynchronousLeapfrog,0.1,"[0.9373969  0.94245183 0.920987   0.916434   0.92867553 0.95122135
 0.942911   0.9299346  0.89890623 0.8871224  0.949037   0.94447136
 0.9513764  0.9328243  0.9499626  0.9471793  0.9482459  0.9374088
 0.9526086  0.93875265 0.9372012  0.95439136 0.9330153  0.94251627
 0.95316523 0.907864   0.94814366 0.9437949  0.9504492  0.9513337
 0.9263355  0.91123104 0.9422352  0.9507231  0.9323279  0.9500288
 0.9331808  0.9306812  0.95551074 0.9348968  0.9467661  0.93790096
 0.95115614 0.9363713  0.9411639  0.9250841  0.92486656 0.9337722
 0.92110795 0.9522171  0.93759334 0.8312165  0.94509697 0.94801104
 0.94548935 0.94859827 0.94679534 0.93345773 0.94069767 0.9535022
 0.9435805  0.9040415  0.9457938  0.93442696 0.9488381  0.932467
 0.9423634  0.94444585 0.94632643 0.947278   0.9448075  0.9503173
 0.93998927 0.9281459  0.9332811  0.91941947 0.9320998  0.9537255
 0.9433254  0.9255316  0.9540615  0.94099665 0.9548034  0.9429964
 0.9341868  0.93024826 0.9411349  0.9514467  0.85577154 0.9498415
 0.94140786 0.8922123  0.94680774 0.95169806 0.93102616 0.95229024
 0.9479239  0.92979574 0.9324478  0.9368038 ]",0.01922561,98.47516822814941,262.4662331415416
GSymplecticNNgHMC,0.4,autograd,normal_normal,SynchronousLeapfrog,0.1,"[0.9350482  0.94249105 0.9321243  0.91829246 0.9263166  0.95189947
 0.9453973  0.93462884 0.90124196 0.89217246 0.94811535 0.94481075
 0.9512981  0.9373566  0.950047   0.9468708  0.9490771  0.9310093
 0.95280635 0.940639   0.93738294 0.9545383  0.93648374 0.94279736
 0.95279616 0.90637386 0.9512309  0.94411397 0.95223415 0.9509753
 0.9304172  0.9138934  0.9408414  0.9520011  0.93545806 0.95030755
 0.9401962  0.9383132  0.9554555  0.9353773  0.9456773  0.93738717
 0.9503109  0.9343998  0.9413074  0.93030334 0.94066805 0.9352948
 0.9230875  0.9523634  0.9413141  0.8912499  0.9459754  0.9480665
 0.9482581  0.9487238  0.9470314  0.9397604  0.9425601  0.9543314
 0.94655406 0.90958565 0.945506   0.9374165  0.949062   0.9313779
 0.942253   0.9444107  0.94614285 0.94649327 0.94503105 0.950397
 0.943896   0.92701316 0.93557733 0.9253149  0.9320952  0.9535626
 0.94373524 0.9249468  0.9538332  0.94108266 0.9546573  0.9427301
 0.9361283  0.9311619  0.9410865  0.9534073  0.8550698  0.9499959
 0.94524896 0.9042034  0.94571364 0.95188355 0.9318876  0.95389354
 0.9472493  0.93698    0.93836737 0.9393687 ]",0.004465812,32.62438154220581,579.5807046045264
GradSymplecticNNgHMC,0.4,autograd,normal_normal,SynchronousLeapfrog,0.1,"[0.9368768  0.9426458  0.9195282  0.9144869  0.92672676 0.9514097
 0.94440335 0.9248656  0.89779115 0.8901001  0.94856405 0.945241
 0.95085686 0.9367871  0.950164   0.9458944  0.9493035  0.9258261
 0.9517016  0.93882406 0.9373748  0.95397604 0.9370823  0.94203377
 0.9530892  0.9031862  0.949437   0.944257   0.9496705  0.9511651
 0.92591923 0.9052398  0.94199014 0.9499755  0.934093   0.9477601
 0.93407035 0.9358238  0.95537126 0.93369263 0.94547737 0.9371256
 0.95059526 0.9367212  0.9400629  0.93072146 0.9320817  0.935709
 0.92263913 0.9507098  0.9406669  0.85203946 0.94548297 0.9480833
 0.9478215  0.94802046 0.9475564  0.9340327  0.9412488  0.95370626
 0.945994   0.8952643  0.9452931  0.9379432  0.9487014  0.9306013
 0.94213796 0.9442848  0.9456858  0.94662    0.94439715 0.9514824
 0.937448   0.9257721  0.9360242  0.92596376 0.93209743 0.9534172
 0.94323653 0.9055613  0.9539344  0.9391179  0.9547795  0.94141006
 0.93229187 0.92956084 0.9403893  0.9518885  0.85501766 0.95049787
 0.9433257  0.9034397  0.9454093  0.9517536  0.93195105 0.95263374
 0.9481416  0.92500377 0.9330683  0.93424845]",0.019648995,148.6337218284607,5.271021646072963
GradGSymplecticNNgHMC,0.4,autograd,normal_normal,SynchronousLeapfrog,0.1,"[0.9341043  0.942268   0.93573064 0.9160661  0.92168176 0.95214796
 0.9445813  0.9345209  0.90248847 0.89597857 0.948346   0.9454357
 0.95061934 0.9350953  0.95056677 0.9465159  0.94964695 0.9271228
 0.952826   0.93869483 0.9373956  0.95449877 0.93684554 0.9423914
 0.9528284  0.90756196 0.9505031  0.943772   0.9516343  0.95144796
 0.9301771  0.9137316  0.9409191  0.95219076 0.93426347 0.9486367
 0.93954396 0.9384141  0.9553499  0.9348895  0.94504493 0.9376003
 0.95059633 0.932261   0.941281   0.9323324  0.9418173  0.9362847
 0.923898   0.95151544 0.939682   0.9085797  0.9463936  0.9487521
 0.9479186  0.9486577  0.94627    0.9388286  0.9408638  0.9542589
 0.9463379  0.91520375 0.94618    0.9389367  0.94900084 0.9317309
 0.9431426  0.94545066 0.94620335 0.9468117  0.94488376 0.95035017
 0.9444019  0.9270975  0.93708754 0.92631835 0.9328477  0.95350885
 0.943392   0.92927617 0.95403165 0.94076324 0.95487803 0.94260406
 0.93594813 0.9299917  0.94063205 0.953375   0.8528843  0.9507134
 0.94545794 0.90769356 0.94436264 0.95182395 0.93391895 0.95372474
 0.9476361  0.9403359  0.9382242  0.93768454]",0.004539104,41.38661289215088,495.59693184891455
HMC,0.5,autograd,banana,SynchronousLeapfrog,0.1,"[0.9150983  0.97892904 0.9689677  0.8577608  0.8901807  0.9627354
 0.92077035 0.95176905 0.9850626  0.88681996 0.85459965 0.9113993
 0.890488   0.73745793 0.97327393 0.87927294 0.8873185  0.8483199
 0.97002333 0.9335785  0.97498196 0.9898553  0.8119871  0.95041007
 0.93732977 0.9839238  0.87727684 0.9314023  0.9470615  0.89438176
 0.90227115 0.931823   0.8234326  0.8765678  0.8029563  0.96771973
 0.81875867 0.92407525 0.98666203 0.9599556  0.9316491  0.9060168
 0.94792974 0.8149693  0.8123182  0.7490423  0.85551405 0.8953642
 0.9117591  0.9470309  0.8503324  0.9051363  0.95476675 0.96901053
 0.9439578  0.9118268  0.84396124 0.88080776 0.95249796 0.9807336
 0.93981475 0.9759244  0.9458884  0.94175005 0.8301241  0.86225814
 0.9782042  0.83815384 0.8307055  0.93129414 0.92921865 0.96401966
 0.91423863 0.94386786 0.848848   0.933331   0.91334724 0.92798513
 0.9597961  0.8875145  0.8838822  0.9339522  0.96407676 0.95514715
 0.98459506 0.94488275 0.94020414 0.9320659  0.98867357 0.9662072
 0.8972682  0.94609904 0.9498312  0.96887326 0.93237734 0.9248364
 0.9037694  0.9765903  0.9613799  0.929394  ]",6.2783557e-13,23.577618837356567,1.4861452741048964
NNgHMC,0.5,autograd,banana,SynchronousLeapfrog,0.1,"[0.92082596 0.8540205  0.43752703 0.58919924 0.7386872  0.91011417
 0.92150563 0.95240843 0.9140372  0.6095275  0.9067883  0.645318
 0.8899061  1.6652263  0.7352674  0.5372514  0.48063135 0.12895362
 0.14836898 0.80181694 0.7185596  0.8278624  0.35340056 0.67566824
 0.9023193  0.9830718  0.64617383 0.84904134 0.9306423  0.9453678
 0.14589942 0.36095095 0.91901815 0.85806006 0.683788   0.89295024
 0.6331548  0.06987962 0.97829217 0.9649061  0.789472   0.6129482
 0.9420737  2.3944545  0.28482074 0.85473365 0.0319837  0.9493916
 0.01504575 0.4393533  1.2229037  1.0736189  0.6781606  0.8249829
 0.2710638  0.8588819  0.64909834 1.6866974  0.6717067  0.9671905
 0.8497147  0.9732647  0.9264514  0.2364621  0.8674487  0.13458517
 0.70542693 0.787724   0.9387506  0.7356977  0.90029854 0.9440204
 0.93162    0.9263072  0.11157475 0.20638493 0.9333746  0.69935334
 0.9818031  0.22551644 0.9016527  0.81484187 0.7228991  0.95468634
 0.8558316  0.7498967  0.88274336 0.9260763  0.8045682  0.9246685
 1.309845   0.4535361  0.5406338  0.8859813  0.97332233 0.8812663
 0.8249606  0.62110853 0.97746336 0.88680285]",2.877698e-15,17.67306685447693,5.747057236519513
NNODEgHMC,0.5,autograd,banana,SynchronousLeapfrog,0.1,"[0.92245626 0.8856276  0.5011865  0.5332404  0.77456415 0.9311277
 0.8966352  0.9474063  0.91988057 0.55002093 0.9208138  0.59467006
 0.9002155  1.5553033  0.77966136 0.47021493 0.53795993 0.04569024
 0.22628975 0.7897805  0.76206195 0.8637454  0.3820274  0.7210471
 0.9029021  0.9831468  0.5967572  0.81979746 0.9401066  0.9543289
 0.21678615 0.42623162 0.9141959  0.87816113 0.6453023  0.91651213
 0.6471511  0.14028095 0.9780711  0.9647505  0.8257474  0.6616138
 0.9217126  2.2526627  0.39197    0.85575193 0.12679353 0.9359282
 0.09448956 0.4955933  1.1125125  0.95663977 0.724367   0.84319013
 0.33545107 0.8237828  0.5486716  1.5576462  0.71446484 0.979074
 0.8444146  0.97316855 0.92898506 0.30351913 0.8871441  0.20249426
 0.75116587 0.81865394 0.9381301  0.7281835  0.90205336 0.94452524
 0.9313717  0.9297737  0.18031347 0.27768362 0.9269706  0.7430024
 0.97906256 0.14041603 0.92058694 0.8483546  0.7671218  0.95468295
 0.88515425 0.7886855  0.9073148  0.94383395 0.8435235  0.9393195
 1.1843786  0.5157599  0.59293956 0.9109198  0.975994   0.8683413
 0.79654855 0.6720771  0.9751575  0.86250913]",4.4638106e-11,26.60963201522827,1.7586545799569793
Explicit NNODEgHMC,0.5,autograd,banana,SynchronousLeapfrog,0.1,"[0.85851467 0.93905306 0.50209665 0.11469005 0.8859916  0.95025
 0.65706253 0.8386285  0.9603929  0.5062791  0.79503596 0.85471505
 0.8871249  1.1067559  0.92544365 0.06811197 0.02760481 0.7250413
 0.17827384 0.686434   0.5062118  0.97792834 0.6432808  0.9009506
 0.8976173  0.9820548  0.44707498 0.55759394 0.93637085 0.91537476
 0.5529701  0.14386469 0.817451   0.91273534 0.34923148 0.9182848
 0.74272364 0.48449177 0.9800393  0.8831253  0.9388289  0.23127794
 0.7476036  1.4083719  2.0208411  0.86010206 0.70491934 0.7921233
 0.08537954 0.7561876  1.7867484  0.5922315  0.27268624 0.93273133
 0.6410018  0.65151185 0.38481855 1.7127355  0.89036006 0.96040475
 0.78024805 0.974462   0.7709689  0.62300694 0.9094526  0.5269663
 0.9264804  0.90772974 0.9303274  0.63931346 0.91834277 0.9486486
 0.9242746  0.8257177  0.5109986  0.0881722  0.51856434 0.9157869
 0.87849253 0.26205045 0.80060804 0.9469194  0.9089899  0.9545533
 0.98124063 0.89082235 0.949988   0.9573223  0.95149946 0.730426
 0.04081382 0.6045524  0.8269949  0.9328343  0.9119743  0.8475044
 0.545962   0.88649005 0.8783665  0.6516111 ]",4.8369857e-11,45.58361530303955,1.9252750746879785
SymplecticNNgHMC,0.5,autograd,banana,SynchronousLeapfrog,0.1,"[ 0.8047494   7.8158207  18.406347    0.58161914  7.866379   11.9904585
  1.4489526   1.9777015   0.87118447  4.3743315  18.426739    8.344681
  2.6547585   9.2285185   5.5927176   0.47024545 14.103053   34.033943
 19.469872    0.8304438   8.183989    4.848934    2.4273481   3.6538367
  0.9282664   0.9915545   3.4261813   1.8950107   5.7253513   2.886827
  6.2480483  20.220535    5.1619024   4.846217    0.7113348   9.053652
  0.71062535  4.902921    0.73431456  0.87489784  6.227619   12.616217
  2.5301967  22.766254    5.179861    0.45453867  8.833334    3.971922
 11.945311    4.8351727  12.834103   28.561596   14.054881    1.1572502
  4.5136986   2.105326    9.118037   27.935436    2.5680294   3.260821
  0.44003743  0.73263496 13.319541    5.9333816   3.6589592   4.7081404
  4.5422964   3.7321663  10.031534    0.41031814  0.87577075  0.7680849
  0.21857981 10.713932    5.673807   22.1875     19.811974   15.332483
  2.4690876   8.661565   12.348785    5.7776694  16.571163    0.9701446
  3.2646155  10.4006815   3.9472618   3.195504    5.9642773  10.101942
 28.537579   11.277724    5.2147007   4.913812    1.900926    9.007999
  2.603542    5.263391    3.6878383   3.7396965 ]",15.381029,83.95355343818665,1.5114914245619206
GSymplecticNNgHMC,0.5,autograd,banana,SynchronousLeapfrog,0.1,"[0.919062   0.8778634  0.6071452  0.5918252  0.79545116 0.937884
 0.9309449  0.95738983 0.9542498  0.76703584 0.9219583  0.7646143
 0.90213364 1.2910517  0.8018021  0.61945665 0.60464627 0.2586077
 0.36826247 0.78003263 0.7473129  0.876088   0.14530031 0.761845
 0.92162406 0.9831213  0.7251967  0.8630435  0.94438744 0.943887
 0.32629108 0.54054093 0.9118366  0.88717926 0.6879281  0.9009328
 0.79732484 0.2743614  0.97744656 0.96360683 0.8114147  0.695831
 0.95463705 1.6032953  0.17885435 0.83425444 0.21512446 0.95914996
 0.13326035 0.58364886 0.92841136 0.51518863 0.71747065 0.8768102
 0.44176087 0.89439744 0.45983812 0.9860338  0.7524129  0.9770397
 0.87266797 0.9708992  0.93649745 0.4285521  0.86084527 0.29368818
 0.77588654 0.80233234 0.93448657 0.787315   0.9228138  0.940745
 0.9277324  0.93482876 0.2828877  0.3869741  0.9394867  0.8238794
 0.9827423  0.08609474 0.89844584 0.8673705  0.8130183  0.95326585
 0.9076719  0.8281219  0.88634175 0.9350872  0.8418453  0.9354238
 0.5070725  0.5586343  0.6809896  0.9005882  0.97460765 0.90128744
 0.8464602  0.73211503 0.98243856 0.9198613 ]",0.005687408,10.923329830169678,31.689067644545077
GradSymplecticNNgHMC,0.5,autograd,banana,SynchronousLeapfrog,0.1,"[ 2.0099716   5.132509   12.146547    0.18618041  3.7347565   9.93615
  1.0355067   0.6540877   0.03078362  3.0398192  11.772094    5.9799
  2.592597    6.366295    4.032232    1.2522224   9.717951   16.316536
 12.98317     1.4601889   7.2903266   3.3714547   4.8961143   2.8860278
  0.8839326   0.36234623  2.5968177   1.1184418   3.7602077   2.2288601
  3.7447917  11.639377    3.1717148   3.2561798   0.44522023  5.6547675
  0.4167231   3.265622    0.9461815   1.0806472   3.7710464   8.230453
  2.371489   16.595024    5.507402    0.49792227  5.88017     2.7610645
  8.256942    2.6554954  10.2837925  16.310568   10.112864    0.26005977
  3.0920777   2.619122    7.771108   15.900816    2.3917508   2.5066
  1.8363264   0.96118927  9.986841    3.3028495   3.3434272   3.484652
  3.3278892   3.0077114   9.088182    2.4273317   0.07889421  0.07622492
  1.2766037   9.423971    3.4696841  12.080748   10.831648   11.440249
  2.2327418   4.538451    9.558811    3.5588777  11.893509    0.5067018
  1.7559099  10.336917    4.366052    2.494796    4.481969    7.087966
 17.663044    6.4233885   2.5562146   4.759143    1.0239496   6.8517056
  1.3860664   3.0549247   2.4676766   2.025795  ]",11.314799,198.43787050247192,1.9325273827719367
GradGSymplecticNNgHMC,0.5,autograd,banana,SynchronousLeapfrog,0.1,"[ 1.7594783   6.100021   24.560146    0.4822585   3.6124291  23.15884
  0.08987093  0.38207608  0.89214873  4.3490543  30.657125   14.287981
  2.7229586   6.9858065   4.108623    1.0772132  17.43732    36.26899
 25.19603     0.8413958  11.229301    2.922533    0.17541537  2.5317402
  0.8960575   0.9830229   3.4305902   0.3340206   4.2189293   1.0417161
  2.7100544  21.688534    2.4594908   3.4429946   0.92955005  7.3662243
  0.5942114   2.715764    0.9799816   0.208293    3.0296264  13.239685
  2.0259845  32.713646   24.365858    0.8470647  20.121914    2.127596
 10.128253    1.5461725  15.100467   30.207739   18.353035    0.5923363
  2.4964724   2.949501    9.23945    27.44046     1.7736105   1.7613883
  0.88289326  0.97354436 27.117949    2.3780837   2.5112329   2.481443
  2.6127965   1.8088799  22.209858    0.78611314  0.8856888   0.9425838
  0.93556786 25.623152    2.2419596  21.54654    29.996351   27.20992
  1.5141801   4.0924754  19.8821      3.4998536  26.757046    0.9548933
  0.6319132  24.785976    5.0898275   1.4392126   4.7159495  12.130945
 37.847813    7.6236835   1.6540626   6.311137    0.23481295 14.440338
  0.7297379   2.2690732   1.7299306   1.4143971 ]",0.0033688624,15.426647424697876,17.585840675066024
HMC,0.5,autograd,gaussian,SynchronousLeapfrog,0.3,"[0.92820835 0.94440794 0.91463614 0.9163012  0.94538784 0.9499469
 0.9240469  0.94992006 0.9376828  0.9431639  0.931863   0.949079
 0.95141834 0.9455236  0.94834375 0.95357704 0.920145   0.9229321
 0.9439182  0.9547161  0.9452211  0.9290144  0.94097084 0.94681835
 0.9428517  0.9462463  0.9478984  0.9142234  0.933139   0.87863576
 0.93019265 0.9421154  0.9483175  0.94048464 0.9534925  0.957052
 0.937175   0.93198746 0.9258231  0.936639   0.9472448  0.9335
 0.9554101  0.92717236 0.89295596 0.94891477 0.9359638  0.9035778
 0.94838417 0.9371072  0.91242754 0.9395334  0.9459487  0.9317538
 0.93888277 0.94180024 0.91996825 0.9295138  0.9552711  0.94216955
 0.94503117 0.92834175 0.9536561  0.9460868  0.9446697  0.93119633
 0.9414849  0.9503478  0.9449197  0.9341954  0.8760719  0.9443612
 0.9302961  0.9507675  0.9272284  0.94246936 0.9520863  0.95108
 0.9475168  0.92056954 0.93329036 0.9281432  0.94395113 0.95031184
 0.93806255 0.92388654 0.940969   0.9559436  0.94563794 0.9320442
 0.9290797  0.9308567  0.9591901  0.93372715 0.956071   0.95065206
 0.9459084  0.9519717  0.9505062  0.93386877]",5.4536005e-15,17.26119875907898,2059.0784329836033
NNgHMC,0.5,autograd,gaussian,SynchronousLeapfrog,0.3,"[0.9283452  0.944436   0.91457164 0.9159744  0.9456577  0.95098084
 0.92266595 0.9501867  0.93808365 0.9437766  0.9322788  0.9491071
 0.9515481  0.946813   0.94844604 0.9534761  0.9191124  0.92323613
 0.94407195 0.9550812  0.94545984 0.9293747  0.9407586  0.94744295
 0.94369483 0.94622445 0.9478072  0.91319096 0.933198   0.872262
 0.93053985 0.9421133  0.948013   0.94038695 0.95367837 0.95715845
 0.9377691  0.93140733 0.9254062  0.9370944  0.9474802  0.93267477
 0.95559    0.9274098  0.89088976 0.9491446  0.93629074 0.90009874
 0.94808614 0.9371767  0.9128008  0.9398138  0.9463236  0.93237466
 0.9391836  0.94180954 0.92133594 0.9282712  0.9552841  0.94226444
 0.9449414  0.92728806 0.95392674 0.9461505  0.9444232  0.93128175
 0.9419012  0.95021915 0.9453355  0.9337718  0.8713074  0.9443145
 0.9298606  0.95138013 0.9274726  0.9422438  0.9520279  0.9517087
 0.94685954 0.9185211  0.93368626 0.9263713  0.9444804  0.95024824
 0.93776387 0.92451847 0.9407939  0.9561492  0.9463265  0.93174493
 0.9297888  0.9310481  0.959308   0.9334806  0.9557675  0.9508683
 0.9459071  0.9519231  0.95074004 0.9329339 ]",6.9672975e-15,16.350683212280273,2056.1922023103148
NNODEgHMC,0.5,autograd,gaussian,SynchronousLeapfrog,0.3,"[0.92813253 0.9444221  0.9147312  0.9159006  0.94570553 0.9510107
 0.92295074 0.95025814 0.93797463 0.94362915 0.9322467  0.9490058
 0.95154065 0.9468205  0.94840515 0.95350885 0.91952467 0.9234616
 0.94397515 0.9550323  0.94545364 0.9297013  0.9406419  0.947494
 0.94360447 0.9461864  0.9477851  0.9139706  0.9332522  0.87354964
 0.9304069  0.94221276 0.94799155 0.940312   0.9537058  0.95712173
 0.9375705  0.931626   0.92585695 0.93705165 0.9474184  0.9326153
 0.95554626 0.9273833  0.89171374 0.9491681  0.9365244  0.9004642
 0.94809234 0.9370322  0.9128894  0.93963325 0.9464761  0.9323146
 0.93927383 0.94195247 0.92132604 0.92859    0.95529526 0.9422638
 0.9449482  0.92726016 0.9538145  0.94617534 0.9444865  0.9312245
 0.9419031  0.9503069  0.9453062  0.9337222  0.8728706  0.9442479
 0.92990303 0.9514555  0.9277096  0.9424404  0.95198077 0.9517379
 0.94686365 0.9184424  0.9335663  0.92656636 0.9444344  0.950154
 0.93764275 0.9245595  0.9406998  0.9561145  0.9463433  0.9317087
 0.9299265  0.93103075 0.95930624 0.9332471  0.95572937 0.9508976
 0.9457493  0.9519455  0.9507704  0.93283147]",2.2286848e-14,13.745320558547974,2006.0509866103046
Explicit NNODEgHMC,0.5,autograd,gaussian,SynchronousLeapfrog,0.3,"[0.9012226  0.8641102  0.8295555  0.5948489  0.9006952  0.93915355
 0.8224907  0.93150014 0.92922485 0.9062818  0.9368483  0.94634455
 0.9516289  0.8762398  0.94015354 0.9495691  0.7689613  0.8987398
 0.93258256 0.94747293 0.84085363 0.82090586 0.85778904 0.88317144
 0.8765644  0.9147481  0.9465275  0.81620824 0.8257863  0.80266
 0.7512581  0.93135357 0.9358174  0.90754294 0.9492277  0.95269275
 0.8038696  0.67849225 0.8889389  0.90675354 0.949672   0.89314735
 0.95638716 0.90045726 0.82319754 0.94860256 0.9073214  0.8135009
 0.94458985 0.7020004  0.91367733 0.93416953 0.94127405 0.9220078
 0.94227886 0.93949145 0.92002314 0.7453122  0.94098794 0.9003918
 0.94339705 0.9092889  0.9488535  0.940534   0.9055938  0.89934963
 0.90916795 0.95266646 0.9369497  0.5966299  0.7339832  0.94303435
 0.7135853  0.93204534 0.90636444 0.91760623 0.90137994 0.91911685
 0.9451121  0.9121353  0.7627082  0.8682243  0.9042411  0.9554981
 0.9112965  0.9168715  0.9134524  0.93561363 0.95052266 0.9344678
 0.91561717 0.9275317  0.95556563 0.85516953 0.9540822  0.9090898
 0.9413659  0.8730824  0.9264296  0.93611735]",4.0074508e-13,20.251600742340088,112.0338595362752
SymplecticNNgHMC,0.5,autograd,gaussian,SynchronousLeapfrog,0.3,"[5016.777  3601.157  3250.352  1965.0391 2141.0234 2514.738  1723.1976
 2340.8943 3619.3748 6057.4897 2191.4265 3696.2734 2897.0427 4465.1187
 2700.7773 3224.11   4644.966  2686.0674 2091.908  2549.8098 2758.7437
 1773.4281 3381.9246 4561.99   2309.036  3572.8552 3973.2598 1842.8376
 3602.8174 5997.9717 3671.8035 2453.0417 4336.378  2533.0679 3759.1465
 2960.734  4977.3594 3832.3218 4814.79   3891.004  4483.1147 2686.9082
 3748.4668 4935.249  2321.2068 3560.8933 4876.3633 3508.1304 3610.9624
 3703.7722 2425.4517 2686.2292 3649.2847 2013.1328 3694.496  3389.771
 3409.6804 3203.8184 2435.8213 4839.0044 3293.4526 2435.8364 4196.9775
 3762.2832 2880.9155 2240.453  1715.9165 3966.1562 3567.8347 4012.7664
 3100.8218 4003.3516 6174.8296 3179.7097 2685.0999 3559.2417 2912.0781
 4067.1055 3104.6724 1668.5117 2993.6333 1744.668  3073.2605 4027.4194
 3126.2847 4736.342  2604.6743 2851.9155 2968.1304 3155.7925 2383.9634
 3774.0083 2801.2476 3707.2563 2963.5105 5229.1304 2737.9414 4342.4
 2157.2388 2572.2551]",2.2136041e+10,30.178245782852173,1500.0
GSymplecticNNgHMC,0.5,autograd,gaussian,SynchronousLeapfrog,0.3,"[0.9318937  0.93813837 0.89960396 0.8668623  0.9327141  0.94697237
 0.91074836 0.94774866 0.9395425  0.9412137  0.93622655 0.94951653
 0.9546139  0.93926847 0.94865525 0.9532224  0.9177674  0.9303566
 0.9426038  0.95116585 0.94326663 0.9175167  0.9423001  0.94011974
 0.9346866  0.94023275 0.95243204 0.91898584 0.92677087 0.8743062
 0.92303085 0.9418192  0.94688404 0.93598545 0.9551651  0.9566133
 0.92744845 0.9246267  0.91795444 0.939199   0.9532993  0.9205774
 0.95724577 0.9236524  0.8896545  0.9507629  0.9337698  0.90142477
 0.94740605 0.92828286 0.9152145  0.9422459  0.945975   0.9339766
 0.94004714 0.9435999  0.9206126  0.91641355 0.9521672  0.94249344
 0.9435893  0.91782475 0.9546169  0.9448824  0.9367277  0.92528576
 0.93419385 0.9525696  0.94565    0.9130477  0.8718275  0.945619
 0.9124548  0.9461303  0.92858356 0.9425254  0.95391387 0.94652265
 0.94713306 0.9246718  0.9289851  0.9271428  0.94490975 0.9543831
 0.9341111  0.93561304 0.93780565 0.95152843 0.9500815  0.936463
 0.9326851  0.93777585 0.95688105 0.9359273  0.95602006 0.9474548
 0.951101   0.9448949  0.9476527  0.93050545]",0.037883688,8.35494065284729,178.34656799396683
GradSymplecticNNgHMC,0.5,autograd,gaussian,SynchronousLeapfrog,0.3,"[5016.7725 3601.1602 3250.3484 1965.0365 2141.0269 2514.7385 1723.197
 2340.8953 3619.377  6057.4883 2191.429  3696.2734 2897.0457 4465.118
 2700.7737 3224.11   4644.962  2686.0674 2091.9048 2549.8145 2758.7437
 1773.4285 3381.9246 4561.991  2309.036  3572.8582 3973.2656 1842.8347
 3602.8145 5997.974  3671.8035 2453.0425 4336.376  2533.0664 3759.1465
 2960.73   4977.3604 3832.3171 4814.7974 3891.005  4483.1113 2686.9072
 3748.4644 4935.255  2321.2092 3560.8945 4876.3584 3508.1345 3610.9624
 3703.7722 2425.4497 2686.2295 3649.286  2013.1356 3694.492  3389.771
 3409.6816 3203.8171 2435.8225 4839.0015 3293.449  2435.8364 4196.9736
 3762.2866 2880.9155 2240.4502 1715.917  3966.161  3567.8328 4012.7637
 3100.825  4003.352  6174.832  3179.7097 2685.0999 3559.239  2912.0757
 4067.099  3104.6719 1668.5093 2993.6348 1744.667  3073.2607 4027.421
 3126.2847 4736.3394 2604.6743 2851.9155 2968.1304 3155.7896 2383.9604
 3774.005  2801.2478 3707.2563 2963.5083 5229.1284 2737.9434 4342.3975
 2157.24   2572.2515]",2.2136037e+10,70.65653729438782,1500.0
GradGSymplecticNNgHMC,0.5,autograd,gaussian,SynchronousLeapfrog,0.3,"[0.9307171  0.94653845 0.92043823 0.9198798  0.94658923 0.9450096
 0.9264774  0.9507944  0.9382421  0.93949175 0.92713773 0.9489288
 0.9508542  0.9404475  0.94851315 0.9537668  0.9188895  0.92290235
 0.941669   0.9555192  0.9467566  0.9316425  0.94224954 0.94419277
 0.9418725  0.94719803 0.9467005  0.9111576  0.93403685 0.87526697
 0.9347064  0.94259185 0.9498441  0.94215477 0.9520564  0.9572034
 0.9408034  0.93677586 0.92547697 0.93197554 0.9441244  0.93454236
 0.9538579  0.92955655 0.8953413  0.94883144 0.93295497 0.9017012
 0.9494399  0.94085646 0.9143232  0.9347047  0.9449916  0.9272909
 0.93948096 0.9427382  0.92159194 0.92855453 0.95575786 0.94289136
 0.94194144 0.92529595 0.95420015 0.94650906 0.9473235  0.9373805
 0.9418248  0.94991416 0.9454956  0.9377109  0.8787958  0.94435567
 0.9376831  0.9478294  0.9291078  0.9425375  0.9521402  0.9484321
 0.949242   0.9170219  0.9371554  0.92390287 0.9448633  0.9494637
 0.9416675  0.9253839  0.9414992  0.95633936 0.9429842  0.92907065
 0.9257761  0.9294547  0.9597672  0.9373118  0.9568493  0.9510807
 0.94506586 0.95388883 0.9516438  0.940678  ]",0.047856815,12.10380744934082,7.488257362602206
HMC,0.5,autograd,high_dimensional_gaussian,SynchronousLeapfrog,0.1,"[0.9358357  0.92824304 0.93705356 0.9328078  0.9480337  0.9360192
 0.9399476  0.94035995 0.933201   0.94178617 0.939125   0.92685986
 0.93000436 0.93267024 0.9341184  0.94993246 0.9338016  0.92666245
 0.9408282  0.9321522  0.938354   0.93732876 0.9426334  0.94398373
 0.9328272  0.928069   0.9406885  0.94413203 0.93373024 0.9356413
 0.9315715  0.94096565 0.93696326 0.9364042  0.92810917 0.9284381
 0.9399058  0.9422239  0.9425057  0.93070793 0.93789613 0.9420258
 0.9406082  0.94030035 0.9361286  0.9384235  0.93691534 0.94012237
 0.9292692  0.93604517 0.9451789  0.9376911  0.95056313 0.9397089
 0.9441565  0.93172973 0.9395503  0.9415771  0.9455487  0.9332573
 0.9336332  0.94370544 0.93363464 0.93985    0.93672055 0.93585443
 0.942383   0.93665576 0.9369721  0.94224024 0.9371402  0.9372176
 0.9444463  0.9414686  0.9333334  0.94161624 0.9300065  0.9312091
 0.94733083 0.93009746 0.93812776 0.931641   0.94187665 0.92730445
 0.9398688  0.9421579  0.9323468  0.9318156  0.9367115  0.93892395
 0.9160619  0.9330938  0.94052494 0.9410574  0.9420693  0.9398148
 0.93230534 0.93440735 0.9327423  0.93847317]",1.4984802e-15,49.74352288246155,274.45768328952494
NNgHMC,0.5,autograd,high_dimensional_gaussian,SynchronousLeapfrog,0.1,"[0.93581486 0.9281182  0.937024   0.93266237 0.9480497  0.9359673
 0.939953   0.9403449  0.9331641  0.9417965  0.9391098  0.9267761
 0.9299314  0.93260634 0.93402785 0.94996035 0.9337699  0.926531
 0.9408431  0.93215656 0.9383563  0.93728924 0.94265604 0.9439909
 0.9327698  0.9279164  0.94068563 0.9441447  0.933701   0.9356424
 0.9314491  0.9409673  0.93693304 0.93635434 0.9280038  0.9282923
 0.9398991  0.942235   0.9425297  0.93060696 0.9378648  0.9420614
 0.9406042  0.9403118  0.9361272  0.9384054  0.9369075  0.94013965
 0.9291035  0.93596905 0.94523084 0.93765557 0.9506086  0.9396961
 0.9441699  0.9316754  0.93955916 0.9416296  0.9455905  0.9332101
 0.9335985  0.94372153 0.9336009  0.9398505  0.9366702  0.93580127
 0.9423911  0.9366247  0.93697035 0.9422545  0.93712777 0.93720126
 0.944472   0.9414756  0.93339443 0.941642   0.92991877 0.93116444
 0.9473494  0.93005264 0.93814707 0.93157476 0.94191563 0.92709434
 0.93984336 0.94219154 0.93227285 0.9316907  0.93667746 0.9389082
 0.9157523  0.93304294 0.9405605  0.9411167  0.94210684 0.9398005
 0.9322604  0.9343621  0.9326601  0.93846023]",1.7445645e-15,46.36771607398987,268.4113182302257
NNODEgHMC,0.5,autograd,high_dimensional_gaussian,SynchronousLeapfrog,0.1,"[0.93584096 0.92818946 0.9370166  0.93271255 0.948038   0.93600786
 0.93993616 0.9403598  0.93315554 0.94179964 0.9391367  0.9267429
 0.92982787 0.9326081  0.9340838  0.94995487 0.9338044  0.9264414
 0.94083273 0.93212223 0.9383291  0.9373016  0.9426898  0.9439988
 0.9327401  0.9279336  0.9406883  0.9441441  0.93365526 0.93560934
 0.93153405 0.94095457 0.9369387  0.936388   0.92794675 0.92832994
 0.939885   0.94224584 0.94251317 0.93065804 0.93784904 0.94205797
 0.940571   0.9403042  0.9361517  0.9384471  0.936913   0.9401336
 0.9291191  0.93593013 0.9452078  0.93766403 0.950603   0.93971133
 0.9441843  0.9316179  0.93955755 0.9415722  0.94560623 0.9332408
 0.93354166 0.94372195 0.9335798  0.9398484  0.93674743 0.93579453
 0.94237626 0.9366611  0.9369792  0.9422485  0.9371397  0.93717384
 0.9444674  0.9414734  0.9332978  0.94162405 0.92989635 0.93112606
 0.9473833  0.9299989  0.9380884  0.9315869  0.9418882  0.927122
 0.93982786 0.9421673  0.9322979  0.9316847  0.9366689  0.9388833
 0.91577756 0.9330629  0.9405445  0.9411067  0.9421109  0.939834
 0.9322077  0.9343836  0.93266743 0.93846625]",1.3517969e-14,39.132112979888916,261.9539262258785
Explicit NNODEgHMC,0.5,autograd,high_dimensional_gaussian,SynchronousLeapfrog,0.1,"[0.9330916  0.9243611  0.933843   0.9298603  0.94674945 0.9348418
 0.9369664  0.9381956  0.9292959  0.9404084  0.93692195 0.9243498
 0.9267056  0.93030113 0.93182135 0.94893944 0.9323462  0.92221856
 0.94037974 0.9291072  0.93671525 0.93253773 0.9397763  0.94277656
 0.93021476 0.923979   0.94008017 0.9427328  0.9312274  0.93152225
 0.92721653 0.9399087  0.935131   0.9348416  0.9224002  0.9247798
 0.9388818  0.94119775 0.9380166  0.9237127  0.9351846  0.94055194
 0.93885326 0.93795526 0.9331229  0.93466806 0.93211174 0.9384009
 0.92359483 0.9342494  0.94270086 0.93517554 0.9480666  0.9372654
 0.94234884 0.9290599  0.93749166 0.939579   0.94358367 0.9306938
 0.9309044  0.9408741  0.93065995 0.9366931  0.93337166 0.9328772
 0.9404789  0.9338535  0.9330615  0.93955535 0.93461794 0.9368679
 0.9429964  0.93951195 0.9301281  0.9412663  0.9269311  0.92576253
 0.94579506 0.9275562  0.93573177 0.9287338  0.9402137  0.9230845
 0.9383465  0.94084454 0.92956305 0.9280552  0.93476486 0.936581
 0.9130167  0.93013394 0.93837965 0.9381086  0.9396261  0.9369341
 0.9279701  0.9298897  0.9312617  0.93678397]",1.6623103e-14,57.94349431991577,43.874775031637256
SymplecticNNgHMC,0.5,autograd,high_dimensional_gaussian,SynchronousLeapfrog,0.1,"[0.93573225 0.92697734 0.93766487 0.9326622  0.9480232  0.9357473
 0.93937325 0.9400586  0.933638   0.94117975 0.93865174 0.926805
 0.9304103  0.932585   0.93384475 0.9497811  0.9339174  0.9267394
 0.9403051  0.93157005 0.93758553 0.9367107  0.9427748  0.94392717
 0.93192977 0.92781293 0.9397442  0.94360995 0.93293583 0.93513864
 0.93111867 0.9413039  0.93681306 0.9363526  0.9276662  0.9278858
 0.9394268  0.9417796  0.9423866  0.9303603  0.9382901  0.9414221
 0.94070554 0.93927574 0.93594027 0.93796873 0.9370054  0.940125
 0.9307148  0.9365241  0.94542825 0.9380576  0.95041275 0.9396833
 0.9434993  0.9305328  0.93950427 0.9405181  0.94501257 0.93337345
 0.9343705  0.9439714  0.93356836 0.9400517  0.9367002  0.9363491
 0.9421107  0.93618625 0.9368555  0.94202447 0.9366226  0.93704414
 0.94492626 0.9412085  0.93280125 0.9408698  0.93033767 0.9307994
 0.94709873 0.93048716 0.9380576  0.93103683 0.94159067 0.92699814
 0.9395653  0.9414748  0.9327582  0.9320497  0.9372753  0.9393737
 0.9150348  0.9328865  0.94051284 0.94050634 0.9423779  0.9397876
 0.9321717  0.9342896  0.93273187 0.93862695]",0.009733453,100.48317646980286,27.510826694641654
GSymplecticNNgHMC,0.5,autograd,high_dimensional_gaussian,SynchronousLeapfrog,0.1,"[0.93599    0.92851055 0.93739    0.93311787 0.9481139  0.9362065
 0.94024295 0.9403858  0.93354046 0.9418336  0.93939435 0.92724
 0.93030614 0.9326979  0.93449664 0.9500141  0.93391466 0.9272808
 0.9409417  0.9324941  0.93855333 0.9375043  0.94303596 0.94417095
 0.9331929  0.9285113  0.9406973  0.94433594 0.93382585 0.93604916
 0.9320507  0.9410021  0.93724155 0.9365983  0.9285377  0.9288502
 0.93992054 0.9424407  0.9428109  0.9311663  0.938171   0.9421746
 0.9408838  0.94037175 0.9365804  0.93881863 0.9370092  0.94023323
 0.9298379  0.9362113  0.94541526 0.9378626  0.95077324 0.9398793
 0.94441247 0.93198156 0.93986624 0.94170016 0.9458107  0.9334763
 0.9339496  0.94385576 0.9339177  0.9400069  0.93697023 0.9361555
 0.9424933  0.9366743  0.93736875 0.9422252  0.9373445  0.93730164
 0.94452083 0.94183034 0.9339203  0.9417515  0.93008363 0.93170357
 0.9475662  0.93058026 0.93826556 0.93176335 0.9420481  0.9273884
 0.9401679  0.9424161  0.93247885 0.9322836  0.9371559  0.9391896
 0.9162593  0.9337308  0.94072473 0.9413686  0.9423293  0.9400004
 0.9325749  0.9344735  0.93304056 0.9387566 ]",0.0037803364,32.10132026672363,96.54059335368053
GradSymplecticNNgHMC,0.5,autograd,high_dimensional_gaussian,SynchronousLeapfrog,0.1,"[0.93606997 0.92820543 0.9373116  0.9327974  0.9478898  0.9359312
 0.93979824 0.94029635 0.93317306 0.9419608  0.9391083  0.9268379
 0.92939687 0.9326819  0.9340583  0.9499745  0.9337729  0.92680633
 0.9407985  0.9321188  0.93815744 0.9371147  0.9428047  0.94399166
 0.9328052  0.92834735 0.9402913  0.94416094 0.9337245  0.9356405
 0.93167865 0.94088715 0.9369422  0.93644154 0.9281254  0.92828465
 0.93982685 0.94238365 0.9424876  0.93050635 0.9380913  0.94194627
 0.9407312  0.940186   0.9362345  0.93814707 0.936865   0.9402723
 0.92947567 0.9358074  0.9452158  0.93789595 0.9504514  0.93945044
 0.9441055  0.9314925  0.9395822  0.94127    0.9456724  0.93306386
 0.9337648  0.9435643  0.9336767  0.93945736 0.93680286 0.9360925
 0.9424709  0.936639   0.93686116 0.94216317 0.9369577  0.9370917
 0.9445373  0.9412858  0.9333366  0.9414396  0.92945045 0.93108976
 0.94732094 0.93021744 0.93826836 0.93167496 0.9417968  0.92740697
 0.9396229  0.9421154  0.93229645 0.93177736 0.93663967 0.93881917
 0.9157294  0.9327469  0.94037217 0.9411235  0.9420142  0.9397189
 0.932357   0.9343257  0.9328232  0.93853617]",0.007856977,255.7472505569458,18.54585894036075
GradGSymplecticNNgHMC,0.5,autograd,high_dimensional_gaussian,SynchronousLeapfrog,0.1,"[0.9361352  0.92885065 0.93741274 0.9332857  0.9482306  0.93649197
 0.9403112  0.9406866  0.9336839  0.94214034 0.9394461  0.927418
 0.930532   0.93309706 0.9344627  0.95004547 0.93426573 0.9272951
 0.9410666  0.93264836 0.93871415 0.9377484  0.94299716 0.9442147
 0.93333477 0.9286031  0.94100636 0.94436973 0.93419254 0.9360943
 0.9321457  0.9412173  0.9373154  0.93679035 0.9286503  0.9291083
 0.94019    0.9425725  0.94289017 0.9313035  0.93825287 0.9422687
 0.9409541  0.94059265 0.9364618  0.93887043 0.9372904  0.9404451
 0.92988557 0.9365346  0.9454602  0.93808067 0.9507288  0.9400883
 0.94443405 0.9321804  0.939865   0.94177914 0.945719   0.9337728
 0.9341857  0.9439553  0.93408716 0.9402323  0.9371834  0.9363239
 0.9426834  0.93703    0.9374113  0.94253325 0.93749803 0.93766594
 0.94456816 0.9417933  0.9338171  0.94183826 0.93052673 0.93176603
 0.9475645  0.9306735  0.93851966 0.9322049  0.9422271  0.9279307
 0.9402553  0.9424926  0.9328674  0.932299   0.9371013  0.93933153
 0.9170375  0.9336089  0.9408159  0.9413705  0.94233435 0.9402346
 0.9328086  0.9348217  0.9332196  0.9388665 ]",0.0023201264,68.15772366523743,79.42064843808507
HMC,0.5,autograd,normal_normal,SynchronousLeapfrog,0.1,"[0.9363717  0.9388478  0.94002175 0.928596   0.9169776  0.95323294
 0.94292706 0.9323344  0.9488098  0.9224776  0.94104946 0.9203006
 0.9448384  0.9101548  0.94978523 0.9483583  0.9498757  0.90789384
 0.952629   0.9423933  0.910361   0.95336646 0.9458775  0.9470432
 0.9272337  0.93444246 0.94892645 0.9522319  0.94715357 0.9496221
 0.9477303  0.9500944  0.94293755 0.9369916  0.94364023 0.94196147
 0.9357914  0.9461945  0.91354847 0.86960304 0.9493593  0.9400565
 0.9524025  0.93845546 0.94732654 0.9406244  0.9350381  0.9352727
 0.9327172  0.93880576 0.9410264  0.93553865 0.93913305 0.9509443
 0.943697   0.9511344  0.91103363 0.9445292  0.929162   0.95210475
 0.9404572  0.89784    0.9514105  0.9464458  0.93402064 0.9388608
 0.94935673 0.9337587  0.9431078  0.9452696  0.94648284 0.9408013
 0.9151466  0.9516386  0.948379   0.940613   0.9452795  0.94678485
 0.9465186  0.93003607 0.94542253 0.952978   0.93044627 0.92160225
 0.8849764  0.8990294  0.9391913  0.94108963 0.9430547  0.92729616
 0.92124796 0.9410709  0.94140685 0.9492587  0.9231167  0.93098414
 0.94687    0.94104403 0.9516337  0.9428468 ]",1.000467e-15,79.88649487495422,429.776053413101
NNgHMC,0.5,autograd,normal_normal,SynchronousLeapfrog,0.1,"[0.9362607  0.9393775  0.9400727  0.9285145  0.91095006 0.9528619
 0.9431543  0.933288   0.9489454  0.91852015 0.94047916 0.91035616
 0.9447496  0.9092506  0.9496908  0.947845   0.9499215  0.90254056
 0.9527931  0.94200295 0.9114437  0.9534187  0.94566846 0.9468025
 0.9277045  0.9345061  0.94918174 0.95245636 0.94731045 0.9497058
 0.9480375  0.9508238  0.9432839  0.93709725 0.9433265  0.9414317
 0.93479294 0.9460368  0.91308373 0.8723564  0.95016164 0.93997806
 0.9522042  0.9380375  0.9470029  0.9406237  0.93596333 0.9327072
 0.93302155 0.9382011  0.94084895 0.9348032  0.93918467 0.9509134
 0.94340503 0.9506652  0.91109204 0.9449929  0.929813   0.95199084
 0.9401603  0.8994117  0.9511672  0.9468168  0.9343273  0.9383644
 0.9492756  0.9339442  0.9433012  0.94538    0.946125   0.9412834
 0.9150872  0.9511436  0.9484334  0.94089645 0.9458356  0.94675225
 0.9465668  0.92988056 0.9457478  0.95318115 0.9304568  0.9215593
 0.8852293  0.90071714 0.93888843 0.9401223  0.943056   0.92732763
 0.9210919  0.9417283  0.9427001  0.9488363  0.92031735 0.93094313
 0.94725466 0.9411151  0.95199627 0.94313926]",1.3241664e-15,69.14650177955627,369.4326809703129
NNODEgHMC,0.5,autograd,normal_normal,SynchronousLeapfrog,0.1,"[0.9367187  0.93922305 0.9400143  0.9284258  0.9146025  0.9531441
 0.9430749  0.933105   0.9490029  0.9213669  0.94059896 0.91605824
 0.9451269  0.9097078  0.9498067  0.9483619  0.94999504 0.90949297
 0.9527569  0.94253576 0.91008914 0.9534205  0.94578093 0.94728315
 0.927577   0.9342787  0.9491329  0.952192   0.94722843 0.9497361
 0.94801855 0.9502711  0.94272935 0.93707645 0.94386786 0.94221115
 0.9354433  0.94630164 0.9135925  0.8702475  0.94962776 0.9401369
 0.95241445 0.93850577 0.9473666  0.9405526  0.9356925  0.9342381
 0.93295693 0.9387065  0.9411539  0.93628776 0.93914765 0.9509828
 0.9436672  0.9510262  0.9114455  0.9447538  0.9293752  0.9520657
 0.94044304 0.89861786 0.951296   0.94659793 0.9341042  0.93852615
 0.94941187 0.93390715 0.9433369  0.9453001  0.94642365 0.9410447
 0.91497934 0.9516109  0.94838095 0.9403832  0.94539726 0.9469826
 0.9467391  0.9299735  0.9456425  0.9529945  0.9301674  0.9216341
 0.8842468  0.89861554 0.939011   0.94080293 0.9430291  0.9270889
 0.9213664  0.94203824 0.9430081  0.9492213  0.9223436  0.9307221
 0.94702935 0.94101405 0.9516586  0.94294584]",1.4438832e-14,50.556448221206665,358.04724668882113
Explicit NNODEgHMC,0.5,autograd,normal_normal,SynchronousLeapfrog,0.1,"[0.9376613  0.93879545 0.9386625  0.928169   0.8843769  0.9533207
 0.94204605 0.93223333 0.94645584 0.89554644 0.93664616 0.87955064
 0.94280505 0.91001105 0.9498824  0.94792384 0.9483781  0.8685898
 0.9521297  0.9384748  0.9042139  0.9531753  0.94580954 0.9447175
 0.92490625 0.9349803  0.94523466 0.95168656 0.9467084  0.9491068
 0.9426419  0.9483099  0.9443635  0.93627226 0.9430753  0.92697066
 0.92172253 0.94449234 0.90477085 0.85697305 0.9479019  0.9353949
 0.95204353 0.938564   0.9468581  0.9393902  0.9335294  0.91524494
 0.93231505 0.93135136 0.9434686  0.9204954  0.9383707  0.9502179
 0.9408468  0.9510995  0.90537345 0.94157207 0.9235949  0.952036
 0.93506354 0.8947958  0.9502133  0.9458167  0.92947376 0.93763894
 0.94926375 0.93129796 0.9412281  0.9435665  0.9452696  0.9412405
 0.9143925  0.95189655 0.9440452  0.9344629  0.93888986 0.9450431
 0.94430035 0.93066275 0.9448612  0.95317596 0.9265593  0.91979504
 0.881708   0.8917717  0.9375865  0.93253696 0.9400687  0.9249097
 0.9188285  0.9297103  0.9329406  0.94795    0.9029592  0.9281921
 0.9456403  0.9392605  0.94994307 0.9431102 ]",2.041079e-14,67.91881036758423,247.8188942114839
SymplecticNNgHMC,0.5,autograd,normal_normal,SynchronousLeapfrog,0.1,"[0.93455803 0.9403275  0.9397224  0.9272685  0.9203884  0.95245206
 0.94070023 0.93764776 0.9488238  0.9191737  0.94026184 0.9042291
 0.94385403 0.9103119  0.94938487 0.9456053  0.95000124 0.90127015
 0.95274943 0.9419192  0.90993667 0.9533369  0.9469745  0.9468664
 0.929465   0.9332948  0.9500145  0.95305395 0.94626915 0.94866514
 0.9460552  0.9517762  0.94523257 0.93627894 0.9404272  0.9413055
 0.93861496 0.94742    0.9080114  0.87149036 0.9519509  0.9394409
 0.9512501  0.9393792  0.9458064  0.9400179  0.93865657 0.93322605
 0.93260324 0.9341482  0.9421083  0.92838544 0.93965137 0.950789
 0.94455516 0.9495446  0.91195846 0.94469094 0.92946786 0.95155954
 0.9409551  0.9026145  0.9507946  0.9464764  0.9308475  0.9387211
 0.9491508  0.93350255 0.9414374  0.9460268  0.94365597 0.94288576
 0.9158892  0.9504024  0.9465949  0.945006   0.9496998  0.9462434
 0.94459975 0.92815894 0.94597054 0.9532127  0.92820185 0.9215325
 0.8745062  0.900035   0.9382915  0.93823147 0.9418699  0.92342126
 0.92168796 0.9423419  0.94196695 0.94843495 0.91687584 0.9278816
 0.94791573 0.9395107  0.95307255 0.9428403 ]",0.011828806,101.25009179115295,2.6336527917099186
GSymplecticNNgHMC,0.5,autograd,normal_normal,SynchronousLeapfrog,0.1,"[0.93821037 0.9393687  0.93933785 0.93029153 0.9178025  0.9531221
 0.9424529  0.93418634 0.9491984  0.92129636 0.94139934 0.91508627
 0.9456935  0.91076535 0.94967747 0.9486139  0.95012206 0.91567624
 0.95281065 0.9445271  0.9115677  0.9534337  0.9458923  0.9479658
 0.92809105 0.93423164 0.94969654 0.95256317 0.94695944 0.94939923
 0.94834507 0.95106876 0.94337314 0.9370719  0.9444062  0.943149
 0.9364327  0.9469969  0.9136395  0.8742599  0.9506136  0.940619
 0.95236766 0.9398794  0.94750464 0.9397132  0.93627995 0.9342815
 0.9329845  0.938904   0.9419297  0.93644905 0.93884027 0.9510422
 0.9441368  0.9510926  0.91289943 0.9451852  0.9317946  0.95203304
 0.94114244 0.8992392  0.9512512  0.9463657  0.9340563  0.9386959
 0.94923013 0.9340562  0.9433408  0.94514656 0.9465825  0.9414055
 0.91459894 0.95165765 0.94862527 0.94242954 0.94706744 0.94696486
 0.94653624 0.9285641  0.9456917  0.9528842  0.93008256 0.92082655
 0.8824291  0.90239614 0.93967474 0.9403851  0.9428394  0.9263396
 0.92096585 0.9434344  0.9442474  0.9497239  0.9222349  0.93042994
 0.9478048  0.9400689  0.9522964  0.9433199 ]",0.0041211937,34.9677677154541,467.0908676906442
GradSymplecticNNgHMC,0.5,autograd,normal_normal,SynchronousLeapfrog,0.1,"[0.9363165  0.93958277 0.9397699  0.92956674 0.8977617  0.95258564
 0.94241333 0.932789   0.9487288  0.90513563 0.9430752  0.89631045
 0.9437127  0.9120059  0.94978684 0.9467661  0.95023763 0.9038695
 0.9530503  0.9409594  0.91018534 0.95362395 0.9447094  0.9457365
 0.92768097 0.9357023  0.9482025  0.9521968  0.94825447 0.9492056
 0.9474125  0.9510748  0.9433001  0.93734837 0.94181836 0.9381749
 0.928542   0.9454833  0.9087256  0.87087536 0.95048213 0.9418061
 0.95168036 0.93815017 0.94574535 0.9399049  0.93504333 0.9247281
 0.93322533 0.9354119  0.9410564  0.9322449  0.93988216 0.9511449
 0.9434206  0.9500029  0.91128135 0.94565177 0.9278717  0.9522643
 0.9407274  0.89652985 0.9507472  0.9473287  0.9331713  0.9390916
 0.9492469  0.93327546 0.94228864 0.94466853 0.945635   0.9416237
 0.91743314 0.9507584  0.9477471  0.9400468  0.944435   0.9458663
 0.94557226 0.92962074 0.94556874 0.95332235 0.931075   0.922671
 0.885139   0.89927214 0.9392263  0.9375941  0.9429296  0.9283673
 0.92176926 0.9403956  0.9424175  0.9485016  0.9105725  0.93189585
 0.9483644  0.94058245 0.9516177  0.94458234]",0.018099114,180.5368993282318,7.566812389557246
GradGSymplecticNNgHMC,0.5,autograd,normal_normal,SynchronousLeapfrog,0.1,"[0.93516946 0.9387795  0.94055045 0.9278919  0.9173557  0.9531193
 0.94325435 0.93163127 0.9492194  0.9252604  0.9418609  0.9257573
 0.94509864 0.91002584 0.94982576 0.9481659  0.95005274 0.91338295
 0.9527112  0.94239175 0.9119088  0.9534286  0.9457884  0.94718856
 0.92742586 0.93412894 0.94912195 0.95209026 0.94734704 0.94974566
 0.94844216 0.9499685  0.9421102  0.9372849  0.9435195  0.9429897
 0.93677986 0.9460645  0.91491216 0.8731146  0.9490917  0.9406103
 0.9523842  0.93773973 0.9471917  0.9410388  0.9349755  0.93743587
 0.93285817 0.9401784  0.9397947  0.93760866 0.9393507  0.9511455
 0.9438257  0.95094603 0.9117379  0.94437313 0.92996156 0.9521705
 0.9409806  0.8976724  0.95159006 0.9464197  0.9349939  0.93893766
 0.94945306 0.9343931  0.94363034 0.94549847 0.9465927  0.94042647
 0.9154818  0.95137024 0.94908535 0.9402394  0.9450444  0.94720936
 0.94701517 0.930238   0.9456079  0.9529518  0.931419   0.92227554
 0.8873622  0.90080965 0.9392306  0.9426563  0.9436843  0.9281692
 0.921924   0.94153875 0.9418199  0.94918936 0.9257939  0.93184555
 0.94700235 0.9415881  0.95155287 0.9426775 ]",0.0049630897,90.38134479522705,133.02687315777976
HMC,0.6,autograd,banana,SynchronousLeapfrog,0.1,"[0.9272749  0.8919028  0.9780284  0.8534821  0.83968055 0.8860013
 0.93371695 0.9221775  0.9676517  0.8709039  0.94449306 0.92272633
 0.9717204  0.8109245  0.967059   0.87233037 0.9843113  0.91112506
 0.9517932  0.78518295 0.8804722  0.9919602  0.8568864  0.9659974
 0.9084298  0.9785286  0.9576726  0.96082866 0.98031276 0.96142054
 0.948462   0.9312475  0.90604913 0.9903855  0.85312223 0.94979954
 0.9164795  0.9025421  0.93048096 0.9599852  0.92286956 0.9197587
 0.8689146  0.87339276 0.888958   0.9309912  0.8855386  0.92095757
 0.93675965 0.97570837 0.8963771  0.93807936 0.9799161  0.9905082
 0.9331589  0.93179786 0.93126905 0.91612977 0.89890087 0.9446923
 0.93592536 0.95890784 0.968438   0.75194234 0.9601563  0.9397111
 0.9785274  0.74684334 0.95440215 0.86247176 0.89986706 0.9743883
 0.97452056 0.79646254 0.95514125 0.9198606  0.95444226 0.9867581
 0.96884096 0.88066757 0.96636313 0.7851801  0.9847206  0.8701817
 0.8998784  0.92589283 0.9690191  0.9181077  0.9793617  0.9577519
 0.9555723  0.95824194 0.9500264  0.94510525 0.9614725  0.96824074
 0.9471227  0.91530174 0.947941   0.92281246]",7.691625e-15,24.541317224502563,1.4629550561710511
NNgHMC,0.6,autograd,banana,SynchronousLeapfrog,0.1,"[0.92188597 0.6127834  0.57870865 0.28594625 0.28907847 0.8208828
 0.7024924  0.84947604 0.9700335  0.03715313 0.867294   0.5640512
 0.93837446 0.06725892 0.70140785 0.00706635 0.97908354 0.47775412
 0.8075385  0.47405922 0.9005758  0.9108733  0.2483264  0.6101532
 0.96622884 0.7237352  0.8753954  0.8880843  0.9319295  0.912811
 0.394806   0.51096904 0.64873195 0.96989524 0.20323035 0.8674922
 0.66764235 0.19028884 0.41322565 0.95787275 0.83945507 0.9258628
 0.9442327  0.42895383 0.61099994 0.21162245 0.11621972 0.5700994
 0.8777084  0.6909976  0.23921452 0.2580799  0.95061845 0.9803405
 0.23237741 0.95069027 0.36131796 0.03758939 0.33769673 0.91116923
 0.8955425  0.94639176 0.96599483 0.8461065  0.73150176 0.57264435
 0.8549234  0.73658913 0.9482469  0.74921155 0.5167006  0.821115
 0.89712286 0.7082701  0.89157414 0.46981716 0.9291959  0.8677198
 0.9427564  0.8514821  0.9764385  0.10748459 0.92883873 0.02729018
 0.64311546 0.78351974 0.9710134  0.82955015 0.8652913  0.9490247
 0.70752305 0.87393683 0.6606585  0.9060843  0.97212315 0.94891024
 0.88471496 0.01726617 0.97672653 0.76673955]",4.2810197e-15,19.74620223045349,4.594310915886689
NNODEgHMC,0.6,autograd,banana,SynchronousLeapfrog,0.1,"[0.9280948  0.5486177  0.49243912 0.37390646 0.20139246 0.7804967
 0.7579042  0.8743035  0.9549451  0.18979296 0.8945422  0.6520597
 0.91562116 0.12299888 0.62773466 0.1326537  0.97965544 0.38373744
 0.7549895  0.43935794 0.90064704 0.8777733  0.13228416 0.5457615
 0.96779937 0.65818256 0.90687215 0.9140588  0.8980745  0.93826663
 0.3149597  0.4440826  0.7167894  0.97109765 0.30171573 0.8306086
 0.72308826 0.11986504 0.3103065  0.9610617  0.7914657  0.90760106
 0.95528436 0.367329   0.6753253  0.1212855  0.23829257 0.6467726
 0.84373796 0.63289356 0.16187994 0.41748285 0.9254355  0.9717044
 0.1364603  0.9520707  0.28801915 0.05053823 0.25515133 0.92642546
 0.8784776  0.9509392  0.9443667  0.8325712  0.69432014 0.5147171
 0.8198017  0.686275   0.9649986  0.92911786 0.58284014 0.77506244
 0.85003066 0.6613976  0.9093908  0.3945603  0.9440541  0.82638013
 0.9600955  1.035188   0.9792751  0.2258855  0.89769554 0.14820677
 0.5836298  0.7255478  0.96018016 0.85787266 0.82731694 0.9544098
 0.76345587 0.86155957 0.60038954 0.8698606  0.9805629  0.959227
 0.9164926  0.15152751 0.97260064 0.8104757 ]",4.2845016e-11,26.037060499191284,7.8652062745421425
Explicit NNODEgHMC,0.6,autograd,banana,SynchronousLeapfrog,0.1,"[0.83814925 0.7965468  0.7193742  0.12244054 0.53561723 0.9126035
 0.41387743 0.69427586 0.9806406  0.0179745  0.69515455 0.5108583
 0.9721982  0.12684354 0.81190145 0.22370195 0.980307   0.57725173
 0.92275876 0.58561665 0.8413574  0.9867129  0.31221363 0.8075198
 0.902616   0.8631376  0.6843011  0.73109126 0.9768934  0.75707245
 0.65165836 0.72507286 0.4850678  0.9796785  0.25983262 0.95305794
 0.37896872 0.4230059  0.5314259  0.88996124 0.9155445  0.9565247
 0.8816495  0.634604   0.2934748  0.5080919  0.12533763 0.3873938
 0.95683426 0.86824775 0.5020964  0.17306334 0.9776827  0.99213403
 0.5058855  0.954303   0.6042919  0.34223375 0.5839874  0.790625
 0.9461646  0.8839692  0.97387266 0.8647779  0.7536248  0.7529781
 0.94656026 0.82298934 0.8174462  0.63543564 0.18963218 0.94337624
 0.9241588  0.8275403  0.8747891  0.7005422  0.80652666 0.9680971
 0.810085   0.73842347 0.92684054 0.16972622 0.9874019  0.21543106
 0.81827116 0.8486282  0.9543816  0.65531456 0.96255416 0.89456165
 0.6864521  0.92178094 0.8447982  0.9184673  0.88150346 0.8472446
 0.86215395 0.12132822 0.93131685 0.5449153 ]",6.3003325e-11,41.35599184036255,9.122952594953226
SymplecticNNgHMC,0.6,autograd,banana,SynchronousLeapfrog,0.1,"[9.2023783e+00 5.2247772e+00 1.8794849e+01 3.9539146e+00 1.5623577e+00
 8.9679604e+00 9.0388596e-01 3.4743723e-01 6.9902414e-01 1.0948653e+01
 3.5050258e-01 1.0934647e+01 7.1506691e+00 1.4672680e+00 2.0378073e+01
 1.0345803e+01 9.2142034e-01 8.3560257e+00 1.1490527e+01 2.0068150e+00
 5.8124876e+00 4.1520681e+00 7.0001287e+00 8.4315119e+00 5.7214975e-01
 1.6961597e+01 5.7387787e-01 8.5906684e-01 1.0927368e+01 2.0936763e+00
 6.0785403e+00 2.4205141e+00 6.3176334e-01 7.3686111e-01 4.9251795e-01
 9.0522116e-01 1.0397074e+00 2.5882607e+00 2.3106512e+01 1.1840460e+01
 7.3593664e+00 7.1188009e-01 1.0342791e+01 1.8218178e+00 5.7166266e-01
 6.3824883e+00 3.6007750e-03 1.1831567e+00 4.1335907e+00 3.8809733e+00
 3.8144691e+00 2.6805359e+01 1.1195617e+01 1.9091809e-01 1.1720963e+01
 2.1969610e-01 5.6821594e+00 3.7588921e+00 1.2327887e+01 3.9902806e+00
 1.4104901e-01 1.8897060e+00 2.6725433e+01 6.5643758e-02 2.6477308e+00
 4.3212271e+00 2.3981826e+00 1.4507179e+01 2.2753143e+00 2.7322521e+01
 6.8902582e-01 2.6404738e+00 2.0319946e+01 9.8920345e+00 3.5360774e-01
 2.4842515e+00 8.4938622e-01 8.8134823e+00 3.1689944e+00 2.3644484e+01
 9.2617235e+00 1.5372812e+01 6.5907021e+00 1.8116796e+01 4.1235461e+00
 2.7646770e+01 6.9139194e+00 3.5046500e-01 3.7521017e+00 7.1491402e-01
 1.5232656e+00 9.0925640e-01 2.8659286e+00 3.3863518e+01 8.7227917e-01
 3.6001680e+00 1.2036331e+01 2.3777721e+01 4.3642387e-01 6.4948004e-01]",15.391201,90.91495823860168,4200.0
GSymplecticNNgHMC,0.6,autograd,banana,SynchronousLeapfrog,0.1,"[0.92602444 0.47081888 0.29308978 0.5904946  0.08421795 0.70238495
 0.8891771  0.9157333  0.9540118  0.83734405 0.9461938  0.94178677
 0.90539235 0.08412047 0.45161757 0.66226554 0.9802189  0.12220272
 0.6789795  0.5043828  0.90183747 0.87383115 0.06474285 0.5524006
 0.9579749  0.52776    0.9644809  0.9456972  0.7618696  0.9796307
 0.34933472 0.4948643  0.9431538  0.9720127  0.5629212  0.7833886
 0.87097454 0.2749479  0.02143971 0.94461364 0.5895364  0.93047446
 0.9066033  0.48538837 0.7871345  0.23125856 0.7747743  0.9132444
 0.8474414  0.6608508  0.26910302 0.63412577 0.8358497  0.98307437
 0.12384319 0.95469654 0.3609805  0.14891781 0.20177834 0.9479227
 0.9175452  0.93161505 0.76661694 0.85157096 0.8135328  0.58638847
 0.85314316 0.45846638 0.97974145 1.0252054  0.6898974  0.7540485
 0.6171565  0.58389443 0.89387834 0.36981928 0.96706414 0.791806
 0.9802332  1.0547937  0.9343114  0.4120807  0.8508563  0.34511036
 0.54396456 0.492987   0.94510746 0.891349   0.83164823 0.9571103
 0.755293   0.8883538  0.6324365  0.6743304  0.9858462  0.9688167
 0.92510223 0.42681155 0.95469475 0.9293164 ]",0.008686823,12.012792825698853,1.3360958645562988
GradSymplecticNNgHMC,0.6,autograd,banana,SynchronousLeapfrog,0.1,"[ 4.234901   10.965278   17.825558    1.8383737  14.998098    8.735408
  3.9557195   3.9228907   4.100352   14.006334    5.7387276  12.95349
  6.042944    4.1011915  16.871548    5.6036367   0.76297235 22.499182
 12.649719    3.210136    5.4496145   6.9159102  10.057665    8.833015
  4.389142   13.312518    5.037573    3.2503033  14.204105    6.7109375
 10.750362    8.386336   10.15615     0.2060747   1.2998277   8.501579
  4.367516    6.0344     20.705349    7.111303   15.658682    3.6628807
 10.293014    5.7401347   1.6235826  11.632556    7.413417    9.291664
  7.6912107   8.712379    7.972001   28.629507   12.279257    1.8206375
 13.213489    0.8999646   7.8637176   9.129172   10.884834    6.5415716
  1.7119997  10.485281   16.722424    2.8990169   0.92689025  5.9924545
  4.454388   13.690102    4.432778   28.439571    1.8085364   9.392296
 20.266201    8.357528    2.003      11.872253    5.949085    8.55204
  5.5043044  30.369032   10.550857   18.26669     8.535957   19.355856
  9.415335   14.661703    5.4404135   3.6958194   6.323471    2.3356233
  4.118611    1.7747164   9.598311   17.77538     4.29455     6.8721695
 16.28006    23.805328    5.8558493   6.827562  ]",50.785717,266.914701461792,1.2559430554758408
GradGSymplecticNNgHMC,0.6,autograd,banana,SynchronousLeapfrog,0.1,"[0.6455745  0.45843416 0.49898645 0.8739006  1.0112362  0.02578054
 0.9180967  0.8679569  0.7268877  0.47416663 0.7678892  0.84387195
 0.38641125 0.4389426  0.25551724 0.8161518  0.9801011  0.26313522
 0.2185514  0.2931888  0.56578743 0.28850004 0.49609876 0.39388332
 0.76305646 0.38148117 0.83093303 0.9251832  0.1909881  0.72121906
 0.7470848  0.30975133 0.89857113 0.9711616  0.89991677 0.14109856
 0.89770645 0.41135213 0.4823124  0.52010703 0.01478271 0.7016923
 0.60854787 0.2300308  0.9553962  1.0531006  0.87931895 0.90386033
 0.1916182  0.18150052 0.72739494 0.6746901  0.22497591 0.9219102
 1.1840951  0.95591915 0.5561831  0.9360988  0.9111518  0.64407814
 0.80005884 0.50681484 0.76808614 0.7017402  0.47782445 0.02914403
 0.51014274 0.16991958 0.7885887  1.3852919  0.90615964 0.03251473
 0.6250817  0.15943979 0.9573056  0.6764886  0.735734   0.03810699
 0.72737503 1.4095567  0.53076303 1.623621   0.17516336 1.4569043
 0.2867173  0.0983948  0.5339955  0.8507716  0.290555   0.92652744
 0.97460526 0.82510555 0.27806342 0.7656821  0.82756984 0.6201771
 0.95213884 0.95461535 0.6312559  0.79322165]",0.025542926,18.8522207736969,2.1694465367246343
HMC,0.6,autograd,gaussian,SynchronousLeapfrog,0.3,"[0.9107496  0.9337141  0.90721023 0.92941254 0.90348184 0.9388337
 0.9447252  0.95008725 0.9420929  0.9523982  0.9394585  0.9245512
 0.9446582  0.9412319  0.94098395 0.92615724 0.9506461  0.9409498
 0.9185132  0.9469061  0.9510951  0.93676347 0.9500661  0.9288552
 0.9287321  0.95964515 0.93497026 0.9459278  0.9434401  0.9243885
 0.94606465 0.92490244 0.958624   0.9175582  0.93033636 0.9430014
 0.9489662  0.95238394 0.9525089  0.9329437  0.95267344 0.94914293
 0.951743   0.95633334 0.95593214 0.95352525 0.9170475  0.92613
 0.95881855 0.9491455  0.9351921  0.9348256  0.9404928  0.9410893
 0.95813507 0.95563257 0.95173144 0.94295806 0.9502051  0.93920916
 0.9358659  0.88376    0.9519033  0.953776   0.9347205  0.9339254
 0.9358506  0.9383191  0.9449584  0.91560555 0.9421954  0.9552187
 0.92596483 0.95461786 0.941111   0.95945823 0.9272892  0.9453966
 0.94026965 0.90461934 0.9200224  0.91121185 0.9311732  0.94858706
 0.9430706  0.91094685 0.92724323 0.93839073 0.93626404 0.9405221
 0.93236107 0.95227855 0.93771553 0.94751596 0.95556897 0.95456666
 0.95186347 0.9444046  0.9444288  0.94426   ]",6.316059e-15,17.211977243423462,1884.4178586704893
NNgHMC,0.6,autograd,gaussian,SynchronousLeapfrog,0.3,"[0.9099531  0.93421113 0.90155697 0.9298556  0.9004725  0.93924606
 0.94525    0.95057887 0.9426662  0.95305717 0.93939775 0.92402524
 0.9446358  0.9420003  0.9407322  0.92632455 0.9507812  0.94051427
 0.91762817 0.94707346 0.9512028  0.9371699  0.95018995 0.9284228
 0.92886245 0.9598632  0.93517435 0.94588774 0.94311184 0.9229576
 0.9461588  0.92503184 0.95884866 0.9171827  0.9302287  0.9433985
 0.94920456 0.9527974  0.9530823  0.93305707 0.95284224 0.9496523
 0.95179987 0.9564166  0.956036   0.953448   0.9149318  0.92677605
 0.95899904 0.94944537 0.9344491  0.9337052  0.9400853  0.9421765
 0.9581069  0.9553492  0.95197475 0.9426981  0.950271   0.9397539
 0.9359704  0.88145816 0.95207286 0.9539051  0.93464744 0.9334089
 0.93645775 0.93833447 0.9446799  0.9148981  0.94210863 0.9554674
 0.92680854 0.95525026 0.94105816 0.95934856 0.92807424 0.9453392
 0.94030344 0.9028145  0.91947985 0.9115578  0.9308336  0.9484066
 0.943176   0.90738    0.9271108  0.93826765 0.9358696  0.9401499
 0.9332553  0.95263165 0.9375452  0.9476463  0.9555721  0.95479774
 0.9519886  0.9445691  0.9445753  0.94456244]",7.254059e-15,16.35838222503662,1874.7291732576602
NNODEgHMC,0.6,autograd,gaussian,SynchronousLeapfrog,0.3,"[0.91029906 0.93452233 0.9033859  0.9299854  0.8983793  0.9395363
 0.94545287 0.9505741  0.9425709  0.9531836  0.93919724 0.9239501
 0.9447541  0.94213605 0.9404533  0.9264312  0.9506506  0.9405686
 0.91695964 0.94715285 0.95123214 0.93710876 0.95035684 0.92852855
 0.92874014 0.95987034 0.9354377  0.94575876 0.94312763 0.9218651
 0.94634056 0.92488337 0.95888126 0.9170141  0.92989624 0.9438442
 0.9488549  0.95281684 0.9532277  0.9331829  0.95274365 0.94981027
 0.95188445 0.9563729  0.9559139  0.9534139  0.9151597  0.92724514
 0.9591284  0.94951886 0.9344505  0.9330718  0.9398052  0.9425324
 0.95820653 0.9553175  0.9519979  0.9426993  0.95018405 0.9397044
 0.9357316  0.87856215 0.95207185 0.9539226  0.93481827 0.9336037
 0.9365007  0.93804646 0.9445664  0.9139878  0.94217366 0.95548934
 0.9270877  0.955405   0.94098055 0.9592562  0.928473   0.9452545
 0.94047356 0.9027018  0.919326   0.9114081  0.93145597 0.9482979
 0.9429454  0.90635717 0.9269203  0.9387716  0.93567127 0.9400691
 0.933012   0.95257497 0.93758965 0.947781   0.95560807 0.95480716
 0.9519844  0.94436234 0.9443841  0.94454646]",1.8894623e-14,13.97439455986023,1834.7344301868918
Explicit NNODEgHMC,0.6,autograd,gaussian,SynchronousLeapfrog,0.3,"[0.7900254  0.9331448  0.86568516 0.72518677 0.84420794 0.93558764
 0.9022616  0.93101025 0.9323019  0.9046354  0.8499962  0.91311187
 0.9280958  0.9043325  0.931337   0.9213554  0.92934245 0.9304985
 0.8814138  0.87085867 0.94857216 0.92156637 0.9450172  0.9115863
 0.8721174  0.93446416 0.8942518  0.9280783  0.87247676 0.8694767
 0.88680637 0.91721714 0.942733   0.902879   0.9374342  0.9407095
 0.94263256 0.94464535 0.9305086  0.794248   0.9469782  0.9437437
 0.95242614 0.95704305 0.94923544 0.9514372  0.83410823 0.85829824
 0.95496744 0.95346713 0.9276831  0.92989725 0.91181755 0.91018677
 0.95533836 0.9539417  0.94220006 0.8451437  0.94806993 0.92183775
 0.7988211  0.81988823 0.9416264  0.94106025 0.94266784 0.9265498
 0.8939726  0.93549824 0.94733685 0.6487975  0.9332556  0.94584787
 0.9175699  0.9213111  0.9108318  0.96120036 0.922155   0.8847954
 0.92274016 0.86763847 0.85314775 0.6579525  0.8835207  0.9499952
 0.9261098  0.9063829  0.8520872  0.8848896  0.9143791  0.9416032
 0.84187573 0.90857685 0.9387764  0.94420946 0.9560914  0.94713086
 0.93563867 0.94696826 0.9107307  0.9000006 ]",3.2205724e-13,20.055859088897705,123.78464011323223
SymplecticNNgHMC,0.6,autograd,gaussian,SynchronousLeapfrog,0.3,"[1.72671125e+05 5.45947625e+05 2.50962469e+05 1.05547825e+06
 1.92198086e+04 1.00760375e+06 9.87912250e+05 1.27767953e+05
 2.38739594e+05 7.94355000e+04 6.94360375e+05 3.65050898e+04
 7.79143896e+03 1.15937211e+05 3.98154688e+05 7.89782188e+05
 7.17596500e+05 1.93057871e+04 5.80674744e+02 3.67781469e+05
 4.42968359e+04 2.55710500e+05 1.63703945e+04 4.20606625e+05
 1.04642369e+06 9.03618945e+03 3.51898250e+05 2.83563500e+05
 2.65682781e+05 2.01130469e+05 1.93735547e+05 7.10784500e+05
 6.02333750e+04 1.63346138e+06 1.09891578e+05 8.56882324e+03
 2.45388438e+04 6.94562988e+02 1.07931438e+05 6.64087500e+04
 3.28299219e+04 4.30718438e+05 5.39919949e+00 1.39702061e+04
 3.82838379e+02 1.09167266e+04 4.49663875e+05 1.44122297e+05
 2.16509844e+05 1.18141992e+03 3.44974844e+04 3.47034875e+05
 8.58489188e+05 9.51469500e+05 3.22478125e+03 5.44166523e+04
 7.17951797e+04 3.48391625e+05 1.35987547e+05 3.58407469e+05
 2.87248867e+04 3.54281594e+05 2.35573484e+05 4.84327625e+05
 2.18215422e+05 3.93728394e+03 9.30844375e+05 1.23712158e+03
 1.03653859e+05 2.29895798e+02 1.25887952e+03 1.63432906e+05
 2.20770609e+05 7.21686000e+05 7.01637500e+05 2.04429047e+05
 1.93451992e+04 6.05296836e+04 4.25759469e+05 1.39509325e+06
 2.79184961e+03 7.21255125e+05 1.44034469e+05 3.77800903e+02
 5.80672188e+05 5.78369297e+04 7.82095625e+05 3.51010344e+05
 2.04203469e+05 2.18662875e+05 1.78380588e+06 7.72168250e+05
 6.75993438e+05 2.45857461e+04 6.88869922e+04 1.24013312e+05
 2.94452750e+05 7.26673672e+04 2.20547688e+05 7.57522875e+05]",4.1400462e+15,19.749302864074707,1400.0
GSymplecticNNgHMC,0.6,autograd,gaussian,SynchronousLeapfrog,0.3,"[0.9137813  0.9376606  0.90314335 0.90770787 0.89311504 0.9416591
 0.93228936 0.9476924  0.94347763 0.94273806 0.92472214 0.9269278
 0.94517756 0.93935883 0.9428377  0.92363423 0.94099844 0.93498325
 0.9108472  0.94133985 0.9547602  0.9329976  0.95019674 0.9153511
 0.9115488  0.9571947  0.9331147  0.9392129  0.934895   0.91730165
 0.9407295  0.92714334 0.95838404 0.92122096 0.9382426  0.94515026
 0.9482894  0.95433533 0.95103806 0.91373694 0.9508161  0.9502095
 0.9561939  0.9587853  0.9566254  0.9532217  0.90141153 0.92228335
 0.95905745 0.9549006  0.94129086 0.9236535  0.9334471  0.9392605
 0.95825815 0.9571807  0.95169735 0.9298405  0.9460942  0.9402623
 0.9249732  0.86147213 0.9531206  0.9499356  0.9435997  0.93325627
 0.92585915 0.9353924  0.94625115 0.8913659  0.9423272  0.9564767
 0.9341035  0.9485749  0.9402601  0.9603466  0.93298113 0.93228996
 0.94010544 0.91087186 0.9178638  0.8876528  0.9358542  0.9524493
 0.9395536  0.89225596 0.929407   0.93039626 0.93333757 0.9362103
 0.9043884  0.9483282  0.9326854  0.94931525 0.95578897 0.95314634
 0.95125604 0.94923866 0.9422249  0.94408244]",0.035695452,8.95260214805603,191.15036033805075
GradSymplecticNNgHMC,0.6,autograd,gaussian,SynchronousLeapfrog,0.3,"[1.72671125e+05 5.45947625e+05 2.50962469e+05 1.05547825e+06
 1.92198086e+04 1.00760375e+06 9.87912250e+05 1.27767953e+05
 2.38739594e+05 7.94355000e+04 6.94360375e+05 3.65050898e+04
 7.79143896e+03 1.15937211e+05 3.98154688e+05 7.89782188e+05
 7.17596500e+05 1.93057871e+04 5.80674744e+02 3.67781469e+05
 4.42968359e+04 2.55710500e+05 1.63703945e+04 4.20606625e+05
 1.04642369e+06 9.03618945e+03 3.51898250e+05 2.83563500e+05
 2.65682781e+05 2.01130469e+05 1.93735547e+05 7.10784500e+05
 6.02333750e+04 1.63346138e+06 1.09891578e+05 8.56882324e+03
 2.45388438e+04 6.94562988e+02 1.07931438e+05 6.64087500e+04
 3.28299219e+04 4.30718438e+05 5.39919949e+00 1.39702061e+04
 3.82838379e+02 1.09167266e+04 4.49663875e+05 1.44122297e+05
 2.16509844e+05 1.18141992e+03 3.44974844e+04 3.47034875e+05
 8.58489188e+05 9.51469500e+05 3.22478125e+03 5.44166523e+04
 7.17951797e+04 3.48391625e+05 1.35987547e+05 3.58407469e+05
 2.87248867e+04 3.54281594e+05 2.35573484e+05 4.84327625e+05
 2.18215422e+05 3.93728394e+03 9.30844375e+05 1.23712158e+03
 1.03653859e+05 2.29895798e+02 1.25887952e+03 1.63432906e+05
 2.20770609e+05 7.21686000e+05 7.01637500e+05 2.04429047e+05
 1.93451992e+04 6.05296836e+04 4.25759469e+05 1.39509325e+06
 2.79184961e+03 7.21255125e+05 1.44034469e+05 3.77800903e+02
 5.80672188e+05 5.78369297e+04 7.82095625e+05 3.51010344e+05
 2.04203469e+05 2.18662875e+05 1.78380588e+06 7.72168250e+05
 6.75993438e+05 2.45857461e+04 6.88869922e+04 1.24013312e+05
 2.94452750e+05 7.26673672e+04 2.20547688e+05 7.57522875e+05]",4.1400462e+15,26.064360857009888,1400.0
GradGSymplecticNNgHMC,0.6,autograd,gaussian,SynchronousLeapfrog,0.3,"[0.91745794 0.93207645 0.9084756  0.9247521  0.90679324 0.9339328
 0.9439753  0.95039177 0.94188726 0.9521391  0.94165325 0.92682904
 0.9468903  0.9358928  0.94159836 0.93024385 0.9525279  0.94281137
 0.9212512  0.9494855  0.9496597  0.9345395  0.9503946  0.9320977
 0.935181   0.95955074 0.9382838  0.9442458  0.94526243 0.9252844
 0.94661856 0.9253119  0.9591002  0.9172921  0.9296187  0.9429869
 0.946331   0.9498214  0.9498     0.9384235  0.95086354 0.944694
 0.9494564  0.95492905 0.9558477  0.95335126 0.92085505 0.932384
 0.9585156  0.9455347  0.9372611  0.936104   0.94445294 0.93537223
 0.95818233 0.95604    0.95242393 0.942146   0.95160913 0.94088304
 0.9384289  0.89315504 0.95174456 0.9552865  0.9337441  0.93355894
 0.93849134 0.9402339  0.9464283  0.9208223  0.9430153  0.95505023
 0.92441463 0.9522761  0.94289076 0.95884365 0.93043077 0.94703996
 0.94077265 0.90397805 0.92787266 0.92029333 0.93450516 0.94722736
 0.94530815 0.9124152  0.92699283 0.9415648  0.9364745  0.9402021
 0.93592787 0.95302075 0.94117403 0.9477498  0.9554523  0.9546601
 0.9522769  0.94129884 0.9453677  0.944426  ]",0.042831797,10.67128324508667,6.222870000204034
HMC,0.6,autograd,high_dimensional_gaussian,SynchronousLeapfrog,0.1,"[0.92261684 0.9265202  0.9400978  0.9420449  0.9368536  0.9377796
 0.94958353 0.9335207  0.9339439  0.9388685  0.9377963  0.9343295
 0.94223636 0.9347911  0.93588996 0.93466747 0.93829584 0.9385817
 0.93451655 0.93874574 0.9283012  0.94370306 0.93150425 0.93322176
 0.9367704  0.93480146 0.93777275 0.93884397 0.9382455  0.94076276
 0.929013   0.9326134  0.932106   0.93901384 0.9382197  0.93011355
 0.9369916  0.94153416 0.9361801  0.9280068  0.9390103  0.9392593
 0.9377245  0.9359368  0.9370738  0.94264936 0.93725574 0.9450067
 0.9364721  0.9413079  0.93887615 0.926806   0.9456408  0.9260699
 0.934587   0.9401804  0.9288413  0.9367223  0.9410617  0.93203133
 0.94062394 0.9421096  0.9403731  0.9436625  0.9319481  0.935565
 0.93750334 0.93996334 0.9432858  0.94076675 0.9349882  0.93910044
 0.9344715  0.9329654  0.9381304  0.9327232  0.94191396 0.93192375
 0.94201297 0.93547887 0.9388351  0.9355871  0.9368715  0.93431586
 0.9454832  0.9316799  0.94224286 0.93618166 0.931396   0.9353833
 0.94065034 0.9372425  0.94480866 0.9380368  0.9218065  0.93374085
 0.9326471  0.9367201  0.93442523 0.9432909 ]",1.3535559e-15,50.816834688186646,253.5159431168258
NNgHMC,0.6,autograd,high_dimensional_gaussian,SynchronousLeapfrog,0.1,"[0.9225689  0.9263498  0.9401393  0.9421255  0.9368081  0.9377672
 0.949623   0.93352175 0.9339572  0.9388356  0.93781865 0.9342917
 0.9422609  0.9347247  0.9359045  0.93464816 0.9383205  0.93858355
 0.93452585 0.9387392  0.92819786 0.9437215  0.9314134  0.9331101
 0.93680805 0.93479955 0.93777025 0.93884706 0.93822706 0.94078434
 0.9289365  0.9325795  0.93211496 0.93902934 0.9381982  0.9300585
 0.93697095 0.941579   0.9361328  0.9278938  0.9390008  0.93928975
 0.93770504 0.9359274  0.93706894 0.94266385 0.937251   0.94501704
 0.9364745  0.941292   0.938872   0.926619   0.9456541  0.92590463
 0.9345741  0.9401864  0.9287666  0.93670845 0.94111013 0.9320018
 0.94061136 0.9421362  0.9403908  0.9436883  0.9318983  0.9355563
 0.93751687 0.9399993  0.9433093  0.94076335 0.93501043 0.939075
 0.93450856 0.9328572  0.93812764 0.93262565 0.9419696  0.9318576
 0.9420233  0.9354645  0.9388415  0.9355666  0.9368335  0.9342818
 0.94550276 0.9315934  0.94227594 0.9361911  0.9313339  0.93534416
 0.9406287  0.9372244  0.94483346 0.93803644 0.92155695 0.9337249
 0.9326121  0.9367223  0.9344017  0.9432882 ]",1.6978195e-15,48.3604998588562,246.77724927403358
NNODEgHMC,0.6,autograd,high_dimensional_gaussian,SynchronousLeapfrog,0.1,"[0.9224024  0.9264459  0.94013774 0.94205797 0.9368739  0.9377744
 0.9496352  0.93348426 0.9338595  0.93889225 0.93780136 0.9343507
 0.94225395 0.9347386  0.9358856  0.93463105 0.9383191  0.93855
 0.93447274 0.9387774  0.9281906  0.9437642  0.93144673 0.9331479
 0.93679225 0.9347579  0.9377202  0.938852   0.9382396  0.940741
 0.9289278  0.932546   0.93203604 0.93903583 0.9382086  0.93006074
 0.9370185  0.94156927 0.93615043 0.9279175  0.93902415 0.9392433
 0.9377469  0.93591225 0.93708533 0.94268197 0.93724656 0.9450215
 0.93645716 0.94130874 0.93887186 0.9266287  0.94568527 0.9259817
 0.9345126  0.9401962  0.92876977 0.93669164 0.9410783  0.93198
 0.94065034 0.94212455 0.9403689  0.9436817  0.931895   0.93551636
 0.93748164 0.9399797  0.94330883 0.94077605 0.93498266 0.93908644
 0.93445104 0.9329564  0.9381458  0.9326838  0.9419656  0.9318482
 0.9420023  0.93545806 0.9388479  0.9355361  0.93688214 0.9343189
 0.94548553 0.9315628  0.9422385  0.93616503 0.9313835  0.93534327
 0.9406676  0.93728393 0.9448342  0.9379493  0.92150676 0.93370366
 0.9325752  0.93673325 0.9343704  0.94332266]",1.4031076e-14,41.36881756782532,240.84881996479908
Explicit NNODEgHMC,0.6,autograd,high_dimensional_gaussian,SynchronousLeapfrog,0.1,"[0.91870534 0.9220071  0.93823355 0.9387002  0.93344915 0.93414515
 0.94884175 0.9304441  0.93141747 0.93660235 0.9346525  0.932019
 0.94072485 0.93285525 0.93209    0.93109334 0.9340724  0.9355661
 0.9310443  0.93495005 0.92504853 0.9397661  0.9273738  0.9297519
 0.93509007 0.93117046 0.93464077 0.9364215  0.936259   0.9381238
 0.9256298  0.9297756  0.9226799  0.936988   0.9342567  0.92614985
 0.9327636  0.9387983  0.9325716  0.92422456 0.9349121  0.9371955
 0.93473786 0.93259    0.93438375 0.93947124 0.93243426 0.9415135
 0.9330858  0.9361069  0.93662596 0.9207156  0.9435751  0.92174506
 0.9328739  0.9381342  0.92241114 0.9344388  0.9388145  0.9296341
 0.93758124 0.94027585 0.93937373 0.941885   0.92734444 0.93019235
 0.93488836 0.9376663  0.9410132  0.9383127  0.9310083  0.93549776
 0.9312856  0.92887366 0.9335998  0.9274268  0.9404706  0.926953
 0.9384281  0.93175685 0.9376861  0.9310703  0.9326576  0.93063724
 0.94466996 0.9274944  0.939748   0.93433875 0.9289861  0.9327266
 0.9373607  0.9359044  0.94190997 0.9355874  0.91314197 0.93085015
 0.9292917  0.93256485 0.93074596 0.94102466]",1.9852975e-14,60.34177589416504,48.29733781405743
SymplecticNNgHMC,0.6,autograd,high_dimensional_gaussian,SynchronousLeapfrog,0.1,"[0.92227876 0.92690086 0.9401044  0.9415946  0.93678296 0.9384042
 0.94938344 0.93331164 0.93436563 0.9387881  0.9384302  0.9340893
 0.94232917 0.9349065  0.9364008  0.9340791  0.9381603  0.938475
 0.9336008  0.9387347  0.9277405  0.9435667  0.93101597 0.9331814
 0.9368872  0.9347977  0.9376204  0.9386538  0.938465   0.94064945
 0.929393   0.9328677  0.93363065 0.937742   0.9382     0.9301421
 0.9367644  0.94183725 0.9366642  0.92754143 0.9387624  0.9391796
 0.9373952  0.9356784  0.9364938  0.94229937 0.93710804 0.9447178
 0.9364523  0.94093865 0.9392042  0.9263004  0.94574326 0.9263476
 0.9341828  0.9408342  0.9289504  0.93608856 0.9408425  0.9321817
 0.94058466 0.94186914 0.94034207 0.9439424  0.93199    0.93617094
 0.937799   0.93947303 0.9430134  0.9408207  0.9348879  0.9388978
 0.934214   0.9326906  0.9383178  0.9324724  0.9422456  0.932026
 0.9420625  0.9356653  0.93859243 0.9358286  0.9365934  0.9348067
 0.9457011  0.93182707 0.9418547  0.93647736 0.9302658  0.93509495
 0.93998086 0.93712777 0.9451186  0.9380336  0.92211914 0.93369675
 0.93311644 0.93707895 0.9341364  0.9434051 ]",0.008011167,108.09057950973511,97.95707439471398
GSymplecticNNgHMC,0.6,autograd,high_dimensional_gaussian,SynchronousLeapfrog,0.1,"[0.9230132  0.9270291  0.9403981  0.942296   0.9371183  0.93813086
 0.9497468  0.9337945  0.9342865  0.93918127 0.938167   0.9348745
 0.9422997  0.9349227  0.9361455  0.93495023 0.9387716  0.9387998
 0.93479145 0.93904704 0.92842335 0.944026   0.93170375 0.9336871
 0.93712485 0.93487966 0.93808335 0.93895096 0.9384607  0.94097394
 0.92951334 0.93293226 0.932588   0.93926376 0.9382831  0.930371
 0.93733686 0.941717   0.9362987  0.92831063 0.93956816 0.9395465
 0.93803144 0.93644524 0.937477   0.9426317  0.93753684 0.9451722
 0.9369337  0.9413471  0.93894833 0.9271145  0.9458193  0.92637396
 0.93496406 0.94019717 0.92924356 0.9370286  0.9413926  0.9323635
 0.94089526 0.942218   0.9405758  0.9437971  0.93242264 0.93597764
 0.937703   0.9401188  0.94360226 0.9409013  0.9353242  0.9392526
 0.9348502  0.9335289  0.9384982  0.93309474 0.94215393 0.93240327
 0.9422776  0.93559015 0.9390348  0.935904   0.93720263 0.934443
 0.9455445  0.9320096  0.942444   0.93634236 0.93157816 0.93564475
 0.9408736  0.937634   0.94491184 0.9384055  0.9222007  0.93392336
 0.9331495  0.93716896 0.93471515 0.94352484]",0.0033113793,35.8937406539917,88.15578715878004
GradSymplecticNNgHMC,0.6,autograd,high_dimensional_gaussian,SynchronousLeapfrog,0.1,"[0.92291343 0.9261722  0.9399778  0.94232166 0.93693066 0.93774056
 0.94959235 0.9335089  0.9340086  0.9389245  0.9379015  0.9343052
 0.9424448  0.93458533 0.93604755 0.9345689  0.9386124  0.9381916
 0.9344419  0.93887424 0.9279407  0.9433371  0.9312277  0.93284523
 0.9369785  0.93483007 0.9379095  0.9389137  0.9384737  0.94077104
 0.92908925 0.9328934  0.93197286 0.9391231  0.93815887 0.9303004
 0.936924   0.94165677 0.9365387  0.92829406 0.9390618  0.93927276
 0.93787193 0.93554914 0.9369242  0.9426571  0.9370681  0.9451159
 0.93645334 0.9411998  0.93876404 0.9262201  0.94563067 0.9262643
 0.93457985 0.9400649  0.92913663 0.93658054 0.94112885 0.93259835
 0.940571   0.9422247  0.940475   0.9435992  0.9320981  0.93580645
 0.9372759  0.939795   0.9433715  0.9408869  0.9350104  0.93900573
 0.93464327 0.9327663  0.9381045  0.93284035 0.94180846 0.93170327
 0.9419297  0.9354879  0.93890905 0.9354882  0.93680274 0.9342129
 0.94549763 0.93180245 0.94207954 0.93604076 0.9313929  0.9353587
 0.9404057  0.93702817 0.9449684  0.9380634  0.92248535 0.93386024
 0.93273246 0.9364934  0.93405914 0.94353956]",0.0066135023,290.8273606300354,69.44109944134047
GradGSymplecticNNgHMC,0.6,autograd,high_dimensional_gaussian,SynchronousLeapfrog,0.1,"[0.9232103  0.9271505  0.94036907 0.9423277  0.9373133  0.9382124
 0.9497044  0.93402755 0.93441075 0.9392904  0.93814933 0.9347583
 0.94248575 0.9351841  0.9361724  0.9351358  0.938683   0.93890995
 0.934905   0.93906015 0.92889565 0.9439864  0.9320749  0.93369997
 0.9372078  0.9351802  0.9381511  0.93918645 0.93857116 0.94106483
 0.9296357  0.93309546 0.93257946 0.93931484 0.9384445  0.93069714
 0.9373708  0.9418936  0.93667436 0.9286253  0.93935746 0.93955034
 0.93814695 0.9363715  0.9373716  0.94293135 0.9376277  0.94521374
 0.9368763  0.94164324 0.9392824  0.927478   0.9458984  0.926746
 0.93508255 0.94042695 0.9293721  0.9370489  0.9413342  0.9325886
 0.9410031  0.9423968  0.9406578  0.94393414 0.9325199  0.9360553
 0.9378883  0.9402606  0.94351125 0.9410976  0.9353315  0.93945765
 0.93485516 0.9334806  0.9384875  0.9331802  0.94215816 0.9324709
 0.94235885 0.93588126 0.93920153 0.9360671  0.9373433  0.93475306
 0.94570684 0.93226475 0.94255847 0.93648195 0.9318802  0.93585145
 0.9410113  0.93765914 0.94497454 0.9383484  0.9225576  0.934276
 0.93312234 0.93707776 0.93488455 0.94358134]",0.0023122302,70.95779252052307,77.59420878063857
HMC,0.6,autograd,normal_normal,SynchronousLeapfrog,0.1,"[0.87145156 0.9515108  0.9461958  0.9139396  0.91785634 0.9379084
 0.9420433  0.94604605 0.9484912  0.9399134  0.9347827  0.9499372
 0.9471995  0.91325915 0.9472736  0.9367931  0.9364904  0.92479146
 0.9486898  0.9444541  0.9389281  0.95383644 0.8897637  0.93269104
 0.9380517  0.9400935  0.9489937  0.91715974 0.95259875 0.9517386
 0.9361588  0.9489988  0.9323882  0.94726145 0.9418595  0.9406291
 0.94501007 0.9464601  0.93206966 0.9482126  0.9254817  0.9492721
 0.9138066  0.93406886 0.9469274  0.9471493  0.9418087  0.9485793
 0.95180386 0.95199287 0.91828597 0.9421894  0.92172754 0.94969195
 0.936039   0.93408936 0.9339094  0.9386178  0.94140786 0.93903816
 0.9413576  0.9361659  0.9276704  0.95151794 0.89926434 0.9434264
 0.92890584 0.9336602  0.9281579  0.9423026  0.9477334  0.9468231
 0.94979644 0.9069363  0.92924833 0.92925775 0.92902344 0.9376485
 0.9339502  0.92917126 0.951409   0.93647784 0.9294567  0.94082165
 0.9265854  0.937168   0.9478768  0.94441766 0.9514189  0.9465038
 0.9248382  0.93608856 0.93930763 0.95063484 0.93062705 0.9270305
 0.9296929  0.927925   0.9482202  0.9461913 ]",1.967454e-15,84.25986742973328,403.0086656360976
NNgHMC,0.6,autograd,normal_normal,SynchronousLeapfrog,0.1,"[0.8704469  0.9516872  0.94620866 0.91291225 0.9052807  0.93814677
 0.9420373  0.9467405  0.94848347 0.94039905 0.93306845 0.95019567
 0.9469484  0.9140784  0.9471232  0.9359857  0.9363443  0.9216722
 0.9488417  0.9436413  0.93910253 0.9538679  0.88075083 0.9327382
 0.93822765 0.9402318  0.94933337 0.91764414 0.95287865 0.95183456
 0.9365071  0.9492717  0.93077886 0.9472811  0.941425   0.93991745
 0.945354   0.9462356  0.9321723  0.9477401  0.9163046  0.94930243
 0.9131963  0.93400145 0.94642943 0.9474074  0.94252837 0.9489708
 0.95217526 0.952274   0.9183309  0.9421112  0.92145455 0.9496402
 0.936089   0.93423223 0.9340682  0.9388256  0.9412946  0.9390044
 0.941393   0.9369027  0.92807424 0.9518911  0.8998024  0.94341505
 0.92891806 0.9336704  0.9279647  0.9420621  0.9473347  0.9477211
 0.9501009  0.90664256 0.9286554  0.92913836 0.9235848  0.93797886
 0.9338738  0.930504   0.9514107  0.93665814 0.9291824  0.9409765
 0.92653775 0.93704987 0.9474971  0.9443895  0.9515235  0.9466028
 0.92513317 0.93639535 0.9390489  0.9502677  0.9258792  0.92722356
 0.92477435 0.9260608  0.9483327  0.9466085 ]",1.0109968e-15,69.10935592651367,360.2396767273622
NNODEgHMC,0.6,autograd,normal_normal,SynchronousLeapfrog,0.1,"[0.8677763  0.9514365  0.94622725 0.91350305 0.91147983 0.93802685
 0.94217443 0.9463203  0.9484817  0.9400529  0.9334694  0.9498857
 0.947399   0.91348577 0.94724697 0.93609923 0.9363982  0.9229456
 0.9488982  0.94394654 0.9390599  0.95383966 0.8837999  0.9324257
 0.9380929  0.9402217  0.9490733  0.91704434 0.952567   0.9517561
 0.9364392  0.9489411  0.93152016 0.9472828  0.94184893 0.9402994
 0.94489044 0.9466166  0.93228185 0.9482459  0.92069566 0.949229
 0.91345775 0.9340786  0.9467434  0.9472019  0.94215953 0.9484944
 0.9520673  0.9519858  0.91748846 0.94236153 0.92165697 0.949815
 0.93590677 0.93411463 0.93390834 0.93878746 0.94176245 0.9389119
 0.9414019  0.9368202  0.92758507 0.9515743  0.89847445 0.9433567
 0.92851275 0.9337753  0.92801946 0.9421777  0.94756496 0.94753146
 0.94992054 0.907114   0.9290666  0.92966855 0.92756504 0.93783104
 0.9336542  0.9317619  0.9513738  0.9368019  0.9293122  0.9410013
 0.926968   0.937216   0.94798076 0.94443953 0.9515413  0.94652456
 0.92472136 0.93635225 0.9391267  0.950765   0.92827165 0.92702293
 0.9273207  0.9280078  0.9482131  0.94614315]",1.5423518e-14,52.37777304649353,353.2884228217644
Explicit NNODEgHMC,0.6,autograd,normal_normal,SynchronousLeapfrog,0.1,"[0.8580158  0.9519744  0.94504833 0.9073207  0.7993401  0.9346324
 0.9341075  0.9457595  0.94735014 0.9403976  0.9262206  0.95008516
 0.9459599  0.9087572  0.94481003 0.9331702  0.9347903  0.8927531
 0.9459454  0.94624776 0.93728614 0.9537128  0.8604053  0.92761314
 0.9365579  0.9381689  0.9482641  0.9142426  0.95255697 0.9516281
 0.9361259  0.9497963  0.90810144 0.94695204 0.9404111  0.92407644
 0.9461386  0.94434184 0.9258237  0.94841784 0.8364533  0.949306
 0.89254177 0.92912185 0.9470115  0.9444544  0.940197   0.94827545
 0.95087117 0.95233893 0.9102745  0.9291529  0.9190146  0.9482062
 0.9319026  0.9304919  0.93061846 0.9387557  0.93773603 0.9367649
 0.9380385  0.93208015 0.92290306 0.95172405 0.8916522  0.94319004
 0.9252205  0.9257269  0.92438984 0.94238776 0.9477495  0.94015306
 0.94974923 0.8989734  0.92289925 0.9160766  0.85780305 0.9336547
 0.9320795  0.9062252  0.9511704  0.9308218  0.9284854  0.938512
 0.9116317  0.93360347 0.94592136 0.9425707  0.95018095 0.94587255
 0.9208821  0.93592256 0.93263245 0.9496689  0.8814165  0.92459315
 0.87730205 0.89111567 0.94833994 0.9473256 ]",1.7915526e-14,71.29825901985168,215.5803325743916
SymplecticNNgHMC,0.6,autograd,normal_normal,SynchronousLeapfrog,0.1,"[0.8776333  0.9518069  0.94511145 0.91789937 0.88141793 0.9380147
 0.9395002  0.94742745 0.9465107  0.9409563  0.92582434 0.9506935
 0.94672334 0.90923685 0.94621694 0.9351556  0.93428725 0.914622
 0.9485159  0.94347405 0.93719596 0.95381945 0.8915385  0.9324929
 0.9388878  0.9387467  0.94935507 0.91796803 0.95304984 0.95221967
 0.93428266 0.94955033 0.9229545  0.9465579  0.94264954 0.9356339
 0.94603604 0.9451995  0.9300472  0.948192   0.8986187  0.9484695
 0.90994585 0.9331719  0.94701576 0.9460902  0.9417809  0.94925535
 0.95250714 0.9524107  0.91949314 0.9387593  0.9202544  0.9489417
 0.9357399  0.93589896 0.93361986 0.93571985 0.94011325 0.9388323
 0.9404731  0.93501467 0.9283983  0.9521899  0.9021511  0.9436981
 0.92892206 0.9319736  0.9294895  0.939305   0.9471342  0.9471647
 0.9502958  0.90765035 0.9280852  0.9252304  0.91095704 0.93714046
 0.9334421  0.9327183  0.95054    0.93417406 0.9288792  0.9391987
 0.9229803  0.9370953  0.94698524 0.9443188  0.95108235 0.94625944
 0.9261174  0.9381701  0.9428007  0.94992083 0.91508245 0.9270601
 0.9121027  0.91981363 0.9477772  0.9475107 ]",0.005366326,105.98037099838257,4.223057545101376
GSymplecticNNgHMC,0.6,autograd,normal_normal,SynchronousLeapfrog,0.1,"[0.8753025  0.95135355 0.94556206 0.916727   0.9162787  0.9379896
 0.94278324 0.9473634  0.94869506 0.9401574  0.9353113  0.9503273
 0.9475597  0.9173209  0.9474711  0.93529975 0.93597955 0.9280815
 0.9492618  0.94452703 0.9392988  0.9539089  0.894073   0.9340391
 0.9375737  0.94055307 0.94953    0.9156816  0.95296323 0.9518506
 0.93649054 0.948748   0.93428755 0.94709253 0.9424583  0.9420585
 0.9453902  0.94720316 0.93262905 0.94842577 0.9225844  0.9489907
 0.9139895  0.9369403  0.9468789  0.94780535 0.9428973  0.94941175
 0.95219105 0.9520232  0.9219594  0.94345325 0.9211217  0.94942415
 0.9371166  0.9345109  0.93560237 0.93906826 0.9430791  0.93846595
 0.9418211  0.9381728  0.9275688  0.9516937  0.8993551  0.9428391
 0.92863977 0.9340329  0.9284589  0.9418923  0.9475195  0.948754
 0.9498652  0.9082421  0.93040276 0.93251073 0.9291207  0.93794227
 0.9335313  0.9337877  0.95153856 0.9373541  0.92933047 0.9412918
 0.9279269  0.9383755  0.9484519  0.9438984  0.95167327 0.9458637
 0.92519116 0.93580854 0.9410634  0.95087546 0.92897785 0.9263085
 0.9288241  0.9285363  0.94821584 0.94687927]",0.004309769,38.625160694122314,441.4182728594694
GradSymplecticNNgHMC,0.6,autograd,normal_normal,SynchronousLeapfrog,0.1,"[0.876012   0.9517836  0.9457954  0.9130864  0.8949932  0.9373716
 0.9401293  0.9481179  0.9495038  0.9403504  0.9361615  0.9501473
 0.9458678  0.9130324  0.94773126 0.9363384  0.9367224  0.91789675
 0.94937485 0.9430141  0.9393417  0.95379686 0.88129747 0.93237036
 0.9383048  0.94032586 0.94901156 0.91742504 0.95312023 0.95151156
 0.9366738  0.9494721  0.9259183  0.94727135 0.9393043  0.9378142
 0.9455608  0.9449754  0.9310937  0.94666314 0.9066393  0.9492483
 0.90932703 0.93292344 0.94537944 0.9472298  0.9415072  0.9491567
 0.95235384 0.9523773  0.91948783 0.9411545  0.9237313  0.94879234
 0.93568206 0.9336176  0.93408287 0.93863046 0.9393225  0.9384982
 0.94051147 0.93538874 0.927539   0.9519501  0.90077925 0.94380844
 0.92924523 0.93220913 0.9286139  0.94205356 0.9466853  0.94817394
 0.9504763  0.90931886 0.9295783  0.92568654 0.9188106  0.9368698
 0.9339215  0.92849654 0.9520258  0.9353749  0.93078375 0.9405586
 0.92307603 0.93575084 0.9458102  0.94355965 0.95194995 0.946339
 0.9260938  0.9363049  0.93938184 0.9490325  0.9196452  0.927914
 0.9166957  0.9243442  0.94903195 0.9474578 ]",0.016265655,167.19418239593506,288.1169595830627
GradGSymplecticNNgHMC,0.6,autograd,normal_normal,SynchronousLeapfrog,0.1,"[0.8724229  0.9513849  0.9465294  0.9144017  0.92070043 0.93859696
 0.9428172  0.9455445  0.9488391  0.93953276 0.9365946  0.94967914
 0.9469639  0.9144208  0.9477581  0.93697596 0.9369345  0.9246721
 0.94911146 0.94347113 0.9393515  0.9538679  0.89303684 0.9335033
 0.9384006  0.9405348  0.9489471  0.9185066  0.9524816  0.95168775
 0.93624276 0.9487728  0.93280935 0.9473691  0.9418727  0.941605
 0.944421   0.9465164  0.93278    0.9477787  0.93024445 0.9493229
 0.915487   0.93449205 0.9467456  0.9475137  0.9416501  0.9481846
 0.9518485  0.951856   0.9193384  0.9433882  0.92234755 0.94996667
 0.9367112  0.9347358  0.93434757 0.93866336 0.9414185  0.9397086
 0.94194865 0.9359953  0.9288907  0.9513583  0.9011153  0.9432472
 0.9298531  0.9346618  0.92890394 0.9424073  0.9476932  0.9470665
 0.94975203 0.9082665  0.9300004  0.9291295  0.9319185  0.9385616
 0.9346029  0.9304036  0.9514906  0.9370856  0.9297158  0.9412235
 0.9276098  0.9371494  0.9479674  0.9449305  0.9516411  0.94669884
 0.9257388  0.9359543  0.9393935  0.9505284  0.93426204 0.9279852
 0.93299264 0.9313285  0.9482522  0.94553673]",0.0049153757,47.75931239128113,217.32303191440224
HMC,0.7000000000000001,autograd,banana,SynchronousLeapfrog,0.1,"[0.91007936 0.96559757 0.9733714  0.8607291  0.87182564 0.9467144
 0.7147781  0.9507577  0.9587846  0.8546447  0.96758187 0.8407589
 0.857438   0.72186846 0.9683924  0.8340446  0.98121566 0.8973112
 0.97062176 0.9396419  0.9854393  0.9862366  0.83815813 0.9661438
 0.9067523  0.95887107 0.96251744 0.89472055 0.96811295 0.950555
 0.9710516  0.9582912  0.8311428  0.83878076 0.8264296  0.7873883
 0.90287864 0.9269811  0.9779738  0.9518158  0.8885686  0.9235367
 0.83716315 0.8498613  0.86870664 0.9050025  0.8596722  0.8941118
 0.9756117  0.9244177  0.9093574  0.9348682  0.97370446 0.97983855
 0.91402066 0.9371276  0.9015912  0.90354055 0.85617465 0.9694303
 0.95194525 0.9532585  0.9710044  0.93845624 0.9509634  0.88544035
 0.9889604  0.9410819  0.95812464 0.88774    0.8736846  0.8453368
 0.97163075 0.9274342  0.95564556 0.94871664 0.9366541  0.9377583
 0.9185796  0.8750777  0.9590292  0.95092475 0.9719434  0.956413
 0.98351765 0.96238846 0.87089217 0.8120963  0.9958781  0.93129146
 0.95148325 0.957087   0.93311304 0.96932137 0.94100094 0.98674047
 0.9175819  0.93397754 0.9675414  0.87015575]",3.1718627e-13,21.277621507644653,1.4144196989725706
NNgHMC,0.7000000000000001,autograd,banana,SynchronousLeapfrog,0.1,"[0.9219792  0.8804668  0.64589345 0.66298604 0.24790373 0.9028839
 0.01723173 0.96289825 0.9479162  0.5556257  0.9755656  0.09783506
 0.8848773  1.7740293  0.29363167 0.22913778 0.6731485  0.28039435
 0.47241375 0.55799663 0.9782988  0.8791299  0.42154154 0.59313315
 0.96439904 0.32434905 0.9353279  0.953462   0.83981436 0.86224973
 0.6870698  0.5460049  0.06841542 0.86490315 0.6873314  0.7742688
 0.8277747  0.34932634 0.5640678  0.94483495 0.87049854 0.85248077
 0.28707093 0.16169657 0.4490561  0.12180689 0.15319696 0.4653154
 0.8002051  0.2699871  0.85587996 0.24548957 0.85618985 0.8971243
 0.53155124 0.8386468  0.15020813 0.20278007 0.29637548 0.9562664
 0.3011123  0.94962204 0.9631662  0.24474171 0.8868601  0.32768682
 0.881132   0.96318054 0.9531821  0.01554866 0.8999841  0.10372488
 0.8631675  0.9106889  0.8516516  0.74356383 0.9497158  0.8911147
 0.96899575 1.2638533  0.9356599  0.59000576 0.8210583  0.826566
 0.8765797  0.927688   0.81809044 0.76636523 0.9772309  0.7908045
 0.3389349  0.7133225  0.3409023  0.8132738  0.8077916  0.99167204
 0.7617528  0.47650856 0.9813015  0.6785499 ]",3.9790393e-15,17.87606954574585,5.200060389137132
NNODEgHMC,0.7000000000000001,autograd,banana,SynchronousLeapfrog,0.1,"[0.93054855 0.9301536  0.75133944 0.5705062  0.39650545 0.94818866
 0.17196143 0.95842713 0.92918223 0.3969655  0.96094453 0.11865668
 0.87910104 1.5920079  0.4524084  0.46279144 0.7494158  0.43966278
 0.61297417 0.64290893 0.9834237  0.9259264  0.31543761 0.6769055
 0.94830656 0.4849618  0.9087992  0.9544252  0.91139066 0.79253405
 0.75580156 0.6331676  0.14687125 0.87909335 0.62225914 0.73829937
 0.7504523  0.4226365  0.6919636  0.9283506  0.8477135  0.89453995
 0.10126798 0.05990746 0.31568483 0.25774843 0.3930379  0.29216442
 0.85732144 0.3848666  0.86431885 0.03299028 0.92246103 0.9366263
 0.29517767 0.77736974 0.25815508 0.05119365 0.09294502 0.97669905
 0.40928036 0.9529933  0.95580673 0.353767   0.8618638  0.41748834
 0.92446154 0.9731672  0.9316459  0.14362013 0.85016245 0.25110874
 0.9240931  0.9376089  0.8932873  0.8031659  0.926999   0.9256808
 0.9632117  1.0104991  0.8947518  0.6686325  0.8974695  0.8781032
 0.9260278  0.9511911  0.7745061  0.8137908  0.9865906  0.84836864
 0.43619794 0.7756781  0.44380373 0.87940145 0.71634597 0.9877486
 0.67938155 0.558593   0.9715707  0.6046357 ]",5.4625957e-11,25.985986709594727,11.26720218729486
Explicit NNODEgHMC,0.7000000000000001,autograd,banana,SynchronousLeapfrog,0.1,"[0.89088583 0.96262026 0.8633105  0.23391184 0.52907    0.96299505
 0.6930957  0.88085353 0.8045727  0.27848527 0.84657514 0.30846363
 0.8017966  1.1300015  0.56977    0.7985103  0.9069691  0.540976
 0.7006664  0.82023084 0.9777495  0.9873682  0.04371269 0.8542304
 0.82752216 0.5749206  0.80092084 0.88122404 0.95316094 0.62679327
 0.90076894 0.82296836 0.3082104  0.84918994 0.40402573 0.56566966
 0.50204295 0.5985905  0.7669352  0.8535174  0.7956624  0.95641494
 0.10496259 0.19260526 0.13612273 0.55628604 0.6342988  0.1060506
 0.9625174  0.64420766 0.8978796  0.1159031  0.9585201  0.9845452
 0.14612105 0.53736943 0.5139942  0.3027169  0.05260904 0.9676126
 0.6602896  0.9441986  0.88920593 0.60984015 0.7636844  0.6239579
 0.98824346 0.9598583  0.8401694  0.46219516 0.6337031  0.50555205
 0.9524722  0.9543284  0.9664521  0.9193548  0.8282339  0.9442985
 0.89915764 0.6906918  0.85195655 0.83739686 0.933552   0.9657976
 0.9834274  0.9550006  0.5996656  0.88317364 0.99539423 0.94110507
 0.66541123 0.9034206  0.68039054 0.9568652  0.639161   0.9484478
 0.49001294 0.74299663 0.8837812  0.325154  ]",5.4897382e-11,40.105586767196655,2.204959273808326
SymplecticNNgHMC,0.7000000000000001,autograd,banana,SynchronousLeapfrog,0.1,"[0.3720394  0.6200049  0.45173645 0.30771157 0.7753556  0.50033087
 0.7846676  0.72376    0.6460169  0.1628841  0.5590464  0.5454381
 0.6410053  0.2737229  0.01421328 0.13499813 0.59651935 0.8826927
 0.40318832 0.15140152 0.8073413  0.5798233  0.66720885 0.27850795
 0.09763154 0.41389537 0.8293504  0.10312104 0.43603683 0.26635498
 0.8081166  0.7115458  0.7936933  0.77697957 0.4456838  0.86742467
 0.4423098  0.5239102  0.31232786 0.3295108  0.81383705 0.83951414
 0.2668407  0.13419397 0.01411087 0.79818726 0.45598257 0.5038769
 0.76698947 0.46028423 0.820821   0.7392668  0.3630868  0.6048133
 0.03894281 0.38580745 0.02254149 0.7739028  1.3889024  0.33173025
 0.46366543 0.5815207  0.19630043 0.6436975  0.8798377  0.11516293
 0.58998436 0.21570367 0.701178   0.7322936  0.22817528 0.19653305
 0.5540982  0.02361581 0.8750238  0.8945362  0.56701773 0.45094293
 0.3459476  0.7311406  0.14403196 0.5277555  0.01656472 0.7966053
 0.5994431  0.08948492 0.2854768  0.19074552 0.85753345 0.24879251
 0.6350843  0.87733126 0.72040117 0.2957947  0.40380272 0.8093108
 0.69593954 0.56335616 0.6413087  0.89416444]",20.19244,98.01484751701355,13.078077944431392
GSymplecticNNgHMC,0.7000000000000001,autograd,banana,SynchronousLeapfrog,0.1,"[0.9124219  0.9004604  0.723844   0.7647897  0.31173146 0.9310681
 0.26163945 0.9623145  0.96160114 0.7639872  0.98398995 0.19953072
 0.88195676 1.3242593  0.49510336 0.14129105 0.74400294 0.50652754
 0.6761131  0.6165651  0.9827339  0.8912225  0.08254503 0.67004436
 0.9594575  0.6002122  0.95092773 0.9226707  0.9589893  0.9344742
 0.7716524  0.61652905 0.35491526 0.8759097  0.75641894 0.8127198
 0.9485588  0.50997156 0.72779465 0.94773763 0.9002644  0.89075756
 0.111247   0.06104805 0.68651044 0.32576907 0.31682178 0.46619114
 0.84924    0.3588224  0.8842971  0.17880182 0.96987313 0.91624105
 0.03477309 0.88959074 0.29809424 0.06972878 0.01333177 0.9463331
 0.45207852 0.963377   0.9672166  0.39078492 0.89271855 0.44313118
 0.90708303 0.95726347 0.95491403 0.2437797  0.94130033 0.12264278
 0.9224536  0.90592134 0.9042934  0.79003966 0.96059555 0.89940995
 0.9546466  0.71036315 0.93045974 0.65226805 0.8977212  0.8704028
 0.87022185 0.9294848  0.8382393  0.73096657 0.98798966 0.76982164
 0.5061209  0.7767513  0.44961566 0.8138896  0.87130755 0.99294466
 0.87321985 0.5738658  0.9863679  0.79497594]",0.009425917,12.561624526977539,1.8842316369935068
GradSymplecticNNgHMC,0.7000000000000001,autograd,banana,SynchronousLeapfrog,0.1,"[ 1.9075763   7.5278196   8.116457    1.0503643  10.169268    9.398559
  0.44101804  1.6870012   1.8570688   6.6029196   2.2624054   6.5454254
  1.0890324   6.0321937  10.68096     3.244031    2.898379   12.421539
 10.655562    3.479662    0.42717898  3.2137809   2.3568463   3.1906652
  2.7533092  11.960724    0.35132357  3.5032783  12.242014    4.7513666
  2.0440931   3.2239885   5.9335012   2.589586    0.526296    1.9282782
  3.556916    1.2520711  10.777958    5.275984    6.2147675   1.9499617
  7.755224    2.352107    1.22616     5.442514    4.1161366   8.111075
  2.2740676   4.515897    0.6464796  12.046958   11.984907    2.4016364
 12.768522    0.6199403   3.257637    5.540779   11.872808    2.2657504
  3.5452676   8.977259    5.1788797   3.4962919   0.7048544   2.4222078
  2.0728645   7.725871    0.39265653  5.0594606   2.108882    8.163021
  9.871183    1.8079884   0.99628615  2.2142286   5.0495768   4.0533233
  5.598613   11.683096    8.649545    2.6215305  10.262975    2.2679324
  4.4321613   1.9937987   3.0770812   2.8176856   0.36738938  3.496635
  2.6164374   1.9046167   3.5564818   6.1183314   6.9798217   0.2875062
  4.40217     2.2007523   1.1266868   0.63087076]",8.054396,301.2224028110504,196.57005899585056
GradGSymplecticNNgHMC,0.7000000000000001,autograd,banana,SynchronousLeapfrog,0.1,"[1.37757587e+00 1.46408081e+02 1.09771080e+02 4.72452164e+00
 1.57475327e+02 3.47869263e+02 7.60110855e+00 5.96363485e-01
 3.52437592e+00 4.33752258e+02 3.86428690e+00 8.10931152e+02
 8.25351894e-01 7.50849843e-01 2.17335297e+02 1.63574509e+02
 5.39180636e-02 5.08337616e+02 2.94862061e+02 1.10489726e+00
 9.77541149e-01 3.88707232e+00 3.89024377e-01 4.63071764e-01
 5.75504971e+00 4.11551697e+02 8.10664594e-01 8.87361240e+00
 1.00169324e+03 8.92362976e+01 8.51747930e-01 3.32737982e-01
 6.04558716e+02 6.21406937e+00 4.36136246e-01 6.87809896e+00
 3.44666824e+01 7.38349378e-01 3.29094147e+02 8.41664886e+01
 1.58638855e+02 9.59646553e-02 1.20978894e+03 6.35015965e-01
 1.00305748e+01 5.66644287e+00 2.54789764e+02 1.14349951e+03
 2.20742673e-01 7.07879663e-01 8.62790108e-01 2.51628143e+02
 1.00604053e+03 1.19619608e+00 3.13104950e+02 9.54709709e-01
 8.09769094e-01 2.16546893e+00 2.17409760e+02 1.04088831e+00
 2.81153023e-01 4.26460327e+02 6.59325180e+01 7.48990059e-01
 8.13895822e-01 8.92374218e-01 3.65192108e-02 2.00161407e+02
 8.53045106e-01 2.76849079e+00 5.62113762e+00 3.24582253e+01
 4.11795044e+02 2.52413601e-01 9.36842620e-01 6.03014648e-01
 5.65610886e+01 1.85444794e+01 6.56130524e+01 8.24168777e+01
 5.53592957e+02 7.86921620e-01 4.05513428e+02 1.66761279e-01
 1.39773178e+01 9.04003799e-01 2.80703697e+01 1.01698630e-01
 9.94045734e-01 1.94938564e+00 9.47474658e-01 8.82080734e-01
 5.57283759e-01 4.62376213e+01 3.68665863e+02 9.58394408e-01
 8.64883957e+01 9.39320445e-01 1.11890733e-01 1.79842794e+00]",33.537735,27.503879070281982,1.3797564170070569
HMC,0.7000000000000001,autograd,gaussian,SynchronousLeapfrog,0.3,"[0.93455094 0.9564988  0.9314976  0.9150795  0.9333744  0.9389601
 0.9356139  0.94899833 0.9013691  0.93748254 0.9386554  0.9117152
 0.9542462  0.9382164  0.9304341  0.94122493 0.94564295 0.89538187
 0.9364562  0.94440365 0.8784091  0.9348711  0.9535734  0.9463954
 0.9065509  0.9249489  0.9381611  0.94446534 0.9350064  0.92961967
 0.94206035 0.9495549  0.94964707 0.944797   0.9269182  0.94993734
 0.9460261  0.94285536 0.93296087 0.938694   0.95693654 0.9233898
 0.9491545  0.9512068  0.95075345 0.9460608  0.95303535 0.95394087
 0.91664886 0.943347   0.93621796 0.9479319  0.93779767 0.9417999
 0.9361436  0.95118773 0.9485604  0.929335   0.95109737 0.9610659
 0.947663   0.94097936 0.94870394 0.93099964 0.956951   0.9474851
 0.91046715 0.9410307  0.9076433  0.9456691  0.95233506 0.95876217
 0.94489735 0.9365727  0.94661826 0.9309985  0.9565257  0.9356436
 0.90923357 0.92477673 0.9466289  0.94540805 0.9606821  0.9424472
 0.9401833  0.95039403 0.9412669  0.92623997 0.9538528  0.94719005
 0.93703604 0.9250797  0.94083303 0.9593327  0.95123136 0.92422235
 0.93773735 0.94807184 0.94646776 0.95498174]",6.1870217e-15,17.495234489440918,1732.8347790756443
NNgHMC,0.7000000000000001,autograd,gaussian,SynchronousLeapfrog,0.3,"[0.9346687  0.9567196  0.93170786 0.9138464  0.9326037  0.93844813
 0.93585414 0.9491376  0.8973705  0.93699855 0.93890524 0.9111754
 0.9540205  0.9376704  0.92978096 0.9416398  0.9459132  0.8956361
 0.9364189  0.94456756 0.8753518  0.9350631  0.95357454 0.9467327
 0.90391153 0.92492414 0.938354   0.9449868  0.93519473 0.9294771
 0.94237393 0.9497174  0.9497921  0.945075   0.9271642  0.9500567
 0.9462156  0.9427905  0.9323777  0.93833876 0.9572754  0.9226694
 0.9491534  0.9510611  0.950844   0.94618195 0.9535476  0.9540075
 0.91704416 0.9436351  0.9361849  0.94836277 0.93812275 0.9416541
 0.93618315 0.95123863 0.94848275 0.9288715  0.9510478  0.96105003
 0.94771403 0.9416808  0.9483244  0.9307949  0.9574279  0.94771373
 0.9083165  0.94118106 0.9070901  0.94600856 0.9522115  0.95871437
 0.9454373  0.9362194  0.9466971  0.93001413 0.95647377 0.935091
 0.90738    0.92443967 0.94665617 0.9456496  0.9606886  0.9423863
 0.93981713 0.95110273 0.94164836 0.92632616 0.9539046  0.9475514
 0.93699783 0.9252825  0.9410509  0.9592856  0.9510266  0.92391104
 0.93716896 0.9480325  0.9460286  0.9548051 ]",6.7233634e-15,16.988892793655396,1727.3570867882956
NNODEgHMC,0.7000000000000001,autograd,gaussian,SynchronousLeapfrog,0.3,"[0.9347147  0.9568757  0.93175125 0.9128994  0.9322152  0.9384042
 0.9357282  0.94897455 0.89626974 0.93694866 0.939352   0.91208386
 0.95409673 0.9376644  0.9288964  0.94169116 0.945883   0.89608514
 0.93642634 0.9444937  0.87664026 0.93499684 0.95363677 0.9470496
 0.9030409  0.92463255 0.9383911  0.94514096 0.93526506 0.92961025
 0.94271183 0.9496538  0.94969606 0.94504416 0.92697215 0.95003
 0.94634473 0.9428828  0.9325156  0.9384648  0.957369   0.92250955
 0.9492811  0.95114917 0.95078945 0.94635427 0.9535947  0.95397794
 0.91709375 0.9438529  0.9359552  0.94843787 0.93807524 0.9414563
 0.9362464  0.9513402  0.9486654  0.9290125  0.95097226 0.96107566
 0.9477503  0.9422726  0.9480564  0.93093896 0.9576437  0.94751215
 0.90710247 0.94115615 0.90703166 0.9462993  0.9520736  0.9586811
 0.9455588  0.9359676  0.9466416  0.92951155 0.95638025 0.9350662
 0.9070852  0.9241233  0.9466542  0.9455525  0.96064615 0.94250774
 0.9399063  0.9514464  0.9417827  0.9265666  0.95399415 0.94772243
 0.9372753  0.9252083  0.94121313 0.9592225  0.95087737 0.92384356
 0.9365787  0.94800895 0.94600934 0.95477337]",4.0889912e-14,14.716347932815552,1676.9362357964335
Explicit NNODEgHMC,0.7000000000000001,autograd,gaussian,SynchronousLeapfrog,0.3,"[0.91483164 0.95927024 0.7913334  0.8334417  0.9064033  0.8964045
 0.8502802  0.9433116  0.8901135  0.8851136  0.8735692  0.884377
 0.9372406  0.8694409  0.9310783  0.92638147 0.9486014  0.8774678
 0.9264854  0.9285865  0.7559761  0.8481159  0.95367783 0.9114404
 0.8865099  0.9045181  0.9230995  0.93727314 0.9266259  0.80055046
 0.93773246 0.94225717 0.9447235  0.8877093  0.9193372  0.9512118
 0.93700516 0.8836521  0.9202792  0.84255666 0.9021332  0.89740443
 0.9531269  0.93043154 0.93185943 0.93182033 0.897232   0.93304443
 0.91064024 0.94219863 0.875574   0.9276999  0.9483709  0.8684944
 0.91972256 0.9368288  0.93715    0.8038189  0.90331495 0.9582574
 0.91225445 0.9012835  0.9456433  0.9149255  0.94865483 0.89175785
 0.88099515 0.936226   0.88836515 0.8327281  0.94878185 0.9573762
 0.92217135 0.86229753 0.9273976  0.90030706 0.9477329  0.8780536
 0.7150527  0.88263834 0.9215158  0.8809692  0.9618242  0.9417488
 0.875684   0.9173848  0.91298985 0.87507725 0.91988504 0.94434613
 0.8036439  0.9271836  0.917736   0.9609603  0.94299144 0.8954828
 0.9190382  0.92521024 0.91334367 0.9329901 ]",3.5446825e-13,19.977118492126465,94.88358606829662
SymplecticNNgHMC,0.7000000000000001,autograd,gaussian,SynchronousLeapfrog,0.3,"[1.65660137e+04 2.19367062e+05 2.80696312e+05 2.33489900e+06
 3.40356688e+05 2.14689668e+04 3.26482559e+04 1.98713541e-01
 2.18070547e+04 1.86742844e+05 5.72047125e+05 1.34602168e+04
 2.96642461e+04 2.29253875e+05 2.55621680e+04 6.83226875e+04
 3.11614094e+05 5.38493359e+04 1.58729922e+05 8.46448828e+03
 6.71536670e+03 3.64248486e+03 2.95272773e+04 4.85129594e+05
 1.32588325e+06 4.92217375e+05 4.51369688e+04 6.14057562e+05
 8.32298359e+04 8.43808281e+04 2.27589422e+05 1.39977109e+04
 1.34897607e+03 8.41694219e+04 1.14877406e+05 5.01462842e+03
 2.99848188e+05 6.88039398e+01 2.39611594e+05 2.48041422e+05
 1.03827984e+05 1.10691875e+06 2.81020312e+05 3.56507930e+04
 4.85366719e+04 1.61180566e+04 1.64132938e+05 6.45866250e+04
 2.57003734e+05 1.72313109e+05 1.18499898e+05 7.13523000e+05
 3.66044938e+05 3.60613688e+05 6.90362188e+04 4.30986875e+04
 4.81975000e+04 5.71247188e+04 6.60047559e+03 1.98023242e+03
 3.05748511e+03 5.39540125e+05 2.03166602e+04 4.15330000e+05
 1.92742172e+05 2.97709326e+03 4.36875688e+05 7.63820000e+04
 2.04334672e+05 1.16780828e+05 3.79276270e+03 1.27245224e+02
 3.04339938e+05 7.76910625e+04 1.12071898e+05 6.68928359e+04
 5.85927500e+04 5.05916000e+05 2.59655273e+04 1.60427719e+05
 9.28949121e+03 1.67712781e+05 1.56285684e+04 2.89803594e+05
 8.33250642e-01 3.62616344e+05 3.70433094e+05 7.91056250e+04
 1.72881970e+03 4.96622062e+05 3.14238375e+05 2.62729625e+05
 1.63195352e+04 4.22321328e+04 8.97895996e+02 1.69888750e+04
 5.74592188e+04 6.77895234e+04 2.84754456e+02 6.17635938e+03]",1.3523163e+14,19.28652787208557,1300.0
GSymplecticNNgHMC,0.7000000000000001,autograd,gaussian,SynchronousLeapfrog,0.3,"[0.9387388  0.9588127  0.9247149  0.9131741  0.9275531  0.92614526
 0.9188015  0.94999236 0.89765644 0.92704403 0.9334749  0.91006297
 0.95365095 0.9228532  0.93556374 0.94136333 0.9462096  0.90220726
 0.94006956 0.94044256 0.8766856  0.92674303 0.9539241  0.9423752
 0.9100151  0.9300331  0.9383153  0.9484896  0.93521166 0.9173206
 0.94494677 0.94987196 0.94913834 0.9420659  0.92405117 0.95168746
 0.9479035  0.9381242  0.9392738  0.9281492  0.95273304 0.92737675
 0.95192283 0.95012236 0.95067996 0.9472045  0.9463649  0.95095843
 0.9178569  0.94578695 0.940369   0.9485024  0.94500774 0.93341875
 0.93484366 0.9519741  0.95089364 0.91428775 0.9469339  0.96164626
 0.9388861  0.9352999  0.95142746 0.9319805  0.95666283 0.94258165
 0.9039887  0.9402813  0.9078509  0.9316737  0.9534992  0.9598292
 0.94491255 0.924698   0.9491199  0.9298214  0.9572837  0.9356613
 0.9069702  0.9132762  0.943474   0.93916196 0.96126795 0.9452065
 0.9368741  0.9491329  0.9425696  0.92097235 0.94902456 0.9488816
 0.9162972  0.92659175 0.9386959  0.96036327 0.9516361  0.9225148
 0.93893975 0.94349134 0.9435309  0.9521116 ]",0.034479946,9.756031036376953,173.80128476092955
GradSymplecticNNgHMC,0.7000000000000001,autograd,gaussian,SynchronousLeapfrog,0.3,"[1.65660137e+04 2.19367062e+05 2.80696312e+05 2.33489900e+06
 3.40356688e+05 2.14689668e+04 3.26482559e+04 1.98713541e-01
 2.18070547e+04 1.86742844e+05 5.72047125e+05 1.34602168e+04
 2.96642461e+04 2.29253875e+05 2.55621680e+04 6.83226875e+04
 3.11614094e+05 5.38493359e+04 1.58729922e+05 8.46448828e+03
 6.71536670e+03 3.64248486e+03 2.95272773e+04 4.85129594e+05
 1.32588325e+06 4.92217375e+05 4.51369688e+04 6.14057562e+05
 8.32298359e+04 8.43808281e+04 2.27589422e+05 1.39977109e+04
 1.34897607e+03 8.41694219e+04 1.14877406e+05 5.01462842e+03
 2.99848188e+05 6.88039398e+01 2.39611594e+05 2.48041422e+05
 1.03827984e+05 1.10691875e+06 2.81020312e+05 3.56507930e+04
 4.85366719e+04 1.61180566e+04 1.64132938e+05 6.45866250e+04
 2.57003734e+05 1.72313109e+05 1.18499898e+05 7.13523000e+05
 3.66044938e+05 3.60613688e+05 6.90362188e+04 4.30986875e+04
 4.81975000e+04 5.71247188e+04 6.60047559e+03 1.98023242e+03
 3.05748511e+03 5.39540125e+05 2.03166602e+04 4.15330000e+05
 1.92742172e+05 2.97709326e+03 4.36875688e+05 7.63820000e+04
 2.04334672e+05 1.16780828e+05 3.79276270e+03 1.27245224e+02
 3.04339938e+05 7.76910625e+04 1.12071898e+05 6.68928359e+04
 5.85927500e+04 5.05916000e+05 2.59655273e+04 1.60427719e+05
 9.28949121e+03 1.67712781e+05 1.56285684e+04 2.89803594e+05
 8.33250642e-01 3.62616344e+05 3.70433094e+05 7.91056250e+04
 1.72881970e+03 4.96622062e+05 3.14238375e+05 2.62729625e+05
 1.63195352e+04 4.22321328e+04 8.97895996e+02 1.69888750e+04
 5.74592188e+04 6.77895234e+04 2.84754456e+02 6.17635938e+03]",1.3523163e+14,25.46470284461975,1300.0
GradGSymplecticNNgHMC,0.7000000000000001,autograd,gaussian,SynchronousLeapfrog,0.3,"[0.93628895 0.9537486  0.9327034  0.91548747 0.93134326 0.9394767
 0.9404973  0.9478218  0.9050411  0.9396829  0.9349774  0.91394687
 0.9555832  0.9400169  0.93363667 0.9423373  0.94258857 0.8958966
 0.9336838  0.9470245  0.88739526 0.9364921  0.9532603  0.9432888
 0.9050293  0.9237377  0.9397038  0.94031286 0.93301666 0.9350359
 0.9391529  0.94922304 0.94961756 0.945858   0.929523   0.949492
 0.9433967  0.94613737 0.9308723  0.9393641  0.95703983 0.921044
 0.94747895 0.95300597 0.9510285  0.9474429  0.95289326 0.95464075
 0.9191375  0.9406494  0.93762463 0.9436536  0.9368457  0.93807554
 0.93735695 0.9520967  0.94880056 0.93423593 0.95216763 0.9611397
 0.949891   0.9361379  0.94887394 0.9315314  0.9549818  0.950119
 0.9134676  0.9421276  0.90859735 0.94724625 0.95204085 0.9586228
 0.94110554 0.93884647 0.9470749  0.93312263 0.95707166 0.93226594
 0.9143016  0.92833775 0.94726866 0.94257975 0.9605035  0.9413942
 0.94359565 0.9462638  0.9405109  0.93170065 0.9549588  0.9441432
 0.9394431  0.9243104  0.9433586  0.9588646  0.9521889  0.9236945
 0.9425676  0.9499635  0.9489721  0.9562618 ]",0.045189362,12.205841064453125,1.9152647230171504
HMC,0.7000000000000001,autograd,high_dimensional_gaussian,SynchronousLeapfrog,0.1,"[0.9394998  0.93630123 0.92843187 0.9423044  0.9408008  0.94280815
 0.9367375  0.93348455 0.93685055 0.9392756  0.9332568  0.9318799
 0.9354953  0.9362785  0.93442905 0.93900174 0.93503284 0.92508984
 0.93286324 0.92907447 0.934669   0.9413218  0.9449689  0.9402851
 0.93505895 0.931057   0.9299902  0.9315052  0.93009937 0.9338769
 0.92991227 0.93719816 0.93585986 0.9361079  0.92339694 0.933156
 0.9343103  0.94152033 0.9427778  0.9415311  0.9385425  0.931653
 0.93873405 0.9340795  0.94189394 0.9394962  0.9383308  0.94260454
 0.9317476  0.9455056  0.9402744  0.94235414 0.93633145 0.9426899
 0.939196   0.93605936 0.9336951  0.9368111  0.9398794  0.94565094
 0.9417896  0.9390322  0.9364993  0.936973   0.93999547 0.9394764
 0.94350266 0.93320847 0.9309184  0.94444084 0.9386648  0.9385922
 0.92991257 0.93043137 0.93817395 0.9321395  0.93326056 0.93836683
 0.9404979  0.94044256 0.9250809  0.9390038  0.94052553 0.9378847
 0.92562574 0.9271717  0.9412006  0.93410623 0.9400244  0.9419321
 0.93952245 0.9394378  0.9391772  0.9384855  0.9330923  0.93457836
 0.9418001  0.94657105 0.93246543 0.94561565]",1.3433589e-15,50.149495124816895,241.58867779416087
NNgHMC,0.7000000000000001,autograd,high_dimensional_gaussian,SynchronousLeapfrog,0.1,"[0.9395353  0.93635345 0.9283701  0.9423164  0.9408015  0.9428134
 0.93673027 0.93353474 0.9368806  0.9392512  0.93317765 0.93185794
 0.9354808  0.9362814  0.9344742  0.93899965 0.93500817 0.92503256
 0.93281436 0.92898357 0.9345827  0.9413192  0.945007   0.9402876
 0.9350392  0.93102837 0.92995596 0.931437   0.9300102  0.93384683
 0.9298204  0.93719864 0.9359097  0.9360914  0.92334163 0.9330925
 0.93431157 0.94152707 0.9428026  0.9415552  0.9385478  0.9316466
 0.9387697  0.9340433  0.9419524  0.93950987 0.9383352  0.94265175
 0.9316635  0.94551945 0.94028443 0.9424083  0.9363556  0.9426961
 0.93917465 0.9360575  0.93362635 0.93684644 0.9398812  0.9456789
 0.9418079  0.93905056 0.9364971  0.936977   0.9400365  0.9394871
 0.94350165 0.933191   0.9308791  0.9444615  0.9386653  0.9385828
 0.92988694 0.9303872  0.9381952  0.9321008  0.93325746 0.9383937
 0.9405095  0.94046515 0.92500603 0.9389965  0.9405211  0.93786544
 0.92547524 0.92707384 0.9411998  0.9341304  0.94004416 0.941944
 0.93951625 0.93944263 0.9392133  0.938516   0.93310285 0.9345119
 0.94182384 0.9465971  0.9323963  0.94564885]",1.5137121e-15,47.308990478515625,232.89235751417763
NNODEgHMC,0.7000000000000001,autograd,high_dimensional_gaussian,SynchronousLeapfrog,0.1,"[0.93954223 0.9362661  0.92840403 0.9423107  0.9408075  0.9428398
 0.936752   0.93347895 0.9368435  0.9392806  0.93324757 0.9319005
 0.9355271  0.9362497  0.9344389  0.93901557 0.9350006  0.9249987
 0.932862   0.92905796 0.93467    0.94133544 0.94501936 0.9403097
 0.9350575  0.9310309  0.9299531  0.93143594 0.92999715 0.93384933
 0.9299034  0.9372654  0.93589866 0.9361062  0.923303   0.9330878
 0.93427724 0.9415319  0.9427936  0.94154227 0.9385754  0.93160933
 0.93873775 0.9340653  0.9419393  0.9395348  0.9383726  0.9426638
 0.9316868  0.94550693 0.9402665  0.94237036 0.93632746 0.9426925
 0.9392028  0.9360778  0.933651   0.9368508  0.9398844  0.94568
 0.9418087  0.9390458  0.9365057  0.9369766  0.9400109  0.9395308
 0.94351405 0.9331566  0.9309361  0.9444536  0.9386637  0.9385745
 0.9298936  0.9303999  0.93817997 0.9321474  0.93324107 0.9383609
 0.94051147 0.9404499  0.92497134 0.9390187  0.9405481  0.93789244
 0.92549026 0.92700183 0.94124883 0.9341068  0.94002885 0.9419614
 0.9395114  0.9394573  0.939198   0.9384693  0.93304145 0.9345595
 0.9418292  0.9465903  0.93248194 0.94567525]",1.2376655e-14,41.42362594604492,231.56686455937177
Explicit NNODEgHMC,0.7000000000000001,autograd,high_dimensional_gaussian,SynchronousLeapfrog,0.1,"[0.9368522  0.93400997 0.9265573  0.9416072  0.93862057 0.9405986
 0.9350688  0.9300248  0.935954   0.93709993 0.9315707  0.9282338
 0.9330003  0.93278044 0.9330961  0.9348663  0.93028116 0.92248917
 0.9296135  0.92620707 0.9322745  0.9409051  0.9431958  0.9382002
 0.9322886  0.92671335 0.9269726  0.9284198  0.9267084  0.9320876
 0.92548704 0.9345226  0.93286264 0.933037   0.91764355 0.93140286
 0.9330292  0.9397735  0.94031924 0.94017935 0.9367348  0.9291029
 0.9367602  0.9312873  0.9405076  0.9384689  0.93635654 0.9394688
 0.92902946 0.943138   0.9385156  0.9414786  0.9330826  0.9413637
 0.9372926  0.9344026  0.93161726 0.9336518  0.937466   0.9444887
 0.94066465 0.9375267  0.93104136 0.9354841  0.9378358  0.9369267
 0.94181335 0.93039656 0.927145   0.94330096 0.9371542  0.9367558
 0.92820615 0.92793095 0.93577754 0.9296209  0.9279868  0.9340202
 0.93864435 0.9382752  0.920297   0.9369156  0.93812215 0.9362332
 0.9201671  0.92321336 0.9366123  0.9312806  0.9391526  0.9398932
 0.9375404  0.9379813  0.9363526  0.93391454 0.93115616 0.9314933
 0.9405904  0.9454397  0.9279574  0.9444493 ]",1.7499184e-14,59.01387619972229,46.33218544920986
SymplecticNNgHMC,0.7000000000000001,autograd,high_dimensional_gaussian,SynchronousLeapfrog,0.1,"[0.93944305 0.93625486 0.9280939  0.94168293 0.94072694 0.943272
 0.93638265 0.93307686 0.9357194  0.93877953 0.9335098  0.9315364
 0.93667734 0.93627167 0.9345166  0.9386058  0.9349329  0.92489827
 0.93278015 0.92849016 0.93452233 0.94119996 0.9448075  0.9400786
 0.93549776 0.9320094  0.9293376  0.9323478  0.9293196  0.93391055
 0.9291877  0.93622273 0.9360589  0.936085   0.92444694 0.93295527
 0.93520355 0.9408538  0.9426713  0.94072723 0.93917006 0.9315836
 0.93857306 0.93450135 0.9420075  0.9391238  0.93817914 0.9430973
 0.9319997  0.9451811  0.9404979  0.94139546 0.93640304 0.94192
 0.9388895  0.93690205 0.9338996  0.9371885  0.93929595 0.94501805
 0.941982   0.9381293  0.9365155  0.9369799  0.94046867 0.9397615
 0.94328755 0.9338436  0.9305208  0.94359034 0.9386117  0.9380878
 0.92947423 0.92982566 0.93840885 0.93176174 0.9329941  0.9391379
 0.9407716  0.9407956  0.92599165 0.93889093 0.94000816 0.93773687
 0.9244899  0.9270899  0.9407937  0.93394506 0.9399977  0.94205105
 0.939676   0.9393214  0.93884027 0.9381529  0.93210614 0.9341838
 0.9415506  0.94618845 0.932042   0.9451213 ]",0.010726961,115.76451468467712,51.63823428276642
GSymplecticNNgHMC,0.7000000000000001,autograd,high_dimensional_gaussian,SynchronousLeapfrog,0.1,"[0.93965995 0.93658257 0.92865694 0.94256544 0.94103354 0.94305766
 0.9371214  0.93382347 0.93718123 0.93929815 0.93355227 0.9322623
 0.9360075  0.9365284  0.93488044 0.9391343  0.9353161  0.9256686
 0.9333042  0.92958057 0.9349293  0.9415197  0.9451129  0.94049203
 0.93525094 0.93133086 0.93033856 0.9318085  0.9304918  0.9343554
 0.9303042  0.9373843  0.93636054 0.9363986  0.9238274  0.9335718
 0.9347514  0.94165677 0.9429177  0.9418645  0.9388161  0.93185747
 0.93892896 0.9344889  0.9421387  0.9396302  0.93868154 0.9428896
 0.93212855 0.9455503  0.94034135 0.9426238  0.9366762  0.9427252
 0.9393773  0.9361281  0.9341383  0.93720055 0.9399406  0.94583964
 0.94213486 0.93941677 0.9368841  0.9371728  0.9403138  0.9397442
 0.94349325 0.933391   0.93124723 0.9445388  0.9387255  0.9386861
 0.9298779  0.9309759  0.938544   0.9323573  0.9334582  0.9386467
 0.9407648  0.9407557  0.92549366 0.9391436  0.94068944 0.9381687
 0.9259739  0.9276315  0.94138926 0.9343082  0.9401573  0.94214916
 0.9399667  0.93955135 0.9395231  0.93864125 0.93340206 0.9347496
 0.94199085 0.94665974 0.9330003  0.9458007 ]",0.0029615636,38.80585479736328,80.20475513733525
GradSymplecticNNgHMC,0.7000000000000001,autograd,high_dimensional_gaussian,SynchronousLeapfrog,0.1,"[0.9395045  0.9361613  0.92833316 0.9423795  0.9407191  0.94278353
 0.9368436  0.93347406 0.9369225  0.9395051  0.9335085  0.9316544
 0.9357382  0.936134   0.93456143 0.9388687  0.9349462  0.92483497
 0.93285453 0.9289999  0.9346479  0.9411689  0.94496655 0.9403899
 0.9351019  0.93097126 0.92995155 0.93169856 0.9296874  0.93410456
 0.9296464  0.9372648  0.93581414 0.936026   0.9231391  0.9327706
 0.93449515 0.94128454 0.942942   0.9414786  0.93848276 0.931575
 0.93865937 0.9340652  0.9418882  0.93938255 0.93832386 0.94250715
 0.9317945  0.94543135 0.9403062  0.94231623 0.93635607 0.94259614
 0.93918395 0.9358649  0.93337405 0.9365891  0.9396898  0.9458243
 0.9416474  0.9389014  0.93635434 0.9369971  0.9400544  0.93945473
 0.9436072  0.93333185 0.93074036 0.94421834 0.938775   0.9386236
 0.93020576 0.9306358  0.93800306 0.9321685  0.93345803 0.93846744
 0.9405534  0.94052047 0.9248748  0.93893355 0.94032115 0.9378166
 0.92544353 0.9270705  0.94144905 0.9339485  0.9401865  0.9419298
 0.93952847 0.9395298  0.9392826  0.9384646  0.9330375  0.9342188
 0.9418678  0.9465569  0.93230003 0.9457142 ]",0.0069738617,320.35073375701904,55.82935391809203
GradGSymplecticNNgHMC,0.7000000000000001,autograd,high_dimensional_gaussian,SynchronousLeapfrog,0.1,"[0.9396979  0.93668807 0.92894995 0.9425203  0.9411391  0.9431045
 0.93714637 0.9339468  0.9372145  0.9396345  0.93367803 0.9323025
 0.93593204 0.93661463 0.9347534  0.9393379  0.93542403 0.92574453
 0.9332921  0.92961204 0.9350816  0.94160914 0.94520986 0.9405793
 0.9354922  0.9314911  0.9305379  0.93200827 0.93062055 0.93435043
 0.93048286 0.9375181  0.9361958  0.93646896 0.9239849  0.9336714
 0.93472165 0.9418267  0.9431108  0.9418048  0.9388484  0.9321183
 0.939072   0.9345015  0.942021   0.9398227  0.938619   0.94285333
 0.9322649  0.94573617 0.9406294  0.9426207  0.9367749  0.9429447
 0.9395294  0.9363417  0.93409634 0.9371497  0.94010866 0.9458722
 0.9421291  0.9393681  0.9368505  0.93736553 0.9403566  0.9398602
 0.9437245  0.93365926 0.93143463 0.94464445 0.9389249  0.9389757
 0.9303391  0.93096626 0.93850255 0.93257904 0.933658   0.93869495
 0.94086117 0.9407408  0.92572474 0.93934745 0.94086206 0.9382336
 0.9262742  0.927838   0.94151103 0.9344528  0.94027567 0.94222486
 0.93988913 0.9397523  0.93946826 0.9387995  0.93350255 0.93508744
 0.9420419  0.946676   0.93295586 0.9458122 ]",0.0021465577,92.01999020576477,75.21341281169651
HMC,0.7000000000000001,autograd,normal_normal,SynchronousLeapfrog,0.1,"[0.9352542  0.9408448  0.94684094 0.9359347  0.91726005 0.9499439
 0.9477896  0.93369925 0.9320428  0.9461044  0.9418297  0.9142231
 0.94147605 0.9173228  0.9508468  0.91847897 0.9416108  0.9122855
 0.9459557  0.9422879  0.93703526 0.9439925  0.937323   0.9210951
 0.93120193 0.94673634 0.9459514  0.9380438  0.9512452  0.947982
 0.9303938  0.9457483  0.9106288  0.92407393 0.9389875  0.94325465
 0.9140686  0.91780347 0.9521495  0.93933666 0.9364907  0.9413047
 0.91675013 0.93952227 0.92861176 0.94299495 0.94090605 0.9336189
 0.91048044 0.9494227  0.9293108  0.94186056 0.92267    0.94811225
 0.9433856  0.94510955 0.9414933  0.93296546 0.9439087  0.94699717
 0.931173   0.9401743  0.95209974 0.92730343 0.9420852  0.9502435
 0.9520657  0.944956   0.9429428  0.94217986 0.92934215 0.9208394
 0.92478293 0.94723594 0.9328475  0.93489337 0.94510067 0.93615794
 0.92223144 0.93136835 0.9392809  0.94677424 0.9482465  0.94898456
 0.9469353  0.9410431  0.9348949  0.9349622  0.9454926  0.95052075
 0.9361299  0.9367722  0.93708646 0.93921465 0.94035596 0.9384283
 0.9472209  0.9450128  0.9465329  0.9368272 ]",1.1629586e-15,81.76874208450317,402.5441314452196
NNgHMC,0.7000000000000001,autograd,normal_normal,SynchronousLeapfrog,0.1,"[0.93405163 0.94100493 0.946943   0.93501794 0.91031253 0.9495799
 0.94793814 0.9311967  0.9312753  0.9464598  0.9418866  0.91393805
 0.9413299  0.91783714 0.95079076 0.9183361  0.94125766 0.9126136
 0.9459728  0.9416427  0.9373665  0.94407594 0.9373816  0.9211894
 0.93109584 0.9463212  0.9459733  0.938419   0.9515459  0.9479588
 0.9305347  0.94692796 0.91231215 0.9177017  0.93891466 0.9444475
 0.9112839  0.918753   0.9523171  0.9394724  0.9366671  0.9410307
 0.91693825 0.9389798  0.9285983  0.9433621  0.9413767  0.93376607
 0.9106495  0.9495654  0.930424   0.94214886 0.92298174 0.94809246
 0.9432108  0.94523513 0.9411987  0.9322059  0.9434366  0.9471201
 0.9303819  0.93961155 0.95186055 0.9274246  0.9422884  0.94992226
 0.951936   0.94514835 0.9429451  0.9422335  0.92955446 0.9207081
 0.9250032  0.9469371  0.9290484  0.93646896 0.9454926  0.93613666
 0.92241496 0.9300698  0.93941605 0.9470142  0.9481596  0.94948006
 0.94711566 0.94011855 0.93506354 0.93496644 0.9455379  0.9507201
 0.9354923  0.9382235  0.9373805  0.93951404 0.9408692  0.93842185
 0.9474915  0.9450654  0.94663084 0.9368466 ]",8.0303816e-16,70.67889380455017,357.33597755064034
NNODEgHMC,0.7000000000000001,autograd,normal_normal,SynchronousLeapfrog,0.1,"[0.9342402  0.94089353 0.9470431  0.9353956  0.91554993 0.94981956
 0.9478259  0.9329599  0.9316577  0.94605815 0.941834   0.91418666
 0.94140834 0.9174489  0.95090854 0.9181745  0.94162166 0.9157478
 0.9459984  0.9422185  0.93726766 0.9440292  0.9373128  0.920658
 0.9310416  0.9464774  0.9458837  0.93821377 0.95124424 0.94803685
 0.93069565 0.94657105 0.9112468  0.91954154 0.93924636 0.9442598
 0.9133128  0.91802186 0.95222896 0.9395193  0.9366662  0.94139403
 0.9167422  0.939393   0.9284386  0.943244   0.94142437 0.93360466
 0.9110038  0.94933677 0.9300413  0.941885   0.92280996 0.9481694
 0.9435055  0.9453124  0.94158316 0.9330628  0.94406605 0.9470835
 0.9310588  0.93993396 0.952037   0.9273524  0.9421288  0.9502816
 0.9520581  0.9451143  0.9431564  0.94216555 0.929434   0.9213637
 0.92473334 0.94727075 0.93040216 0.9367688  0.94494104 0.9360566
 0.9222023  0.9309971  0.93926334 0.9469893  0.9482535  0.949345
 0.94708514 0.9402548  0.93509567 0.93509233 0.94552314 0.95052356
 0.9361025  0.93850803 0.9374239  0.93951505 0.940613   0.9383895
 0.9472197  0.94497013 0.94650984 0.93670464]",2.0542465e-14,53.86433959007263,370.54563044692225
Explicit NNODEgHMC,0.7000000000000001,autograd,normal_normal,SynchronousLeapfrog,0.1,"[0.93896806 0.94010925 0.9436833  0.9376904  0.85571754 0.95003814
 0.94601697 0.9082317  0.9277543  0.9461598  0.9417051  0.9116498
 0.94064724 0.9126308  0.950567   0.91260237 0.93806684 0.86416906
 0.94517016 0.9407157  0.9331257  0.94374645 0.9352261  0.9144386
 0.92935026 0.94696486 0.9462268  0.93783474 0.9508679  0.94742095
 0.92760867 0.94204235 0.9092635  0.8989403  0.93666756 0.93686473
 0.87961745 0.9132737  0.95205355 0.9400115  0.9360368  0.93324965
 0.9097342  0.93962634 0.92737454 0.9416131  0.9337422  0.9332754
 0.9068271  0.94985074 0.93398607 0.94169617 0.9207668  0.9466938
 0.9420967  0.94374865 0.93844736 0.9107434  0.94270724 0.94616497
 0.92492956 0.9301135  0.9520704  0.9263941  0.9405314  0.95038456
 0.95211905 0.94388187 0.9405958  0.9406524  0.92677087 0.90460366
 0.92271745 0.947458   0.91377115 0.92002463 0.9454414  0.9321554
 0.9186303  0.9135048  0.9380549  0.94547194 0.9474282  0.9466678
 0.9421692  0.94354093 0.9300593  0.9310131  0.94471014 0.94959736
 0.9304714  0.9229238  0.93448013 0.93577886 0.9400658  0.93672985
 0.9479604  0.9445143  0.9466076  0.9378276 ]",2.0777928e-14,70.8303804397583,189.53168603532717
SymplecticNNgHMC,0.7000000000000001,autograd,normal_normal,SynchronousLeapfrog,0.1,"[0.93496203 0.9415417  0.94546527 0.9360976  0.9004582  0.94987714
 0.94740653 0.9225986  0.9294195  0.946821   0.94198084 0.91413295
 0.9415752  0.9155978  0.9504646  0.91889024 0.9399924  0.9106488
 0.9460887  0.9417639  0.9377725  0.9438979  0.93698275 0.9245267
 0.93112534 0.9459051  0.94569576 0.93939584 0.951162   0.94828314
 0.9313485  0.94639826 0.9158597  0.9107361  0.93808764 0.9426278
 0.9017557  0.91733474 0.9522176  0.9402458  0.9373002  0.9359986
 0.9181807  0.938391   0.9316823  0.9435591  0.9386751  0.934554
 0.91157377 0.9498571  0.9321532  0.9427284  0.9228281  0.9468498
 0.94321907 0.9455714  0.9414573  0.92653006 0.9432928  0.94738925
 0.9274208  0.93493176 0.9517753  0.9252869  0.9427599  0.95021605
 0.9517336  0.9444488  0.94327754 0.9423176  0.9305426  0.91338253
 0.9229347  0.94713116 0.92464846 0.9343326  0.9466137  0.9379532
 0.92261064 0.92629755 0.9399778  0.9470381  0.948812   0.94771063
 0.94373643 0.9407433  0.9357189  0.9324631  0.9456932  0.9497833
 0.93279475 0.9352121  0.9361615  0.9395702  0.94148993 0.93922734
 0.9477932  0.94523907 0.9469137  0.9376266 ]",0.022722572,127.28223896026611,156.3293647904111
GSymplecticNNgHMC,0.7000000000000001,autograd,normal_normal,SynchronousLeapfrog,0.1,"[0.93472993 0.94023436 0.94735926 0.9356593  0.9189235  0.9498148
 0.94829893 0.9347443  0.93207216 0.9467949  0.9413537  0.9132228
 0.94188786 0.9211898  0.9509112  0.91942114 0.94197387 0.92018557
 0.94545054 0.9437067  0.9377796  0.9439901  0.9374754  0.92254704
 0.93035835 0.9463825  0.94577205 0.93822527 0.9516207  0.94764173
 0.9307806  0.94745886 0.9125673  0.9227848  0.94003594 0.94544506
 0.9155886  0.91950727 0.95225877 0.9395849  0.9365622  0.94154274
 0.917294   0.9405812  0.92950773 0.94328874 0.94211125 0.933036
 0.91166896 0.94921106 0.929775   0.94140476 0.92303884 0.9481925
 0.9439956  0.94546384 0.9430473  0.9347888  0.9452242  0.9468237
 0.93193305 0.9415444  0.9520404  0.9257574  0.94209856 0.95034444
 0.95202625 0.94525003 0.94311327 0.9418366  0.9297924  0.9229301
 0.9230864  0.94721305 0.93304336 0.9386953  0.9458575  0.93643826
 0.92228144 0.9327032  0.93902326 0.94710827 0.9480021  0.9496057
 0.9477409  0.9401727  0.93622607 0.9353452  0.94521874 0.95089805
 0.9367725  0.94006634 0.9387864  0.94016075 0.94087315 0.9379627
 0.9473027  0.94424903 0.94607913 0.9363146 ]",0.004003779,42.25737690925598,401.55132381432725
GradSymplecticNNgHMC,0.7000000000000001,autograd,normal_normal,SynchronousLeapfrog,0.1,"[0.935374   0.94234204 0.94665384 0.9352638  0.90189874 0.9499154
 0.94641036 0.92361134 0.93369186 0.94560117 0.94337744 0.9134573
 0.9414136  0.9143006  0.9506139  0.91944623 0.94146913 0.91029155
 0.9455304  0.94173956 0.9364194  0.94433165 0.93614185 0.9244225
 0.9332541  0.9459294  0.9469042  0.93856525 0.9515011  0.9477932
 0.9324341  0.9470257  0.913058   0.9174036  0.9377319  0.9438774
 0.9020979  0.91565275 0.95239425 0.9401881  0.9389183  0.93891066
 0.9178034  0.93823946 0.9294791  0.9435053  0.93751717 0.9336723
 0.9142796  0.9498593  0.9320791  0.94288075 0.9240098  0.9475182
 0.94221866 0.94449013 0.94082284 0.9290253  0.9430971  0.94671714
 0.93009615 0.93644756 0.9516756  0.92633176 0.9416536  0.9497077
 0.95180964 0.9447675  0.9425006  0.94174594 0.9291379  0.9176307
 0.9242875  0.94692326 0.9287359  0.9352045  0.9454913  0.93764246
 0.9209713  0.92852515 0.9390661  0.94766366 0.94873476 0.948847
 0.9457693  0.94056815 0.9347217  0.9338926  0.94517934 0.95039576
 0.9348673  0.93675756 0.9376375  0.93833625 0.9408311  0.9403135
 0.94793594 0.94520175 0.9465352  0.937021  ]",0.017550537,183.21993780136108,3.1981593584426697
GradGSymplecticNNgHMC,0.7000000000000001,autograd,normal_normal,SynchronousLeapfrog,0.1,"[0.9337683  0.94114274 0.9472947  0.9351871  0.91939354 0.94990826
 0.94777787 0.9350044  0.93316954 0.94566846 0.94206065 0.9152031
 0.94118774 0.9182936  0.9508852  0.91941977 0.942238   0.9148134
 0.9463161  0.9418682  0.93785083 0.9441268  0.93754786 0.92199767
 0.9317786  0.9466491  0.94604254 0.93803895 0.9511468  0.9481387
 0.93081236 0.9457617  0.90985763 0.9271617  0.93928134 0.9435563
 0.9161107  0.9191615  0.9521467  0.9386835  0.9366288  0.94276404
 0.91734284 0.9387473  0.9288082  0.942904   0.9412222  0.933684
 0.911153   0.9493327  0.9271536  0.94179845 0.9229099  0.9483933
 0.9434705  0.94518566 0.9415202  0.9340278  0.9434353  0.94717234
 0.93220556 0.9407055  0.95206755 0.92806214 0.94236535 0.9500241
 0.9520525  0.9451971  0.9433834  0.94247884 0.9299907  0.9217968
 0.92578334 0.9469862  0.93490326 0.9353613  0.94444644 0.9368261
 0.9233507  0.93338716 0.93959916 0.9469337  0.94847    0.94931173
 0.94751585 0.9402125  0.9356096  0.93591964 0.9457383  0.9505559
 0.93687785 0.9374857  0.9370731  0.9398526  0.94027007 0.93893
 0.94700813 0.94525576 0.9465458  0.9364039 ]",0.004818904,54.39745259284973,7.298380250195329
HMC,0.8,autograd,banana,SynchronousLeapfrog,0.1,"[0.9145162  0.94038934 0.9715737  0.75908554 0.9136714  0.9648881
 0.9399041  0.8599396  0.95105493 0.87628865 0.9281082  0.92882633
 0.9682268  0.70812714 0.92544854 0.8316938  0.9482341  0.91681546
 0.9013723  0.9448952  0.98401064 0.9410955  0.743907   0.9551067
 0.9287204  0.97302985 0.9071955  0.925832   0.98621386 0.92746425
 0.9515734  0.95060587 0.9009344  0.9655092  0.7549814  0.97395486
 0.7979547  0.89627665 0.9197129  0.8860067  0.93563837 0.90049255
 0.92697066 0.83618224 0.86665595 0.860116   0.89326304 0.91172236
 0.93300855 0.9728422  0.8653002  0.93985605 0.9560443  0.96590185
 0.9245964  0.91485345 0.8919727  0.8834224  0.9294502  0.96607447
 0.9416857  0.9666635  0.9219718  0.8733503  0.9376146  0.94428986
 0.9894252  0.8877028  0.8952416  0.92128503 0.91841054 0.9680041
 0.96035093 0.86095303 0.9517476  0.9398869  0.9397305  0.93251216
 0.9539213  0.89191186 0.96386707 0.97704124 0.969722   0.9371228
 0.9719073  0.96263826 0.88754153 0.97149104 0.83183575 0.9713012
 0.749387   0.91874313 0.91618204 0.97713035 0.93752134 0.9722972
 0.92616343 0.98078704 0.92875946 0.9279833 ]",7.418066e-14,21.61249876022339,1.3771307227762617
NNgHMC,0.8,autograd,banana,SynchronousLeapfrog,0.1,"[8.3229011e-01 9.3397093e-01 6.5930581e-01 4.4122148e-01 7.4641728e-01
 9.6691406e-01 6.8874526e-01 9.1483295e-01 8.7550998e-01 7.5445604e-01
 6.9858873e-01 8.2089514e-01 8.8750237e-01 3.4573727e+00 6.0238969e-01
 8.5215032e-02 2.4955212e-01 8.6190724e-01 6.1535937e-01 7.9386348e-01
 9.7758532e-01 9.4366664e-01 1.1707787e-01 4.2612204e-01 6.0084146e-01
 9.7498167e-01 3.5680699e-01 5.5584240e-01 9.8576558e-01 9.4417828e-01
 5.4411113e-01 6.3072693e-01 7.9292297e-01 9.7511530e-01 5.2909911e-01
 9.7292084e-01 4.6847296e-01 8.5573763e-01 9.4304645e-01 7.3408717e-01
 9.0819538e-01 8.9761323e-01 7.9186648e-01 1.7562203e+00 3.4138765e-03
 6.6439122e-01 5.8308804e-01 4.0070057e-01 7.2877729e-01 8.3601826e-01
 9.1566944e-01 4.5632416e-01 9.3867671e-01 9.1563106e-01 4.0752721e-01
 4.4898951e-01 5.2405107e-01 6.6889924e-01 2.7193919e-01 9.1020334e-01
 5.0230980e-01 9.6119511e-01 9.3537825e-01 6.3976449e-01 6.9958103e-01
 1.2331174e-01 9.3316305e-01 6.2546128e-01 8.3688807e-01 6.2722898e-01
 6.6723365e-01 8.8268661e-01 8.9084959e-01 8.8286662e-01 3.1523323e-01
 5.7333499e-01 8.1039381e-01 9.4621837e-01 8.8082850e-01 4.6342537e-01
 8.7509346e-01 8.3264732e-01 9.6117604e-01 9.5456576e-01 9.7447729e-01
 9.6495742e-01 9.1543102e-01 9.6998543e-01 6.7292500e-01 9.6531028e-01
 1.1706727e+00 6.2328899e-01 4.1419023e-01 9.7651953e-01 7.0330113e-01
 9.8238516e-01 8.8756597e-01 9.4017524e-01 7.2372025e-01 8.0870956e-01]",7.7875484e-14,18.083479404449463,1.8563267681336288
NNODEgHMC,0.8,autograd,banana,SynchronousLeapfrog,0.1,"[0.81952035 0.94303083 0.74478424 0.55008817 0.8030464  0.9573347
 0.6881536  0.91642714 0.85535586 0.728302   0.6295561  0.8016333
 0.9132565  3.2378178  0.63586617 0.08028431 0.35893822 0.87706697
 0.62445617 0.8065095  0.9768897  0.9500484  0.1383802  0.51391333
 0.55456376 0.9747257  0.22700004 0.44639286 0.98516595 0.9440245
 0.6290857  0.67250955 0.75724447 0.97543263 0.73901844 0.9715332
 0.66704607 0.6900195  0.9434968  0.6698944  0.8968317  0.91450423
 0.723067   1.5492048  0.01785365 0.53832906 0.53698605 0.2927824
 0.7989127  0.85193557 0.75609124 0.49204022 0.93877316 0.9437623
 0.24864542 0.39745545 0.51696813 0.4990334  0.38893265 0.89334905
 0.5113168  0.95038176 0.944536   0.46224135 0.6709263  0.25235152
 0.9488551  0.5348333  0.770621   0.62029546 0.63400024 0.88561094
 0.929222   0.9084813  0.42272002 0.6590822  0.7530238  0.94658697
 0.8310193  0.47886094 0.8286964  0.8746437  0.96599853 0.95513725
 0.9746701  0.9654433  0.9168315  0.95605505 0.6766397  0.96618575
 1.0261548  0.63981223 0.5237669  0.97632253 0.641914   0.97389144
 0.83708423 0.93574333 0.6800379  0.76007956]",5.1571192e-11,25.366761207580566,1.6765966877143657
Explicit NNODEgHMC,0.8,autograd,banana,SynchronousLeapfrog,0.1,"[0.74220175 0.8780152  0.94656324 0.92561364 0.90640324 0.78049916
 0.59198487 0.9003371  0.7595892  0.5935757  0.37541112 0.69028014
 0.96114075 2.6307507  0.7471105  0.76884717 0.6238251  0.9154544
 0.7070338  0.8673627  0.98437166 0.93021536 0.27187973 0.72111505
 0.36602327 0.9805565  0.3115066  0.06800728 0.97064066 0.9091469
 0.8229356  0.79114926 0.60954237 0.97799826 1.5009087  0.9516306
 1.4642957  0.25187415 0.92844695 0.37411878 0.8334114  0.93933505
 0.45514536 0.9667171  0.1147128  0.2042934  0.3394844  0.07578082
 0.94123024 0.91610545 0.33432263 0.62537813 0.95899236 0.9736287
 0.17840777 0.18330984 0.57720536 0.04123315 0.6956452  0.8091857
 0.6068357  0.8882753  0.9513747  0.04881568 0.530555   0.5870475
 0.98419356 0.00498327 0.37323937 0.6786348  0.47331497 0.92569464
 0.9603674  0.9101874  0.6813463  0.853184   0.52531004 0.9255723
 0.6178895  0.5858648  0.63489336 0.9572896  0.8941078  0.9664115
 0.9609914  0.95779055 0.92726535 0.88232535 0.73953617 0.8588265
 0.6421761  0.7306266  0.81629366 0.9800806  0.42147705 0.9143075
 0.5828539  0.9498749  0.5108783  0.57769245]",5.9499995e-11,39.21222496032715,10.620397677332294
SymplecticNNgHMC,0.8,autograd,banana,SynchronousLeapfrog,0.1,"[ 2.8640728  17.648102   25.255468    1.996614   13.3815565  24.345097
  0.5507365   3.3301024   2.425786    1.7436571   6.2533455   1.7458682
  6.667722   21.609028    5.467888   17.412186   15.834465    2.308106
  3.710957    4.3466053   1.7253227   5.8285036   3.7345417  12.956909
  1.837354    1.6216991  14.814139   17.176651    1.821109    1.4390116
 12.567222    4.8897724   2.1269662   1.5325636  13.43174     1.7593359
 12.438888   19.100393    2.5586028  16.979656    1.7768095   4.2958603
 10.295234   25.286587    0.23136827 10.805397    1.7779815   5.4904213
 19.640478    3.089194   18.253143    4.30552     2.0843096   9.969309
 22.53711     1.8939474   3.0030324  18.67513    25.852886    2.5760667
  3.8727403   3.1063704   4.8818364  24.552725    1.7632402  23.033154
  4.2719812  21.33841    22.787884    1.7647371   2.1422024   1.9955314
 19.664589   18.621323   16.056683   16.123627    7.482443    3.6488395
 11.187099    2.6762025   8.755981    7.194397   17.72386     1.4332767
  2.2589319   1.5845779   3.123526    4.1560783   3.5329385  20.100653
 13.7514305   3.1214442  22.062277    1.9362404   3.790226    4.944092
 15.143684    0.07653409  2.3360455   3.5909793 ]",17.070059,104.82091951370239,1.302892894235046
GSymplecticNNgHMC,0.8,autograd,banana,SynchronousLeapfrog,0.1,"[0.7836172  0.9244828  0.93156326 0.3338976  0.89899254 0.9105484
 0.8191244  0.9025482  0.8435854  0.85542667 0.64834756 0.8823327
 0.9590162  1.5637283  0.7719354  0.15740913 0.69657207 0.9127242
 0.7282611  0.89273393 0.9829952  0.93397224 0.55666506 0.7970352
 0.6457279  0.978243   0.32471007 0.50479776 0.9842696  0.9583911
 0.8725447  0.81362456 0.86364055 0.9763876  0.24464738 0.97223544
 0.27884698 0.1268166  0.92799425 0.54812247 0.8951235  0.9341849
 0.7486657  0.36775586 0.33272302 0.09250556 0.73888534 0.4694028
 0.94294095 0.9326102  0.09633329 0.7145772  0.94630116 0.97148013
 0.43476534 0.5167669  0.66297364 0.33165544 0.7475705  0.88218904
 0.7129507  0.95325005 0.9463022  0.22236006 0.7081458  0.67339504
 0.98318094 0.46029148 0.7556828  0.78735155 0.7401971  0.92076707
 0.96598434 0.915555   0.73240435 0.8525998  0.7927203  0.92243624
 0.8112113  0.7230563  0.8069664  0.96099156 0.9383906  0.9641994
 0.9710355  0.96051997 0.91797495 0.94954395 0.7226178  0.94205093
 0.30470484 0.74772656 0.8385288  0.97918785 0.69641423 0.9645187
 0.85584855 0.9563149  0.7230846  0.8373822 ]",0.0011887234,14.3407723903656,3.412152203905928
GradSymplecticNNgHMC,0.8,autograd,banana,SynchronousLeapfrog,0.1,"[ 5.6100454   0.51019174  0.40726352 11.801227    0.6355774   1.5974243
  4.576775    1.2773849   3.496022    3.8635614   3.6291595   3.7876515
  1.9394706   0.7434053   0.29012418  6.9769363   0.36478853  0.09804404
  0.06584799  1.4336275   1.8213463   1.8651184   0.6677241   0.34301394
  5.0798106   1.833485    3.8835533   2.8685532   1.6997287   2.7657
  0.32492787  0.17617837  3.082439    1.5343399   9.9258175   1.4846506
  4.6312847   0.8155129   1.8602111   4.4056015   2.073757    1.1842246
  4.172312    0.91146725  8.280518    0.8899329   5.0967536   4.7532425
  0.19487548  0.29164714  0.69381016  0.47449166  1.1003461   1.352734
  0.7044322   6.8831344   0.07887514  0.94051075  0.17767482  3.3727005
  0.12231131  1.8918145   2.0322087   0.9030441   5.0187564   0.3924731
  1.3728845   2.767383    3.0224648   0.38374552  5.925727    0.3098997
  0.0286029   1.833909    0.54368436  0.7207068   2.3102288   2.5376492
  3.610651    0.6078908   3.3156767   0.5016592   1.276061    1.154618
  1.6253519   2.8521667   2.3474417   2.972797    0.46429023  0.7434186
  0.8233787   0.31907701  0.8538744   2.123678    4.130605    2.5714035
  1.6120476   0.21075365  3.9406805   2.886559  ]",2.930108,334.12710762023926,3600.0
GradGSymplecticNNgHMC,0.8,autograd,banana,SynchronousLeapfrog,0.1,"[0.7971198  0.38537383 0.02584004 0.77440995 0.59731925 1.7203705
 0.72012013 0.90887606 0.8084216  0.6862623  0.02048412 0.77384746
 0.9643674  1.496251   0.7209555  4.353547   0.91715944 0.9076177
 0.6434138  0.8309939  0.9707145  0.90478915 0.19029936 0.8986358
 0.45943034 0.9706638  3.1910589  3.33944    0.9853964  0.94956636
 0.97189105 0.7839532  0.6685866  0.97498435 4.448542   0.9704725
 5.332119   0.46740723 0.940884   1.422253   0.8746621  0.93931997
 0.26262063 0.3070539  0.12937425 0.04232436 0.44936675 0.5427732
 0.44975132 0.88381135 0.31865317 0.5856728  0.9343735  0.90195626
 0.8901024  0.3034751  0.4930836  0.7716712  0.7601599  0.85273147
 0.5290185  0.90313095 0.9521985  0.8510628  0.62643826 0.90951216
 0.97739387 4.0246096  2.872506   0.59400225 0.57689595 0.8876173
 0.04988637 0.30868095 0.9430202  0.76382685 0.02095991 0.93526286
 0.05746249 0.51847017 0.21158728 0.97954893 0.18571043 0.9539148
 0.9737589  0.96436167 0.9153611  0.88959444 0.68187493 0.87087953
 0.29350674 0.67867553 0.46152458 0.97206926 0.3581515  0.9035741
 1.0656449  0.917269   0.5591489  0.53031677]",0.008123084,25.21598982810974,2.1144075068627206
HMC,0.8,autograd,gaussian,SynchronousLeapfrog,0.3,"[0.9027225  0.9474993  0.92320293 0.92980564 0.94172084 0.9295025
 0.9413581  0.9463758  0.90809953 0.93519485 0.9376609  0.9487046
 0.9521693  0.9396254  0.9506129  0.93822545 0.9531733  0.95354474
 0.954262   0.90639514 0.9484231  0.9363005  0.9434384  0.9265868
 0.9294566  0.9465232  0.9401994  0.94545925 0.9384386  0.9042276
 0.95280117 0.9280529  0.9614848  0.918321   0.9317524  0.96188706
 0.9277312  0.94888276 0.926764   0.9446684  0.9306347  0.8940434
 0.9535402  0.9408082  0.95558035 0.9399266  0.8680959  0.92960805
 0.92556584 0.93875617 0.94060105 0.93533534 0.9487487  0.93529224
 0.94101095 0.9568171  0.9404831  0.94504976 0.9554283  0.95295024
 0.9524352  0.9409369  0.9445081  0.96389455 0.92216986 0.9433186
 0.9170207  0.9484124  0.92068976 0.9422218  0.9502033  0.94670767
 0.9321165  0.9343455  0.95302695 0.95204324 0.93254733 0.923335
 0.94148445 0.91370124 0.94539976 0.9418108  0.9534423  0.9507941
 0.9400501  0.9313385  0.91967237 0.9463639  0.9345083  0.9328488
 0.9298353  0.9500498  0.93831605 0.9535861  0.96140707 0.952244
 0.9492587  0.9476234  0.9515748  0.9298693 ]",5.4367737e-15,18.975664615631104,1592.934604012995
NNgHMC,0.8,autograd,gaussian,SynchronousLeapfrog,0.3,"[0.89997137 0.9475173  0.92278445 0.93002164 0.9413365  0.9295243
 0.94158304 0.94610155 0.9074666  0.93497217 0.93792474 0.9487647
 0.9523327  0.9398472  0.95062435 0.9382803  0.9533558  0.95380497
 0.95458716 0.90660083 0.94846886 0.9359657  0.9434204  0.925935
 0.92924917 0.9468534  0.9407033  0.94549626 0.937935   0.89946747
 0.95331645 0.9275383  0.9614968  0.9178626  0.93173003 0.96185327
 0.9268567  0.9486825  0.9257094  0.9446459  0.9306154  0.8922755
 0.9539609  0.9410259  0.95559025 0.94042987 0.8635715  0.9297036
 0.9254226  0.93865746 0.9409746  0.9343995  0.9490914  0.9348674
 0.94113034 0.9566195  0.94075745 0.9449913  0.9550967  0.9528903
 0.9523922  0.94237894 0.9444673  0.9640566  0.92150617 0.9428687
 0.9159894  0.9485502  0.92036855 0.94218767 0.9501227  0.9467206
 0.9323299  0.9346385  0.9528331  0.9523282  0.9333539  0.9219068
 0.9415855  0.91264963 0.94571817 0.94247216 0.95320815 0.9507696
 0.9396099  0.9312848  0.91807306 0.94674563 0.9341359  0.9323729
 0.9306375  0.94988126 0.93876284 0.95364726 0.9615555  0.95235336
 0.94924796 0.9478525  0.95185554 0.9300965 ]",7.33359e-15,17.319624185562134,1562.1588735349824
NNODEgHMC,0.8,autograd,gaussian,SynchronousLeapfrog,0.3,"[0.901142   0.94745654 0.9223293  0.92963475 0.94117343 0.92933583
 0.9414944  0.946159   0.9083756  0.9350437  0.93784046 0.94888437
 0.95232534 0.939975   0.95073104 0.93842363 0.9534337  0.95398235
 0.9545567  0.90714395 0.94860387 0.9358465  0.94328547 0.9258561
 0.92928433 0.94667405 0.94071186 0.94547415 0.9380269  0.9001453
 0.953319   0.9275152  0.9615003  0.9182183  0.9316287  0.9618084
 0.9267094  0.9486012  0.9257983  0.94458485 0.9306865  0.8905268
 0.9537662  0.9411683  0.95557326 0.940479   0.86448115 0.92959297
 0.92559123 0.93869275 0.9410634  0.93412125 0.94914794 0.9342806
 0.94114816 0.9566312  0.94080055 0.9449233  0.95507234 0.95283145
 0.9524344  0.9425725  0.9444804  0.9640626  0.92152214 0.9428444
 0.91552174 0.94858783 0.92048377 0.9419629  0.9500536  0.9468368
 0.9325247  0.93467283 0.9529008  0.9523806  0.9333722  0.92171
 0.94170225 0.912405   0.945488   0.9423722  0.9534304  0.9507303
 0.93950033 0.9314375  0.918245   0.9467859  0.9339306  0.932433
 0.9302437  0.9498474  0.9387128  0.9535155  0.9615526  0.95216227
 0.94917476 0.94789904 0.95193243 0.9302474 ]",2.4621764e-14,15.24742579460144,1546.6230569604934
Explicit NNODEgHMC,0.8,autograd,gaussian,SynchronousLeapfrog,0.3,"[0.8281624  0.90148115 0.9201154  0.7213833  0.85385627 0.9342815
 0.9229375  0.91826487 0.87790096 0.86750096 0.8977201  0.94299734
 0.9491438  0.84142816 0.94803643 0.92122555 0.93856037 0.9293994
 0.95889425 0.866234   0.91544217 0.91955346 0.93114346 0.8536854
 0.7380065  0.95363367 0.9279628  0.8727795  0.9409436  0.83703005
 0.9328908  0.8925601  0.9559965  0.9141905  0.931837   0.9546071
 0.9000069  0.910309   0.94257915 0.83465374 0.7251005  0.8690587
 0.9470123  0.9355864  0.952775   0.88915294 0.87026095 0.717199
 0.83107156 0.7774596  0.9116014  0.8512623  0.95560855 0.77539986
 0.9166287  0.9530136  0.8673946  0.8529522  0.9256915  0.95271635
 0.9167402  0.9157939  0.93821275 0.95521593 0.88452566 0.90253675
 0.80733526 0.92212665 0.8933711  0.8113494  0.95050734 0.9442262
 0.94638336 0.8205255  0.9503331  0.93540734 0.8871211  0.9322504
 0.94011676 0.82572955 0.9263546  0.86701286 0.95126784 0.95032394
 0.9031457  0.79138494 0.7693118  0.9379449  0.90955424 0.9362079
 0.827393   0.9187173  0.9153115  0.95497245 0.9566922  0.9565773
 0.95310843 0.95728654 0.9486784  0.79152095]",4.206785e-13,21.550382614135742,80.93442789233355
SymplecticNNgHMC,0.8,autograd,gaussian,SynchronousLeapfrog,0.3,"[8.7409984e+07 4.2932490e+06 8.9241376e+07 5.0670524e+07 4.5491535e+06
 1.1992229e+06 2.8689565e+06 1.1807502e+07 5.2243180e+07 1.0789792e+06
 2.7859450e+06 4.9731310e+06 3.9877420e+06 1.2668579e+07 1.0091895e+06
 2.8503324e+07 2.2545425e+06 1.4190752e+07 3.0701653e+05 6.6582744e+07
 2.5234390e+07 2.1178920e+06 4.8968530e+06 2.7769596e+07 9.1774719e+05
 5.9903880e+06 2.0455862e+07 7.6480438e+05 2.5226288e+07 8.7997500e+06
 1.1765523e+07 1.0240247e+07 4.6261430e+06 7.0189935e+06 6.8131312e+07
 1.1991456e+05 8.1311280e+06 4.0835708e+06 3.1121248e+07 5.1251360e+07
 3.0481484e+07 6.7874440e+07 6.9940215e+06 4.5598860e+06 1.4668059e+07
 2.3179884e+07 1.8487408e+08 4.6844392e+07 6.0229784e+07 2.7844688e+07
 1.8348484e+06 3.4398788e+06 3.6499544e+05 2.6159088e+07 5.0022528e+07
 3.2804855e+06 2.4311150e+06 4.0216272e+07 4.0897384e+05 8.2600560e+06
 4.6350800e+06 3.8534856e+07 5.2896425e+05 4.9032319e+05 3.1621995e+06
 1.1610572e+06 1.1143563e+07 1.8581958e+07 2.9001630e+07 1.2578867e+07
 6.3927435e+06 1.4780860e+07 3.0595974e+07 3.9976988e+06 5.2041850e+06
 1.2971224e+06 2.8884000e+07 9.2928768e+07 7.1682115e+06 5.5504120e+07
 9.3479500e+06 3.3349766e+05 3.7200394e+05 2.8256726e+07 2.2302148e+06
 1.0060644e+05 6.0658120e+07 1.7910572e+06 2.0194024e+06 1.5083835e+07
 4.7574636e+07 6.8768660e+06 9.3137280e+06 2.3557850e+06 4.6953344e+05
 8.4344670e+06 9.4149160e+06 1.5888767e+07 1.5817268e+06 4.2299336e+07]",5.061437e+18,21.986945152282715,1200.0
GSymplecticNNgHMC,0.8,autograd,gaussian,SynchronousLeapfrog,0.3,"[0.90690804 0.94095254 0.9282977  0.91435325 0.93323123 0.9400005
 0.94566983 0.9445238  0.90818995 0.92042375 0.9274297  0.94937056
 0.95094347 0.9225866  0.95102537 0.93853843 0.95208853 0.951041
 0.9569103  0.91190195 0.9472725  0.941992   0.9420557  0.91200227
 0.9167204  0.9522507  0.93989575 0.9351667  0.9446065  0.90312594
 0.9494104  0.9371063  0.96117014 0.9287871  0.938938   0.96121264
 0.9317988  0.94509697 0.94126916 0.9348542  0.92540014 0.9019434
 0.95487374 0.9389936  0.95710325 0.9410488  0.87377393 0.9260073
 0.92621344 0.93360233 0.9428384  0.9245512  0.95259094 0.9299256
 0.94295734 0.957531   0.94225806 0.93330306 0.95212364 0.9538598
 0.94544095 0.942024   0.9466119  0.9631189  0.9128953  0.93792105
 0.9076741  0.9486816  0.9207489  0.93046236 0.9498199  0.94884646
 0.9435429  0.9247427  0.9558351  0.9522222  0.93387574 0.9267353
 0.9418025  0.91953206 0.94705504 0.9272892  0.95504    0.95316
 0.938125   0.91477466 0.9179524  0.9478538  0.9281119  0.9380566
 0.9100059  0.94632435 0.9408919  0.95471966 0.961141   0.95597285
 0.9506556  0.9542427  0.9524077  0.9290032 ]",0.035570573,10.837432861328125,157.2521735076596
GradSymplecticNNgHMC,0.8,autograd,gaussian,SynchronousLeapfrog,0.3,"[8.7409984e+07 4.2932490e+06 8.9241376e+07 5.0670524e+07 4.5491535e+06
 1.1992229e+06 2.8689565e+06 1.1807502e+07 5.2243180e+07 1.0789792e+06
 2.7859450e+06 4.9731310e+06 3.9877420e+06 1.2668579e+07 1.0091895e+06
 2.8503324e+07 2.2545425e+06 1.4190752e+07 3.0701653e+05 6.6582744e+07
 2.5234390e+07 2.1178920e+06 4.8968530e+06 2.7769596e+07 9.1774719e+05
 5.9903880e+06 2.0455862e+07 7.6480438e+05 2.5226288e+07 8.7997500e+06
 1.1765523e+07 1.0240247e+07 4.6261430e+06 7.0189935e+06 6.8131312e+07
 1.1991456e+05 8.1311280e+06 4.0835708e+06 3.1121248e+07 5.1251360e+07
 3.0481484e+07 6.7874440e+07 6.9940215e+06 4.5598860e+06 1.4668059e+07
 2.3179884e+07 1.8487408e+08 4.6844392e+07 6.0229784e+07 2.7844688e+07
 1.8348484e+06 3.4398788e+06 3.6499544e+05 2.6159088e+07 5.0022528e+07
 3.2804855e+06 2.4311150e+06 4.0216272e+07 4.0897384e+05 8.2600560e+06
 4.6350800e+06 3.8534856e+07 5.2896425e+05 4.9032319e+05 3.1621995e+06
 1.1610572e+06 1.1143563e+07 1.8581958e+07 2.9001630e+07 1.2578867e+07
 6.3927435e+06 1.4780860e+07 3.0595974e+07 3.9976988e+06 5.2041850e+06
 1.2971224e+06 2.8884000e+07 9.2928768e+07 7.1682115e+06 5.5504120e+07
 9.3479500e+06 3.3349766e+05 3.7200394e+05 2.8256726e+07 2.2302148e+06
 1.0060644e+05 6.0658120e+07 1.7910572e+06 2.0194024e+06 1.5083835e+07
 4.7574636e+07 6.8768660e+06 9.3137280e+06 2.3557850e+06 4.6953344e+05
 8.4344670e+06 9.4149160e+06 1.5888767e+07 1.5817268e+06 4.2299336e+07]",5.061437e+18,33.15831780433655,1200.0
GradGSymplecticNNgHMC,0.8,autograd,gaussian,SynchronousLeapfrog,0.3,"[0.90603846 0.9502559  0.92034596 0.92704815 0.9428787  0.9311864
 0.93728626 0.9486159  0.9101988  0.9389793  0.9396097  0.94867605
 0.95262307 0.9432821  0.95077276 0.9390856  0.9510354  0.9551484
 0.9510821  0.9070255  0.94931066 0.9333472  0.94396347 0.93098676
 0.93609345 0.9446292  0.9424082  0.9485728  0.9357058  0.90218085
 0.95291746 0.9304516  0.9612743  0.92036104 0.93069255 0.9624068
 0.9263891  0.9509554  0.9318492  0.945312   0.9351816  0.89442885
 0.95248365 0.9434449  0.9554044  0.941659   0.86844623 0.9321469
 0.9273697  0.9419238  0.942052   0.9386176  0.94621456 0.9320485
 0.9408139  0.9570371  0.94139904 0.94595563 0.9575588  0.9533601
 0.955125   0.93605745 0.94563645 0.9635353  0.92505944 0.9442517
 0.9195466  0.94926536 0.92233753 0.9429921  0.9504289  0.94717884
 0.93485826 0.93903863 0.9529729  0.9529807  0.93340564 0.91979456
 0.9424743  0.9119495  0.9444267  0.9453702  0.95393896 0.9498967
 0.9439046  0.937847   0.92221165 0.9447522  0.9368439  0.9303875
 0.9327314  0.95187205 0.9375596  0.9532541  0.9616518  0.9507054
 0.9484348  0.9457902  0.95107543 0.9327254 ]",0.046250492,13.84186863899231,2.429980342965674
HMC,0.8,autograd,high_dimensional_gaussian,SynchronousLeapfrog,0.1,"[0.9399413  0.93915796 0.93509555 0.9375857  0.93806934 0.9342186
 0.94058335 0.9331109  0.9343754  0.9370806  0.9279355  0.94136137
 0.93554896 0.9294956  0.935044   0.9362396  0.94638604 0.9330692
 0.9401335  0.9339675  0.93399477 0.94118804 0.94196767 0.93832463
 0.9440861  0.9316025  0.9303094  0.9235968  0.93462396 0.9345498
 0.9387684  0.9278493  0.9400232  0.9321491  0.92998314 0.9408965
 0.9337028  0.938574   0.9471509  0.9322027  0.93173885 0.93501633
 0.940709   0.93291414 0.94034165 0.9341642  0.93083024 0.9459306
 0.9376099  0.9362124  0.942167   0.93491906 0.94182676 0.94088364
 0.9373082  0.9298431  0.93780243 0.9387959  0.9383373  0.94630384
 0.93576133 0.9308016  0.9358413  0.93720263 0.9374935  0.9396462
 0.94341916 0.93999404 0.9443638  0.93643093 0.941358   0.9328021
 0.9309634  0.9404007  0.93889236 0.9324857  0.9388294  0.93374586
 0.9427377  0.9316826  0.9415118  0.9383577  0.9370622  0.9353299
 0.9438378  0.94505763 0.9363493  0.9352748  0.9246191  0.94229186
 0.9323764  0.93381953 0.93320596 0.93423235 0.9321959  0.9293331
 0.9360878  0.9319267  0.93984735 0.9523591 ]",1.2686586e-15,53.925331354141235,223.55299501888217
NNgHMC,0.8,autograd,high_dimensional_gaussian,SynchronousLeapfrog,0.1,"[0.9399675  0.939175   0.93511933 0.93759555 0.93805856 0.9341482
 0.9406431  0.9331255  0.934337   0.93706244 0.9278557  0.9413891
 0.9355447  0.9294472  0.9350258  0.9362509  0.94642085 0.933067
 0.9401757  0.9339635  0.9339242  0.9411957  0.94199294 0.93832105
 0.9441263  0.93160915 0.9302334  0.9234419  0.93462485 0.9344946
 0.9388182  0.92770135 0.94007576 0.932091   0.92999053 0.9408716
 0.93371487 0.93856496 0.9471644  0.9321394  0.93167055 0.93500704
 0.9407236  0.9328849  0.9403906  0.9341244  0.9308135  0.9459491
 0.93765306 0.9362132  0.94217944 0.93492734 0.9418448  0.940931
 0.9373335  0.9297813  0.93779266 0.9388172  0.9383682  0.946336
 0.9357014  0.93069285 0.93587655 0.93720835 0.9374652  0.9396566
 0.94346654 0.94001555 0.94439363 0.9364079  0.9413738  0.93273556
 0.93085146 0.9403896  0.9388846  0.9324331  0.938873   0.93368804
 0.9427594  0.93158865 0.94152784 0.9383785  0.93707526 0.93532026
 0.94386476 0.94508934 0.9363389  0.93529767 0.9244747  0.94236207
 0.9323791  0.93381214 0.9331995  0.93425655 0.9321966  0.92926544
 0.9360703  0.9318864  0.9398498  0.9523966 ]",1.2620287e-15,49.499045610427856,212.00276177185106
NNODEgHMC,0.8,autograd,high_dimensional_gaussian,SynchronousLeapfrog,0.1,"[0.9399707  0.9391856  0.9351214  0.9375851  0.93807954 0.934195
 0.9406297  0.93306625 0.93436205 0.93706036 0.92788124 0.94139117
 0.93555725 0.9293897  0.93506515 0.9362335  0.9464445  0.93302345
 0.9401657  0.93396676 0.93400836 0.94122934 0.9420048  0.93834877
 0.9441144  0.9315952  0.9302459  0.9235115  0.93464935 0.9345124
 0.9387778  0.92775893 0.94002384 0.93212366 0.92991364 0.9409238
 0.93373317 0.9385225  0.9471779  0.9321724  0.9316818  0.9350125
 0.94072664 0.93294    0.9403492  0.9341111  0.9308082  0.94595116
 0.937611   0.9361998  0.94216365 0.93490857 0.9418477  0.9409
 0.93727386 0.92979044 0.9378168  0.9388363  0.938341   0.9463317
 0.9357721  0.93078077 0.9358696  0.93716234 0.93746805 0.93968123
 0.94346535 0.93998545 0.9443883  0.9364421  0.94140285 0.9327458
 0.93090105 0.9404057  0.9388871  0.93248606 0.93884915 0.93369246
 0.9427471  0.93161047 0.9415307  0.93836    0.9370465  0.9353363
 0.9438571  0.9451077  0.9363472  0.9352727  0.92451966 0.94233865
 0.9323195  0.9338206  0.9331979  0.9342021  0.93215644 0.92923254
 0.9360687  0.9318341  0.93984675 0.95240057]",1.3538076e-14,43.792214155197144,211.6921762594826
Explicit NNODEgHMC,0.8,autograd,high_dimensional_gaussian,SynchronousLeapfrog,0.1,"[0.93830824 0.9359163  0.930724   0.9342479  0.9348893  0.9304199
 0.93911    0.93139064 0.93064755 0.9331562  0.92423296 0.94070566
 0.9325544  0.9270913  0.9310767  0.9330987  0.94466674 0.9300891
 0.93763673 0.9328455  0.9295682  0.9397491  0.9401626  0.93616694
 0.9430872  0.92697513 0.92853916 0.9194006  0.93225783 0.9312517
 0.9357476  0.9235443  0.938928   0.9289093  0.92822427 0.9396433
 0.92941797 0.9363569  0.9456846  0.9290246  0.9280155  0.9326581
 0.93845093 0.93007994 0.93779707 0.93288106 0.92839783 0.9448962
 0.93368214 0.93290126 0.9398913  0.93260664 0.9403042  0.93880457
 0.9357201  0.9258754  0.93586624 0.93662393 0.9366752  0.9448948
 0.9336931  0.9287747  0.9337983  0.9346256  0.93425244 0.9356488
 0.9401959  0.9372915  0.9434453  0.934601   0.9407081  0.92943597
 0.92693824 0.9393083  0.9359772  0.9297764  0.93532866 0.93194914
 0.941868   0.92810285 0.9389272  0.9366135  0.93439406 0.9321718
 0.9415664  0.9434118  0.933846   0.9330427  0.92144144 0.9400439
 0.9261415  0.9311248  0.92753255 0.92963886 0.92697287 0.926111
 0.9338732  0.92888325 0.9388107  0.9515065 ]",1.7211911e-14,60.27383232116699,37.44739429180682
SymplecticNNgHMC,0.8,autograd,high_dimensional_gaussian,SynchronousLeapfrog,0.1,"[0.9405107  0.93978804 0.93521786 0.93750346 0.9377918  0.93417645
 0.9406012  0.93264663 0.934765   0.9366627  0.92810845 0.94146603
 0.9357103  0.92957443 0.93477345 0.9366228  0.9461152  0.932899
 0.94006383 0.934353   0.934338   0.941059   0.94199705 0.9384696
 0.94416094 0.93175614 0.9305806  0.92320967 0.9344134  0.9345171
 0.93889225 0.92762566 0.940273   0.9317187  0.9301814  0.9408757
 0.933768   0.93874997 0.9471655  0.93189085 0.93173575 0.9354639
 0.94025457 0.9329409  0.94041383 0.934286   0.9309288  0.9458937
 0.9373611  0.9366398  0.9423322  0.93544483 0.94131774 0.9408153
 0.9372132  0.93019986 0.9375825  0.93924284 0.93823254 0.9463543
 0.93542993 0.93039674 0.9356679  0.9369155  0.93732995 0.93995845
 0.9432577  0.939796   0.94425285 0.9367353  0.9415287  0.9326784
 0.9303783  0.94037247 0.9387616  0.93212795 0.9390665  0.93400353
 0.9424715  0.9313711  0.9418234  0.9386493  0.93744296 0.93536997
 0.94383264 0.945115   0.93620956 0.9351675  0.9252073  0.9420513
 0.93234724 0.93359625 0.9331197  0.9349205  0.9324584  0.9293251
 0.9360022  0.9319304  0.93966377 0.95242536]",0.0027861672,123.35855197906494,160.39299518073088
GSymplecticNNgHMC,0.8,autograd,high_dimensional_gaussian,SynchronousLeapfrog,0.1,"[0.94005764 0.93960917 0.9354825  0.9378309  0.93822324 0.9345176
 0.94079703 0.9332206  0.93449724 0.93728846 0.92822874 0.94174355
 0.9359605  0.92985743 0.9354539  0.9366106  0.94661325 0.9335486
 0.94033134 0.9341442  0.93433523 0.9414153  0.94221056 0.93864584
 0.9443054  0.93200755 0.9306159  0.9239787  0.9347532  0.93488663
 0.93912333 0.928185   0.94029975 0.9325387  0.93039554 0.9410698
 0.93422884 0.93888444 0.9472743  0.9325277  0.9322796  0.9352523
 0.9408916  0.9332659  0.9405159  0.9342045  0.93104553 0.9460308
 0.9380655  0.93641615 0.9423453  0.9350405  0.9420872  0.94107884
 0.93754995 0.93010056 0.93800485 0.93916035 0.93847555 0.9464539
 0.9361531  0.93109    0.9361013  0.9374876  0.93787336 0.93990535
 0.94370985 0.9402055  0.9445099  0.93664634 0.94161147 0.9330394
 0.93152684 0.94070214 0.9392282  0.9325139  0.93918    0.93400335
 0.942938   0.93211937 0.9417815  0.938574   0.9373807  0.935568
 0.9438944  0.94517064 0.9368224  0.93535507 0.9250759  0.94255847
 0.9327904  0.9341273  0.9337152  0.93455935 0.9327786  0.92972183
 0.93637085 0.9322076  0.9400003  0.9524681 ]",0.002883281,46.39965271949768,80.63291997508388
GradSymplecticNNgHMC,0.8,autograd,high_dimensional_gaussian,SynchronousLeapfrog,0.1,"[0.9398047  0.9391426  0.9350811  0.937744   0.9380144  0.934137
 0.94054556 0.9329578  0.93436974 0.93681717 0.92793673 0.94133204
 0.93538874 0.9296106  0.9349727  0.93625104 0.9465019  0.9330732
 0.9402668  0.9339136  0.9341817  0.9409832  0.94194496 0.93826073
 0.9440586  0.93136775 0.9301028  0.92381763 0.93480754 0.9344823
 0.9386883  0.9279275  0.93997025 0.93212056 0.9299895  0.941062
 0.93380374 0.93852425 0.9471258  0.9320678  0.9317621  0.9349071
 0.94054854 0.93280697 0.9404225  0.93416214 0.9310302  0.94591254
 0.93755984 0.9362397  0.94224566 0.93503976 0.9416003  0.94090337
 0.9373239  0.9300699  0.93771064 0.938666   0.9383259  0.94629514
 0.935816   0.93083394 0.93572015 0.9373216  0.9373779  0.9398657
 0.94343376 0.93997836 0.94416285 0.93654215 0.9413271  0.93301296
 0.93108195 0.94039106 0.9388945  0.93250215 0.9387917  0.93356705
 0.9427713  0.9317454  0.94157064 0.9383458  0.9371628  0.93543434
 0.94380254 0.9450972  0.93621194 0.93522537 0.9248778  0.94224775
 0.93220776 0.9337125  0.9332428  0.9342715  0.9322531  0.92918843
 0.93604726 0.9318623  0.93988913 0.95234746]",0.0035432875,366.828387260437,125.69108527575969
GradGSymplecticNNgHMC,0.8,autograd,high_dimensional_gaussian,SynchronousLeapfrog,0.1,"[0.94007576 0.9394829  0.93546    0.9379101  0.93846774 0.9347081
 0.9408774  0.9335829  0.93477887 0.93750924 0.9284741  0.9415859
 0.9359399  0.9300035  0.93533874 0.9366755  0.94654626 0.9335186
 0.94036806 0.9343524  0.93445444 0.94149566 0.9422823  0.93866533
 0.94430846 0.9320747  0.93085337 0.924294   0.934994   0.93500966
 0.93914163 0.928422   0.9402954  0.9326042  0.93043727 0.9412135
 0.93414783 0.9389628  0.94738376 0.9327073  0.9322319  0.9353994
 0.94102013 0.93338    0.94054765 0.9346256  0.93132013 0.9460787
 0.9379911  0.9366738  0.9424938  0.9353399  0.94216776 0.94122684
 0.93769586 0.93030375 0.9381258  0.9391045  0.93863773 0.9465103
 0.9362747  0.9313497  0.9362054  0.9376172  0.9379072  0.9400071
 0.9436765  0.9402832  0.94454956 0.9368264  0.94159603 0.9333385
 0.931353   0.9407275  0.93920195 0.93290824 0.93912923 0.93417186
 0.9430504  0.93219495 0.9418044  0.93874896 0.9375002  0.9357189
 0.94408005 0.9452963  0.93679667 0.9355895  0.9252298  0.9425796
 0.93291783 0.9342591  0.933627   0.9346344  0.93269056 0.9299836
 0.93646663 0.9323884  0.9401641  0.9524009 ]",0.0021923366,129.28025221824646,78.85004436583446
HMC,0.8,autograd,normal_normal,SynchronousLeapfrog,0.1,"[0.89048564 0.93455786 0.9439025  0.9405407  0.9230014  0.92788047
 0.95217466 0.94441557 0.9434077  0.9382758  0.94970196 0.94455373
 0.94796246 0.9329099  0.95040596 0.9430945  0.9395627  0.93515337
 0.93358874 0.9350686  0.87089956 0.94332093 0.93008345 0.9507407
 0.9514847  0.9530685  0.9294993  0.9432952  0.94892156 0.9389372
 0.93537635 0.94804156 0.93818665 0.9380509  0.94594955 0.9363801
 0.91584086 0.94865906 0.9506457  0.9387069  0.9494852  0.91630447
 0.94813573 0.9423293  0.94860166 0.9271416  0.924893   0.9412713
 0.94236654 0.94959974 0.9292028  0.9393066  0.95454836 0.953802
 0.9454712  0.9375026  0.9180548  0.94420207 0.9442946  0.95336723
 0.9219837  0.9269295  0.9098121  0.93483555 0.9355194  0.944703
 0.9503354  0.92741287 0.9333257  0.91219044 0.93627137 0.93552655
 0.9508723  0.9528882  0.9524379  0.93414366 0.9415695  0.9530109
 0.94911194 0.9407971  0.94292915 0.9534944  0.9370576  0.94612527
 0.9533286  0.9357656  0.9438707  0.92936534 0.9165009  0.9527496
 0.91916007 0.9339107  0.94377273 0.93097514 0.922816   0.943522
 0.93391174 0.9378492  0.9401468  0.9197116 ]",8.2635285e-16,79.91929316520691,360.4026461239316
NNgHMC,0.8,autograd,normal_normal,SynchronousLeapfrog,0.1,"[0.89225566 0.9347632  0.9439583  0.939943   0.920835   0.9272213
 0.9521643  0.9447361  0.9431038  0.93737054 0.9498358  0.94495773
 0.9478085  0.93263876 0.95034236 0.9428713  0.9394428  0.935667
 0.9334445  0.934931   0.8714935  0.9434051  0.9303486  0.9504697
 0.9516156  0.952824   0.9294273  0.94350374 0.94895935 0.93896353
 0.93596447 0.9483387  0.9371457  0.9381739  0.9454338  0.9364331
 0.91665554 0.94838274 0.9506755  0.9384755  0.94983214 0.9076568
 0.94831085 0.9420718  0.9483375  0.9264889  0.92548484 0.94142675
 0.94240683 0.95000637 0.9294886  0.9393589  0.95459384 0.95370996
 0.94545424 0.9374448  0.9183189  0.9440968  0.944129   0.95337236
 0.92226    0.9266812  0.9093591  0.9351151  0.9359969  0.9446428
 0.9502322  0.927118   0.93373    0.9123267  0.93617356 0.9362287
 0.9511635  0.95245314 0.95263374 0.93400115 0.94171834 0.95280254
 0.9491495  0.94070363 0.9425411  0.95371073 0.9371505  0.9462619
 0.95351714 0.9362361  0.9440187  0.92911404 0.912663   0.9529294
 0.91867876 0.93484086 0.94416136 0.930247   0.9208786  0.943118
 0.9291104  0.9380225  0.94019383 0.9029774 ]",1.4219355e-15,70.33374118804932,310.1535089327744
NNODEgHMC,0.8,autograd,normal_normal,SynchronousLeapfrog,0.1,"[0.8911251  0.9349987  0.9439499  0.94022834 0.9217722  0.92745036
 0.95206916 0.94460124 0.9431498  0.9378215  0.94973063 0.94471043
 0.94810456 0.9329087  0.9504203  0.9429784  0.9395151  0.93556184
 0.93350255 0.9351281  0.8694824  0.9433529  0.9301294  0.95082545
 0.9515171  0.9531099  0.929403   0.9433608  0.94891024 0.9389242
 0.9367918  0.9479991  0.93766105 0.9380674  0.9457531  0.936356
 0.9169631  0.94870013 0.9506464  0.93867385 0.9496155  0.9097246
 0.948318   0.94240856 0.9485277  0.92702186 0.92527187 0.94139516
 0.9428698  0.9498722  0.9294075  0.9394822  0.95454013 0.9538107
 0.9456283  0.93743694 0.9181811  0.9440702  0.9443821  0.95342606
 0.92194307 0.92697966 0.90962076 0.93511885 0.93571556 0.94458425
 0.9503044  0.92718554 0.9333851  0.9116148  0.9360249  0.93600464
 0.95102584 0.9527556  0.95247096 0.9353757  0.9414479  0.9530066
 0.9492449  0.94058955 0.942784   0.95360076 0.9371588  0.946212
 0.9532869  0.93601483 0.9441931  0.92917037 0.9140643  0.95274657
 0.9188978  0.9346304  0.94381666 0.93049955 0.92338246 0.943552
 0.9314787  0.93809557 0.94033945 0.9095893 ]",1.8030021e-14,55.387458086013794,322.19181292451333
Explicit NNODEgHMC,0.8,autograd,normal_normal,SynchronousLeapfrog,0.1,"[0.8779496  0.92375493 0.94207156 0.94245136 0.8989148  0.9267642
 0.9524627  0.9444566  0.9416951  0.923162   0.94960666 0.94383323
 0.9481065  0.9300143  0.95034695 0.9430873  0.9366113  0.93489015
 0.9331157  0.93060446 0.8468098  0.9420825  0.92680585 0.95043325
 0.95113885 0.95287967 0.9275112  0.942472   0.9487647  0.93725705
 0.9255266  0.94609946 0.92359495 0.9362673  0.94625777 0.93671
 0.8974881  0.9492582  0.9504608  0.93561447 0.94977826 0.8827423
 0.94695705 0.9409291  0.94849384 0.9113323  0.9229208  0.9328138
 0.93599766 0.9481556  0.9218403  0.932281   0.9545182  0.9535131
 0.9434047  0.936169   0.9133148  0.9444692  0.9422032  0.9531905
 0.9176725  0.9262539  0.9051308  0.933643   0.92952365 0.94473934
 0.94933105 0.9266023  0.92774904 0.90263796 0.9338119  0.93528694
 0.9505547  0.9531487  0.95136964 0.9175257  0.93470806 0.95259446
 0.94812083 0.94236505 0.936275   0.9532584  0.9336307  0.9451403
 0.953112   0.9296911  0.9407303  0.9286046  0.884508   0.95165384
 0.9192588  0.93056333 0.94256616 0.9295761  0.902301   0.9382509
 0.90471286 0.93632543 0.93495005 0.8336178 ]",1.8173033e-14,69.83738350868225,139.72374347718252
SymplecticNNgHMC,0.8,autograd,normal_normal,SynchronousLeapfrog,0.1,"[0.89051723 0.92537117 0.94465125 0.9344516  0.9121296  0.92784905
 0.9522845  0.94518274 0.942146   0.92953247 0.9496975  0.9451679
 0.9460656  0.93031234 0.94992065 0.9418461  0.93732303 0.9386854
 0.93362236 0.9309578  0.87436336 0.94433635 0.9300035  0.9492216
 0.95123166 0.9523386  0.9308595  0.9441325  0.94955057 0.9400829
 0.93120277 0.9457881  0.9291798  0.9392272  0.9426123  0.9365195
 0.90723884 0.9478631  0.9507391  0.9364214  0.95040786 0.90310764
 0.9485426  0.938825   0.947518   0.9158942  0.9258859  0.9356482
 0.93878335 0.94953525 0.9272362  0.9321806  0.9544923  0.9539344
 0.9454322  0.93788975 0.9169377  0.944508   0.9411601  0.9535538
 0.9239119  0.9258461  0.9106169  0.9352733  0.9370248  0.945285
 0.94983244 0.92781544 0.9348835  0.9122473  0.93698263 0.9340729
 0.95130694 0.9513612  0.9510333  0.9232559  0.9363324  0.9528389
 0.94959867 0.9411089  0.93966055 0.95391244 0.93507475 0.94695365
 0.9528877  0.9346606  0.9423665  0.9298134  0.9072442  0.95128155
 0.9182024  0.93038815 0.9421417  0.9296781  0.91636056 0.94194484
 0.9137978  0.9377104  0.93768215 0.866111  ]",0.020166958,134.977881193161,259.01747009872406
GSymplecticNNgHMC,0.8,autograd,normal_normal,SynchronousLeapfrog,0.1,"[0.8964838  0.9358288  0.94328153 0.9404118  0.92629594 0.92787254
 0.9522311  0.94492376 0.94337785 0.9391563  0.9498385  0.944818
 0.9483477  0.93566054 0.95035666 0.9431588  0.93938375 0.93640316
 0.933156   0.9370483  0.8730782  0.9430396  0.93048275 0.9513361
 0.95176697 0.95328903 0.9288391  0.9430418  0.9482511  0.9386999
 0.93753374 0.94891185 0.9396143  0.9378046  0.9461795  0.93561524
 0.9182291  0.94902015 0.9504234  0.9396965  0.94971436 0.9152988
 0.94821775 0.9444336  0.94873923 0.92746085 0.9259092  0.94252884
 0.9430417  0.95007896 0.93218124 0.94047344 0.9544918  0.9537568
 0.9462936  0.9380609  0.9200365  0.9434156  0.9460529  0.95323443
 0.92316884 0.92740774 0.91012394 0.93458736 0.93543947 0.9441058
 0.95040274 0.9274057  0.93362546 0.91172    0.9363267  0.936365
 0.9510623  0.952952   0.9527709  0.9371793  0.94322747 0.95310104
 0.9489981  0.9400899  0.9430351  0.9535197  0.93734205 0.9457544
 0.9535083  0.93786275 0.94481385 0.92935896 0.9136331  0.9530697
 0.91878605 0.9359684  0.94485873 0.93125314 0.9245307  0.9435495
 0.9330458  0.93809366 0.94140786 0.9140171 ]",0.0036431646,46.09750270843506,366.4563350278378
GradSymplecticNNgHMC,0.8,autograd,normal_normal,SynchronousLeapfrog,0.1,"[0.89411396 0.92850816 0.9449667  0.9384842  0.9084863  0.92869174
 0.9523438  0.94489276 0.94342947 0.93265504 0.950137   0.94499683
 0.9479151  0.93214047 0.9504833  0.9424037  0.9380302  0.9335667
 0.9342989  0.9353175  0.8779278  0.9433643  0.93118036 0.95000255
 0.9520353  0.9524204  0.9315318  0.9441625  0.9493426  0.94020456
 0.9356124  0.9478635  0.9360792  0.9383847  0.94427526 0.9374006
 0.90453184 0.9483454  0.9511122  0.9394986  0.95005524 0.9104767
 0.94856143 0.9413192  0.9475497  0.9187166  0.92378414 0.93792224
 0.9418077  0.94939137 0.9292718  0.935339   0.9547193  0.95335025
 0.9453424  0.9379868  0.91853213 0.9450927  0.9434775  0.95339763
 0.9241687  0.92540026 0.9102041  0.934545   0.93691194 0.94440615
 0.94987345 0.92768955 0.93431616 0.91601294 0.9363097  0.9342975
 0.95114243 0.95189065 0.952587   0.93292904 0.93911445 0.9523737
 0.9490346  0.9417571  0.94014823 0.953607   0.9353827  0.94606876
 0.95378464 0.9362482  0.94409674 0.92976284 0.9042115  0.95284283
 0.91840017 0.9300965  0.9430956  0.93179387 0.9207835  0.94265175
 0.92390764 0.93721974 0.9419612  0.887186  ]",0.019465348,227.65776681900024,1.6634675595493278
GradGSymplecticNNgHMC,0.8,autograd,normal_normal,SynchronousLeapfrog,0.1,"[0.89200735 0.9354627  0.9443921  0.9393163  0.9223912  0.9282317
 0.95198506 0.9441985  0.94407815 0.9391786  0.9497453  0.94440335
 0.9475379  0.9330389  0.9504468  0.9430174  0.94014657 0.9343089
 0.9339578  0.9351268  0.8736234  0.94377536 0.93056554 0.95049834
 0.95149696 0.95298743 0.93011445 0.9433421  0.9491088  0.93923223
 0.9375898  0.9480128  0.93852323 0.93860745 0.94563854 0.9363813
 0.91610926 0.94812727 0.9507388  0.9388572  0.9492055  0.9209548
 0.9482893  0.9419939  0.9485023  0.92857045 0.9249817  0.9416412
 0.94393367 0.9496609  0.9298154  0.9399328  0.95455503 0.9538912
 0.94574904 0.93759125 0.91903996 0.9443188  0.9442929  0.95344865
 0.92272115 0.9273665  0.9105979  0.9350962  0.9364822  0.9447186
 0.9506411  0.9277142  0.93434924 0.9137048  0.9368155  0.9353111
 0.95086354 0.9526874  0.9526086  0.93557835 0.9413597  0.9530802
 0.9494335  0.94055176 0.94407046 0.95348454 0.9375981  0.9464604
 0.95325917 0.9365117  0.94419974 0.9296907  0.91954345 0.952875
 0.91944426 0.93355554 0.9434953  0.93116856 0.92709124 0.94486856
 0.9371357  0.93817043 0.9414546  0.92551345]",0.0046707247,61.35727500915527,174.49885240540058
HMC,0.9,autograd,banana,SynchronousLeapfrog,0.1,"[0.8304914  0.9649813  0.95225763 0.87143016 0.87386703 0.6032127
 0.9377389  0.96153593 0.98231685 0.91660404 0.94873923 0.90205216
 0.9716295  0.8300085  0.9803871  0.8984493  0.94168305 0.9343826
 0.958986   0.8717398  0.987257   0.9852659  0.8685101  0.93652195
 0.93730974 0.9822079  0.8594923  0.9390084  0.96994114 0.97459793
 0.9786166  0.9657687  0.85339546 0.9693624  0.86398315 0.97498816
 0.89435434 0.89912957 0.9910126  0.95843095 0.9774394  0.9443141
 0.8040252  0.8542417  0.8694576  0.94271886 0.82097596 0.8509399
 0.9869394  0.9793614  0.8464267  0.9139196  0.9773049  0.98253953
 0.8843559  0.91702336 0.93711346 0.93555015 0.91653144 0.9876711
 0.93499315 0.94619465 0.9313597  0.96672314 0.8962265  0.9217415
 0.98016727 0.94371766 0.9336984  0.88827085 0.91159576 0.96023595
 0.90364885 0.96530724 0.94598556 0.8871858  0.8640086  0.98992515
 0.92385805 0.88772315 0.9780278  0.94652003 0.9438578  0.9494971
 0.90725416 0.9624071  0.9535165  0.97415656 0.9673823  0.9727776
 0.9336505  0.928349   0.95237464 0.944545   0.8904822  0.97897995
 0.95329463 0.9790957  0.9599322  0.91528547]",2.5295321e-14,21.370062589645386,1.361646241282888
NNgHMC,0.9,autograd,banana,SynchronousLeapfrog,0.1,"[0.88332415 0.9633008  0.6879176  0.36413997 0.62602115 0.00355345
 0.53586006 0.8643675  0.97835004 0.30882347 0.865699   0.8221344
 0.9601315  0.12852508 0.88916683 0.5236894  0.9610723  0.91596735
 0.7750195  0.3434411  0.9867705  0.94384813 0.30876026 0.7126707
 0.7434303  0.9789326  0.20775458 0.79397607 0.9445226  0.8241865
 0.9090384  0.7727541  0.17629275 0.9533911  0.49999022 0.9675128
 0.26220185 0.5395486  0.97909915 0.8901744  0.96292365 0.48761258
 0.9017059  0.57693046 0.27978504 0.6351272  1.2255768  0.16178705
 0.9237425  0.91663396 0.45257723 0.58245564 0.9515921  0.98616767
 0.43739462 0.80222577 0.2308324  0.5857557  0.8148961  0.95369387
 0.3062497  0.96173906 0.956324   0.76057875 0.5054924  0.47541997
 0.8832132  0.93940294 0.77369565 0.14443646 0.07462978 0.9566147
 0.8562836  0.88515174 0.8586197  0.9182625  0.50098956 0.97948873
 0.9444508  0.29646263 0.86723924 0.920098   0.9088057  0.9688239
 0.8018519  0.9415368  0.9659238  0.915188   0.9347722  0.93910855
 0.12608914 0.718239   0.57665414 0.9025215  0.9308774  0.966784
 0.67977923 0.8652071  0.80445874 0.68993175]",2.2737367e-15,18.32057809829712,1.7861978848025937
NNODEgHMC,0.9,autograd,banana,SynchronousLeapfrog,0.1,"[0.88259333 0.96491164 0.6630418  0.38283357 0.60992193 0.03329615
 0.5514807  0.8672099  0.9798603  0.3208784  0.88275945 0.830853
 0.953905   0.13713466 0.8771667  0.52727795 0.9598986  0.91440046
 0.7679629  0.31023675 0.9861673  0.933524   0.30392596 0.7072975
 0.7637212  0.9777889  0.22922854 0.8147811  0.9468748  0.8283415
 0.9066312  0.75179434 0.18999407 0.94647634 0.50458777 0.9700413
 0.27961406 0.59318966 0.9777206  0.90348697 0.96419156 0.4475444
 0.9021942  0.6084826  0.25302696 0.63149846 1.1357387  0.12045872
 0.9209322  0.91394585 0.4794763  0.5519707  0.95250595 0.98572195
 0.4318298  0.8075602  0.19393426 0.5814922  0.7934972  0.956105
 0.26696393 0.9646301  0.9552878  0.7556089  0.51336235 0.45730838
 0.867445   0.9488621  0.79494417 0.13569556 0.02505213 0.95432603
 0.8683257  0.89823836 0.8428999  0.9181677  0.51138866 0.9780029
 0.94747156 0.29000455 0.8712802  0.90846777 0.9185494  0.9681566
 0.788867   0.9429566  0.9673426  0.9245469  0.93245924 0.94214535
 0.1721996  0.71305597 0.5541606  0.8948009  0.9332768  0.9696021
 0.7026579  0.86145055 0.8242183  0.7175843 ]",8.8478766e-11,25.143458366394043,1.4192103270651475
Explicit NNODEgHMC,0.9,autograd,banana,SynchronousLeapfrog,0.1,"[0.8843479  0.94733757 0.79002637 0.22798632 0.7066929  0.14964443
 0.4220924  0.84993905 0.9640061  0.21863163 0.7641227  0.7556766
 0.9725404  0.0698204  0.93699664 0.5053112  0.9674778  0.9303667
 0.82451314 0.47884905 0.9868285  0.97668236 0.33477664 0.7480757
 0.63926476 0.9839573  0.06281587 0.68584394 0.9249953  0.79860735
 0.9228642  0.8588366  0.07339783 0.974996   0.4770691  0.94742286
 0.13504225 0.2974467  0.98754525 0.79036415 0.9558202  0.6578338
 0.8980082  0.40663838 0.46981    0.6536121  1.7263517  0.36354756
 0.9427624  0.9348024  0.29638046 0.7196056  0.9469485  0.98654765
 0.46948338 0.76013154 0.3843631  0.6088531  0.8974034  0.9333727
 0.4808224  0.9401654  0.9576342  0.7964474  0.44667098 0.5744027
 0.94062793 0.8669137  0.6607544  0.20731865 0.3143843  0.9678883
 0.7721385  0.79940677 0.91816014 0.9199071  0.4216224  0.9868495
 0.9153284  0.33831725 0.83714765 0.9597515  0.8303809  0.9724178
 0.8575234  0.9256066  0.9388656  0.85752904 0.94930446 0.9127468
 0.07748795 0.7577323  0.67763203 0.93360484 0.9096589  0.94049156
 0.56880075 0.89166486 0.70293754 0.53862745]",5.6841427e-11,38.23752975463867,1.85900897493269
SymplecticNNgHMC,0.9,autograd,banana,SynchronousLeapfrog,0.1,"[0.8029477  0.6941751  0.5997963  0.6077447  0.74664277 1.2072366
 0.9652511  0.96160793 0.9699794  0.9710986  0.8768114  0.92533576
 0.3954556  0.43180832 0.33339524 0.8885285  0.6312925  0.91881406
 0.93637    0.49200493 0.72210026 0.4103516  0.6622515  0.7652938
 0.91705227 0.66751814 0.6631815  0.91046655 0.9194109  0.9760661
 0.9647726  0.6984439  0.92671174 0.33699012 0.9312962  0.95590085
 0.941188   0.9661946  0.922462   0.6341289  0.97999084 0.25762147
 0.80505866 0.6205236  0.69456947 0.9769398  0.45932767 0.69393384
 0.9517965  0.9590329  0.29104358 0.12436284 0.95056653 0.76652217
 0.85364026 0.94817847 1.1376636  0.9634417  2.942621   0.9398298
 1.2143722  0.9622056  0.93996286 0.9540609  0.6765436  0.6152617
 0.26428884 0.6273328  0.61289227 0.89564294 0.30380398 0.88894594
 0.2061026  0.253925   0.21737942 0.8829209  0.8892195  0.78275603
 0.9409094  0.9304304  0.936788   0.07439249 0.5345306  0.8133113
 0.9313416  0.4402098  0.01568584 0.8089241  0.96813023 0.8831832
 0.24675655 0.8994117  0.9015664  0.6172929  0.8724696  0.951331
 0.8977599  0.9710368  0.88476884 0.9556882 ]",0.34764677,109.56325793266296,1.2916792712568221
GSymplecticNNgHMC,0.9,autograd,banana,SynchronousLeapfrog,0.1,"[0.87444514 0.9532343  0.8498845  0.5971242  0.7249881  0.01194049
 0.7563884  0.9312843  0.985068   0.64410955 0.9089052  0.9153818
 0.9703433  0.4347269  0.96861684 0.71861255 0.9671809  0.93125474
 0.8627485  0.6434471  0.98670405 0.98169076 0.65047276 0.8196714
 0.8507409  0.9848666  0.4250443  0.87559366 0.9501742  0.9109439
 0.9508812  0.91983366 0.5108086  0.97838306 0.74965477 0.96831834
 0.56619394 0.30058247 0.9887454  0.8679321  0.974471   0.7737881
 0.882144   0.19864546 0.21876495 0.77640617 0.38709593 0.20860764
 0.9595784  0.9566517  0.22560029 0.8770486  0.9604952  0.98536986
 0.62642217 0.9024191  0.68489885 0.7688341  0.931448   0.9702928
 0.7722124  0.9639117  0.94891804 0.8765303  0.63900447 0.70474434
 0.9583642  0.9417267  0.8404511  0.5034875  0.27028352 0.9683714
 0.82225347 0.8657998  0.9583816  0.91492957 0.64967567 0.98777646
 0.95366275 0.5693744  0.91942453 0.96462107 0.86711663 0.9703851
 0.85040843 0.9342518  0.95290875 0.932198   0.9446424  0.9442298
 0.5218247  0.7950845  0.807706   0.93274164 0.9364958  0.97635555
 0.7846931  0.9231584  0.8711227  0.8368637 ]",0.0005159764,15.406377792358398,2.2701298089620012
GradSymplecticNNgHMC,0.9,autograd,banana,SynchronousLeapfrog,0.1,"[0.888272   0.78402996 0.95871186 0.07660272 0.86312723 0.73011583
 0.1780634  0.851046   0.94553584 0.06364386 0.22994272 0.6205352
 0.8953504  0.24425977 0.981843   0.5803511  0.9612906  0.93606305
 0.86574924 0.7552163  0.9824108  0.93243456 0.17016727 0.74135894
 0.20572095 0.98147154 0.3007492  0.14870954 0.8908113  0.78888845
 0.9049802  0.96932715 0.141711   0.9380755  0.53669345 0.83827704
 0.15354571 0.13125585 0.9883105  0.2441505  0.95242786 0.954337
 0.90607375 0.2911458  0.8827521  0.57354003 3.8688493  1.159437
 0.94492763 0.93298167 0.20973532 0.9144351  0.9638542  0.9808979
 0.39476857 0.7148223  0.66736686 0.52760977 0.9022355  0.9098639
 0.7684485  0.8100432  0.95443153 0.7936618  0.37079307 0.69776773
 0.9688872  0.43365574 0.12513065 0.14120172 1.3495325  0.94794166
 0.24039233 0.33382595 0.95623773 0.89867854 0.25097322 0.9877378
 0.8577527  0.28603646 0.8057846  0.86941284 0.22358757 0.96704835
 0.94479    0.90734255 0.6995334  0.62745386 0.9575841  0.86038923
 0.4545843  0.7882158  0.8637361  0.9618043  0.8778566  0.88699234
 0.04384131 0.8968166  0.18254964 0.19607675]",0.44068396,231.18759202957153,1.2765354963627478
GradGSymplecticNNgHMC,0.9,autograd,banana,SynchronousLeapfrog,0.1,"[8.4261626e-01 2.0876221e+01 3.0364813e+01 1.6852002e-01 1.7371376e+01
 1.3408107e+01 6.1161137e-01 8.2175267e-01 9.6444035e-01 5.5127728e-01
 3.1325546e+01 5.2071953e-01 2.3032337e+01 3.2627270e-01 1.9496632e+01
 5.3069013e-01 9.7052491e-01 9.1128939e-01 2.9622382e-01 2.7867346e+01
 9.8786020e-01 2.6689098e+01 5.9713787e-01 9.0013111e-01 1.9805496e+01
 9.8703206e-01 2.4039243e-01 2.5447416e+01 9.6208370e-01 7.9506183e-01
 9.7005618e-01 2.8003567e+01 6.1490119e-01 2.1216139e+01 4.1453835e-01
 8.1653976e+00 8.7925977e-01 4.1532509e+01 9.9196661e-01 7.3338768e+01
 9.3679345e-01 2.7390646e+02 7.9223168e-01 1.6140684e+01 7.8905600e-01
 8.4556478e-01 1.0479376e+02 1.4148176e+01 9.8121202e-01 9.7352040e-01
 1.1981995e+01 4.9063362e+01 9.1945636e-01 9.8751014e-01 7.7989805e-01
 7.0441884e-01 2.6805569e+01 8.0701864e-01 1.4714763e+02 9.2686594e-01
 4.6875652e+01 1.4415001e+01 5.9440160e-01 9.0499371e-01 6.5914375e-01
 1.0318472e+01 2.9696056e+01 4.6784481e+01 2.5047813e+01 6.0773873e-01
 2.3354818e+01 2.5745978e+00 5.7830414e+01 3.2327034e+01 2.4578476e+01
 8.6420178e-01 8.2710028e-01 9.9056804e-01 3.7886366e-01 6.9134510e-01
 8.4798610e-01 4.8586407e+01 2.1380077e+02 9.7371995e-01 2.0278168e+01
 9.3339032e-01 2.8383215e+01 1.4455025e+01 9.7445822e-01 9.5639133e-01
 3.3509159e+01 8.8137829e-01 2.2080490e+01 1.1353641e+01 9.4049060e-01
 7.4190664e-01 2.1370131e+01 9.5968151e-01 2.4801586e+01 2.9667969e+01]",0.08841097,32.51228904724121,2.1123594632845157
HMC,0.9,autograd,gaussian,SynchronousLeapfrog,0.3,"[0.91386926 0.9433746  0.93516016 0.90718734 0.945476   0.9495938
 0.9387225  0.9318573  0.94092286 0.9198173  0.9474608  0.91904974
 0.9604076  0.94008625 0.94355667 0.95494986 0.9078932  0.93407434
 0.9375898  0.94348764 0.9465233  0.94223183 0.9414384  0.9251231
 0.93959093 0.9591814  0.9285364  0.93533385 0.9148674  0.9347266
 0.941457   0.94525194 0.9528031  0.934324   0.93894374 0.9513919
 0.92780083 0.95239055 0.9084689  0.950623   0.9386953  0.95364153
 0.9437403  0.9559382  0.9265027  0.9475121  0.9382268  0.9393586
 0.9561442  0.9454212  0.9343111  0.90133566 0.9313102  0.93714035
 0.9388938  0.94962996 0.9487585  0.9344156  0.9553791  0.9483203
 0.9380526  0.91201735 0.95260686 0.9503295  0.93190527 0.9493804
 0.91976213 0.95874023 0.94917935 0.9281303  0.951956   0.93178576
 0.9413279  0.95018923 0.9457501  0.9294827  0.9618603  0.9216914
 0.9477846  0.9118509  0.94713163 0.94632244 0.9446343  0.9444488
 0.92731    0.94761944 0.9177389  0.9544511  0.9537274  0.9306587
 0.9298334  0.8900149  0.94524336 0.9496457  0.9489729  0.96129334
 0.9329502  0.9426195  0.9496498  0.92751396]",5.5601013e-15,17.69542121887207,1467.581790577031
NNgHMC,0.9,autograd,gaussian,SynchronousLeapfrog,0.3,"[0.91249007 0.94329953 0.93506116 0.9086508  0.9462689  0.9500694
 0.93948126 0.9313959  0.9404305  0.91678876 0.9482349  0.91869354
 0.9604347  0.94044465 0.94383085 0.9550659  0.9064326  0.9336304
 0.9381527  0.9431547  0.94672096 0.94296926 0.9410283  0.92197883
 0.9392211  0.9594543  0.9288158  0.9354812  0.91341275 0.9351942
 0.9420964  0.94554245 0.9526253  0.9338948  0.9388625  0.9511945
 0.9280977  0.95263165 0.90593356 0.95179677 0.93883836 0.95465916
 0.943882   0.95611376 0.92697924 0.9479949  0.93794334 0.9385842
 0.9565263  0.9455317  0.9343698  0.89675033 0.93130636 0.93688077
 0.93896884 0.9489562  0.94906044 0.93459386 0.9552549  0.9478361
 0.9375655  0.9083314  0.952114   0.9504485  0.93105555 0.9492523
 0.918997   0.9586472  0.94852227 0.9291043  0.9519774  0.9316325
 0.9413756  0.9504374  0.9456555  0.9301146  0.96187896 0.9197421
 0.947962   0.90668863 0.9470371  0.9476727  0.9445047  0.94462955
 0.92627466 0.9487447  0.9182393  0.9550079  0.95391643 0.9297771
 0.92887086 0.88379705 0.9450569  0.9496984  0.9490217  0.96137893
 0.93310463 0.94250345 0.9498781  0.9282155 ]",4.691259e-15,16.96457052230835,1460.2349195239321
NNODEgHMC,0.9,autograd,gaussian,SynchronousLeapfrog,0.3,"[0.9126898  0.94324255 0.9349803  0.9065447  0.9462118  0.95020914
 0.938641   0.9314885  0.94072264 0.9182428  0.9479479  0.91903543
 0.96034306 0.94064367 0.9439787  0.95515364 0.9071557  0.9343525
 0.93786335 0.94313765 0.9469092  0.94255626 0.9411132  0.9230806
 0.9396839  0.9593906  0.9283759  0.93514365 0.9137521  0.93503916
 0.9417815  0.94549847 0.95269674 0.93384314 0.93872344 0.95125806
 0.9278859  0.9526329  0.90723675 0.9514999  0.93907255 0.9544015
 0.94378394 0.95613974 0.9271444  0.94758976 0.93794316 0.93891466
 0.9565391  0.94547033 0.93466556 0.89900535 0.93134344 0.9370655
 0.938921   0.948984   0.9488349  0.9349489  0.95526266 0.9480102
 0.93774736 0.9095267  0.9521891  0.9504418  0.9317869  0.9491774
 0.9193823  0.9587016  0.9486766  0.9291409  0.9518608  0.9312897
 0.94168705 0.9504626  0.9457077  0.9299769  0.9619004  0.92081445
 0.94803    0.90630424 0.94733465 0.94717234 0.94447994 0.9445096
 0.9269211  0.94852513 0.91808194 0.9548909  0.9539137  0.93060344
 0.92876005 0.8823718  0.9451458  0.94983095 0.94897765 0.9613719
 0.933632   0.94253397 0.94989794 0.9281106 ]",2.5860695e-14,15.097813606262207,1420.6353917306624
Explicit NNODEgHMC,0.9,autograd,gaussian,SynchronousLeapfrog,0.3,"[0.8851973  0.94582736 0.9124297  0.81853956 0.93379116 0.9112581
 0.929285   0.8720839  0.9348663  0.7963163  0.79199123 0.9097892
 0.9592614  0.9222921  0.9396319  0.9544736  0.83806294 0.93096584
 0.9444363  0.93470454 0.93064916 0.93822116 0.9348334  0.8978232
 0.93281066 0.94775146 0.915555   0.81651056 0.9122962  0.87241954
 0.9339342  0.93160486 0.9326651  0.92612207 0.93343914 0.9316446
 0.8234853  0.9462359  0.7573111  0.9205637  0.92585015 0.93756837
 0.9476824  0.93835604 0.92098475 0.94372404 0.82021224 0.94310874
 0.9473071  0.8116627  0.9338827  0.7642065  0.8754153  0.7717171
 0.9041246  0.8618754  0.9135107  0.8679998  0.9170184  0.9162551
 0.8546233  0.8865616  0.9354106  0.9519221  0.9159824  0.92945355
 0.90482676 0.9538959  0.8892225  0.88119936 0.9483042  0.90812457
 0.8966248  0.89999044 0.9483526  0.92409277 0.9592004  0.7657653
 0.94433755 0.8300977  0.9422831  0.92041874 0.92903507 0.93898267
 0.9283385  0.9032279  0.85651654 0.9455339  0.96023417 0.89357734
 0.8437911  0.85162926 0.8706615  0.94711655 0.9330057  0.927863
 0.8993081  0.91482776 0.93845105 0.93467236]",3.543924e-13,19.872986555099487,94.0568962086452
SymplecticNNgHMC,0.9,autograd,gaussian,SynchronousLeapfrog,0.3,"[3.97871208e+01 7.94962036e+02 1.02045209e+03 1.31445251e+03
 1.48978863e+01 9.27834702e+01 5.81643867e+00 2.62340210e+02
 3.12246887e+02 1.00528143e+03 1.70023666e+02 1.29470779e+02
 8.82391205e+01 7.83001831e+02 4.41131531e+02 4.37502861e+01
 4.50194238e+03 1.22086987e+03 1.01812696e+01 4.84705750e+02
 7.64962585e+02 2.29730358e+01 3.08274750e+02 7.29813232e+01
 7.57595673e+01 2.66071167e+02 8.60846130e+02 1.16385757e+02
 2.95029785e+02 6.84723206e+01 1.72929688e+03 6.46453552e+02
 1.62873734e+02 1.66947498e+03 1.16117651e+03 4.90879326e+01
 1.77116379e+02 7.87478027e+01 1.57606104e+03 3.21485596e+02
 3.67401123e+02 4.32046738e+01 2.63641907e+02 3.03448822e+02
 1.39697235e+02 8.23109341e+00 1.21758987e+02 7.65842133e+01
 3.35319031e+02 2.74602051e+01 7.13996033e+02 1.36569910e+03
 3.01555267e+02 1.21443680e+02 3.19766144e+02 4.15938538e+02
 5.94903793e+01 3.61320557e+02 4.96141624e+01 2.82749786e+02
 1.08471947e+02 2.75921924e+03 1.00340790e+02 6.63821335e+01
 2.58290497e+02 1.18700819e+01 1.49315369e+02 4.19764404e+01
 2.20157394e+02 2.53817993e+02 1.79311005e+02 1.53774316e+03
 2.51919708e+01 1.23838524e+02 8.70207520e+02 1.25941917e+02
 2.18430588e+02 1.40561365e+03 2.16470428e+02 4.25004425e+01
 6.34964355e+02 1.51857877e+00 6.39723206e+02 8.63863647e+02
 6.60220337e+01 2.36784027e+02 4.37632416e+02 1.16598343e+02
 3.02001152e+01 1.89579041e+02 5.49696167e+02 3.42063843e+02
 1.73673798e+02 3.49288864e+01 3.89110947e+01 3.40877380e+01
 3.05591492e+02 1.45886536e+02 3.58889984e+02 2.74040680e+01]",8.7856237e+08,35.75020885467529,1100.0
GSymplecticNNgHMC,0.9,autograd,gaussian,SynchronousLeapfrog,0.3,"[0.91723835 0.94940346 0.93774766 0.91980046 0.94678307 0.9475705
 0.94079494 0.93068594 0.9433974  0.9041497  0.9377436  0.9205421
 0.9618     0.9425849  0.9445123  0.956484   0.9080359  0.9297731
 0.9461176  0.93958586 0.94459885 0.94680583 0.9443908  0.92896366
 0.94294083 0.9591125  0.9284043  0.92418516 0.91989183 0.92724913
 0.9448086  0.9448906  0.9520933  0.9416794  0.94443935 0.95059747
 0.92129266 0.95431376 0.8941275  0.9439305  0.93291175 0.95476246
 0.9484782  0.9556043  0.9318916  0.950016   0.92732656 0.9447752
 0.9565362  0.9397899  0.9375323  0.8911122  0.9265832  0.9183623
 0.9437976  0.95252085 0.9491887  0.92160577 0.9518696  0.9506201
 0.93051213 0.91861236 0.9544592  0.9543189  0.9363949  0.9457911
 0.9268731  0.9597484  0.9510139  0.93358374 0.9539482  0.9377691
 0.9326714  0.9456414  0.94951266 0.9295498  0.96207374 0.90536445
 0.95184624 0.90848416 0.9499635  0.947206   0.94700354 0.9442193
 0.935729   0.94964373 0.9141962  0.9540484  0.9575135  0.93135566
 0.9139802  0.878942   0.9428134  0.9502577  0.9472674  0.9601006
 0.9374857  0.93620515 0.95016813 0.93551606]",0.034240145,10.921843528747559,156.90132309647902
GradSymplecticNNgHMC,0.9,autograd,gaussian,SynchronousLeapfrog,0.3,"[3.97871475e+01 7.94964233e+02 1.02045087e+03 1.31445312e+03
 1.48980179e+01 9.27832336e+01 5.81644344e+00 2.62339905e+02
 3.12247742e+02 1.00528143e+03 1.70024765e+02 1.29471237e+02
 8.82389374e+01 7.83002197e+02 4.41130585e+02 4.37501450e+01
 4.50194336e+03 1.22086731e+03 1.01812572e+01 4.84706116e+02
 7.64960632e+02 2.29728775e+01 3.08274628e+02 7.29811554e+01
 7.57592163e+01 2.66070312e+02 8.60849731e+02 1.16386314e+02
 2.95029510e+02 6.84721832e+01 1.72929468e+03 6.46450317e+02
 1.62873322e+02 1.66947632e+03 1.16117627e+03 4.90877609e+01
 1.77116211e+02 7.87475815e+01 1.57605896e+03 3.21484558e+02
 3.67401306e+02 4.32048111e+01 2.63641357e+02 3.03449677e+02
 1.39696869e+02 8.23103714e+00 1.21758690e+02 7.65839920e+01
 3.35317627e+02 2.74602318e+01 7.13993103e+02 1.36569824e+03
 3.01555420e+02 1.21443405e+02 3.19765991e+02 4.15938171e+02
 5.94901733e+01 3.61319763e+02 4.96140060e+01 2.82749603e+02
 1.08471802e+02 2.75922339e+03 1.00340477e+02 6.63820419e+01
 2.58289856e+02 1.18699703e+01 1.49314911e+02 4.19763336e+01
 2.20156738e+02 2.53817673e+02 1.79310608e+02 1.53774841e+03
 2.51920376e+01 1.23838890e+02 8.70206299e+02 1.25941483e+02
 2.18430267e+02 1.40561230e+03 2.16470123e+02 4.25004425e+01
 6.34964478e+02 1.51858556e+00 6.39722290e+02 8.63861572e+02
 6.60219879e+01 2.36783264e+02 4.37631897e+02 1.16598534e+02
 3.02001915e+01 1.89578857e+02 5.49698853e+02 3.42063660e+02
 1.73673828e+02 3.49290276e+01 3.89111328e+01 3.40877380e+01
 3.05592163e+02 1.45886169e+02 3.58890503e+02 2.74040813e+01]",8.785607e+08,95.58510828018188,1100.0
GradGSymplecticNNgHMC,0.9,autograd,gaussian,SynchronousLeapfrog,0.3,"[0.91904926 0.94165885 0.9347586  0.92412794 0.94162166 0.94614816
 0.9351214  0.9382636  0.9414567  0.92265576 0.9487488  0.9195482
 0.959682   0.9363715  0.9438524  0.95444095 0.9079536  0.93647546
 0.93749654 0.9456534  0.947653   0.9397688  0.94197243 0.92195195
 0.9366183  0.9580063  0.92942685 0.9398002  0.9128112  0.9371733
 0.938871   0.9462695  0.95406675 0.9332215  0.93797815 0.9528074
 0.9349076  0.95038575 0.91101015 0.94962406 0.9422474  0.9498377
 0.94195426 0.9561476  0.9319283  0.94722164 0.9418439  0.93725884
 0.95636106 0.9470884  0.93642014 0.90585136 0.9355647  0.93998694
 0.9411924  0.9509691  0.9494324  0.93806064 0.9565978  0.94971293
 0.94460666 0.91039026 0.9527769  0.9490635  0.93035996 0.95003164
 0.9205937  0.95817155 0.95028377 0.92705196 0.95149326 0.9362117
 0.94470567 0.9492247  0.9460947  0.9326124  0.9617171  0.9261681
 0.94754905 0.91230273 0.94547284 0.9424795  0.94560856 0.94493306
 0.92950004 0.94393814 0.9224551  0.9533736  0.9509047  0.9289977
 0.9301189  0.8942988  0.948312   0.94956195 0.95027924 0.96150845
 0.93367994 0.945446   0.94858235 0.9317936 ]",0.047597922,12.938048124313354,3.27337447761751
HMC,0.9,autograd,high_dimensional_gaussian,SynchronousLeapfrog,0.1,"[0.92548037 0.9368776  0.9337911  0.94042397 0.9406059  0.9310416
 0.92951214 0.9453241  0.9257321  0.93807286 0.9456038  0.9314017
 0.93917626 0.9325186  0.937786   0.94030064 0.94227    0.9382793
 0.93366665 0.9375486  0.93726766 0.94503295 0.9406494  0.94029254
 0.93960017 0.939665   0.92953634 0.9362105  0.94494057 0.9406681
 0.93470275 0.9420352  0.9304947  0.9444417  0.9249214  0.93774164
 0.9413476  0.9427208  0.940796   0.93881035 0.9368364  0.9344945
 0.9320384  0.93905926 0.9264531  0.93791425 0.9363792  0.93490255
 0.94138956 0.9380936  0.93407583 0.9375872  0.93121547 0.9442892
 0.9447794  0.93507624 0.9334961  0.9348105  0.92463624 0.946772
 0.93465275 0.93933743 0.93097055 0.93623805 0.9357015  0.9372503
 0.93516606 0.9350669  0.935919   0.9288266  0.9348687  0.93874586
 0.93661356 0.93917626 0.93427414 0.94130987 0.92657495 0.9372832
 0.93966424 0.93626106 0.94236314 0.94650984 0.939662   0.9442887
 0.935189   0.9341668  0.94835794 0.9326353  0.9337976  0.94422865
 0.9415082  0.93834704 0.9362291  0.9401154  0.92685884 0.925557
 0.93423986 0.9330756  0.94017524 0.93852705]",1.3390044e-15,49.89766836166382,202.38128781107025
NNgHMC,0.9,autograd,high_dimensional_gaussian,SynchronousLeapfrog,0.1,"[0.9253334  0.9368631  0.9337717  0.94044507 0.94060457 0.9309942
 0.9294646  0.9453553  0.9256148  0.9380951  0.9456469  0.93144643
 0.93918455 0.9325037  0.9378368  0.94032496 0.94232965 0.9382701
 0.93363595 0.93755054 0.9372863  0.9450488  0.9406574  0.9403167
 0.9395822  0.9396914  0.92943573 0.93616426 0.9449595  0.9407314
 0.93463933 0.94203174 0.93048465 0.94448566 0.92486155 0.93772954
 0.94139254 0.9427587  0.9408042  0.9387995  0.9367687  0.93445265
 0.93196464 0.93905973 0.9264037  0.937963   0.9363626  0.9348872
 0.94143885 0.9380578  0.93401766 0.9376277  0.93113613 0.9443056
 0.94482386 0.93509674 0.93347996 0.93471575 0.92452526 0.9467915
 0.93462753 0.9393174  0.9309468  0.9362127  0.9357068  0.9372424
 0.9352014  0.9350745  0.93592185 0.9287032  0.9348237  0.93877065
 0.9366034  0.9391941  0.9342424  0.9413287  0.92646426 0.93727756
 0.93966055 0.9362661  0.94238377 0.9465513  0.9396647  0.94433594
 0.9351503  0.93413323 0.94839257 0.93270636 0.9337772  0.9442662
 0.941525   0.93833935 0.936229   0.9401254  0.92686987 0.9254715
 0.93425894 0.93303263 0.9401854  0.9385209 ]",1.5220839e-15,47.94139361381531,194.24794082704378
NNODEgHMC,0.9,autograd,high_dimensional_gaussian,SynchronousLeapfrog,0.1,"[0.9253644  0.93690413 0.93379134 0.94041556 0.94062203 0.9309945
 0.92944306 0.9453552  0.9255605  0.93804884 0.94564885 0.9313032
 0.93918765 0.9324492  0.9377958  0.94030845 0.94232655 0.9382771
 0.93370426 0.93760824 0.9372238  0.94506943 0.94067156 0.9403474
 0.9396102  0.93964624 0.9294507  0.93621063 0.94495666 0.94072336
 0.93468344 0.94207346 0.9304366  0.94447553 0.92488134 0.9377436
 0.9413667  0.9427805  0.9407846  0.9388475  0.93689984 0.93447006
 0.9319662  0.9390465  0.9264555  0.93788505 0.936383   0.9349348
 0.9414267  0.9381145  0.93403804 0.9376192  0.931139   0.9442924
 0.9448177  0.935085   0.93347156 0.93477434 0.92452097 0.94679135
 0.9346358  0.9393563  0.9309621  0.936217   0.9357014  0.9372418
 0.93514574 0.9349939  0.935894   0.928724   0.9349122  0.93872726
 0.9366201  0.9391817  0.9342414  0.94132125 0.9265517  0.9373255
 0.93967336 0.9362817  0.9424033  0.94653577 0.9396569  0.944339
 0.93519807 0.9341485  0.94838846 0.932611   0.93381757 0.9442514
 0.9415352  0.9383787  0.93626994 0.9401368  0.92672175 0.9254364
 0.9342243  0.93302965 0.9401828  0.9385705 ]",1.2858961e-14,43.90253043174744,191.93612258694455
Explicit NNODEgHMC,0.9,autograd,high_dimensional_gaussian,SynchronousLeapfrog,0.1,"[0.921206   0.9347479  0.93183506 0.9380468  0.93873537 0.92797583
 0.926141   0.94387406 0.92172515 0.93572086 0.9440012  0.9280362
 0.936876   0.92821443 0.93555486 0.93784606 0.9405429  0.93647337
 0.9302022  0.9360322  0.93471897 0.9432272  0.93900096 0.9383456
 0.936749   0.93708915 0.92667294 0.9348997  0.9442479  0.9379287
 0.93201584 0.9405428  0.92652833 0.9437906  0.92106456 0.9365959
 0.9388666  0.9402404  0.938795   0.935616   0.9331295  0.9320466
 0.92816913 0.937005   0.9225944  0.9348855  0.93606555 0.9325921
 0.9377508  0.93641424 0.93076885 0.9349654  0.92659277 0.9432528
 0.94345444 0.9327854  0.93046254 0.9326261  0.92004395 0.94629
 0.93241835 0.93760645 0.9292792  0.935307   0.9316834  0.9344548
 0.9326701  0.93108535 0.93393326 0.9266995  0.93069553 0.93670595
 0.93503654 0.93539155 0.9314872  0.9385726  0.92349434 0.9327182
 0.9377084  0.93239164 0.94057834 0.9458636  0.9367253  0.94255984
 0.9322938  0.93130577 0.947873   0.9302839  0.9317597  0.94286656
 0.93957865 0.93504417 0.9330934  0.93788356 0.9225461  0.9226165
 0.9317114  0.9287428  0.9384041  0.93599164]",1.8027656e-14,58.77986979484558,38.813046176033716
SymplecticNNgHMC,0.9,autograd,high_dimensional_gaussian,SynchronousLeapfrog,0.1,"[0.9251379  0.9372842  0.933732   0.94053316 0.9407691  0.9310188
 0.9297719  0.94500446 0.92584646 0.9383664  0.94553745 0.931499
 0.9392471  0.93320864 0.93723786 0.93988293 0.9423295  0.93811196
 0.9344644  0.93851346 0.93782824 0.9447845  0.9406409  0.9402465
 0.9400842  0.93959683 0.9301417  0.93635416 0.9452252  0.9407644
 0.93442285 0.941185   0.9303889  0.94458455 0.92502946 0.93709993
 0.9411553  0.9424123  0.94121957 0.93833494 0.936741   0.93421096
 0.9320644  0.93959904 0.9266025  0.9381265  0.93621194 0.9353298
 0.94193447 0.9376612  0.9338536  0.9378346  0.93101454 0.94402647
 0.9450351  0.9355146  0.9325463  0.9346162  0.9239148  0.946795
 0.9344947  0.9397389  0.9319317  0.9358407  0.9355327  0.9369723
 0.93562615 0.93535614 0.93492305 0.9281943  0.93476915 0.93880486
 0.93611395 0.9387522  0.9347021  0.9407651  0.9262872  0.93679714
 0.9398718  0.93618083 0.942321   0.9465785  0.93925285 0.9438604
 0.93484247 0.9342028  0.9484029  0.93339145 0.93377495 0.94449914
 0.9412839  0.93805003 0.93506896 0.93903416 0.9269158  0.9262797
 0.93405676 0.93300456 0.9394388  0.9388928 ]",0.00711013,131.44105410575867,104.84633733559973
GSymplecticNNgHMC,0.9,autograd,high_dimensional_gaussian,SynchronousLeapfrog,0.1,"[0.9260247  0.93711823 0.9341358  0.940612   0.9407939  0.9312622
 0.9298215  0.94547844 0.92630434 0.9383415  0.9457897  0.9316465
 0.93930066 0.9329258  0.9384103  0.94047344 0.9424874  0.9384748
 0.9339802  0.9380702  0.93750346 0.94521254 0.9409563  0.9406189
 0.9398095  0.94002426 0.9298782  0.93635976 0.94501734 0.9410412
 0.93497455 0.9421476  0.9308595  0.94458485 0.9254617  0.93785834
 0.941564   0.94295853 0.94098586 0.9391898  0.93701696 0.93481654
 0.93250626 0.9392307  0.9268014  0.93827385 0.9366845  0.93537587
 0.9417747  0.9382321  0.9343852  0.9380652  0.93154204 0.9443683
 0.9450637  0.93526214 0.93376875 0.9352286  0.9249744  0.9468055
 0.9348372  0.9395994  0.9313909  0.9364829  0.93615407 0.93755573
 0.93541497 0.9354671  0.9360835  0.92922294 0.9352777  0.93890476
 0.93666714 0.9395827  0.934663   0.9414891  0.9269724  0.9375466
 0.9399192  0.93669164 0.942644   0.9466642  0.939923   0.94452065
 0.935359   0.9343216  0.9484576  0.9328963  0.9341217  0.9444214
 0.94165134 0.9387337  0.9367461  0.94030607 0.92713606 0.92608154
 0.93480206 0.9335374  0.9403404  0.9387147 ]",0.0027360716,52.348997831344604,70.26685030139464
GradSymplecticNNgHMC,0.9,autograd,high_dimensional_gaussian,SynchronousLeapfrog,0.1,"[0.92552304 0.93680686 0.93360704 0.9405283  0.94061196 0.930974
 0.92975396 0.9453113  0.9256904  0.9382694  0.9455576  0.9315111
 0.9390855  0.9325339  0.9375849  0.94016397 0.9423873  0.9380988
 0.93364215 0.937678   0.93744534 0.9452313  0.94094366 0.9402765
 0.9395819  0.9395536  0.9295621  0.93611205 0.94482183 0.94072545
 0.9346051  0.9417343  0.9304557  0.94433326 0.92500323 0.93755096
 0.9410975  0.94273996 0.9410242  0.9388132  0.93675935 0.9344103
 0.9320859  0.9390521  0.92647    0.93796986 0.93613577 0.935107
 0.94117564 0.9383023  0.93363947 0.93741214 0.931005   0.94432443
 0.94466084 0.9348909  0.93360853 0.93487406 0.9243817  0.94668764
 0.93443274 0.93929744 0.9308776  0.936331   0.9358598  0.93698025
 0.93511695 0.93512034 0.9358493  0.92828834 0.934694   0.93882483
 0.9366627  0.9391631  0.9340812  0.941256   0.9266157  0.9372829
 0.9396596  0.93614376 0.9423113  0.9465909  0.93977755 0.9445071
 0.9347793  0.9342016  0.9484129  0.9323293  0.93411624 0.9440534
 0.9415097  0.9382086  0.9362949  0.9397585  0.92665863 0.92526734
 0.93398976 0.9331918  0.9400592  0.9384043 ]",0.0066504884,391.4622209072113,92.01224072578287
GradGSymplecticNNgHMC,0.9,autograd,high_dimensional_gaussian,SynchronousLeapfrog,0.1,"[0.9260496  0.93723977 0.9341966  0.94071054 0.94096774 0.93158567
 0.9300871  0.94553745 0.9263379  0.93849945 0.94575346 0.93182296
 0.9394869  0.9329704  0.9380929  0.9406109  0.9425353  0.9385883
 0.9340862  0.9379139  0.93763465 0.94526887 0.94100606 0.94059837
 0.9399263  0.9399325  0.9301221  0.93659896 0.945106   0.9409968
 0.9351489  0.9422344  0.93099403 0.9446098  0.9255117  0.9381367
 0.94163275 0.9430345  0.9412014  0.93918556 0.93721104 0.93490016
 0.93258333 0.9393915  0.92698824 0.93832767 0.9367553  0.9353285
 0.94168806 0.9385128  0.93461245 0.93798816 0.93179387 0.94454783
 0.94500446 0.93538857 0.9339441  0.93522906 0.92530334 0.94696474
 0.9351618  0.93969434 0.9314709  0.9366659  0.93617696 0.9376752
 0.9356178  0.9355091  0.93629074 0.92941606 0.93525267 0.93913764
 0.9368943  0.9395375  0.9347086  0.94151753 0.92711544 0.93764824
 0.9400536  0.93668425 0.9426502  0.94671583 0.94004714 0.9444921
 0.93565625 0.9346657  0.94851464 0.93303555 0.93425816 0.9444677
 0.9418186  0.93872404 0.93660927 0.9404089  0.92744195 0.92629814
 0.9346782  0.93355036 0.94046754 0.93891734]",0.0021919003,190.32654452323914,68.95728694542244
HMC,0.9,autograd,normal_normal,SynchronousLeapfrog,0.1,"[0.90320796 0.9382857  0.9472822  0.92597026 0.8856765  0.9176783
 0.9273968  0.9351448  0.9504447  0.9358748  0.949713   0.91667527
 0.9479024  0.9157554  0.9527255  0.92685384 0.9436273  0.91618204
 0.9412114  0.9445926  0.93714976 0.94453657 0.93904275 0.9108058
 0.9422617  0.9489586  0.9444677  0.9434513  0.9457382  0.93690765
 0.93824565 0.94804144 0.922853   0.93678254 0.93462074 0.9441072
 0.9381379  0.94170606 0.94173807 0.9419017  0.93968743 0.94627035
 0.93197525 0.9395182  0.9314996  0.9332301  0.93545693 0.94395053
 0.9406613  0.9474599  0.9278352  0.9432265  0.95119995 0.94963825
 0.92570007 0.94924545 0.93730944 0.94098794 0.91142076 0.95252675
 0.9501633  0.94633055 0.9393407  0.94047135 0.9431647  0.93895787
 0.9459119  0.9285147  0.93730664 0.94472855 0.9478695  0.94764614
 0.92288935 0.9320113  0.950757   0.9442133  0.9386984  0.9241964
 0.93235624 0.93086326 0.94504786 0.9463482  0.9271676  0.94041073
 0.93942463 0.92524517 0.94323003 0.95302486 0.9370353  0.9459033
 0.92974824 0.9159779  0.9452548  0.9386035  0.9393629  0.9387263
 0.9497055  0.93833196 0.94080204 0.94289416]",1.3505168e-15,84.49080228805542,310.41833674780776
NNgHMC,0.9,autograd,normal_normal,SynchronousLeapfrog,0.1,"[0.9034711  0.9373907  0.9473467  0.9262246  0.8368074  0.917443
 0.9259279  0.9357587  0.950415   0.9360838  0.9500898  0.904498
 0.9472594  0.9161743  0.95269006 0.92697257 0.9433528  0.91740716
 0.9412491  0.9440686  0.93670386 0.9448371  0.9385435  0.91141427
 0.94249845 0.9488332  0.94443786 0.94396114 0.94589174 0.93715715
 0.93743247 0.9487378  0.92322034 0.9366676  0.9345635  0.9447755
 0.93802017 0.9417164  0.9417572  0.94209385 0.94099015 0.94626844
 0.93183494 0.9393489  0.931262   0.93323934 0.93428344 0.94405335
 0.94003296 0.9476249  0.9272952  0.94327486 0.95129526 0.9495417
 0.926202   0.9490739  0.937569   0.9409491  0.9102949  0.9524778
 0.95002955 0.9465884  0.9393035  0.94071263 0.9432821  0.93890524
 0.9459869  0.92867726 0.93722725 0.94450045 0.9475584  0.94799536
 0.92379534 0.93259346 0.95129555 0.9445502  0.9384975  0.92367816
 0.93202275 0.9287304  0.9452259  0.94627213 0.9272789  0.9400906
 0.9399309  0.92585915 0.9427368  0.95295763 0.93688524 0.9459599
 0.9299798  0.91625226 0.945577   0.9383831  0.9393675  0.93795824
 0.94997233 0.938708   0.9409773  0.94304407]",1.2350537e-15,74.19294285774231,285.96502934409534
NNODEgHMC,0.9,autograd,normal_normal,SynchronousLeapfrog,0.1,"[0.9034815  0.9377546  0.94730675 0.92602533 0.85187995 0.91707766
 0.92682064 0.9354817  0.95049477 0.9358705  0.9499206  0.9095305
 0.94748247 0.915604   0.9527372  0.9270178  0.9435753  0.91963565
 0.94123626 0.9445076  0.9367692  0.9449694  0.9388138  0.91099113
 0.94249475 0.94905984 0.9444227  0.94370496 0.9457488  0.93715686
 0.9378829  0.9484276  0.92505205 0.93712425 0.93471116 0.944824
 0.93792295 0.94178736 0.9417299  0.94224876 0.9411309  0.9462569
 0.93180954 0.93963784 0.9312066  0.93325466 0.93507576 0.9439556
 0.9405098  0.94743896 0.9274718  0.9431817  0.951223   0.94964015
 0.92574    0.94932383 0.93759036 0.94096565 0.910947   0.95249814
 0.95019245 0.94624853 0.93925786 0.9407195  0.94318855 0.9389526
 0.9460269  0.9284665  0.93713975 0.94462633 0.9478071  0.9476317
 0.9236822  0.9321839  0.9511327  0.9441385  0.93853796 0.92399764
 0.9321078  0.9293016  0.9451074  0.94628036 0.9272059  0.940523
 0.93982524 0.9253638  0.9428846  0.95299864 0.936919   0.9459257
 0.9296949  0.91617954 0.9451992  0.9384455  0.93937725 0.9384467
 0.94968545 0.93862575 0.9408088  0.94292724]",1.32022214e-14,58.54051423072815,282.2310695749054
Explicit NNODEgHMC,0.9,autograd,normal_normal,SynchronousLeapfrog,0.1,"[0.89158314 0.93430936 0.9463002  0.92048454 0.46526092 0.91254663
 0.90388006 0.9346425  0.9499833  0.93596697 0.94777966 0.8585777
 0.9488311  0.9079728  0.9527283  0.92241114 0.93945646 0.88211167
 0.940537   0.9432186  0.93610543 0.9401587  0.94001836 0.9061324
 0.93799704 0.9491019  0.9445211  0.94197536 0.94591045 0.92974806
 0.92828023 0.94776523 0.8917376  0.92787254 0.93203473 0.93680656
 0.93511665 0.93933785 0.9409207  0.9396669  0.93026346 0.9458051
 0.92940205 0.9397111  0.9281597  0.93253934 0.9208796  0.9448006
 0.932219   0.94676536 0.925197   0.9391297  0.95120144 0.9492136
 0.9202342  0.94948214 0.9338591  0.94159174 0.9117212  0.9524398
 0.9497305  0.9441878  0.93701315 0.9397453  0.94209087 0.9366721
 0.94427633 0.9250989  0.93516934 0.9449128  0.9472665  0.9456811
 0.91180795 0.92834437 0.9498855  0.94521683 0.93632436 0.9210892
 0.9292175  0.92014015 0.94460094 0.9428556  0.9211075  0.93220556
 0.93568915 0.91917753 0.94436496 0.95295787 0.93539906 0.9454168
 0.92584175 0.91549575 0.94299644 0.9361551  0.93861675 0.9307127
 0.9502256  0.936938   0.94068503 0.9444003 ]",1.8307094e-14,74.91013717651367,170.8816042508617
SymplecticNNgHMC,0.9,autograd,normal_normal,SynchronousLeapfrog,0.1,"[0.90428084 0.9365942  0.94746083 0.92699707 0.7283764  0.92069256
 0.9194093  0.93585145 0.95036066 0.93717545 0.94991255 0.8902234
 0.9468371  0.9179344  0.9524497  0.92639244 0.94171065 0.9098387
 0.94147843 0.94384736 0.9376318  0.94348997 0.93835366 0.91533774
 0.9414958  0.9487778  0.94441    0.94401187 0.9464879  0.93560576
 0.93412685 0.9488637  0.91780734 0.9342302  0.9351859  0.94339633
 0.9377444  0.9420159  0.9419869  0.94196576 0.93935347 0.9463379
 0.9328224  0.9391062  0.9325142  0.9332434  0.9295397  0.9445338
 0.9376879  0.94778156 0.92682976 0.94199646 0.9515392  0.94892895
 0.9271435  0.9490105  0.93721193 0.9411944  0.9107825  0.9522574
 0.94959706 0.94656646 0.9396721  0.9411089  0.94366837 0.93842924
 0.9458455  0.92953503 0.9381301  0.9444716  0.9475461  0.9479777
 0.9188528  0.9326645  0.95096636 0.9456458  0.9381394  0.92403257
 0.93303174 0.92856634 0.94563913 0.9454303  0.92629004 0.9378407
 0.9387726  0.92599463 0.94198483 0.9529289  0.93745846 0.94603556
 0.9321202  0.91704786 0.9453675  0.9385395  0.9393654  0.935719
 0.9505198  0.93821543 0.9417685  0.9432942 ]",0.009863806,142.38595747947693,275.07984110578
GSymplecticNNgHMC,0.9,autograd,normal_normal,SynchronousLeapfrog,0.1,"[0.90794533 0.93904775 0.9469742  0.92917985 0.8752221  0.91801846
 0.92801034 0.9361851  0.95014113 0.935512   0.95065916 0.91066813
 0.9475538  0.9205483  0.9526962  0.92685866 0.9439187  0.9228414
 0.9411813  0.9458802  0.93730134 0.9448761  0.9387914  0.91258496
 0.9430586  0.9490193  0.9441025  0.94413257 0.9455778  0.9376217
 0.93882704 0.9489324  0.9260286  0.9366368  0.9358386  0.9461125
 0.9392775  0.94282234 0.941239   0.9431461  0.94239616 0.94565624
 0.93231523 0.9406451  0.93259406 0.93205035 0.9366032  0.9434621
 0.94074345 0.9478799  0.9300437  0.94435394 0.9512703  0.9497266
 0.92727965 0.9493588  0.9393575  0.9405712  0.9127674  0.9525658
 0.95038974 0.9477792  0.93942213 0.94083726 0.9433663  0.939453
 0.94576776 0.92807907 0.93772566 0.94446105 0.9478221  0.94893134
 0.9240009  0.93302083 0.9514258  0.9447238  0.93990874 0.92449224
 0.93261427 0.9328904  0.94506234 0.94698966 0.92733705 0.94052815
 0.94016147 0.92773646 0.94266576 0.953091   0.9369315  0.9454818
 0.9302435  0.9144703  0.94666594 0.9393101  0.93836343 0.9388659
 0.9502146  0.9386167  0.94038886 0.94257295]",0.0038517737,48.17323589324951,357.0537211518216
GradSymplecticNNgHMC,0.9,autograd,normal_normal,SynchronousLeapfrog,0.1,"[0.9007794  0.93632716 0.9473034  0.92437446 0.77686423 0.9196967
 0.92037237 0.93560123 0.9500184  0.9356715  0.9499297  0.8893716
 0.9474088  0.91694444 0.9526207  0.9264628  0.9420154  0.91198605
 0.9407377  0.9436835  0.93670815 0.94360065 0.9383478  0.91385794
 0.9411451  0.94836426 0.94473976 0.94335926 0.9455115  0.9355163
 0.9346377  0.94926405 0.91807    0.9339358  0.93416166 0.94351214
 0.9379422  0.94177234 0.9407538  0.94073045 0.9395828  0.9455988
 0.93161076 0.9393028  0.93129313 0.9318709  0.9298374  0.94375217
 0.93731785 0.94755256 0.9259533  0.9425305  0.95105094 0.9493405
 0.9257952  0.94877166 0.93622464 0.9405929  0.9095627  0.952518
 0.94983983 0.94647825 0.9382751  0.9406643  0.9424938  0.9373783
 0.9452174  0.9285652  0.9371807  0.94415414 0.947464   0.9480971
 0.9211816  0.9308941  0.95125854 0.94588244 0.9383576  0.92242575
 0.9315235  0.9269341  0.94456524 0.94530004 0.9264859  0.9374978
 0.9387922  0.923705   0.9429016  0.9528942  0.93618965 0.94608015
 0.9309443  0.9163407  0.9458413  0.93725634 0.9389986  0.9354625
 0.95039177 0.93793285 0.9403803  0.94339514]",0.008817873,299.0753548145294,177.0716232382498
GradGSymplecticNNgHMC,0.9,autograd,normal_normal,SynchronousLeapfrog,0.1,"[0.9044053  0.9390836  0.94760245 0.92673373 0.89310646 0.91848946
 0.92963827 0.93442094 0.9506097  0.93585145 0.9497856  0.9222832
 0.94746673 0.9170836  0.9527334  0.92744577 0.94449586 0.918344
 0.9413532  0.94412273 0.9370608  0.9454958  0.93898773 0.91157365
 0.9427826  0.94876117 0.94465494 0.94348496 0.9457699  0.9375658
 0.9396555  0.94785166 0.9249363  0.93863547 0.9350362  0.94464433
 0.9387363  0.9419565  0.942099   0.9423201  0.9405593  0.94656205
 0.9321444  0.9385041  0.9316548  0.9337529  0.9367961  0.9438696
 0.9424255  0.94751066 0.9277096  0.9435825  0.9512589  0.9498644
 0.92701423 0.9491808  0.93782127 0.94099665 0.9110717  0.95255995
 0.95008445 0.9461529  0.93973845 0.9405017  0.943397   0.9394038
 0.94643134 0.9295912  0.9373815  0.9447783  0.94784343 0.9476182
 0.92332363 0.93310297 0.9508618  0.94353074 0.9390274  0.92473143
 0.9326403  0.9307677  0.9452206  0.94697255 0.9277247  0.94211316
 0.9395792  0.92630213 0.94285727 0.9530198  0.9372667  0.9461653
 0.9304108  0.9163372  0.9451809  0.93878525 0.93981904 0.9402312
 0.94931906 0.93841255 0.94093645 0.94256103]",0.0044872714,65.26474666595459,280.2747803038245
HMC,1.0,autograd,banana,SynchronousLeapfrog,0.1,"[0.8939431  0.96993196 0.8872129  0.7008554  0.9087626  0.9295411
 0.92045677 0.9338276  0.9623865  0.866197   0.9385817  0.89804476
 0.9647713  0.6177711  0.95376253 0.79851484 0.9002756  0.8920765
 0.966715   0.94685906 0.9668941  0.9815768  0.8051526  0.9432801
 0.9538211  0.9477247  0.9190339  0.959723   0.9395255  0.95283353
 0.95186776 0.8604306  0.8683065  0.9888484  0.7751126  0.96219575
 0.8722446  0.9111416  0.91821593 0.95713437 0.89162105 0.9762845
 0.9130938  0.87906206 0.8597717  0.8527724  0.77189314 0.9202029
 0.934519   0.9513531  0.8794963  0.87272143 0.9820203  0.9830003
 0.9318325  0.8897178  0.9416307  0.86408657 0.9420061  0.9239894
 0.84039485 0.9398092  0.97181845 0.9311032  0.9419372  0.9714925
 0.9420047  0.8503932  0.91567725 0.87865865 0.84515876 0.9014327
 0.9830681  0.94468087 0.94210714 0.8896369  0.90124035 0.91006196
 0.74416536 0.8657538  0.90910435 0.935799   0.91994995 0.92941797
 0.96336    0.8470305  0.90350246 0.963943   0.9695308  0.97871816
 0.91697234 0.91967666 0.9414023  0.9609164  0.92671317 0.9636919
 0.9121957  0.9173795  0.96679896 0.91482866]",6.076561e-13,22.4477961063385,1.343913080510769
NNgHMC,1.0,autograd,banana,SynchronousLeapfrog,0.1,"[0.7125858  0.9336628  0.36885437 1.9384058  0.8066856  0.9590974
 0.3981167  0.7318513  0.97525775 0.41826662 0.62479144 0.0947287
 0.9664558  3.8684063  0.79019135 0.6455661  0.60057795 0.9056367
 0.60746783 0.90909004 0.8912182  0.97758913 0.5715745  0.32830864
 0.706628   0.6281904  0.5422625  0.7500161  0.8881602  0.6499796
 0.6894254  0.89778936 0.32166874 0.9590752  2.108009   0.9469229
 0.2115364  0.70944184 0.9342499  0.88637626 0.7847681  0.81528604
 0.275872   0.35252005 0.307164   0.78950995 1.7701725  0.75267684
 0.93561995 0.48789877 0.2528847  0.9084052  0.982759   0.98470736
 0.4801737  0.46904072 0.73844284 1.1964959  0.9452192  0.7311586
 0.63470256 0.93856823 0.9536528  0.02546429 0.6648179  0.8408989
 0.92172146 0.9312695  0.32129738 1.0189385  0.520378   0.9228503
 0.9766445  0.96013284 0.33038902 0.9063076  0.58722734 0.92388475
 0.01270139 0.89485633 0.58993554 0.48359403 0.87656564 0.957808
 0.9636506  0.80513567 0.73328686 0.8415561  0.87371826 0.975927
 0.84449625 0.79598176 0.7323655  0.9499704  0.404487   0.8723785
 0.47511888 0.36237216 0.8238346  0.79126406]",4.5474734e-15,18.74698257446289,1.5199351228023552
NNODEgHMC,1.0,autograd,banana,SynchronousLeapfrog,0.1,"[0.7309065  0.8273012  0.06755166 1.2764995  0.6590172  0.9152305
 0.52631396 0.83694494 0.9719574  0.02647558 0.79351664 0.27990216
 0.96476924 4.618823   0.77995527 0.44801998 0.61442435 0.9085452
 0.34909362 0.9076867  0.74048966 0.945996   0.5760704  0.01617701
 0.71224344 0.38616395 0.7655654  0.7585989  0.92142075 0.6580919
 0.48689684 0.85932446 0.5933521  0.9531695  1.4336138  0.95804584
 0.15256742 0.7245554  0.8727571  0.9113175  0.8686325  0.7074825
 0.58154553 0.36688632 0.2434223  1.2141993  1.1127397  0.7441143
 0.89087677 0.1683985  0.21104702 0.91496485 0.97702074 0.9841541
 0.34627303 0.6911081  0.7488611  1.704766   0.94813716 0.78611803
 0.444576   0.9562003  0.9762486  0.41128606 0.84141576 0.8183174
 0.807413   0.90851974 0.5731396  1.4897789  0.11335178 0.89629674
 0.9746002  0.9630529  0.00669783 0.8849029  0.5900881  0.84765714
 0.18323573 1.3751745  0.59438646 0.17022388 0.73000133 0.95944536
 0.9506383  0.85045004 0.8344609  0.9373085  0.6987246  0.96050805
 0.85650957 0.6303155  0.61441225 0.8684069  0.64781255 0.9506031
 0.679788   0.09181628 0.81754416 0.852924  ]",7.659736e-11,24.45662569999695,1.7428244422784487
Explicit NNODEgHMC,1.0,autograd,banana,SynchronousLeapfrog,0.1,"[0.66399205 0.97205186 0.5268651  0.5688189  0.89493984 0.9353789
 0.25986943 0.621637   0.9699178  0.04691454 0.36200702 0.18110305
 0.9605578  5.111679   0.8261373  0.8566487  0.63144153 0.90892744
 0.7127542  0.9241903  0.74761057 0.9840411  0.49477148 0.5159782
 0.6543828  0.7562613  0.7149215  0.700417   0.842796   0.59330535
 0.82736397 0.9098767  0.0760084  0.9742845  2.025876   0.90592784
 0.7138368  0.7298951  0.93018025 0.8447424  0.8514732  0.88285744
 0.8300977  0.38938922 0.44599885 0.41478676 0.614462   0.71576595
 0.95633554 0.23238298 0.32786107 0.9124752  0.98554134 0.98687875
 0.5841364  0.19909507 0.76292217 0.80082005 0.94821256 0.659865
 0.7598525  0.84712666 0.861145   0.12018955 0.7373308  0.87819016
 0.90189874 0.9295041  0.05434637 0.56879604 1.0511053  0.9164478
 0.9761754  0.9319825  0.18024242 0.9179165  0.5343741  0.9321518
 0.15326993 0.5867461  0.535278   0.19310486 0.753526   0.9615349
 0.94309187 0.83930105 0.6125308  0.64945364 0.40156874 0.92413133
 0.85273594 0.90614426 0.81069255 0.87466204 0.21254835 0.9070219
 0.18514797 0.56721544 0.7924484  0.7167611 ]",8.022653e-11,37.058433532714844,1.9364924692727399
SymplecticNNgHMC,1.0,autograd,banana,SynchronousLeapfrog,0.1,"[8.0209227e+00 8.7889597e-02 2.6938695e-01 3.9457722e+01 7.6079416e-01
 7.1086974e+00 2.3571000e+00 2.7279976e-01 1.0904817e-01 6.1027145e+00
 2.3542938e+00 7.1754360e+00 2.5962710e+00 3.1008142e-01 5.0513005e-01
 9.2843208e+00 8.5146523e-01 7.9282534e-01 7.6840973e-01 2.2187688e+00
 6.8272948e+00 2.9527935e-01 7.4031752e-01 3.6472824e+00 1.0343719e+00
 3.6477280e+00 5.9835787e+00 4.4689509e-01 1.3712585e-01 1.3643975e+00
 6.5840042e-01 6.9867867e-01 1.5210977e+00 3.8353145e-01 2.7284878e+01
 4.4961536e-01 3.1315422e+00 4.0858907e-01 1.1534173e+00 4.2156529e+00
 1.3589363e+00 6.4509702e-01 1.2651843e+01 1.2924342e-01 6.9773321e+00
 8.3749789e-01 1.1906731e+01 3.3279091e-02 3.0026847e-01 9.2392623e-02
 3.3948684e-01 9.3639964e-01 2.0677686e-01 1.6674349e-01 1.8813220e-01
 7.6292357e+00 3.0757159e-01 7.8080845e-01 1.5265068e+00 1.8311666e+00
 9.4707811e-01 3.1605598e-01 3.6239009e+00 7.9456872e-01 9.0138130e+00
 2.5284737e-01 4.2265940e+00 4.4770613e+00 9.3574600e+00 8.8602370e-01
 1.1826503e+01 6.1080468e-01 8.6832762e-01 3.3896663e+00 1.2167600e-01
 9.0457618e-01 2.8175983e-01 6.0278225e+00 4.9721308e+00 3.7652397e-01
 1.5559056e+00 3.3084750e-01 3.3728046e+00 5.6713217e-01 2.3289632e-02
 1.5620001e+01 6.9568686e+00 4.4935999e+00 3.6269813e+00 1.0122268e+00
 8.0148435e-01 8.6488712e-01 9.2893159e-01 9.1623783e+00 4.5043945e+00
 5.4751692e+00 1.7241838e+00 8.1583446e-01 1.5665751e-02 4.5483717e-01]",4.8097987,116.31824803352356,1.1932467001936748
GSymplecticNNgHMC,1.0,autograd,banana,SynchronousLeapfrog,0.1,"[0.746601   0.4865925  0.8912275  0.5669341  0.29542422 0.36149716
 0.7648229  0.90556574 0.9770686  0.72988796 0.941875   0.6823231
 0.9598755  4.8631105  0.8848361  0.10817547 0.7570443  0.90922093
 0.5552109  0.94969475 0.72039115 0.9789388  0.33373463 0.65180624
 0.8616085  0.43549198 0.39059192 0.87625426 0.91190374 0.8017005
 0.6061557  0.90206707 0.8014716  0.9843218  0.84827423 0.9650411
 0.8946368  0.9062473  0.7864427  0.9168354  0.21755652 0.87549484
 0.05949622 0.7534289  0.36339602 0.7077955  0.6989045  0.8993653
 0.9509284  2.0228515  0.70709276 0.93452734 0.9830923  0.984846
 0.7576398  0.95070255 0.90239304 1.7595762  0.951131   0.80494356
 0.7143499  0.53978366 0.88886535 1.2262545  0.4356748  0.94173354
 0.18189561 0.12134679 0.91914606 1.1157416  0.75503004 0.9217248
 0.98131526 0.9588725  1.4362764  0.91615963 0.73744905 0.1399992
 0.33192962 1.6120539  0.7053928  2.1717205  0.8662183  0.955116
 0.9644253  0.19677293 0.8693299  0.8120582  1.5289726  0.85628337
 0.9454536  0.4969638  0.83502525 0.38503313 0.7896906  0.24641967
 0.92234266 0.17850327 0.9090085  0.9203631 ]",0.0069878646,19.39632773399353,7.770777596824839
GradSymplecticNNgHMC,1.0,autograd,banana,SynchronousLeapfrog,0.1,"[2.1501945e-01 2.3038306e+00 4.2369280e+00 6.3397169e-01 2.5099387e+00
 2.1967452e+00 1.4370695e-01 3.7762970e-01 3.4164721e-01 7.6910332e-02
 5.3555489e-01 9.3118653e-02 5.8417988e-01 8.5090504e+00 1.5225039e+00
 7.1036673e-01 1.6430771e+00 3.9431399e-01 3.5902362e+00 6.3063353e-01
 2.7228878e+00 1.1347270e+00 2.9544663e+00 3.9065254e+00 9.5397234e-02
 3.4452262e+00 7.6319683e-01 2.2004064e-02 4.6410012e-01 2.0331196e-01
 2.6470327e+00 1.0923837e+00 4.6677995e-01 9.5396852e-01 7.0113099e-01
 1.0044814e+00 1.0783677e-01 7.9704821e-01 1.6016821e+00 2.3880917e-01
 1.1852692e+00 1.9576378e+00 4.1428155e-01 1.3751383e+00 6.7788982e-01
 5.3869696e+00 5.9428728e-01 3.6800622e-03 1.1733084e+00 3.9378641e+00
 1.9709773e+00 6.6376321e-02 9.6331567e-01 5.6841677e-01 2.2587583e+00
 2.7021629e-01 9.3580955e-01 6.2429886e+00 6.8247318e-02 4.8207313e-02
 2.2007892e+00 1.6487834e+00 1.2653266e+00 4.7759800e+00 8.8004750e-01
 1.2818024e+00 2.3100998e+00 2.2163434e+00 2.0860609e-01 5.7352972e+00
 3.6045867e-01 1.0846040e+00 4.2699835e-01 1.0296935e+00 4.3348942e+00
 1.0182211e+00 2.1305761e-01 1.9645833e+00 3.9452481e-01 5.7985473e+00
 2.9748496e-01 4.1345482e+00 2.9671173e+00 4.0195221e-01 1.0783916e+00
 1.2062904e+00 3.3023795e-01 1.0435889e+00 2.9621859e+00 1.4896672e+00
 3.1685019e-01 2.4701052e+00 2.0719087e+00 2.1609378e+00 4.6118864e-01
 1.3397157e+00 3.3382618e-01 3.6430454e+00 1.1802023e-02 4.5473212e-01]",3.5713377,392.5431754589081,2.0110230057589016
GradGSymplecticNNgHMC,1.0,autograd,banana,SynchronousLeapfrog,0.1,"[8.7971991e-01 1.4329650e+01 4.5542461e+01 3.5821523e+03 2.0180578e+01
 7.8824501e+01 8.1949329e-01 9.1779745e-01 8.2979721e-01 4.8277813e+01
 4.2238970e+00 4.9272827e+01 9.5820427e-01 6.3069585e+03 9.5276225e-01
 6.8597901e-01 9.1936755e-01 8.9488000e-01 4.3245720e+01 9.4691980e-01
 2.1929839e+02 9.6133316e-01 4.2985567e-01 4.1769020e+01 8.0486482e-01
 4.3180824e+01 5.4942974e+01 8.5541070e-01 9.3948281e-01 8.4665620e-01
 1.6022737e+00 7.8351468e-01 3.5757904e+01 9.8118031e-01 3.9444008e+01
 9.3847215e-01 1.0189844e+01 9.2330450e-01 5.2095985e+00 9.5167893e-01
 6.6531464e+01 9.1358829e-01 4.3141274e+03 7.9629672e-01 5.5258030e-01
 7.6509032e+00 7.1762177e+02 6.6138589e-01 8.6879528e-01 3.3444136e+03
 6.6404051e-01 9.2091531e-01 9.8571920e-01 9.8735178e-01 7.5456810e-01
 2.8477091e-01 9.3967956e-01 4.2672558e+01 9.4384944e-01 9.3662322e-01
 3.5176677e-01 2.8701809e+01 2.9446511e+00 4.2170128e+01 4.3614361e+01
 9.2072934e-01 5.2955826e+01 4.4735466e+01 1.0671082e+01 2.5081371e+01
 3.0545783e+00 8.3931673e-01 9.8272455e-01 9.5607924e-01 8.0632744e+01
 8.2636726e-01 8.2602090e-01 3.9600014e+01 7.9227579e-01 4.2005142e+01
 8.5762167e-01 2.4381191e+03 1.1949276e+02 9.6533775e-01 9.2088711e-01
 8.4347466e+01 8.5511839e-01 1.8375925e+01 3.5648696e+03 2.9040775e+00
 9.4815636e-01 9.3364620e+00 8.3090067e-01 2.0214934e+02 4.0625164e+01
 4.4940395e+01 2.3689489e+00 2.7062755e+00 8.2091117e-01 8.6605752e-01]",455.13196,35.318846464157104,1.215401367357202
HMC,1.0,autograd,gaussian,SynchronousLeapfrog,0.3,"[0.9114342  0.94829434 0.9029435  0.9091158  0.95210665 0.94616735
 0.94567394 0.9467368  0.937148   0.92505395 0.9028125  0.94136286
 0.95196426 0.9310462  0.94856167 0.93235445 0.94440264 0.94774294
 0.9562208  0.9423186  0.9485998  0.93214583 0.9544506  0.9451151
 0.9213432  0.9541537  0.9458151  0.9485167  0.92135763 0.9257147
 0.9423961  0.9269551  0.9326753  0.8784914  0.94705045 0.9593533
 0.938394   0.92799103 0.93769836 0.9486517  0.9276811  0.9288718
 0.93043995 0.94016397 0.9573904  0.9390594  0.93228024 0.94421095
 0.9559674  0.9158554  0.9446595  0.94384354 0.9444558  0.9449309
 0.9593018  0.9503447  0.95434415 0.9430374  0.9405968  0.94741696
 0.92373085 0.94004834 0.95293707 0.9471633  0.94111633 0.9442276
 0.89991915 0.9524604  0.9404659  0.9321321  0.9415142  0.9502435
 0.9355714  0.93888843 0.94794863 0.9288796  0.9412106  0.94709796
 0.94179887 0.92066425 0.9349607  0.89268535 0.94444406 0.9543724
 0.9556011  0.94071555 0.9457204  0.94653606 0.9382846  0.9469116
 0.92530483 0.9397212  0.94076025 0.9506809  0.93590516 0.9488594
 0.94512504 0.94641566 0.95834225 0.9171447 ]",6.959248e-15,17.962157011032104,1309.4776876471112
NNgHMC,1.0,autograd,gaussian,SynchronousLeapfrog,0.3,"[0.9111156  0.94848466 0.9030749  0.90514565 0.9527044  0.9469224
 0.9465393  0.9465698  0.93728626 0.9242548  0.90056247 0.9414622
 0.9518082  0.93226355 0.94850993 0.9325773  0.94430304 0.9476584
 0.95639694 0.9421997  0.9486325  0.9322445  0.95437026 0.9457261
 0.9194267  0.9540555  0.9458016  0.9487063  0.9206567  0.92464703
 0.94279134 0.9274421  0.9332603  0.87765694 0.9473566  0.9593868
 0.9381505  0.9278507  0.9378158  0.9494308  0.9266156  0.9280127
 0.9306771  0.9406957  0.9574319  0.9395134  0.9314294  0.9437792
 0.95574063 0.91724634 0.94450855 0.94373655 0.94438124 0.9462383
 0.9594428  0.9504943  0.954175   0.94375336 0.9409234  0.9475453
 0.92461824 0.94075793 0.95297736 0.9472481  0.9414763  0.9443058
 0.896554   0.952377   0.94050837 0.931466   0.94151086 0.9504559
 0.93467    0.9393038  0.9482758  0.9286076  0.94098604 0.94723046
 0.94166994 0.9212128  0.9350338  0.8878298  0.9443523  0.95449436
 0.9554738  0.94075394 0.94592655 0.9469662  0.93868697 0.9471404
 0.9255192  0.9401676  0.9407338  0.9508734  0.9362136  0.9485933
 0.9452777  0.9468247  0.9585721  0.91783345]",5.244879e-15,17.114365100860596,1300.6733833628741
NNODEgHMC,1.0,autograd,gaussian,SynchronousLeapfrog,0.3,"[0.91135645 0.9484355  0.9028632  0.9055594  0.95246816 0.94665927
 0.9461919  0.9464811  0.9370958  0.9247514  0.9010543  0.94140995
 0.95173377 0.9318408  0.9485297  0.9327754  0.94428575 0.9477719
 0.95639753 0.94244784 0.9487449  0.9317765  0.95443505 0.94557905
 0.9202441  0.95411193 0.9457692  0.94870365 0.92115545 0.92463136
 0.942764   0.92713785 0.93292373 0.87779415 0.947183   0.9593581
 0.93824327 0.9278202  0.93787545 0.9491948  0.92715085 0.9284832
 0.93050814 0.9405665  0.9572789  0.9392538  0.9315393  0.9439348
 0.95585436 0.9171249  0.9445841  0.94393843 0.94444656 0.9456975
 0.9595014  0.95059985 0.9542738  0.9434817  0.9408916  0.94741505
 0.9241613  0.94047374 0.9528176  0.9472555  0.9414139  0.94409645
 0.8972478  0.9524205  0.94040143 0.9318131  0.94147843 0.95061415
 0.93510115 0.93906736 0.9482729  0.9288844  0.9410293  0.94720316
 0.94178    0.9204166  0.93508136 0.8895957  0.9446262  0.954316
 0.95553464 0.9407012  0.9457679  0.94676626 0.93858516 0.94706476
 0.9249681  0.9398445  0.9409825  0.95065546 0.9359983  0.9486742
 0.94532984 0.9465889  0.95858717 0.91771907]",2.9123063e-14,15.377523422241211,1297.1578510696777
Explicit NNODEgHMC,1.0,autograd,gaussian,SynchronousLeapfrog,0.3,"[0.8411627  0.95216125 0.90690875 0.67746085 0.93538415 0.9373316
 0.92901206 0.9268705  0.9309942  0.8904969  0.9008776  0.9356202
 0.95434344 0.9049265  0.95026445 0.9062904  0.91460866 0.8852185
 0.9384817  0.93121433 0.94305205 0.9127134  0.95486546 0.9145049
 0.85693187 0.8851711  0.9459344  0.9315014  0.85667646 0.8623588
 0.89904404 0.92834353 0.9233632  0.7946533  0.954508   0.95780504
 0.7404153  0.92699623 0.84433913 0.7954385  0.9237939  0.91273296
 0.9056245  0.9390442  0.956485   0.94157386 0.9277062  0.95203465
 0.9519695  0.9105787  0.94230306 0.93545437 0.9021841  0.9151055
 0.954175   0.9478271  0.95001954 0.7384609  0.9363985  0.9484865
 0.9189292  0.8950552  0.9449992  0.94238615 0.92362225 0.9281353
 0.83516467 0.95129013 0.9214708  0.762195   0.93205446 0.94375056
 0.88436335 0.85899913 0.9365522  0.9020454  0.92845225 0.7667904
 0.9292002  0.87551117 0.91174316 0.8284354  0.91599697 0.9531562
 0.9462266  0.8762467  0.9257059  0.94663024 0.94722354 0.94521654
 0.75731677 0.9208561  0.9296526  0.94755906 0.9345922  0.85987985
 0.94435424 0.948869   0.95019406 0.84628266]",4.3201258e-13,19.843600273132324,52.42989172105792
SymplecticNNgHMC,1.0,autograd,gaussian,SynchronousLeapfrog,0.3,"[5.17905000e+05 3.92713984e+04 2.79981250e+05 2.81206600e+06
 2.58767844e+05 1.53134375e+05 4.51253844e+05 3.79335562e+05
 2.08117375e+05 1.53573338e+06 5.52226055e+04 1.48431602e+04
 6.59085703e+04 3.34141219e+05 2.70019125e+05 1.74045031e+05
 1.95661969e+05 1.85776797e+05 6.53599125e+05 8.60470581e+02
 2.31759344e+05 1.04279325e+06 5.25274188e+05 5.42609688e+04
 3.36813188e+05 1.16809688e+05 7.34412188e+04 9.86656719e+04
 2.88296000e+05 3.14608875e+05 9.01096250e+04 2.78832250e+05
 1.36013656e+05 1.21228350e+06 1.46740547e+05 3.48204375e+04
 4.38167000e+05 1.62931797e+04 6.93510312e+05 2.55267656e+05
 7.35453750e+04 9.45341875e+04 7.69554062e+04 1.26355836e+05
 1.60153064e+03 3.15808838e+02 1.37197203e+05 1.34309906e+05
 3.55810000e+05 1.80847188e+05 1.39524000e+05 2.01630640e+03
 1.11693234e+05 2.90774438e+05 3.19202305e+04 1.49019172e+05
 1.52801328e+04 6.73584438e+05 1.75112531e+05 6.38100562e+05
 2.50752672e+05 5.38170875e+05 2.72347969e+04 3.60295391e+04
 8.44169375e+05 4.04300938e+05 1.14981398e+05 4.37525391e+03
 4.10339812e+05 1.24156975e+06 2.08460750e+05 1.54077422e+04
 6.67203203e+04 5.14875750e+05 2.15237617e+04 4.37455500e+05
 1.14389824e+04 1.54412125e+05 5.07104438e+05 1.05757338e+06
 1.03773047e+05 2.19479609e+05 1.02428648e+05 6.79787842e+03
 2.56013184e+02 8.41463047e+04 2.23044180e+04 9.60645859e+04
 1.22001797e+04 1.17198184e+04 1.17467688e+06 6.20796500e+05
 4.28738711e+04 1.76257294e+02 1.11438344e+05 5.05397250e+05
 3.17557688e+05 5.11330391e+04 7.37739688e+04 2.84406062e+05]",2.8834407e+14,48.43651509284973,1000.0
GSymplecticNNgHMC,1.0,autograd,gaussian,SynchronousLeapfrog,0.3,"[0.91538775 0.95375144 0.91918874 0.8766014  0.9473347  0.9481052
 0.9455454  0.9450563  0.9387393  0.9125259  0.9165698  0.94234216
 0.955219   0.9369692  0.94886035 0.9320853  0.9377817  0.94478273
 0.95175475 0.94549435 0.94737667 0.92432517 0.9548928  0.9435986
 0.9214895  0.9497342  0.95010793 0.9437547  0.91672295 0.9267444
 0.9375021  0.92794985 0.93461883 0.87565964 0.9505972  0.9593918
 0.93178487 0.9338631  0.93052095 0.93647563 0.9195088  0.9222571
 0.9354998  0.9431871  0.9582274  0.94302815 0.9232068  0.9510126
 0.95629823 0.9220955  0.946418   0.94216937 0.9398855  0.94174594
 0.96002245 0.9497647  0.95616245 0.9291221  0.9443401  0.9492137
 0.9299957  0.9375342  0.95449257 0.94649935 0.9366972  0.94100803
 0.9063225  0.953798   0.93962944 0.91539156 0.94193363 0.9514601
 0.92667115 0.931005   0.94791716 0.93306625 0.9394212  0.93586695
 0.94030607 0.90926594 0.9391159  0.882029   0.94468343 0.9549405
 0.9537079  0.93790996 0.9449687  0.9483956  0.9461583  0.949098
 0.9046926  0.93639064 0.9440243  0.95130014 0.93622375 0.9464803
 0.94684476 0.94939077 0.9571986  0.9147519 ]",0.034605823,11.73549747467041,177.06693344896857
GradSymplecticNNgHMC,1.0,autograd,gaussian,SynchronousLeapfrog,0.3,"[5.17905250e+05 3.92716016e+04 2.79980562e+05 2.81206350e+06
 2.58768484e+05 1.53134688e+05 4.51254562e+05 3.79335750e+05
 2.08116844e+05 1.53573100e+06 5.52228047e+04 1.48432764e+04
 6.59089219e+04 3.34140969e+05 2.70018562e+05 1.74044750e+05
 1.95661969e+05 1.85776375e+05 6.53599938e+05 8.60496460e+02
 2.31758625e+05 1.04279462e+06 5.25273875e+05 5.42607188e+04
 3.36813438e+05 1.16809367e+05 7.34409766e+04 9.86659609e+04
 2.88296562e+05 3.14608438e+05 9.01093750e+04 2.78832531e+05
 1.36013266e+05 1.21228450e+06 1.46740875e+05 3.48206797e+04
 4.38166594e+05 1.62930625e+04 6.93509625e+05 2.55267406e+05
 7.35455859e+04 9.45344375e+04 7.69556562e+04 1.26355461e+05
 1.60156580e+03 3.15793121e+02 1.37197594e+05 1.34310188e+05
 3.55810000e+05 1.80847375e+05 1.39524234e+05 2.01627246e+03
 1.11693438e+05 2.90774844e+05 3.19204180e+04 1.49019422e+05
 1.52800410e+04 6.73583750e+05 1.75112109e+05 6.38101000e+05
 2.50752125e+05 5.38171125e+05 2.72349062e+04 3.60296992e+04
 8.44171625e+05 4.04301094e+05 1.14981555e+05 4.37530078e+03
 4.10339844e+05 1.24156825e+06 2.08461172e+05 1.54076436e+04
 6.67205156e+04 5.14876094e+05 2.15236641e+04 4.37454969e+05
 1.14388779e+04 1.54411641e+05 5.07104219e+05 1.05757550e+06
 1.03772812e+05 2.19480000e+05 1.02428312e+05 6.79794824e+03
 2.56027283e+02 8.41461250e+04 2.23045215e+04 9.60642969e+04
 1.22002852e+04 1.17197217e+04 1.17467900e+06 6.20796188e+05
 4.28736953e+04 1.76247238e+02 1.11438062e+05 5.05396875e+05
 3.17558125e+05 5.11333438e+04 7.37741250e+04 2.84406375e+05]",2.8834407e+14,148.29527759552002,1000.0
GradGSymplecticNNgHMC,1.0,autograd,gaussian,SynchronousLeapfrog,0.3,"[0.9132904  0.9456226  0.91274023 0.91143817 0.9505125  0.9417283
 0.9419767  0.947888   0.93709725 0.92998517 0.90947664 0.941508
 0.9510204  0.92885077 0.94824255 0.9335157  0.9473154  0.9502225
 0.9567215  0.94132483 0.9486329  0.93460095 0.9539232  0.941075
 0.92054003 0.9559991  0.94507045 0.94756716 0.9238147  0.92430323
 0.9438397  0.9304322  0.9322765  0.8851458  0.94575137 0.9593818
 0.9428358  0.92675686 0.94194126 0.9487772  0.9294305  0.9319829
 0.93013686 0.9400543  0.9569842  0.93907136 0.9314353  0.9417996
 0.9564473  0.91623586 0.94412726 0.9411766  0.9471066  0.94090843
 0.9591297  0.9512698  0.9542761  0.9444279  0.93931746 0.94766474
 0.9221631  0.9356486  0.9525447  0.9469809  0.9435389  0.946715
 0.90041196 0.952183   0.941514   0.93617094 0.9427523  0.95050704
 0.93415755 0.9407603  0.9486558  0.93487346 0.9433613  0.9492707
 0.94253397 0.9268321  0.9335486  0.89904374 0.9460039  0.95345724
 0.9562596  0.93709755 0.94569695 0.9448127  0.9376361  0.94406736
 0.92823124 0.9418118  0.94043726 0.9504131  0.9369011  0.95144284
 0.9447528  0.943858   0.9586193  0.92310107]",0.042253543,13.945563554763794,5.933776471990906
HMC,1.0,autograd,high_dimensional_gaussian,SynchronousLeapfrog,0.1,"[0.9347526  0.9359457  0.9299199  0.9384165  0.9442042  0.9370775
 0.9476161  0.9371438  0.936816   0.9463686  0.9288265  0.93853366
 0.9432167  0.93926513 0.9245612  0.9403092  0.93822235 0.94214046
 0.93088114 0.93494624 0.941      0.9395846  0.9315569  0.9369645
 0.9440656  0.93593895 0.93406314 0.9376256  0.93025374 0.9367659
 0.9429774  0.9326269  0.92888594 0.9433397  0.9396159  0.94138783
 0.9242438  0.9429034  0.9393541  0.9390726  0.94344395 0.92413557
 0.9330139  0.91997147 0.9361609  0.9409499  0.94064415 0.9309839
 0.94027364 0.94111013 0.94330966 0.9474977  0.9433831  0.9384844
 0.92969334 0.9304177  0.93131584 0.9400384  0.9345025  0.93033475
 0.94548106 0.9425802  0.93280315 0.9311029  0.92095816 0.9364437
 0.9372258  0.9272326  0.9418677  0.9483711  0.93871325 0.9424848
 0.93764067 0.94062203 0.93582314 0.93184793 0.9267211  0.92931193
 0.93892354 0.9395714  0.93870753 0.93101424 0.93762815 0.9441082
 0.94060075 0.9330487  0.94165754 0.93955755 0.9351861  0.93810534
 0.9406099  0.9426507  0.9394158  0.92908144 0.93924415 0.9378616
 0.9305116  0.9348887  0.9340457  0.93644094]",1.4246292e-15,53.546780824661255,186.00469243945815
NNgHMC,1.0,autograd,high_dimensional_gaussian,SynchronousLeapfrog,0.1,"[0.934736   0.93594164 0.92994714 0.93842834 0.9442109  0.9370755
 0.9476739  0.9371829  0.93677664 0.94640225 0.9287752  0.93858576
 0.9432298  0.93927777 0.9244641  0.94036615 0.9382348  0.94216573
 0.930844   0.93492985 0.94101715 0.9396431  0.9315491  0.9369537
 0.9440899  0.93591726 0.93404055 0.93764925 0.93020964 0.93679494
 0.94304276 0.93261164 0.928787   0.9433769  0.9396512  0.9414047
 0.92403126 0.9429424  0.93935126 0.9390521  0.9435105  0.9240769
 0.9329526  0.91978097 0.93619335 0.94096375 0.9406478  0.9309215
 0.9403173  0.94111323 0.9433285  0.9475326  0.94341326 0.93849057
 0.9296346  0.9303686  0.93129766 0.94006956 0.93450475 0.9303071
 0.94550276 0.94261277 0.93275017 0.9310663  0.920774   0.93640685
 0.93720126 0.9271649  0.9419354  0.94839466 0.9387932  0.9425062
 0.93764114 0.9406053  0.93580717 0.9318117  0.9265813  0.9292822
 0.93892896 0.93958557 0.9387252  0.93090075 0.93762255 0.9441521
 0.940616   0.9330113  0.9417049  0.9395673  0.93517053 0.93810195
 0.94063824 0.94266164 0.939432   0.92901295 0.9392613  0.9378468
 0.9304136  0.93485725 0.93403256 0.9364049 ]",1.5350542e-15,50.15835762023926,180.65210687218138
NNODEgHMC,1.0,autograd,high_dimensional_gaussian,SynchronousLeapfrog,0.1,"[0.9347898  0.9359366  0.9298333  0.9384615  0.9442579  0.93709564
 0.94767606 0.93711936 0.93680096 0.9464276  0.9287491  0.93857354
 0.9432564  0.9393296  0.9244625  0.94033456 0.93823564 0.9421811
 0.93084335 0.9349445  0.940997   0.939594   0.93148106 0.93696725
 0.94408476 0.93593425 0.9340827  0.9376745  0.9302006  0.93674695
 0.9429754  0.9325842  0.92885387 0.9433646  0.9396545  0.9414096
 0.9241599  0.9429161  0.93934244 0.9391417  0.9435305  0.9238958
 0.9329972  0.9196862  0.9361203  0.9409609  0.9406612  0.9309447
 0.9402966  0.9411547  0.94332427 0.9475271  0.9434085  0.93848455
 0.92959917 0.93036383 0.9312749  0.9400875  0.9344635  0.93027115
 0.94551766 0.9426176  0.93280756 0.93106496 0.92080593 0.9364265
 0.9372093  0.9270762  0.94192994 0.9484064  0.93873847 0.9425067
 0.9376485  0.94065106 0.9358284  0.9317409  0.9265637  0.929197
 0.93897504 0.9395945  0.9386883  0.930984   0.9376453  0.9441484
 0.9406473  0.93296826 0.9417013  0.93957585 0.93518734 0.9380945
 0.9406408  0.9426904  0.9394306  0.9289938  0.9392755  0.9378507
 0.9305676  0.93491197 0.9340768  0.9364046 ]",1.3196529e-14,46.04405856132507,178.61161974008527
Explicit NNODEgHMC,1.0,autograd,high_dimensional_gaussian,SynchronousLeapfrog,0.1,"[0.93272865 0.9329394  0.9240429  0.9370512  0.9431046  0.9324512
 0.9461347  0.9350718  0.93273616 0.94446295 0.9241697  0.9352192
 0.9413519  0.9362299  0.92057365 0.9376445  0.9360428  0.9402374
 0.92690647 0.93235624 0.93981063 0.93643844 0.92887247 0.93466413
 0.94346255 0.93309    0.9304835  0.9351885  0.9272977  0.93403834
 0.940568   0.9293256  0.92571294 0.94216347 0.9376162  0.93858194
 0.92019594 0.94142437 0.9361748  0.93627757 0.9404692  0.919027
 0.9298487  0.9179319  0.9318864  0.93945384 0.94004357 0.92777056
 0.93693537 0.9383316  0.94116676 0.9459881  0.94157505 0.93467015
 0.9256449  0.9259429  0.9274995  0.93760127 0.93113124 0.9280019
 0.9436749  0.94018936 0.92890024 0.9282813  0.9168581  0.93437165
 0.9340887  0.9222096  0.9360222  0.94817054 0.93623054 0.9410157
 0.9348047  0.93951845 0.9321693  0.92778724 0.9240696  0.9249274
 0.93593013 0.9366461  0.93676156 0.9278002  0.9342488  0.9432931
 0.9378704  0.9305105  0.9395248  0.93797725 0.93219566 0.93540955
 0.9377923  0.9414474  0.93638015 0.9247226  0.9376361  0.9351692
 0.92576444 0.9311274  0.9315002  0.9336216 ]",1.6745113e-14,61.660175800323486,32.45396672291411
SymplecticNNgHMC,1.0,autograd,high_dimensional_gaussian,SynchronousLeapfrog,0.1,"[0.934962   0.9360861  0.930763   0.9378306  0.94406384 0.937235
 0.94737804 0.93685865 0.93696237 0.9465174  0.92921007 0.9388647
 0.94314206 0.9391436  0.924205   0.93974316 0.9383399  0.9424075
 0.9301817  0.93462867 0.9407353  0.9396367  0.93217516 0.93661183
 0.94356716 0.93563926 0.9342104  0.9376032  0.92947143 0.93609923
 0.9431101  0.9320807  0.9291533  0.94330424 0.9397346  0.9408668
 0.9239725  0.9430448  0.93890405 0.93914795 0.9428859  0.9244132
 0.9328138  0.9194743  0.93613815 0.9410614  0.9409234  0.93173254
 0.9403128  0.94133586 0.9432327  0.9475026  0.9435155  0.9380597
 0.9295608  0.929685   0.9309826  0.9401908  0.9337907  0.9307269
 0.94525015 0.94235027 0.9321987  0.9308932  0.92191476 0.93637586
 0.9375777  0.92648125 0.9418014  0.94862056 0.93824875 0.9426629
 0.9377715  0.94096506 0.93627024 0.9318892  0.9259007  0.9298161
 0.9387555  0.9393177  0.9384854  0.93137074 0.93786323 0.9440405
 0.9404842  0.9331972  0.9415576  0.9393246  0.9353837  0.93824023
 0.9404499  0.94245493 0.9398011  0.9290174  0.9386691  0.9382353
 0.93009365 0.93517005 0.93391764 0.9363936 ]",0.005198124,140.09236788749695,100.70283944308527
GSymplecticNNgHMC,1.0,autograd,high_dimensional_gaussian,SynchronousLeapfrog,0.1,"[0.93517697 0.9362339  0.9306549  0.9387417  0.94429743 0.9374255
 0.9479372  0.93740463 0.93720424 0.9465889  0.9294003  0.93900526
 0.94330806 0.93960464 0.9251733  0.9405085  0.93832034 0.942451
 0.93119687 0.93513864 0.9411175  0.9399106  0.9319358  0.9371928
 0.9441936  0.9361228  0.9342413  0.9378389  0.93048096 0.93715835
 0.9432001  0.9328539  0.9291743  0.9435407  0.9399409  0.9417918
 0.9246867  0.94305027 0.9396092  0.93943757 0.94390124 0.9246727
 0.93335474 0.9204065  0.9362583  0.9410417  0.9408495  0.9313826
 0.9405526  0.9413761  0.9435276  0.9474902  0.9435519  0.93872166
 0.9299795  0.93060124 0.93193424 0.94018954 0.93481576 0.9306358
 0.9455682  0.9428541  0.9332689  0.9312719  0.92139435 0.9367981
 0.93747205 0.9276478  0.9423458  0.9484601  0.939075   0.9427433
 0.93775165 0.94089186 0.9363456  0.93215835 0.9268838  0.9296694
 0.9392719  0.9397677  0.93895125 0.9313895  0.937991   0.9442053
 0.94085664 0.9334833  0.9419012  0.9394746  0.93518895 0.9381479
 0.94097704 0.9429164  0.93961114 0.9295952  0.9395602  0.93809986
 0.93101084 0.9355483  0.934412   0.9365196 ]",0.0041209348,76.32232427597046,67.35717062694388
GradSymplecticNNgHMC,1.0,autograd,high_dimensional_gaussian,SynchronousLeapfrog,0.1,"[0.93484175 0.9355742  0.930202   0.9384059  0.94431067 0.9370443
 0.9475767  0.9371883  0.9369899  0.9462735  0.9289307  0.93864274
 0.9431247  0.93924373 0.92454386 0.94039285 0.93807936 0.942157
 0.93092716 0.93477863 0.9411262  0.9393958  0.9317124  0.93699026
 0.9441676  0.93603075 0.9341852  0.9375603  0.9299859  0.9366379
 0.9429595  0.9324491  0.9289748  0.9435064  0.9396345  0.9414977
 0.9243016  0.94309247 0.9390806  0.9389531  0.9435477  0.92398167
 0.9331335  0.9200301  0.9359374  0.94102657 0.94079244 0.93129605
 0.9403512  0.9410205  0.94313085 0.9474181  0.94334954 0.93850744
 0.92946714 0.9306884  0.93126535 0.94002974 0.93451464 0.9305102
 0.9454579  0.9426281  0.9328062  0.93118066 0.92099255 0.93647784
 0.9370929  0.9270611  0.94201154 0.9483344  0.93888664 0.9424195
 0.93773454 0.94082254 0.93597066 0.93181795 0.92719376 0.9295165
 0.9389097  0.9394951  0.9385452  0.93130845 0.93768287 0.94417465
 0.94078034 0.93295115 0.94170797 0.9394025  0.9349785  0.9380779
 0.94080013 0.94253695 0.9392972  0.92914337 0.93923354 0.93795574
 0.93055665 0.934895   0.934371   0.93653315]",0.004894539,422.0488917827606,95.39420414723288
GradGSymplecticNNgHMC,1.0,autograd,high_dimensional_gaussian,SynchronousLeapfrog,0.1,"[0.93508196 0.9363491  0.93041563 0.9387479  0.94447935 0.9375164
 0.9477727  0.937557   0.9371681  0.94660324 0.9293813  0.9388391
 0.9434465  0.93955225 0.92515886 0.94062567 0.9385702  0.9423646
 0.93134296 0.9353427  0.9412634  0.9399476  0.9321096  0.93733585
 0.94428384 0.9362528  0.9345228  0.93799675 0.9307771  0.937186
 0.9432405  0.9330547  0.92940795 0.9435253  0.9398243  0.94172287
 0.92493117 0.94319236 0.93978614 0.9394414  0.9436904  0.924785
 0.93350905 0.92075896 0.93646264 0.94127315 0.94088733 0.93149036
 0.94059104 0.94146097 0.9436226  0.9476449  0.943686   0.93888366
 0.9302741  0.93087757 0.9318387  0.94030714 0.9348912  0.9309225
 0.9457397  0.9428384  0.93327415 0.9316456  0.9217727  0.93688077
 0.9376377  0.9278526  0.94214463 0.9485078  0.9390089  0.9427861
 0.9379264  0.9409466  0.9362297  0.9323117  0.92727894 0.92987776
 0.9393394  0.93990195 0.9390542  0.9315709  0.9380709  0.94432914
 0.9409447  0.93357897 0.9419705  0.93976295 0.93558013 0.9384893
 0.9409523  0.9428992  0.939696   0.92962444 0.93955487 0.93830764
 0.9310303  0.9353396  0.9344896  0.9368615 ]",0.0021972754,222.87881541252136,61.36178219329153
HMC,1.0,autograd,normal_normal,SynchronousLeapfrog,0.1,"[0.93869865 0.940175   0.93959016 0.90728396 0.9369048  0.95290804
 0.94245833 0.92010355 0.9339757  0.94271106 0.94873035 0.9402422
 0.93410754 0.9294933  0.93121016 0.9321557  0.94517803 0.91007537
 0.9477298  0.9393195  0.9468996  0.9459013  0.92333573 0.948027
 0.9484792  0.94812125 0.9466824  0.896443   0.90868825 0.94428885
 0.92431515 0.9432167  0.92659444 0.95301956 0.93884647 0.9413353
 0.94267344 0.9237868  0.9467392  0.91507834 0.94323486 0.9457327
 0.9449588  0.90456855 0.9169723  0.9456078  0.9131412  0.9409038
 0.9427248  0.94322765 0.94188374 0.9472213  0.942084   0.91273046
 0.934436   0.9406006  0.93287516 0.9328922  0.9443883  0.9520683
 0.9505559  0.94173163 0.9530277  0.9439523  0.95117015 0.94847053
 0.94816655 0.9421034  0.93803024 0.9424585  0.9478714  0.9366967
 0.94721603 0.9492296  0.9271455  0.94199395 0.93714345 0.92115927
 0.9466337  0.9350829  0.9473157  0.9219534  0.9430501  0.9405546
 0.9488322  0.8761438  0.94603527 0.9375287  0.9431536  0.93083954
 0.94999593 0.93991077 0.9338231  0.9503894  0.93578213 0.9445275
 0.9440415  0.9328281  0.9508375  0.94256234]",1.079345e-15,84.56183433532715,325.6714531592125
NNgHMC,1.0,autograd,normal_normal,SynchronousLeapfrog,0.1,"[0.93772006 0.9402493  0.9397235  0.9065804  0.9382924  0.95247
 0.9415134  0.9213939  0.9344263  0.94322836 0.9488032  0.94056547
 0.93435115 0.9291639  0.93081295 0.9319539  0.9450644  0.8904393
 0.9477167  0.9388034  0.94650126 0.94594336 0.9238634  0.94750726
 0.948621   0.9477705  0.9467392  0.89720213 0.90844905 0.94449633
 0.92436    0.9437     0.92207134 0.95308435 0.9388747  0.9414055
 0.9427899  0.9240052  0.94687986 0.91490215 0.9431576  0.9463004
 0.9449885  0.9057566  0.9172659  0.9457387  0.8978416  0.9400748
 0.9428012  0.9432242  0.9412675  0.94737864 0.94230783 0.91272944
 0.9341361  0.9403639  0.9327535  0.9314184  0.94382095 0.9519393
 0.95028627 0.9419446  0.9527631  0.944808   0.95099735 0.9481446
 0.9481225  0.9420742  0.93677014 0.9422714  0.9474535  0.9358268
 0.94731617 0.94868314 0.9272935  0.9436128  0.9366848  0.9222989
 0.9464246  0.9358885  0.94696224 0.9224409  0.94268394 0.94000137
 0.94897527 0.8786253  0.94547737 0.9378967  0.94332135 0.93086624
 0.94975805 0.9404708  0.93418586 0.9499171  0.93592966 0.944684
 0.94438934 0.93296087 0.9510902  0.943138  ]",1.3377493e-15,75.09143257141113,265.5174570790191
NNODEgHMC,1.0,autograd,normal_normal,SynchronousLeapfrog,0.1,"[0.9383308  0.9401529  0.9396226  0.90653217 0.9375486  0.9527973
 0.9422395  0.9210455  0.93402195 0.94281113 0.94872856 0.94026697
 0.9340636  0.9294443  0.9309907  0.9321114  0.9451307  0.8971863
 0.9477477  0.9391794  0.9465723  0.9459046  0.9233963  0.94791555
 0.9485595  0.9480537  0.94663036 0.89680755 0.9088248  0.94437164
 0.9243884  0.94347847 0.9245666  0.95310533 0.93895423 0.9413731
 0.94269586 0.92357624 0.94689596 0.9145708  0.9431442  0.94646287
 0.94510907 0.9051525  0.917037   0.9455447  0.90457577 0.9406416
 0.94269896 0.9431945  0.9418597  0.9471404  0.94227976 0.9121801
 0.9342017  0.94061995 0.9326994  0.9328495  0.9444506  0.95208395
 0.9505786  0.9417226  0.9529425  0.94498205 0.95122755 0.948472
 0.9482043  0.94209206 0.93735623 0.94235843 0.9478096  0.93679273
 0.9471878  0.9490435  0.9269928  0.94317913 0.9369389  0.92145586
 0.9465236  0.9362869  0.94724834 0.92222375 0.9428868  0.9405756
 0.94880885 0.87832785 0.9458372  0.9376687  0.9432397  0.9307213
 0.949924   0.9402496  0.9353672  0.9504239  0.93572927 0.9446313
 0.9441339  0.93318844 0.9508738  0.9425211 ]",1.2029372e-14,62.522825717926025,295.58748948294084
Explicit NNODEgHMC,1.0,autograd,normal_normal,SynchronousLeapfrog,0.1,"[0.9363537  0.9395711  0.9372837  0.9050921  0.9376437  0.95251244
 0.9287547  0.91889703 0.9306838  0.9430306  0.9489335  0.93990433
 0.9295394  0.9263031  0.92927665 0.9288332  0.9427552  0.794958
 0.94629544 0.9351598  0.94721353 0.9456668  0.92024684 0.9461683
 0.9481291  0.94603145 0.9467741  0.8914334  0.9059309  0.94302356
 0.9236196  0.9428998  0.88501155 0.95285547 0.93678474 0.93146646
 0.9438316  0.91994286 0.9453615  0.9147843  0.9306569  0.9408263
 0.94294524 0.9007307  0.910673   0.9429498  0.8272152  0.9239394
 0.941309   0.9430329  0.94075906 0.94803345 0.93958235 0.91016716
 0.9314515  0.9377973  0.9280715  0.9088461  0.9416461  0.9513952
 0.94978094 0.9426546  0.95274615 0.9377494  0.9503341  0.94861305
 0.9477209  0.94119656 0.9294696  0.9420993  0.94641685 0.91912234
 0.9473426  0.94943094 0.92527425 0.9392315  0.9216155  0.9149655
 0.94609994 0.92300075 0.9409342  0.9216139  0.9393901  0.92838097
 0.9490554  0.8683853  0.9442445  0.9346592  0.9410202  0.92942667
 0.95051324 0.93912506 0.9151145  0.9498118  0.93462723 0.94283724
 0.93706846 0.9289197  0.951503   0.94149494]",2.647214e-14,76.27988266944885,157.96171230899137
SymplecticNNgHMC,1.0,autograd,normal_normal,SynchronousLeapfrog,0.1,"[0.9401256  0.9388913  0.9377384  0.90887636 0.93865144 0.9525113
 0.9389922  0.9170661  0.931852   0.9439993  0.94824076 0.94022405
 0.93358374 0.92872304 0.93019557 0.93304956 0.9446577  0.8773223
 0.94659704 0.9409783  0.94624555 0.94550955 0.92440593 0.9481179
 0.94795895 0.9483136  0.9466557  0.89251316 0.9070678  0.94306153
 0.92395395 0.9446788  0.9051788  0.9532175  0.93963873 0.93777704
 0.94197404 0.9272458  0.9472823  0.9162121  0.9392199  0.9455051
 0.9438971  0.9096999  0.91681767 0.94551766 0.8727393  0.93638444
 0.94173115 0.9422436  0.9420438  0.94777143 0.9413068  0.9138956
 0.93311775 0.94046515 0.9352354  0.92891043 0.9449024  0.9514567
 0.9502983  0.9425119  0.95268667 0.94414973 0.95060074 0.9480915
 0.9479573  0.9419311  0.93397045 0.94275373 0.9474864  0.93462867
 0.94663763 0.9487705  0.925107   0.94298255 0.93096256 0.9196925
 0.9464266  0.9335356  0.94543594 0.92220753 0.9427006  0.93606204
 0.94868916 0.87888426 0.9464304  0.93574893 0.9414417  0.92922753
 0.9497041  0.94222564 0.930117   0.95010185 0.9348075  0.9430586
 0.94287527 0.93057275 0.9513216  0.9441234 ]",0.014466023,150.84402632713318,226.89943959680846
GSymplecticNNgHMC,1.0,autograd,normal_normal,SynchronousLeapfrog,0.1,"[0.94043845 0.93922055 0.9388883  0.9092163  0.93956035 0.95283574
 0.9426815  0.9221246  0.93343496 0.9431011  0.94830596 0.9400918
 0.93536115 0.9324171  0.9310903  0.9329934  0.94503355 0.9106474
 0.9472816  0.9413208  0.9462949  0.94580215 0.9239332  0.9485318
 0.94830644 0.9484042  0.94671345 0.8950617  0.907623   0.9439281
 0.9235708  0.9432614  0.9279833  0.95305914 0.9401566  0.9429101
 0.94211644 0.92554235 0.94679374 0.9153352  0.9449501  0.9467305
 0.9448475  0.90821123 0.9184239  0.946116   0.9070992  0.941996
 0.94202894 0.9423913  0.9434456  0.94697183 0.94248486 0.91280603
 0.93517387 0.94091105 0.93509734 0.9344098  0.9458989  0.9518935
 0.950726   0.94154763 0.9529664  0.9455799  0.9511498  0.9485604
 0.9481096  0.9418367  0.93665445 0.942347   0.94794726 0.9389105
 0.9465339  0.94896805 0.92600477 0.9447278  0.93912363 0.9216852
 0.94636554 0.9380306  0.9474217  0.9222747  0.94315183 0.9405986
 0.9485447  0.87986183 0.94637954 0.93708944 0.94277966 0.92996234
 0.9498815  0.94055116 0.937142   0.9506291  0.9351362  0.9441051
 0.9453827  0.9335922  0.9510118  0.9438421 ]",0.0035108977,51.72407293319702,347.3473200413711
GradSymplecticNNgHMC,1.0,autograd,normal_normal,SynchronousLeapfrog,0.1,"[0.93591523 0.9406805  0.94073886 0.90782213 0.9369892  0.95222014
 0.94102687 0.91976106 0.93454975 0.9435215  0.9491806  0.94092005
 0.93392026 0.9291378  0.93092334 0.9328153  0.9448554  0.88527507
 0.94822854 0.9385909  0.9461689  0.9459359  0.9248166  0.94681823
 0.9488375  0.9475068  0.94658566 0.8973203  0.9079749  0.9446908
 0.92407453 0.9429636  0.9135417  0.95290184 0.93827546 0.9386438
 0.9430248  0.9265198  0.9463317  0.9161515  0.94098663 0.9462573
 0.9452075  0.9079067  0.9169868  0.9449831  0.89011    0.9381172
 0.94367117 0.94366384 0.9404391  0.94760084 0.94143486 0.9163877
 0.93405676 0.9408215  0.93425816 0.9312417  0.94300336 0.9520507
 0.949828   0.9422757  0.9526695  0.94445455 0.95097184 0.94807833
 0.94804466 0.9418502  0.9372767  0.94211525 0.94742715 0.93515253
 0.94779    0.9483614  0.92933863 0.9427068  0.9328117  0.92210615
 0.9462757  0.9348508  0.9469566  0.92170703 0.94154215 0.9399004
 0.9491803  0.8771059  0.9449439  0.9383349  0.9435514  0.9321587
 0.9498503  0.93885183 0.934018   0.9494559  0.93632543 0.94495475
 0.94289255 0.9306321  0.951292   0.94269216]",0.006292109,299.9038724899292,10.872312668941712
GradGSymplecticNNgHMC,1.0,autograd,normal_normal,SynchronousLeapfrog,0.1,"[0.93802136 0.94051874 0.94033015 0.9065315  0.93558234 0.9528386
 0.9436485  0.9196889  0.9348507  0.94232893 0.9487275  0.9402592
 0.93470895 0.92962337 0.93155086 0.9327718  0.9456042  0.9127859
 0.94808805 0.9393992  0.94681895 0.9460153  0.92375994 0.9479523
 0.9485488  0.94829047 0.9468292  0.89780825 0.90965414 0.9446501
 0.92474353 0.94316906 0.92787236 0.95307386 0.93907714 0.9416258
 0.94254637 0.9245     0.94702804 0.9143919  0.9437067  0.94649076
 0.9453675  0.9053623  0.9182273  0.94588965 0.91948146 0.9418292
 0.94319963 0.94344825 0.9412519  0.94705385 0.94248027 0.9140297
 0.93473005 0.9410497  0.9334962  0.9342539  0.9441446  0.95215726
 0.950457   0.9414433  0.9530171  0.94454074 0.9512396  0.948285
 0.94828403 0.94246805 0.93918025 0.9426513  0.94791615 0.9381194
 0.9473003  0.9489893  0.9281337  0.9415902  0.93735826 0.9225285
 0.9467683  0.9353046  0.94808215 0.9221386  0.94372225 0.9422678
 0.948832   0.8780183  0.9459736  0.93834305 0.94371736 0.9316
 0.9498736  0.939638   0.9351686  0.9502026  0.93608713 0.94499254
 0.9441373  0.93347466 0.9506779  0.94182837]",0.005047252,70.22835350036621,186.14564879701487
