model,training_size,sensitivity,distribution,solver,step_size,hamiltonian_error,reversibility_error,time,ess
HMC,0.1,autograd,high_dimensional_gaussian,SynchronousLeapfrog,0.1,"[0.67269295 0.68209285 0.6710796  0.67263144 0.66404116 0.6725995
 0.66652435 0.67177695 0.67353296 0.66510165 0.6678535  0.6854905
 0.6691607  0.6786188  0.67960566 0.6641958  0.6792223  0.6679732
 0.67022675 0.6675825  0.67689824 0.6652372  0.67315435 0.67076826
 0.66683614 0.67084515 0.66991365 0.66364217 0.6781652  0.6766097
 0.66203785 0.6636731  0.66208076 0.676105   0.66712666 0.6715238
 0.67002076 0.66262305 0.6673019  0.67330635 0.6613476  0.67477244
 0.6703304  0.66488755 0.672493   0.6714872  0.67963123 0.6713152
 0.67477226 0.66407716 0.6744978  0.6821197  0.6800318  0.6694853
 0.6694759  0.66448003 0.67109334 0.6655539  0.669258   0.67014456
 0.6761715  0.6742136  0.6791549  0.66740954 0.6819331  0.67017925
 0.6724241  0.67198265 0.6719688  0.66397905 0.67142045 0.66112804
 0.67589444 0.67322654 0.6729283  0.6710315  0.6681988  0.67098427
 0.6629085  0.67585653 0.66785353 0.67064106 0.68136024 0.6783404
 0.6756716  0.6823768  0.66992784 0.66634154 0.6717064  0.666923
 0.6758652  0.6735131  0.6687403  0.6670815  0.6793382  0.67135227
 0.6685643  0.67829514 0.66911685 0.6672044 ]",1.2197535e+06,17.951723098754883,5879.743201140209
NNgHMC,0.1,autograd,high_dimensional_gaussian,SynchronousLeapfrog,0.1,"[0.67269295 0.68209285 0.6710796  0.67263144 0.66404116 0.6725995
 0.66652435 0.67177695 0.67353296 0.66510165 0.6678535  0.6854905
 0.6691607  0.6786188  0.67960566 0.6641958  0.6792223  0.6679732
 0.67022675 0.6675825  0.67689824 0.6652372  0.67315435 0.67076826
 0.66683614 0.67084515 0.66991365 0.66364217 0.6781652  0.6766097
 0.66203785 0.6636731  0.66208076 0.676105   0.66712666 0.6715238
 0.67002076 0.66262305 0.6673019  0.67330635 0.6613476  0.67477244
 0.6703304  0.66488755 0.672493   0.6714872  0.67963123 0.6713152
 0.67477226 0.66407716 0.6744978  0.6821197  0.6800318  0.6694853
 0.6694759  0.66448003 0.67109334 0.6655539  0.669258   0.67014456
 0.6761715  0.6742136  0.6791549  0.66740954 0.6819331  0.67017925
 0.6724241  0.67198265 0.6719688  0.66397905 0.67142045 0.66112804
 0.67589444 0.67322654 0.6729283  0.6710315  0.6681988  0.67098427
 0.6629085  0.67585653 0.66785353 0.67064106 0.68136024 0.6783404
 0.6756716  0.6823768  0.66992784 0.66634154 0.6717064  0.666923
 0.6758652  0.6735131  0.6687403  0.6670815  0.6793382  0.67135227
 0.6685643  0.67829514 0.66911685 0.6672044 ]",1.2197535e+06,44.61722803115845,5570.811189182129
NNODEgHMC,0.1,autograd,high_dimensional_gaussian,SynchronousLeapfrog,0.1,"[0.94116896 0.94072425 0.94123954 0.9409714  0.9413876  0.9411715
 0.94143677 0.9412322  0.9409842  0.9413346  0.9411535  0.94063425
 0.94114417 0.9407961  0.9411168  0.9413368  0.9409207  0.941295
 0.94129276 0.9409894  0.9408407  0.9413825  0.94100446 0.94113994
 0.9413543  0.94117    0.941189   0.9414047  0.940765   0.9411406
 0.94137573 0.9415064  0.9416828  0.9408095  0.9411955  0.9412284
 0.9411416  0.94122976 0.94110364 0.9411349  0.94157803 0.9407991
 0.94124734 0.94128627 0.9411801  0.9411988  0.9405253  0.9413137
 0.94114584 0.94138163 0.94108367 0.94057083 0.94070023 0.94121665
 0.9412477  0.94146955 0.9411904  0.9415018  0.94126666 0.94116545
 0.9406885  0.9409654  0.940979   0.9410136  0.9409144  0.94113004
 0.9410032  0.9409497  0.9412145  0.94147635 0.94110537 0.94149184
 0.94089067 0.94111127 0.9411231  0.9411869  0.9414119  0.94114494
 0.9413234  0.9410517  0.9412888  0.94103235 0.9406993  0.9408824
 0.94106805 0.9405834  0.9411532  0.9415082  0.9411305  0.94128263
 0.94111055 0.94101775 0.94132185 0.9413233  0.94094414 0.9410445
 0.9411387  0.9408328  0.9412445  0.94113827]",6.725895e-11,36.03862452507019,5700.0
Explicit NNODEgHMC,0.1,autograd,high_dimensional_gaussian,SynchronousLeapfrog,0.1,"[0.9400492  0.9395962  0.94012165 0.9398416  0.9402668  0.9400527
 0.9403228  0.94011545 0.9398563  0.9402129  0.9400253  0.93950653
 0.9400182  0.9396663  0.9400058  0.94021356 0.93979824 0.94017524
 0.94017637 0.93985194 0.9397108  0.94026375 0.9398774  0.94001645
 0.94023585 0.9400479  0.9400668  0.9402839  0.9396323  0.94002664
 0.94025105 0.940391   0.9405748  0.9396757  0.9400689  0.9401111
 0.9400169  0.9400985  0.93997306 0.9400152  0.94046354 0.93966293
 0.94012946 0.94016147 0.94006026 0.94008017 0.93938196 0.94020057
 0.94002914 0.9402606  0.9399632  0.9394344  0.9395678  0.94009554
 0.9401283  0.9403534  0.9400701  0.94038904 0.9401474  0.9400427
 0.93954915 0.93983793 0.9398601  0.93987775 0.93979645 0.9400052
 0.9398751  0.9398179  0.94009686 0.9403609  0.9399802  0.94037247
 0.93976104 0.93999016 0.9400021  0.94006604 0.94029856 0.94002223
 0.9401977  0.93993163 0.94016826 0.93990314 0.9395687  0.93975675
 0.9399482  0.9394481  0.94002956 0.94039714 0.9400079  0.94016075
 0.93999356 0.9398918  0.94020474 0.94020385 0.9398233  0.9399168
 0.94001114 0.9397046  0.9401238  0.940009  ]",2.6610603e-11,58.0529990196228,34.33446089628754
SymplecticNNgHMC,0.1,autograd,high_dimensional_gaussian,SynchronousLeapfrog,0.1,"[0.93878305 0.93759394 0.93807    0.93910205 0.9393878  0.93991864
 0.9399854  0.9387971  0.9372191  0.93936986 0.9379832  0.93904656
 0.9406025  0.93844044 0.9366917  0.9399919  0.93750906 0.9381375
 0.9379696  0.94016045 0.9373378  0.9390478  0.9392271  0.9387747
 0.9393209  0.9373624  0.94085014 0.93710446 0.9412563  0.9385681
 0.9389949  0.94005334 0.9381282  0.9389677  0.9377858  0.9390825
 0.93947303 0.94078445 0.94058824 0.9406585  0.93827915 0.93931293
 0.93924254 0.93772626 0.93841904 0.9384737  0.93814754 0.9375123
 0.9405072  0.9404456  0.9386414  0.93869704 0.9387554  0.93979263
 0.9378068  0.93833816 0.93871355 0.93884885 0.9359151  0.93978214
 0.93965524 0.937936   0.9377286  0.938715   0.9356885  0.9381428
 0.9409422  0.9383005  0.9398684  0.93760175 0.9392899  0.93895596
 0.9373745  0.93718386 0.93920344 0.9383742  0.94018936 0.93988174
 0.93844813 0.93842095 0.9389426  0.9411584  0.93870896 0.9375326
 0.9380243  0.9382615  0.9372586  0.93860286 0.9385681  0.9408506
 0.93927395 0.94001997 0.9378712  0.93997145 0.9384035  0.939826
 0.93907976 0.94046247 0.9378306  0.93973064]",6242.0664,69.69336080551147,5700.0
GSymplecticNNgHMC,0.1,autograd,high_dimensional_gaussian,SynchronousLeapfrog,0.1,"[0.9428765  0.94258785 0.9429152  0.9429538  0.94318    0.94284934
 0.94304025 0.9428655  0.9429051  0.94315076 0.9431132  0.9424664
 0.943046   0.9427349  0.9425475  0.9432044  0.9426381  0.94304097
 0.94293225 0.9432018  0.94279504 0.94312596 0.9428977  0.94296515
 0.94306326 0.9429619  0.94298446 0.9432038  0.9427671  0.9426652
 0.9432936  0.94316244 0.94315946 0.94285357 0.9431445  0.9428767
 0.94300735 0.9433254  0.94313896 0.9428358  0.9432418  0.94292665
 0.94293135 0.94319856 0.94287765 0.9428946  0.94280785 0.9428568
 0.94275945 0.94317997 0.94278926 0.9426521  0.94268864 0.94298625
 0.9429759  0.94314814 0.94293135 0.9430691  0.9429903  0.9429764
 0.94288605 0.94287014 0.94261885 0.9431865  0.9424946  0.94299257
 0.94294024 0.9429945  0.94286937 0.9431485  0.94296116 0.9432821
 0.9428377  0.9428522  0.9428684  0.94294155 0.9429826  0.94295233
 0.9432666  0.94274825 0.9430427  0.94301385 0.94262254 0.94270104
 0.9427427  0.9426255  0.94299453 0.943035   0.9429301  0.9430897
 0.94271344 0.9428827  0.94299126 0.9430717  0.9426276  0.942966
 0.9430842  0.9427333  0.9429998  0.94314003]",1706.7356,16.56925320625305,29.414538759569748
HMC,0.1,autograd,high_dimensional_warped_gaussian,SynchronousLeapfrog,0.1,"[0.8918049  0.8932277  0.89365834 0.89452016 0.89875096 0.89662975
 0.8967866  0.89625466 0.8940692  0.89872545 0.8952265  0.89113283
 0.895818   0.8928771  0.8905364  0.89731836 0.89410585 0.8952508
 0.89422226 0.8954916  0.89438426 0.8977212  0.89677763 0.8955292
 0.896695   0.89372367 0.8961308  0.8970091  0.8937353  0.8951394
 0.89796203 0.895641   0.89596415 0.8938074  0.89328283 0.8969395
 0.8951651  0.8987895  0.89937514 0.8957099  0.89703774 0.8937901
 0.89657736 0.89629334 0.89236534 0.89653075 0.8927069  0.8953409
 0.89490193 0.8989212  0.8971776  0.8939563  0.8959093  0.8973806
 0.89672685 0.89391506 0.8947803  0.89528084 0.89475334 0.8973621
 0.89699924 0.8954797  0.89334714 0.89727914 0.89493436 0.89707494
 0.8961437  0.89507836 0.89532745 0.8975229  0.8935447  0.89889514
 0.8921978  0.8956374  0.89459    0.89402694 0.89394253 0.8956198
 0.8992542  0.8948877  0.89670813 0.89699477 0.89549655 0.8942854
 0.89593095 0.8952257  0.8970785  0.8936813  0.89450806 0.8972081
 0.895868   0.8952311  0.89501095 0.89561117 0.89322984 0.8979801
 0.8951664  0.8932807  0.89605546 0.8973187 ]",74.02333,18.018061637878418,5879.743829916331
NNgHMC,0.1,autograd,high_dimensional_warped_gaussian,SynchronousLeapfrog,0.1,"[0.8918049  0.8932277  0.89365834 0.89452016 0.89875096 0.89662975
 0.8967866  0.89625466 0.8940692  0.89872545 0.8952265  0.89113283
 0.895818   0.8928771  0.8905364  0.89731836 0.89410585 0.8952508
 0.89422226 0.8954916  0.89438426 0.8977212  0.89677763 0.8955292
 0.896695   0.89372367 0.8961308  0.8970091  0.8937353  0.8951394
 0.89796203 0.895641   0.89596415 0.8938074  0.89328283 0.8969395
 0.8951651  0.8987895  0.89937514 0.8957099  0.89703774 0.8937901
 0.89657736 0.89629334 0.89236534 0.89653075 0.8927069  0.8953409
 0.89490193 0.8989212  0.8971776  0.8939563  0.8959093  0.8973806
 0.89672685 0.89391506 0.8947803  0.89528084 0.89475334 0.8973621
 0.89699924 0.8954797  0.89334714 0.89727914 0.89493436 0.89707494
 0.8961437  0.89507836 0.89532745 0.8975229  0.8935447  0.89889514
 0.8921978  0.8956374  0.89459    0.89402694 0.89394253 0.8956198
 0.8992542  0.8948877  0.89670813 0.89699477 0.89549655 0.8942854
 0.89593095 0.8952257  0.8970785  0.8936813  0.89450806 0.8972081
 0.895868   0.8952311  0.89501095 0.89561117 0.89322984 0.8979801
 0.8951664  0.8932807  0.89605546 0.8973187 ]",74.02333,45.476592779159546,5572.549593515276
NNODEgHMC,0.1,autograd,high_dimensional_warped_gaussian,SynchronousLeapfrog,0.1,"[0.93685675 0.9377143  0.938076   0.93666255 0.9386724  0.93701196
 0.93732756 0.9394778  0.935759   0.94003475 0.9370777  0.9337308
 0.9377688  0.9342679  0.93587935 0.93926877 0.93331623 0.93794584
 0.93770313 0.9366833  0.93704814 0.9395149  0.938941   0.938017
 0.9344413  0.93733    0.93730897 0.9362538  0.9355997  0.9368434
 0.9405987  0.9376425  0.9370753  0.93538564 0.9374785  0.9368204
 0.93667984 0.9380708  0.93897355 0.9370133  0.9411721  0.9351575
 0.93467283 0.9390383  0.9381658  0.93752646 0.9367439  0.9391403
 0.9354811  0.93719363 0.93701524 0.9375371  0.9373953  0.9397764
 0.9374329  0.93598735 0.93618155 0.94012344 0.9391658  0.9389464
 0.9367396  0.9367372  0.9373829  0.9361361  0.9365987  0.9373819
 0.93533677 0.93893975 0.93882036 0.9391069  0.9397702  0.9402046
 0.93536043 0.93693346 0.9373441  0.9382224  0.9393031  0.9379897
 0.9373741  0.9386627  0.9380127  0.93795407 0.93516374 0.93415105
 0.9366335  0.93643    0.93831575 0.9394385  0.93948764 0.93588257
 0.9358449  0.93815184 0.93861336 0.9355198  0.935171   0.9374027
 0.9394328  0.9381305  0.93600273 0.9391858 ]",2.0801375e-13,36.03677749633789,12.551597482720977
Explicit NNODEgHMC,0.1,autograd,high_dimensional_warped_gaussian,SynchronousLeapfrog,0.1,"[0.93853873 0.93869615 0.9406707  0.9391818  0.940232   0.93959
 0.94021195 0.94102335 0.93848896 0.9409907  0.937621   0.93659556
 0.9393446  0.9368671  0.9396062  0.9407059  0.9355771  0.94064564
 0.939854   0.9374505  0.93852663 0.9411634  0.93992996 0.94020414
 0.9389138  0.939196   0.93938947 0.93926114 0.9374566  0.9393152
 0.9416084  0.94037104 0.94093335 0.93717086 0.93868893 0.9397788
 0.9394325  0.93990934 0.9397275  0.9395666  0.942809   0.93720603
 0.9389627  0.9409137  0.9392163  0.9400894  0.9371273  0.94026226
 0.9384941  0.9398553  0.9392247  0.9380125  0.93812865 0.9410669
 0.9392497  0.93937385 0.93972844 0.94162226 0.94106245 0.9399874
 0.9378799  0.93888116 0.93901366 0.93776196 0.938611   0.9389736
 0.93805933 0.9396574  0.94116783 0.9417155  0.9405081  0.9422344
 0.93698835 0.93840426 0.9383933  0.93947214 0.9403717  0.93938255
 0.9398459  0.94059813 0.939559   0.93935657 0.93726814 0.9363524
 0.938385   0.937737   0.93953085 0.9412734  0.94029635 0.93858385
 0.9390054  0.9394924  0.9404701  0.93909824 0.9386097  0.93893975
 0.9401533  0.9391057  0.93898857 0.94020146]",1.9273235e-13,58.22201371192932,18.502892228512533
SymplecticNNgHMC,0.1,autograd,high_dimensional_warped_gaussian,SynchronousLeapfrog,0.1,"[0.92996186 0.9266428  0.9256749  0.91643894 0.9311122  0.92381305
 0.933366   0.9262523  0.91970605 0.93312585 0.9234197  0.9198127
 0.93231094 0.91418445 0.9133122  0.9285028  0.9199153  0.9236495
 0.9260687  0.91683733 0.92133677 0.93037194 0.9315691  0.92523974
 0.9200451  0.92467135 0.92357934 0.91625524 0.9293097  0.9249072
 0.93195987 0.92720765 0.9232992  0.923285   0.91845524 0.92931604
 0.9244089  0.92218536 0.930608   0.9265815  0.92805517 0.92334163
 0.92690647 0.9242601  0.9334125  0.9243835  0.9257312  0.9322683
 0.92951125 0.9311084  0.93118924 0.92973393 0.92981404 0.9300801
 0.9265391  0.92540807 0.9226649  0.9338298  0.9186696  0.9310808
 0.9289958  0.92358315 0.9252362  0.92126644 0.92033863 0.92145145
 0.9204029  0.9259249  0.932366   0.921308   0.9242166  0.93236625
 0.9209663  0.92223835 0.935744   0.930413   0.9301262  0.9285094
 0.92165565 0.92527235 0.9338133  0.92598647 0.92072    0.92072237
 0.92986286 0.925305   0.9214772  0.9296011  0.9315221  0.9274107
 0.92967296 0.9282274  0.92432237 0.9244463  0.9196248  0.92696273
 0.92494965 0.93446535 0.92318076 0.9250831 ]",178.97704,68.62042427062988,5700.0
GSymplecticNNgHMC,0.1,autograd,high_dimensional_warped_gaussian,SynchronousLeapfrog,0.1,"[0.9258925  0.92368877 0.9264536  0.9249644  0.9277079  0.9265436
 0.9279124  0.9267451  0.92510617 0.92735815 0.9259741  0.92317045
 0.9260535  0.92407477 0.9257695  0.92717314 0.9251554  0.9268443
 0.9268416  0.92487305 0.9243525  0.9275396  0.92543364 0.9260639
 0.92749566 0.92604446 0.9264182  0.9276376  0.92386436 0.92636395
 0.9272987  0.9280566  0.9291142  0.92406005 0.92594135 0.92690563
 0.9260046  0.92658556 0.9260895  0.9262279  0.9284274  0.92390215
 0.92698336 0.9267467  0.9259926  0.92664117 0.922075   0.9271445
 0.926319   0.92775077 0.926176   0.92272514 0.9237714  0.92665946
 0.9268767  0.927667   0.9263374  0.9279746  0.9266503  0.9264118
 0.9235832  0.9251622  0.9252174  0.9253149  0.92519844 0.9262028
 0.9254584  0.92476535 0.9265332  0.9280596  0.9254955  0.9281535
 0.9243926  0.9261006  0.92598057 0.92616546 0.9273982  0.9261143
 0.9273251  0.9256525  0.92702436 0.92555326 0.9238949  0.9248395
 0.92599094 0.92309254 0.92631024 0.92787457 0.92584074 0.92709035
 0.92627066 0.92537427 0.9270219  0.927129   0.9250471  0.9258083
 0.92579144 0.924173   0.92679596 0.92603433]",1.295555e+07,16.887744665145874,5700.0
HMC,0.2,autograd,high_dimensional_gaussian,SynchronousLeapfrog,0.1,"[0.66636354 0.6719779  0.67165077 0.6677828  0.672838   0.6691842
 0.6719116  0.6740546  0.6715832  0.66809034 0.6772892  0.671493
 0.66742635 0.66901445 0.67055285 0.6735128  0.6746516  0.6651974
 0.6658473  0.66567934 0.67162454 0.6797097  0.6752929  0.67527306
 0.6742465  0.6825723  0.6621432  0.67079055 0.6677921  0.66542584
 0.6682562  0.66799086 0.67041576 0.6733989  0.67751694 0.6710004
 0.6700174  0.66754186 0.6766877  0.6782141  0.6703756  0.67102087
 0.6710207  0.6801666  0.6727605  0.6652496  0.66489947 0.67569065
 0.6731914  0.66382736 0.6726665  0.6642402  0.680295   0.67307293
 0.6733815  0.6724316  0.67368126 0.66861045 0.6757761  0.66282094
 0.6710383  0.6690368  0.67021817 0.6716158  0.6693942  0.66619873
 0.6656381  0.66701066 0.66859806 0.6886241  0.66542304 0.6749035
 0.6689507  0.67536855 0.6724469  0.6702857  0.669177   0.6699028
 0.670433   0.6671452  0.6644788  0.6701591  0.66856706 0.6755562
 0.67154765 0.66577905 0.66674566 0.66968155 0.6673731  0.6753573
 0.67016363 0.6781761  0.67823017 0.66743064 0.66937435 0.6759813
 0.67290115 0.6829424  0.66574794 0.6825479 ]",1.3214312e+06,18.29417634010315,5697.263583103526
NNgHMC,0.2,autograd,high_dimensional_gaussian,SynchronousLeapfrog,0.1,"[0.66636354 0.6719779  0.67165077 0.6677828  0.672838   0.6691842
 0.6719116  0.6740546  0.6715832  0.66809034 0.6772892  0.671493
 0.66742635 0.66901445 0.67055285 0.6735128  0.6746516  0.6651974
 0.6658473  0.66567934 0.67162454 0.6797097  0.6752929  0.67527306
 0.6742465  0.6825723  0.6621432  0.67079055 0.6677921  0.66542584
 0.6682562  0.66799086 0.67041576 0.6733989  0.67751694 0.6710004
 0.6700174  0.66754186 0.6766877  0.6782141  0.6703756  0.67102087
 0.6710207  0.6801666  0.6727605  0.6652496  0.66489947 0.67569065
 0.6731914  0.66382736 0.6726665  0.6642402  0.680295   0.67307293
 0.6733815  0.6724316  0.67368126 0.66861045 0.6757761  0.66282094
 0.6710383  0.6690368  0.67021817 0.6716158  0.6693942  0.66619873
 0.6656381  0.66701066 0.66859806 0.6886241  0.66542304 0.6749035
 0.6689507  0.67536855 0.6724469  0.6702857  0.669177   0.6699028
 0.670433   0.6671452  0.6644788  0.6701591  0.66856706 0.6755562
 0.67154765 0.66577905 0.66674566 0.66968155 0.6673731  0.6753573
 0.67016363 0.6781761  0.67823017 0.66743064 0.66937435 0.6759813
 0.67290115 0.6829424  0.66574794 0.6825479 ]",1.3214312e+06,44.10672950744629,5281.369098711483
NNODEgHMC,0.2,autograd,high_dimensional_gaussian,SynchronousLeapfrog,0.1,"[0.9413427  0.9410372  0.94116753 0.9411006  0.9410275  0.9412422
 0.941193   0.94109935 0.9410083  0.94118166 0.94077367 0.9410839
 0.9411607  0.94109285 0.9413795  0.94095945 0.9410329  0.94134444
 0.9413961  0.9410197  0.94098425 0.9408192  0.94088316 0.94093245
 0.941041   0.9407041  0.9414176  0.94110286 0.94109124 0.9414829
 0.94111025 0.94130135 0.9413309  0.9408636  0.9407806  0.94119585
 0.94109523 0.94101495 0.9407284  0.9409102  0.94120616 0.9408927
 0.9411725  0.94069755 0.94111913 0.9413705  0.9410143  0.9411039
 0.94114923 0.94134355 0.9410991  0.94116676 0.94064796 0.9410409
 0.94105947 0.94113535 0.9410488  0.9413394  0.94098485 0.94137895
 0.94083416 0.9411044  0.94124407 0.94082564 0.9413063  0.94122577
 0.9412006  0.94108504 0.9412827  0.94054973 0.9412717  0.9409547
 0.94109267 0.9409857  0.9410906  0.9411639  0.941323   0.94113576
 0.94101226 0.9413108  0.9413601  0.94100666 0.94111    0.9409337
 0.9411638  0.9411329  0.94122016 0.9413341  0.9412365  0.9409353
 0.94126034 0.94080544 0.9409332  0.9412617  0.94124687 0.94083565
 0.9409399  0.9406214  0.94131535 0.94054955]",8.643838e-11,34.60471773147583,5400.0
Explicit NNODEgHMC,0.2,autograd,high_dimensional_gaussian,SynchronousLeapfrog,0.1,"[0.9402698  0.93995756 0.94009393 0.9400177  0.9399489  0.9401693
 0.94012135 0.9400262  0.9399264  0.94010395 0.9396881  0.9400058
 0.9400805  0.94001144 0.940315   0.93987817 0.93995714 0.94027036
 0.9403256  0.9399295  0.9399013  0.93974006 0.93980074 0.93985236
 0.939965   0.9396229  0.9403429  0.9400248  0.9400079  0.9404167
 0.94002885 0.9402293  0.940264   0.939777   0.93969554 0.9401231
 0.9400155  0.9399277  0.9396403  0.9398334  0.940133   0.93980396
 0.9400985  0.93961257 0.9400445  0.9402982  0.9399225  0.9400333
 0.94007725 0.9402678  0.9400241  0.9400821  0.93956083 0.9399633
 0.93998325 0.940061   0.93997216 0.9402701  0.939908   0.9403035
 0.9397429  0.9400239  0.94017243 0.93973464 0.940237   0.94014734
 0.9401199  0.94000024 0.94021076 0.93947    0.9401941  0.93987536
 0.9400109  0.9399087  0.94001436 0.94008803 0.9402537  0.9400581
 0.93992925 0.9402382  0.9402859  0.9399228  0.94002926 0.9398541
 0.9400903  0.94004905 0.9401423  0.940266   0.94016004 0.9398556
 0.94018996 0.9397232  0.9398574  0.94018674 0.94017404 0.939752
 0.9398564  0.9395365  0.94024074 0.93946075]",3.8805107e-14,57.21737313270569,34.89766243066807
SymplecticNNgHMC,0.2,autograd,high_dimensional_gaussian,SynchronousLeapfrog,0.1,"[0.9438615  0.9433198  0.9417824  0.94235253 0.9432332  0.943154
 0.9433278  0.94343567 0.94277924 0.94457644 0.94314736 0.94328415
 0.9450612  0.942304   0.9428851  0.9432597  0.94409055 0.9421827
 0.94449544 0.9449247  0.9437717  0.9439281  0.94260573 0.94033015
 0.94379395 0.9433116  0.9429076  0.9437453  0.94460154 0.943413
 0.9433893  0.94151354 0.94295204 0.94385815 0.9426459  0.94233596
 0.94418705 0.94257754 0.9429997  0.9432792  0.94273674 0.9424987
 0.94296217 0.9410474  0.94180346 0.9432415  0.9430182  0.94324183
 0.9426996  0.9425099  0.94291687 0.9442436  0.9429233  0.9434351
 0.9422478  0.94205606 0.9423232  0.94332623 0.94375694 0.943401
 0.94302285 0.94311875 0.94266665 0.94402236 0.9428665  0.94379795
 0.94276154 0.9424343  0.94168985 0.9412936  0.9438925  0.94225186
 0.9413446  0.9441735  0.9431548  0.9417943  0.9422252  0.94367504
 0.9440969  0.943195   0.94358194 0.9443644  0.9437913  0.943988
 0.9432186  0.943508   0.9438631  0.93993974 0.94473666 0.9440605
 0.9440689  0.943736   0.9432678  0.94284487 0.9422268  0.943001
 0.94312    0.94376844 0.9441408  0.94394463]",4326.303,76.08555555343628,5400.0
GSymplecticNNgHMC,0.2,autograd,high_dimensional_gaussian,SynchronousLeapfrog,0.1,"[0.94302034 0.94285387 0.9428257  0.943035   0.94280404 0.9428967
 0.9427899  0.9427215  0.9428891  0.94297093 0.94270635 0.94286716
 0.9430245  0.9429809  0.94280064 0.94280595 0.9427232  0.9430624
 0.9430129  0.9431704  0.942891   0.94255877 0.94274414 0.9427347
 0.94273853 0.9424826  0.94317436 0.9428837  0.9430373  0.9429859
 0.94300073 0.94294614 0.9428148  0.94285786 0.9427036  0.94282645
 0.9429277  0.9430684  0.9427311  0.94259685 0.9428639  0.9429631
 0.9428393  0.94259375 0.9427967  0.943038   0.9432127  0.9426451
 0.94274706 0.94311285 0.9427804  0.94317365 0.9425935  0.94278854
 0.9427697  0.9428062  0.942768   0.9429003  0.9426953  0.9431497
 0.9429674  0.94296527 0.9428572  0.9429501  0.94286    0.94304985
 0.9430899  0.94307697 0.94291705 0.94223654 0.94308776 0.9427352
 0.9429916  0.9427047  0.9428116  0.94289106 0.94288373 0.94291276
 0.94292593 0.94297546 0.94308317 0.9429455  0.9429784  0.94271964
 0.94281405 0.94310474 0.9430256  0.9428587  0.9430001  0.94272417
 0.94284225 0.94264424 0.9425954  0.9429865  0.9428977  0.942726
 0.9428525  0.94249296 0.94304246 0.94253004]",1.00404256e+06,18.44881010055542,2.099914706718152
HMC,0.2,autograd,high_dimensional_warped_gaussian,SynchronousLeapfrog,0.1,"[0.8934287  0.89545697 0.8938918  0.8958173  0.8973755  0.8976156
 0.8960835  0.8961047  0.8947703  0.8985097  0.8936999  0.8941164
 0.89652556 0.8950607  0.89261675 0.8958504  0.89524853 0.8961934
 0.8954651  0.8962612  0.89570254 0.895189   0.896629   0.8949518
 0.89557856 0.89170253 0.89804524 0.89599204 0.89607275 0.8976509
 0.8971483  0.8952109  0.8947426  0.89462435 0.8915949  0.89735353
 0.89551556 0.8982209  0.89782274 0.8950092  0.8956759  0.8948395
 0.896768   0.89361876 0.8926517  0.8981063  0.89591426 0.8947832
 0.89550054 0.89937514 0.89780754 0.89774966 0.8960421  0.89698935
 0.89627826 0.8927552  0.8945936  0.89508057 0.89380026 0.89916986
 0.89827347 0.896809   0.8953824  0.896796   0.89763963 0.8982083
 0.8978197  0.8964049  0.8963276  0.8929533  0.8951032  0.8965556
 0.893892   0.89549863 0.89499784 0.8945238  0.8941356  0.8961688
 0.8981487  0.89691293 0.89775866 0.8974136  0.8982565  0.89507836
 0.89701974 0.89874303 0.8980541  0.893428   0.8957155  0.89587754
 0.8972739  0.894582   0.89346164 0.8959314  0.89547145 0.89734256
 0.89466095 0.8925805  0.8970921  0.8945837 ]",74.37598,18.81227397918701,5697.24435998128
NNgHMC,0.2,autograd,high_dimensional_warped_gaussian,SynchronousLeapfrog,0.1,"[0.8934287  0.89545697 0.8938918  0.8958173  0.8973755  0.8976156
 0.8960835  0.8961047  0.8947703  0.8985097  0.8936999  0.8941164
 0.89652556 0.8950607  0.89261675 0.8958504  0.89524853 0.8961934
 0.8954651  0.8962612  0.89570254 0.895189   0.896629   0.8949518
 0.89557856 0.89170253 0.89804524 0.89599204 0.89607275 0.8976509
 0.8971483  0.8952109  0.8947426  0.89462435 0.8915949  0.89735353
 0.89551556 0.8982209  0.89782274 0.8950092  0.8956759  0.8948395
 0.896768   0.89361876 0.8926517  0.8981063  0.89591426 0.8947832
 0.89550054 0.89937514 0.89780754 0.89774966 0.8960421  0.89698935
 0.89627826 0.8927552  0.8945936  0.89508057 0.89380026 0.89916986
 0.89827347 0.896809   0.8953824  0.896796   0.89763963 0.8982083
 0.8978197  0.8964049  0.8963276  0.8929533  0.8951032  0.8965556
 0.893892   0.89549863 0.89499784 0.8945238  0.8941356  0.8961688
 0.8981487  0.89691293 0.89775866 0.8974136  0.8982565  0.89507836
 0.89701974 0.89874303 0.8980541  0.893428   0.8957155  0.89587754
 0.8972739  0.894582   0.89346164 0.8959314  0.89547145 0.89734256
 0.89466095 0.8925805  0.8970921  0.8945837 ]",74.37598,43.96776032447815,5282.977173713415
NNODEgHMC,0.2,autograd,high_dimensional_warped_gaussian,SynchronousLeapfrog,0.1,"[0.93696356 0.93869257 0.93659985 0.9362201  0.9363446  0.9364564
 0.9351806  0.9382733  0.934668   0.93899536 0.9350761  0.9344939
 0.9370905  0.9346528  0.935835   0.93698114 0.9326166  0.9372601
 0.93752354 0.93623084 0.93681496 0.93638    0.938035   0.9362141
 0.9314617  0.9343418  0.93749523 0.9337277  0.93641424 0.9373512
 0.9391057  0.93572843 0.93405235 0.9346132  0.9348685  0.93543833
 0.93550014 0.93627596 0.93676347 0.9349799  0.9389073  0.93451786
 0.9328332  0.9356253  0.9375216  0.9375517  0.93860424 0.93789864
 0.9342034  0.9357316  0.93623865 0.94009066 0.9367242  0.93860614
 0.9356815  0.9334111  0.93404335 0.938939   0.9371842  0.93954223
 0.9366681  0.9364135  0.93804693 0.93441594 0.9376403  0.93705696
 0.93514556 0.9391143  0.9382055  0.93395895 0.94046915 0.9370551
 0.93534076 0.9357195  0.93675154 0.93776596 0.93872    0.937325
 0.934934   0.93903035 0.9377493  0.9369806  0.93602884 0.9332975
 0.93637705 0.93812025 0.93813646 0.9378872  0.9398831  0.9330578
 0.9353246  0.9365183  0.9362116  0.9338101  0.9352779  0.9356227
 0.93820304 0.93660325 0.9351921  0.93601173]",2.6708353e-13,35.39587593078613,1.7978742012010192
Explicit NNODEgHMC,0.2,autograd,high_dimensional_warped_gaussian,SynchronousLeapfrog,0.1,"[0.9395431  0.94021195 0.94059277 0.93994665 0.9387989  0.94015455
 0.9393951  0.94063556 0.93875885 0.94055843 0.93599623 0.9388083
 0.93964547 0.93837875 0.9409938  0.9392084  0.9362762  0.9411378
 0.94058263 0.9378065  0.93930423 0.9388107  0.9395466  0.9394722
 0.93770045 0.93721914 0.9407222  0.9381107  0.9391341  0.94112015
 0.9406752  0.93978137 0.9396922  0.93755263 0.9368954  0.9398663
 0.9393976  0.9391316  0.9381339  0.93873787 0.941458   0.9378009
 0.93889606 0.9383936  0.9391648  0.9411044  0.9395424  0.9395423
 0.9387306  0.93999267 0.9394988  0.94085264 0.93797225 0.9404723
 0.9386052  0.9381257  0.939213   0.9411917  0.9399977  0.9411901
 0.9386658  0.93971574 0.94040823 0.9370515  0.9405544  0.9396629
 0.939185   0.9404718  0.94173664 0.93765754 0.9415084  0.940055
 0.93814313 0.9380171  0.93848485 0.939584   0.9402969  0.93955415
 0.9386329  0.94197845 0.9401754  0.9394045  0.9393523  0.9367471
 0.93903494 0.94040483 0.94011366 0.940868   0.9410113  0.93719363
 0.9399233  0.93868625 0.9389126  0.9391335  0.9401733  0.93815106
 0.9394128  0.93824786 0.9396186  0.9376199 ]",1.9980461e-13,57.221296072006226,18.914610605910514
SymplecticNNgHMC,0.2,autograd,high_dimensional_warped_gaussian,SynchronousLeapfrog,0.1,"[0.932872   0.9277574  0.92334557 0.9119345  0.91925186 0.9045366
 0.9341153  0.92035866 0.9255104  0.9261292  0.91944563 0.9354223
 0.932366   0.9131303  0.9278374  0.91245675 0.92454517 0.9339196
 0.9254961  0.9275942  0.92320555 0.9256741  0.9146724  0.89243007
 0.927603   0.93110263 0.9174136  0.9223987  0.92349434 0.9230146
 0.93229055 0.89995503 0.91628444 0.8987607  0.9104221  0.92661095
 0.91920793 0.90071094 0.9142617  0.9228176  0.92862386 0.9057013
 0.9317371  0.9055042  0.90072554 0.92594445 0.92568886 0.9313841
 0.920413   0.9130539  0.919059   0.9287528  0.92453456 0.9239855
 0.9254276  0.9134039  0.90547645 0.9125023  0.9266622  0.9106183
 0.92681116 0.92342126 0.92625284 0.92918885 0.92293596 0.9274224
 0.913744   0.9300493  0.91014993 0.91942185 0.93079937 0.9189153
 0.9103172  0.9173379  0.929242   0.90794325 0.9042029  0.9280326
 0.92987454 0.93192315 0.9274451  0.9134535  0.9284271  0.92661715
 0.9224362  0.92187786 0.9299702  0.875133   0.9303931  0.9241682
 0.93092537 0.9151594  0.92967004 0.9267125  0.9251026  0.91853946
 0.9272094  0.92472076 0.9306919  0.9228625 ]",403.67496,76.36459183692932,5400.0
GSymplecticNNgHMC,0.2,autograd,high_dimensional_warped_gaussian,SynchronousLeapfrog,0.1,"[0.9266838  0.9248842  0.92572165 0.92511714 0.92518616 0.92665404
 0.9263083  0.92569315 0.9245949  0.9261559  0.92304087 0.9250884
 0.92568314 0.9251394  0.9272584  0.9244613  0.9252125  0.9268985
 0.9273476  0.92442816 0.9244876  0.923763   0.9240602  0.9242596
 0.9252381  0.9226326  0.92750853 0.925488   0.92509866 0.9283144
 0.9253599  0.92671394 0.9271388  0.9235622  0.92281616 0.9263994
 0.9252362  0.92476606 0.92310613 0.92438114 0.92613924 0.9236506
 0.9261756  0.9225916  0.92529666 0.92740536 0.9241881  0.92576027
 0.92599857 0.92726964 0.9258132  0.9255823  0.92250127 0.9252119
 0.92535293 0.9254483  0.9250528  0.92705554 0.9245798  0.92739904
 0.9235651  0.92539334 0.92645526 0.92344993 0.927228   0.92634225
 0.92607903 0.92496383 0.9267106  0.92205894 0.9261808  0.9246005
 0.9249379  0.9248518  0.9253606  0.9256961  0.92689025 0.92564785
 0.92497945 0.9268712  0.92721766 0.92478275 0.9256059  0.9244182
 0.9261706  0.92560184 0.9263055  0.92690337 0.92616624 0.9245152
 0.9268532  0.92342854 0.92435396 0.9264614  0.9264046  0.9238679
 0.92404693 0.92204016 0.9269051  0.921704  ]",18546.834,21.360010385513306,5400.0
HMC,0.30000000000000004,autograd,high_dimensional_gaussian,SynchronousLeapfrog,0.1,"[0.6712936  0.6726632  0.6629031  0.67272496 0.67389727 0.6764395
 0.6776394  0.68101716 0.67104447 0.6755904  0.68825215 0.6739497
 0.66996765 0.6697299  0.6692153  0.67126536 0.6766423  0.6656136
 0.66660124 0.6697046  0.667801   0.6688     0.66858613 0.6721686
 0.67273235 0.6761192  0.66848874 0.66974247 0.6694908  0.6757819
 0.6699829  0.6721387  0.6694089  0.6688306  0.6661824  0.6723559
 0.66954625 0.6679723  0.6660398  0.664595   0.6766231  0.6661215
 0.67488927 0.66982114 0.6668663  0.66478986 0.68318164 0.6637239
 0.6739192  0.67575634 0.6768028  0.6701412  0.66952276 0.67198634
 0.67464435 0.6696882  0.6735754  0.66713667 0.66937464 0.6676626
 0.66707796 0.66735077 0.66185904 0.6686783  0.67277616 0.6797297
 0.67654014 0.6788113  0.6710118  0.6654929  0.6745062  0.66884035
 0.663216   0.6750478  0.673962   0.66755    0.6690979  0.66613513
 0.67725945 0.68470657 0.67136145 0.6818687  0.6713176  0.6724974
 0.6613202  0.67479753 0.66547525 0.67538327 0.6676292  0.6749401
 0.66833997 0.67205954 0.67468333 0.66878194 0.6700578  0.6725759
 0.66632307 0.66794753 0.66554636 0.67080325]",1.4019431e+06,18.84520983695984,5378.04762238308
NNgHMC,0.30000000000000004,autograd,high_dimensional_gaussian,SynchronousLeapfrog,0.1,"[0.6712936  0.6726632  0.6629031  0.67272496 0.67389727 0.6764395
 0.6776394  0.68101716 0.67104447 0.6755904  0.68825215 0.6739497
 0.66996765 0.6697299  0.6692153  0.67126536 0.6766423  0.6656136
 0.66660124 0.6697046  0.667801   0.6688     0.66858613 0.6721686
 0.67273235 0.6761192  0.66848874 0.66974247 0.6694908  0.6757819
 0.6699829  0.6721387  0.6694089  0.6688306  0.6661824  0.6723559
 0.66954625 0.6679723  0.6660398  0.664595   0.6766231  0.6661215
 0.67488927 0.66982114 0.6668663  0.66478986 0.68318164 0.6637239
 0.6739192  0.67575634 0.6768028  0.6701412  0.66952276 0.67198634
 0.67464435 0.6696882  0.6735754  0.66713667 0.66937464 0.6676626
 0.66707796 0.66735077 0.66185904 0.6686783  0.67277616 0.6797297
 0.67654014 0.6788113  0.6710118  0.6654929  0.6745062  0.66884035
 0.663216   0.6750478  0.673962   0.66755    0.6690979  0.66613513
 0.67725945 0.68470657 0.67136145 0.6818687  0.6713176  0.6724974
 0.6613202  0.67479753 0.66547525 0.67538327 0.6676292  0.6749401
 0.66833997 0.67205954 0.67468333 0.66878194 0.6700578  0.6725759
 0.66632307 0.66794753 0.66554636 0.67080325]",1.4019431e+06,43.060160398483276,4981.019686637222
NNODEgHMC,0.30000000000000004,autograd,high_dimensional_gaussian,SynchronousLeapfrog,0.1,"[0.9411324  0.94098127 0.9414436  0.94089526 0.9409579  0.9409499
 0.9409536  0.9408166  0.940997   0.94088334 0.9403534  0.9409639
 0.9410397  0.9410371  0.94138706 0.94100857 0.940928   0.9412962
 0.94133365 0.9408512  0.9410906  0.9411742  0.94109154 0.94101095
 0.94106096 0.9409007  0.9411596  0.9411079  0.9410018  0.9410777
 0.94101894 0.9411189  0.9413284  0.9409981  0.941154   0.94111276
 0.94108075 0.9409733  0.94108045 0.94136035 0.9409493  0.9410407
 0.9410006  0.94103545 0.94129384 0.94135284 0.940338   0.94149196
 0.9410875  0.94088733 0.9409183  0.94092894 0.9410027  0.94104695
 0.9409811  0.94119775 0.94101876 0.941355   0.9411785  0.9411749
 0.9409506  0.941134   0.9415056  0.9409052  0.9411499  0.9407133
 0.94078255 0.9406365  0.9411618  0.94133776 0.94091666 0.9411384
 0.9412665  0.9409637  0.9410032  0.9412276  0.9412889  0.9412376
 0.94074    0.9406519  0.9410822  0.9405608  0.94098204 0.9410102
 0.9414929  0.9407837  0.941234   0.9410936  0.9411947  0.94091815
 0.9412894  0.9409919  0.9410243  0.9411802  0.94118774 0.9409272
 0.9411442  0.94112414 0.9412894  0.94093955]",1.2608749e-10,34.66377329826355,5100.0
Explicit NNODEgHMC,0.30000000000000004,autograd,high_dimensional_gaussian,SynchronousLeapfrog,0.1,"[0.9400883  0.93993187 0.9404031  0.9398416  0.9399094  0.9399048
 0.9399102  0.93977135 0.93994594 0.93983364 0.9392952  0.93991536
 0.9399893  0.9399861  0.9403527  0.9399587  0.9398818  0.9402523
 0.9402931  0.9397909  0.94003963 0.94012904 0.94004196 0.9399624
 0.94001573 0.9398521  0.9401132  0.9400606  0.93994874 0.94003785
 0.9399676  0.9400756  0.94029164 0.9399439  0.9401034  0.94006985
 0.94003177 0.9399168  0.94002676 0.9403183  0.93990415 0.9399845
 0.9399556  0.9399847  0.9402513  0.94031084 0.93927145 0.9404553
 0.94004536 0.9398381  0.93987215 0.93987334 0.93995017 0.9400002
 0.93993485 0.9401547  0.93997264 0.9403163  0.94013417 0.9401282
 0.9398918  0.94008464 0.9404668  0.9398463  0.94010943 0.9396609
 0.9397291  0.9395787  0.94011927 0.94029593 0.9398665  0.94009155
 0.9402174  0.939917   0.9399568  0.94018304 0.94024956 0.9401916
 0.9396855  0.9396037  0.9400362  0.9395039  0.93993104 0.93996215
 0.94045293 0.9397277  0.94018716 0.94005364 0.9401487  0.9398691
 0.94024956 0.93994224 0.93998    0.94013524 0.9401449  0.93987536
 0.9400937  0.94007504 0.94024533 0.9398855 ]",4.8506385e-14,55.25535225868225,26.21840749969369
SymplecticNNgHMC,0.30000000000000004,autograd,high_dimensional_gaussian,SynchronousLeapfrog,0.1,"[0.944137   0.94446886 0.94411993 0.94415224 0.9437749  0.94428396
 0.943628   0.94403577 0.94470835 0.94447875 0.9434781  0.9442875
 0.9439863  0.94418544 0.9448206  0.94399095 0.94352835 0.94471204
 0.9434003  0.94431007 0.9443716  0.94433844 0.9445717  0.94407785
 0.9434686  0.94411916 0.9445909  0.94395804 0.9443487  0.94400096
 0.9447428  0.9446885  0.94477576 0.9438542  0.94341576 0.94405866
 0.94420195 0.9443538  0.944806   0.944415   0.9449963  0.9436159
 0.94396627 0.9441571  0.94427204 0.94415396 0.9440231  0.9446954
 0.94384134 0.94446105 0.9440551  0.94442034 0.94467545 0.944395
 0.9444132  0.9447555  0.94446725 0.94507164 0.9438213  0.9441943
 0.9446609  0.9442579  0.94381475 0.9441621  0.94369984 0.94391763
 0.943889   0.944443   0.9443979  0.94496346 0.9440715  0.944714
 0.9451704  0.94400406 0.94446313 0.94391775 0.9439413  0.9441423
 0.9443641  0.9445338  0.94466376 0.9436759  0.944206   0.94391674
 0.9443883  0.9439887  0.9446037  0.9444432  0.94456005 0.9438485
 0.9442643  0.9445901  0.9436015  0.94437253 0.9434082  0.9444475
 0.9451356  0.94488466 0.94431674 0.94442356]",2961.1934,80.77068209648132,5100.0
GSymplecticNNgHMC,0.30000000000000004,autograd,high_dimensional_gaussian,SynchronousLeapfrog,0.1,"[0.9427633  0.9427403  0.9430379  0.94277287 0.9426786  0.9425618
 0.9425076  0.9423958  0.9428158  0.9426254  0.94223756 0.9426922
 0.9428467  0.9428646  0.9427632  0.94279325 0.9425672  0.94295996
 0.9429008  0.9429357  0.9429304  0.9428444  0.94288385 0.94275093
 0.9427022  0.94261307 0.9428685  0.94282955 0.9428861  0.9425467
 0.9428495  0.94271684 0.9427657  0.9429211  0.9429989  0.9426939
 0.9428526  0.9429592  0.9430032  0.94297665 0.9425622  0.9430362
 0.9426187  0.94285655 0.9429109  0.9429676  0.94248885 0.9429702
 0.94263613 0.9426155  0.94255185 0.9428781  0.9428713  0.94273794
 0.9426386  0.9428124  0.94268364 0.94286555 0.9428258  0.94289607
 0.943007   0.94293183 0.9430579  0.942955   0.9426593  0.9424957
 0.94262505 0.9425783  0.9427476  0.94294137 0.9426855  0.9428538
 0.9430956  0.9426283  0.9426705  0.9428967  0.9428012  0.94295305
 0.94260013 0.9422852  0.94275904 0.9424524  0.94279355 0.9427346
 0.943079   0.9427037  0.9429795  0.94257724 0.94290274 0.9426491
 0.94281995 0.94276273 0.9426296  0.9428512  0.9427875  0.9427513
 0.94298524 0.94291496 0.94296026 0.9428395 ]",2.5816542e+06,19.656982421875,1.7118410251033231
HMC,0.30000000000000004,autograd,high_dimensional_warped_gaussian,SynchronousLeapfrog,0.1,"[0.89264166 0.89549416 0.89595544 0.89499533 0.89731044 0.89627117
 0.8950414  0.8947724  0.8950778  0.8971207  0.8914895  0.89378977
 0.8962158  0.89513016 0.8931205  0.89649236 0.89497566 0.8963665
 0.8955626  0.8956579  0.89670503 0.89760804 0.89819616 0.89576054
 0.89605653 0.89315605 0.89697874 0.8964104  0.89594114 0.8956906
 0.8969984  0.89455956 0.8951644  0.89577043 0.8941525  0.8972479
 0.8958232  0.89834976 0.9002073  0.89802593 0.8945443  0.89608395
 0.89612913 0.8959211  0.89410037 0.89845407 0.8922803  0.89747906
 0.8955135  0.8970875  0.8970847  0.89675426 0.89841974 0.8973818
 0.89616984 0.89353514 0.8947839  0.895622   0.89531326 0.898409
 0.8992965  0.8973798  0.89737177 0.89760256 0.8971192  0.8955571
 0.8957391  0.89412487 0.89603186 0.89788526 0.89343107 0.89799064
 0.8953458  0.89570874 0.89485496 0.8953175  0.8943783  0.8971772
 0.896877   0.8933983  0.8965508  0.8951076  0.8978772  0.89587307
 0.8993818  0.8970568  0.8985569  0.8924357  0.89589906 0.89610595
 0.89785755 0.89600027 0.89433765 0.89587927 0.8955407  0.8981923
 0.89624184 0.8958472  0.8973848  0.8971499 ]",74.58891,18.56300711631775,5378.008802567931
NNgHMC,0.30000000000000004,autograd,high_dimensional_warped_gaussian,SynchronousLeapfrog,0.1,"[0.89264166 0.89549416 0.89595544 0.89499533 0.89731044 0.89627117
 0.8950414  0.8947724  0.8950778  0.8971207  0.8914895  0.89378977
 0.8962158  0.89513016 0.8931205  0.89649236 0.89497566 0.8963665
 0.8955626  0.8956579  0.89670503 0.89760804 0.89819616 0.89576054
 0.89605653 0.89315605 0.89697874 0.8964104  0.89594114 0.8956906
 0.8969984  0.89455956 0.8951644  0.89577043 0.8941525  0.8972479
 0.8958232  0.89834976 0.9002073  0.89802593 0.8945443  0.89608395
 0.89612913 0.8959211  0.89410037 0.89845407 0.8922803  0.89747906
 0.8955135  0.8970875  0.8970847  0.89675426 0.89841974 0.8973818
 0.89616984 0.89353514 0.8947839  0.895622   0.89531326 0.898409
 0.8992965  0.8973798  0.89737177 0.89760256 0.8971192  0.8955571
 0.8957391  0.89412487 0.89603186 0.89788526 0.89343107 0.89799064
 0.8953458  0.89570874 0.89485496 0.8953175  0.8943783  0.8971772
 0.896877   0.8933983  0.8965508  0.8951076  0.8978772  0.89587307
 0.8993818  0.8970568  0.8985569  0.8924357  0.89589906 0.89610595
 0.89785755 0.89600027 0.89433765 0.89587927 0.8955407  0.8981923
 0.89624184 0.8958472  0.8973848  0.8971499 ]",74.58891,42.11932921409607,4980.982463465543
NNODEgHMC,0.30000000000000004,autograd,high_dimensional_warped_gaussian,SynchronousLeapfrog,0.1,"[0.9356946  0.9383973  0.9378614  0.934875   0.9358894  0.93457365
 0.9338502  0.9366703  0.93445873 0.93754977 0.9328816  0.93356466
 0.9365237  0.93398833 0.93558395 0.9370847  0.93174666 0.93679535
 0.93704486 0.93528765 0.93731946 0.9378149  0.9389992  0.9362723
 0.9309272  0.9351808  0.93606156 0.93332136 0.9357268  0.9350709
 0.9385335  0.9345483  0.9336645  0.93493426 0.9365958  0.9347317
 0.93494546 0.9357605  0.93836474 0.9368664  0.93752974 0.9348237
 0.9314661  0.93686163 0.9383799  0.9371871  0.9352186  0.93984854
 0.9336395  0.93317413 0.9352224  0.9390296  0.93840027 0.9386212
 0.9350709  0.9332375  0.9334817  0.9389385  0.93793666 0.93858314
 0.93694913 0.9363534  0.9392416  0.93443525 0.93669575 0.93422794
 0.93271387 0.9370327  0.93745375 0.9372975  0.9388226  0.93772924
 0.9359495  0.9354646  0.93640155 0.9380557  0.9386202  0.9376688
 0.9332427  0.935791   0.9362759  0.93464154 0.9351249  0.93348885
 0.93787736 0.9362032  0.9381745  0.93668497 0.9398074  0.9324955
 0.93519664 0.93726796 0.93639314 0.9329416  0.9344897  0.9358138
 0.93925285 0.93884754 0.9346336  0.93763036]",2.5975074e-13,34.35994100570679,2.230863065804755
Explicit NNODEgHMC,0.30000000000000004,autograd,high_dimensional_warped_gaussian,SynchronousLeapfrog,0.1,"[0.9387487  0.94006205 0.9420945  0.93910587 0.93858385 0.9388808
 0.9383813  0.93943477 0.9388706  0.9392204  0.9338681  0.9383887
 0.9392353  0.9383106  0.941298   0.93957347 0.93591154 0.94113207
 0.9405197  0.9370675  0.9399899  0.9406544  0.9406282  0.93995255
 0.9379532  0.9382743  0.9396438  0.9382796  0.9388455  0.93934625
 0.9403391  0.93903226 0.9398911  0.9383354  0.9389004  0.93961924
 0.93950164 0.9390699  0.9399578  0.94108903 0.9404132  0.93864775
 0.9381943  0.9401001  0.94020915 0.9412464  0.9362442  0.9416169
 0.9385888  0.9378802  0.93872374 0.93984646 0.9397468  0.9406499
 0.9383356  0.9385974  0.93926144 0.9414576  0.9410709  0.94042015
 0.9393296  0.94000995 0.94188297 0.93752575 0.9399988  0.93725675
 0.93729085 0.9384081  0.9413485  0.94158506 0.93996    0.94106805
 0.9392511  0.9379958  0.9381775  0.94006634 0.9403405  0.94023407
 0.9373635  0.93898153 0.93898153 0.93730056 0.9388442  0.9372772
 0.94084454 0.9388026  0.9403322  0.93989676 0.94100165 0.93719476
 0.9402598  0.93967617 0.9394746  0.9389175  0.94008225 0.9386815
 0.94057965 0.9407489  0.93968475 0.9395876 ]",2.0544632e-13,55.21647500991821,17.258779841522188
SymplecticNNgHMC,0.30000000000000004,autograd,high_dimensional_warped_gaussian,SynchronousLeapfrog,0.1,"[0.93140954 0.9210453  0.9280728  0.9290754  0.92243594 0.9243041
 0.91899437 0.9179491  0.9279303  0.92777336 0.9156698  0.9192421
 0.9192435  0.9207976  0.92458457 0.91828656 0.9207651  0.92586076
 0.91378874 0.91866183 0.9339387  0.91454506 0.9173686  0.92252177
 0.92807025 0.9246973  0.92314327 0.93339413 0.92384946 0.9292642
 0.9188418  0.92775095 0.9277331  0.92738664 0.9293658  0.93321216
 0.93544436 0.91944593 0.9260572  0.92469764 0.920191   0.9218495
 0.92675483 0.92483854 0.9244014  0.9227133  0.9162644  0.92811334
 0.9250919  0.93397826 0.9190602  0.92344254 0.9251587  0.91917866
 0.93063974 0.9251485  0.9344682  0.92379415 0.9269705  0.91186875
 0.92811126 0.9275698  0.915065   0.91804665 0.9273154  0.92346525
 0.919597   0.92684877 0.9268303  0.932429   0.91490054 0.9335539
 0.9276241  0.9228636  0.91849494 0.9197465  0.9257738  0.92241466
 0.92926085 0.9296559  0.92702216 0.9198453  0.9233985  0.92815876
 0.9282483  0.9267459  0.9286213  0.9292876  0.93041676 0.9284541
 0.92850006 0.9306102  0.90952384 0.92439663 0.9141301  0.9191215
 0.93224835 0.9272561  0.92572737 0.9233877 ]",42.267113,81.81624794006348,5100.0
GSymplecticNNgHMC,0.30000000000000004,autograd,high_dimensional_warped_gaussian,SynchronousLeapfrog,0.1,"[0.92552936 0.92468596 0.9277916  0.92399716 0.92493504 0.92492056
 0.9249201  0.9239441  0.9247748  0.9243665  0.92036533 0.9245281
 0.92514265 0.9250518  0.92750597 0.92500323 0.9247626  0.9268626
 0.92717636 0.9235811  0.92545056 0.92627335 0.9256384  0.92497754
 0.92561424 0.92407846 0.926083   0.92578423 0.9247655  0.9258579
 0.9249734  0.9257654  0.9273621  0.92470217 0.9255394  0.9260814
 0.92537665 0.92475337 0.92567366 0.9275609  0.9246254  0.92492294
 0.92528915 0.92502546 0.9266764  0.92757607 0.91979665 0.92850065
 0.92580074 0.9245286  0.9248163  0.92420405 0.925035   0.9254297
 0.92503965 0.9261138  0.9250505  0.9273772  0.92604876 0.92632335
 0.9245995  0.925858   0.9284276  0.9242684  0.92637527 0.9231609
 0.9235696  0.9221617  0.92612714 0.9273882  0.9239913  0.92601746
 0.9264184  0.9248969  0.92499304 0.92632663 0.92685366 0.92655057
 0.9233982  0.9226836  0.9256455  0.92198694 0.9250165  0.9251801
 0.9286019  0.9235028  0.9266752  0.92549276 0.92609906 0.92462605
 0.9272968  0.9248325  0.9251131  0.926218   0.9262532  0.9246645
 0.9256212  0.9255415  0.92705125 0.9244609 ]",17345.42,24.039947032928467,5100.0
HMC,0.4,autograd,high_dimensional_gaussian,SynchronousLeapfrog,0.1,"[0.67142934 0.6694745  0.6813259  0.67154324 0.6696613  0.66907525
 0.67374516 0.6636351  0.6889488  0.6679853  0.66660005 0.66753006
 0.66421527 0.6759574  0.6686877  0.66962117 0.6740842  0.67322385
 0.6731883  0.6821488  0.67396563 0.67268777 0.67188996 0.66708994
 0.6708018  0.6756639  0.66534996 0.66759264 0.66980714 0.66279083
 0.67107725 0.67634284 0.6764593  0.67159146 0.67549133 0.6720015
 0.6620283  0.67234385 0.66787905 0.66650844 0.668007   0.6662689
 0.694442   0.6702957  0.6654033  0.676219   0.67145103 0.66336155
 0.67347336 0.6676833  0.66696644 0.6726863  0.6738779  0.6681657
 0.67353165 0.6699712  0.66989917 0.66544676 0.6707828  0.66441864
 0.6678633  0.6734663  0.67123854 0.670369   0.6652911  0.6700908
 0.6808967  0.6702711  0.6782934  0.66442394 0.6688296  0.6736841
 0.66916454 0.66708755 0.6651073  0.66608596 0.6674372  0.6747582
 0.6701381  0.67525595 0.66684103 0.6735867  0.6768486  0.6684362
 0.67449105 0.6663574  0.67240876 0.66645193 0.6778128  0.6747426
 0.6698591  0.6715128  0.673001   0.6730854  0.67680836 0.671107
 0.67302203 0.678501   0.6787769  0.6735966 ]",1.269009e+06,18.500270128250122,5011.153454985996
NNgHMC,0.4,autograd,high_dimensional_gaussian,SynchronousLeapfrog,0.1,"[0.67142934 0.6694745  0.6813259  0.67154324 0.6696613  0.66907525
 0.67374516 0.6636351  0.6889488  0.6679853  0.66660005 0.66753006
 0.66421527 0.6759574  0.6686877  0.66962117 0.6740842  0.67322385
 0.6731883  0.6821488  0.67396563 0.67268777 0.67188996 0.66708994
 0.6708018  0.6756639  0.66534996 0.66759264 0.66980714 0.66279083
 0.67107725 0.67634284 0.6764593  0.67159146 0.67549133 0.6720015
 0.6620283  0.67234385 0.66787905 0.66650844 0.668007   0.6662689
 0.694442   0.6702957  0.6654033  0.676219   0.67145103 0.66336155
 0.67347336 0.6676833  0.66696644 0.6726863  0.6738779  0.6681657
 0.67353165 0.6699712  0.66989917 0.66544676 0.6707828  0.66441864
 0.6678633  0.6734663  0.67123854 0.670369   0.6652911  0.6700908
 0.6808967  0.6702711  0.6782934  0.66442394 0.6688296  0.6736841
 0.66916454 0.66708755 0.6651073  0.66608596 0.6674372  0.6747582
 0.6701381  0.67525595 0.66684103 0.6735867  0.6768486  0.6684362
 0.67449105 0.6663574  0.67240876 0.66645193 0.6778128  0.6747426
 0.6698591  0.6715128  0.673001   0.6730854  0.67680836 0.671107
 0.67302203 0.678501   0.6787769  0.6735966 ]",1.269009e+06,41.65486526489258,4681.722093784485
NNODEgHMC,0.4,autograd,high_dimensional_gaussian,SynchronousLeapfrog,0.1,"[0.94119567 0.9411571  0.94085693 0.9409959  0.9411715  0.9412788
 0.9411615  0.9415029  0.9404204  0.9412162  0.9411837  0.9412564
 0.94130504 0.9408757  0.94148225 0.94112825 0.9410856  0.9410912
 0.94116867 0.9404588  0.9409305  0.9411008  0.9410343  0.9412546
 0.94119585 0.94098175 0.94133484 0.9412478  0.9410485  0.9416112
 0.94103944 0.94103783 0.9411518  0.9409566  0.9408827  0.9411932
 0.94141006 0.9408711  0.9410701  0.94135875 0.9413233  0.9410896
 0.94037265 0.94107884 0.94141376 0.94101304 0.9408063  0.94157636
 0.941173   0.94123733 0.94133395 0.94089365 0.94090533 0.94124687
 0.9410863  0.941256   0.9412154  0.94148606 0.9411948  0.94135296
 0.94097346 0.9409768  0.9412414  0.9408967  0.94148606 0.94111764
 0.94068706 0.94099724 0.9409713  0.94144267 0.94118136 0.9410291
 0.9411151  0.94131225 0.9413838  0.9413454  0.9414193  0.94099426
 0.94105184 0.9410552  0.9413079  0.94091356 0.940845   0.94121826
 0.941092   0.94114053 0.9410493  0.94148374 0.9408967  0.94098824
 0.9413049  0.9410731  0.9411522  0.94109267 0.9410157  0.9410386
 0.9409653  0.9408099  0.940884   0.9408971 ]",4.864705e-11,33.26945686340332,4800.0
Explicit NNODEgHMC,0.4,autograd,high_dimensional_gaussian,SynchronousLeapfrog,0.1,"[0.9400913  0.9400482  0.93975013 0.9398815  0.94006413 0.9401762
 0.9400596  0.94040364 0.9393022  0.9401085  0.9400715  0.94014955
 0.9401958  0.93976176 0.94038916 0.9400182  0.93998015 0.9399845
 0.9400661  0.9393322  0.9398165  0.93999404 0.9399229  0.9401473
 0.94009125 0.93987286 0.9402292  0.9401409  0.9399342  0.94051635
 0.93992686 0.93993306 0.94005334 0.9398402  0.939768   0.94009054
 0.9403031  0.9397516  0.93995464 0.9402563  0.9402211  0.9399719
 0.93926084 0.93996704 0.9403118  0.9399071  0.93968153 0.9404804
 0.9400713  0.94013023 0.940231   0.9397758  0.9397901  0.9401411
 0.93998003 0.94015276 0.9401104  0.9403884  0.9400899  0.940247
 0.9398526  0.93986475 0.9401397  0.93977535 0.9403886  0.94000787
 0.9395709  0.939881   0.9398663  0.94034135 0.94007266 0.9399203
 0.94000304 0.94020814 0.94028014 0.9402411  0.94032097 0.939885
 0.9399387  0.9399499  0.9402031  0.93979824 0.93973124 0.94011104
 0.9399876  0.94002616 0.9399394  0.9403874  0.9397867  0.9398787
 0.94020486 0.93996304 0.94004846 0.93998593 0.9399106  0.9399264
 0.9398515  0.9396963  0.93977493 0.9397809 ]",3.3954468e-14,51.834129333496094,19.04013477531586
SymplecticNNgHMC,0.4,autograd,high_dimensional_gaussian,SynchronousLeapfrog,0.1,"[0.9436679  0.94291687 0.94192207 0.94496274 0.9427673  0.94410956
 0.9419619  0.94426525 0.94195175 0.9432715  0.9423984  0.9434559
 0.9426247  0.9424771  0.94303644 0.94250506 0.9430796  0.9430043
 0.9423704  0.9435376  0.94310653 0.9431156  0.9427891  0.94263905
 0.9441184  0.9420109  0.9440055  0.9434744  0.9436966  0.9443978
 0.94396484 0.94311714 0.94337404 0.9439002  0.94241494 0.94236183
 0.94480914 0.9437307  0.94364184 0.94270647 0.9427972  0.9445766
 0.9429342  0.9426753  0.9414305  0.94290054 0.9422707  0.94260156
 0.9426875  0.9438302  0.9424261  0.94295776 0.9428508  0.94272393
 0.94303817 0.94332635 0.94458723 0.9441476  0.94375265 0.9427694
 0.9440481  0.9434492  0.94234705 0.9433265  0.94341254 0.94434613
 0.94278026 0.9433388  0.9415452  0.94406956 0.94332266 0.9435071
 0.94334745 0.94356287 0.9416515  0.94234324 0.9421592  0.9429399
 0.9435691  0.94333446 0.94223475 0.94365686 0.9442336  0.94372576
 0.9414982  0.9437388  0.9433238  0.94307077 0.9425856  0.94380635
 0.94403076 0.944487   0.94231504 0.94284767 0.9438004  0.9435951
 0.94299316 0.9437903  0.9426936  0.94403076]",1187.9401,86.30892896652222,4800.0
GSymplecticNNgHMC,0.4,autograd,high_dimensional_gaussian,SynchronousLeapfrog,0.1,"[0.9430027  0.9430994  0.94265115 0.9430698  0.9430704  0.94305485
 0.94288033 0.9432299  0.9424591  0.94313323 0.9432335  0.9431612
 0.9432945  0.9429056  0.94301283 0.9430997  0.94289875 0.9429455
 0.9429159  0.9427781  0.94297314 0.94295615 0.9430212  0.9431736
 0.94301176 0.94287765 0.94322205 0.9431509  0.9431306  0.943226
 0.94306517 0.9428152  0.9427594  0.94308543 0.9429364  0.94294715
 0.9433594  0.9430709  0.9431965  0.9431526  0.943099   0.9432933
 0.9421942  0.94309413 0.9432039  0.9428188  0.9431612  0.9432173
 0.94289035 0.9431386  0.9431304  0.94305015 0.94297713 0.9431138
 0.94292104 0.9430449  0.9430548  0.94315934 0.9430218  0.9432528
 0.9432441  0.9429747  0.9429765  0.94316125 0.9431515  0.9430751
 0.9427311  0.94312954 0.9427409  0.9432189  0.94313    0.94293535
 0.94314575 0.9431448  0.9432179  0.9431917  0.9430954  0.94290626
 0.94309807 0.9428524  0.9431586  0.94299185 0.9428562  0.9431207
 0.9428689  0.9432494  0.9429904  0.9431195  0.9428023  0.9429035
 0.94300574 0.9430312  0.9429301  0.9429501  0.9427991  0.94305325
 0.9430107  0.94280624 0.94275326 0.94300073]",92046.96,19.710930109024048,1.8723221499329625
HMC,0.4,autograd,high_dimensional_warped_gaussian,SynchronousLeapfrog,0.1,"[0.8921954  0.8957612  0.89180267 0.89486474 0.89783    0.897442
 0.8955426  0.8979778  0.8911818  0.8983318  0.89563674 0.8946938
 0.8969378  0.89349127 0.89276713 0.89644086 0.8951944  0.8943881
 0.8937947  0.8928093  0.89505804 0.8964378  0.897143   0.89639014
 0.89608574 0.89293045 0.89716876 0.8964257  0.8954631  0.8979411
 0.8963913  0.8933587  0.8933584  0.89479876 0.8918268  0.8969759
 0.8968768  0.8970771  0.8994132  0.89716095 0.895942   0.8955717
 0.89200175 0.89541864 0.8938937  0.89573693 0.8943932  0.89703476
 0.89527005 0.89839315 0.89875686 0.8958637  0.8971828  0.89778197
 0.89607954 0.89303803 0.89515626 0.8954842  0.8946117  0.8986203
 0.8987187  0.89574164 0.8949828  0.8968595  0.89824915 0.89723146
 0.89461297 0.8955474  0.89422405 0.8976203  0.8941966  0.896639
 0.89363086 0.8969606  0.8962487  0.8951402  0.89425963 0.8950213
 0.8980247  0.89511096 0.8970647  0.8965548  0.8964404  0.89631194
 0.89626443 0.89841413 0.8967346  0.8938431  0.893453   0.8958421
 0.89714426 0.8957445  0.8943372  0.8946065  0.8938112  0.89815444
 0.89445466 0.89333475 0.894318   0.89622927]",74.17168,17.877314805984497,5011.131977623737
NNgHMC,0.4,autograd,high_dimensional_warped_gaussian,SynchronousLeapfrog,0.1,"[0.8921954  0.8957612  0.89180267 0.89486474 0.89783    0.897442
 0.8955426  0.8979778  0.8911818  0.8983318  0.89563674 0.8946938
 0.8969378  0.89349127 0.89276713 0.89644086 0.8951944  0.8943881
 0.8937947  0.8928093  0.89505804 0.8964378  0.897143   0.89639014
 0.89608574 0.89293045 0.89716876 0.8964257  0.8954631  0.8979411
 0.8963913  0.8933587  0.8933584  0.89479876 0.8918268  0.8969759
 0.8968768  0.8970771  0.8994132  0.89716095 0.895942   0.8955717
 0.89200175 0.89541864 0.8938937  0.89573693 0.8943932  0.89703476
 0.89527005 0.89839315 0.89875686 0.8958637  0.8971828  0.89778197
 0.89607954 0.89303803 0.89515626 0.8954842  0.8946117  0.8986203
 0.8987187  0.89574164 0.8949828  0.8968595  0.89824915 0.89723146
 0.89461297 0.8955474  0.89422405 0.8976203  0.8941966  0.896639
 0.89363086 0.8969606  0.8962487  0.8951402  0.89425963 0.8950213
 0.8980247  0.89511096 0.8970647  0.8965548  0.8964404  0.89631194
 0.89626443 0.89841413 0.8967346  0.8938431  0.893453   0.8958421
 0.89714426 0.8957445  0.8943372  0.8946065  0.8938112  0.89815444
 0.89445466 0.89333475 0.894318   0.89622927]",74.17168,40.252634048461914,4682.189405532481
NNODEgHMC,0.4,autograd,high_dimensional_warped_gaussian,SynchronousLeapfrog,0.1,"[0.9362502  0.9391634  0.9354724  0.9357373  0.9369113  0.9365891
 0.9351419  0.9398603  0.9322435  0.93902606 0.93694806 0.9352741
 0.93771935 0.9334918  0.9361784  0.9376739  0.9327016  0.9360336
 0.93640375 0.93351024 0.93673027 0.9375291  0.9387053  0.93772143
 0.93219316 0.93573874 0.93701816 0.93444633 0.93617284 0.93782604
 0.9386244  0.934539   0.933468   0.9351686  0.9353484  0.93557286
 0.9369544  0.9355857  0.9383025  0.93697566 0.9392791  0.9353732
 0.9294677  0.9373081  0.9387767  0.9357103  0.937566   0.93990695
 0.9343605  0.93539923 0.9374579  0.9386538  0.9378655  0.93941295
 0.9359087  0.9342432  0.9350075  0.9395041  0.93789285 0.9392511
 0.9372546  0.93578565 0.93781984 0.9347073  0.93831795 0.93638676
 0.93273056 0.9385762  0.9368159  0.93802136 0.93983716 0.93734574
 0.93531626 0.9371413  0.9380678  0.938498   0.9390201  0.9365597
 0.93503565 0.9378171  0.9375113  0.93650454 0.93487394 0.93461275
 0.93594587 0.9381234  0.93712974 0.9385495  0.93815064 0.9333787
 0.93564796 0.9377123  0.93708813 0.9330732  0.9342742  0.9365815
 0.93820715 0.93743944 0.93322265 0.9375274 ]",2.339391e-13,33.04207921028137,2.7457855514509557
Explicit NNODEgHMC,0.4,autograd,high_dimensional_warped_gaussian,SynchronousLeapfrog,0.1,"[0.93867534 0.94060606 0.9390065  0.93926716 0.93930715 0.94010276
 0.9390678  0.94231653 0.93586874 0.9404935  0.9377966  0.9394426
 0.94011104 0.937195   0.9412837  0.9397986  0.9364189  0.9398
 0.9393401  0.934883   0.93887585 0.93997353 0.9399996  0.94076055
 0.93824124 0.93839425 0.9400832  0.9385872  0.9386865  0.94146264
 0.9401266  0.93835753 0.9387047  0.937799   0.9372237  0.939667
 0.94062585 0.9382445  0.93953896 0.94062537 0.9418186  0.93851614
 0.9349758  0.9399977  0.94038296 0.93928087 0.93833673 0.9415592
 0.9386604  0.9392686  0.9403589  0.9393775  0.93900484 0.9412309
 0.93858624 0.93850344 0.9398639  0.9416601  0.9407824  0.94087887
 0.93911314 0.93891686 0.9402239  0.93715954 0.9411956  0.9389533
 0.93660516 0.9398577  0.94015133 0.94163036 0.9408843  0.94021785
 0.93812454 0.93936086 0.93966234 0.9402422  0.9404895  0.93870306
 0.9385962  0.94063175 0.93970525 0.93877643 0.9378812  0.93791914
 0.9385349  0.94020736 0.93909883 0.9413573  0.9392449  0.9372344
 0.9399165  0.93970716 0.9397763  0.9381231  0.93895525 0.9389233
 0.9393806  0.9390005  0.9373769  0.9391093 ]",2.1110698e-13,52.314977169036865,15.54473520896326
SymplecticNNgHMC,0.4,autograd,high_dimensional_warped_gaussian,SynchronousLeapfrog,0.1,"[0.9257355  0.9257967  0.9233614  0.9322345  0.92751044 0.9259678
 0.9274038  0.92443556 0.9229114  0.9278202  0.91744614 0.91896284
 0.9277107  0.9216749  0.93128884 0.9294369  0.9194638  0.9307558
 0.92585504 0.92564726 0.92390335 0.9222984  0.9243188  0.9218494
 0.9226861  0.92609805 0.9301948  0.9222605  0.9266137  0.9341774
 0.92727315 0.9273378  0.92166185 0.92296267 0.92116785 0.9233818
 0.916499   0.92028236 0.92473984 0.9228443  0.92352104 0.93191445
 0.91446114 0.92548704 0.922991   0.9265264  0.9252069  0.9157882
 0.9257027  0.9235732  0.9280097  0.92546463 0.9286479  0.9353646
 0.9188382  0.91530794 0.9252715  0.93336666 0.9356574  0.9326725
 0.9242668  0.92332363 0.92629266 0.9210796  0.9330582  0.921055
 0.91641873 0.9300194  0.91418934 0.9256544  0.9249961  0.9279895
 0.91811323 0.9323454  0.915746   0.92940587 0.9252181  0.9236927
 0.9214856  0.92708814 0.9246664  0.92001957 0.9289179  0.92858714
 0.9187247  0.92737865 0.9238647  0.9257641  0.9295889  0.92080843
 0.9351343  0.92493343 0.93370104 0.91044205 0.9338235  0.9244093
 0.92423177 0.9137432  0.910552   0.9275608 ]",95.234055,86.82965993881226,4800.0
GSymplecticNNgHMC,0.4,autograd,high_dimensional_warped_gaussian,SynchronousLeapfrog,0.1,"[0.9252876  0.9251778  0.9232937  0.92403525 0.92568797 0.926464
 0.92569035 0.92782485 0.9204215  0.9259156  0.9252695  0.92583007
 0.9262012  0.92336524 0.9274875  0.92512625 0.92520446 0.92484856
 0.9254245  0.9203731  0.9237118  0.92512596 0.92458004 0.9259198
 0.92588776 0.92399836 0.9265493  0.9260384  0.924404   0.9286957
 0.92443866 0.92463386 0.9256198  0.923777   0.9230546  0.9259844
 0.9268526  0.9234311  0.92490643 0.92685175 0.9264443  0.92457676
 0.92069596 0.92465013 0.9267294  0.9246976  0.9223846  0.9283252
 0.92575014 0.9262127  0.92691076 0.9232952  0.92372245 0.92607135
 0.92510927 0.92582834 0.92571676 0.92754674 0.9254834  0.9267763
 0.9240796  0.9241621  0.9259746  0.9235687  0.92791545 0.9252257
 0.9223978  0.9239413  0.92425555 0.9273758  0.9250803  0.92464274
 0.9247045  0.9265336  0.9268068  0.9263886  0.92701733 0.924271
 0.9248675  0.92477727 0.9264547  0.9237598  0.92348814 0.9258932
 0.9252798  0.92523134 0.92476773 0.9274086  0.9234521  0.92449594
 0.9267472  0.9247176  0.9253144  0.92501867 0.92451847 0.9247664
 0.9237375  0.9228117  0.92375135 0.92353433]",9302.257,28.066412448883057,4800.0
HMC,0.5,autograd,high_dimensional_gaussian,SynchronousLeapfrog,0.1,"[0.6695014  0.66568065 0.67517823 0.67679954 0.6643355  0.67287767
 0.67053497 0.6740638  0.6709358  0.66617864 0.6676625  0.6704194
 0.66987276 0.6740157  0.6687268  0.6627977  0.6831511  0.66721153
 0.66402066 0.6671023  0.6721899  0.66295415 0.6665495  0.6725097
 0.66877526 0.6827072  0.6725273  0.6652782  0.6679632  0.67925143
 0.6713666  0.6694853  0.6708492  0.66727704 0.67028    0.67174935
 0.6698     0.67061484 0.66357684 0.67167014 0.67467636 0.66698396
 0.667243   0.6708469  0.6825757  0.66649234 0.6693882  0.66722363
 0.6740737  0.67177916 0.67246807 0.67770135 0.6669965  0.67317426
 0.66745234 0.6723927  0.66822404 0.66768515 0.6672305  0.6687924
 0.6718127  0.6691203  0.6718316  0.6718546  0.67884105 0.6644025
 0.66669434 0.6723725  0.6707429  0.6709188  0.6658053  0.67244136
 0.6652036  0.67267454 0.6765398  0.67062783 0.674962   0.6803249
 0.66770333 0.6845314  0.66948223 0.67648256 0.66965616 0.668638
 0.6717863  0.67560977 0.6674883  0.6707298  0.67516637 0.6682169
 0.67941445 0.6778149  0.6758479  0.6659721  0.6699343  0.6702752
 0.69270533 0.67222375 0.67484224 0.6708738 ]",1.3690276e+06,17.792309761047363,4779.5628728376
NNgHMC,0.5,autograd,high_dimensional_gaussian,SynchronousLeapfrog,0.1,"[0.6695014  0.66568065 0.67517823 0.67679954 0.6643355  0.67287767
 0.67053497 0.6740638  0.6709358  0.66617864 0.6676625  0.6704194
 0.66987276 0.6740157  0.6687268  0.6627977  0.6831511  0.66721153
 0.66402066 0.6671023  0.6721899  0.66295415 0.6665495  0.6725097
 0.66877526 0.6827072  0.6725273  0.6652782  0.6679632  0.67925143
 0.6713666  0.6694853  0.6708492  0.66727704 0.67028    0.67174935
 0.6698     0.67061484 0.66357684 0.67167014 0.67467636 0.66698396
 0.667243   0.6708469  0.6825757  0.66649234 0.6693882  0.66722363
 0.6740737  0.67177916 0.67246807 0.67770135 0.6669965  0.67317426
 0.66745234 0.6723927  0.66822404 0.66768515 0.6672305  0.6687924
 0.6718127  0.6691203  0.6718316  0.6718546  0.67884105 0.6644025
 0.66669434 0.6723725  0.6707429  0.6709188  0.6658053  0.67244136
 0.6652036  0.67267454 0.6765398  0.67062783 0.674962   0.6803249
 0.66770333 0.6845314  0.66948223 0.67648256 0.66965616 0.668638
 0.6717863  0.67560977 0.6674883  0.6707298  0.67516637 0.6682169
 0.67941445 0.6778149  0.6758479  0.6659721  0.6699343  0.6702752
 0.69270533 0.67222375 0.67484224 0.6708738 ]",1.3690276e+06,39.00814485549927,4391.733284378209
NNODEgHMC,0.5,autograd,high_dimensional_gaussian,SynchronousLeapfrog,0.1,"[0.9412159  0.9412481  0.9410269  0.94076765 0.9413166  0.9410962
 0.9412262  0.9410836  0.94101894 0.9412366  0.9411044  0.9411084
 0.941061   0.9409024  0.94142604 0.94132805 0.94071597 0.9412586
 0.94144535 0.9409599  0.940952   0.941401   0.941182   0.9410174
 0.94122094 0.9406853  0.94103456 0.9412855  0.9410734  0.9409751
 0.94098747 0.94123304 0.94129825 0.94107056 0.9410259  0.941154
 0.94109005 0.9408955  0.941185   0.94112813 0.94103813 0.9410264
 0.941292   0.9410169  0.9407549  0.94131154 0.94084567 0.94138813
 0.941102   0.9410474  0.9410917  0.9406764  0.94111    0.9410235
 0.94125605 0.94112146 0.9412284  0.94135594 0.9412741  0.9411532
 0.94079757 0.94108903 0.9411711  0.94080794 0.9409546  0.94127697
 0.9411509  0.94088304 0.9411912  0.9411644  0.94124484 0.9410288
 0.9412136  0.9410672  0.9409307  0.9411373  0.94110096 0.94075143
 0.94109774 0.9406778  0.941168   0.94077003 0.941059   0.9411663
 0.94114035 0.94077176 0.9411807  0.9412799  0.9409454  0.94117594
 0.94091594 0.9408053  0.9410027  0.9412993  0.9412117  0.9410268
 0.9402226  0.9409901  0.94097775 0.9409542 ]",5.4448415e-11,32.433390617370605,4500.0
Explicit NNODEgHMC,0.5,autograd,high_dimensional_gaussian,SynchronousLeapfrog,0.1,"[0.94015443 0.9401831  0.9399645  0.9396945  0.94025344 0.9400343
 0.9401673  0.9400228  0.93994975 0.9401721  0.94003487 0.9400431
 0.9399926  0.939832   0.94037426 0.94026303 0.9396497  0.9401962
 0.9403879  0.939882   0.9398815  0.94034    0.9401151  0.9399508
 0.94015926 0.93961656 0.9399688  0.9402217  0.9400028  0.9399164
 0.93991756 0.9401728  0.9402434  0.93999875 0.9399559  0.9400934
 0.94002295 0.93982    0.94011396 0.94006586 0.93997574 0.9399518
 0.94023156 0.9399476  0.93968934 0.94025123 0.9397652  0.9403326
 0.9400422  0.9399814  0.9400291  0.9396001  0.94004023 0.93995833
 0.9401943  0.94005954 0.9401661  0.9402993  0.9402126  0.94008815
 0.9397189  0.9400209  0.94011116 0.9397296  0.9398944  0.9402117
 0.9400825  0.9398091  0.9401309  0.9401028  0.9401795  0.93996286
 0.94014573 0.9400035  0.9398655  0.94007385 0.94004196 0.9396827
 0.94002837 0.9396116  0.9401047  0.9396967  0.93999046 0.9401015
 0.9400791  0.9396974  0.94011515 0.94022363 0.9398788  0.9401111
 0.93985456 0.9397358  0.93994015 0.9402373  0.9401511  0.93995756
 0.9391451  0.9399214  0.9399127  0.939882  ]",4.8506385e-14,49.8153510093689,20.281663738798134
SymplecticNNgHMC,0.5,autograd,high_dimensional_gaussian,SynchronousLeapfrog,0.1,"[0.9461581  0.94554913 0.94340146 0.9449293  0.94563246 0.9460434
 0.9452802  0.9450876  0.94416225 0.94619656 0.9458815  0.94456756
 0.94508505 0.94462746 0.9441886  0.9460206  0.9443455  0.94368094
 0.94538754 0.9462714  0.9458678  0.94560885 0.94604707 0.9437903
 0.9454564  0.94497347 0.9459443  0.94595754 0.945619   0.94538105
 0.94517624 0.94505656 0.9458847  0.9461266  0.94601524 0.9447088
 0.94644594 0.94535017 0.9457849  0.9443133  0.944709   0.9451856
 0.945518   0.9447357  0.9450051  0.94562376 0.9463445  0.9447274
 0.9449816  0.94592917 0.9454304  0.9456347  0.9456932  0.94513863
 0.9460392  0.94614315 0.94636583 0.9452592  0.94434637 0.9454033
 0.9451442  0.9454981  0.94411707 0.94593143 0.944574   0.94580925
 0.9460265  0.94404006 0.94445175 0.9444771  0.94552946 0.9456644
 0.9453613  0.9457819  0.9454192  0.94469094 0.94580114 0.944503
 0.9458293  0.9447229  0.9457919  0.94562197 0.9456663  0.945325
 0.9453634  0.9448795  0.946133   0.9443357  0.9465491  0.94651765
 0.9450593  0.9458779  0.94465053 0.9453969  0.9435439  0.94560564
 0.943659   0.94618535 0.9459328  0.9459591 ]",1936.3268,92.45718479156494,4500.0
GSymplecticNNgHMC,0.5,autograd,high_dimensional_gaussian,SynchronousLeapfrog,0.1,"[0.94301164 0.9431681  0.9428028  0.94282794 0.94319355 0.9428692
 0.942935   0.9428185  0.9430112  0.9431362  0.94313526 0.9430017
 0.9430407  0.9429107  0.9429581  0.94327277 0.9425315  0.94309205
 0.94317234 0.9432243  0.9429733  0.94322985 0.94314396 0.9429285
 0.94302434 0.94257724 0.942919   0.9431708  0.94313204 0.9426104
 0.9429939  0.94299304 0.9428967  0.9431695  0.9430518  0.9428996
 0.943035   0.9430656  0.9432811  0.94291925 0.9428138  0.94320333
 0.9430665  0.94301295 0.9425595  0.9430937  0.9431629  0.9430305
 0.9428148  0.94294137 0.9428866  0.9428155  0.9431497  0.9428846
 0.9430715  0.9429059  0.94305503 0.94302845 0.94308543 0.94304484
 0.94304407 0.9430627  0.9428992  0.9430454  0.9426346  0.94321036
 0.9431538  0.9429948  0.94294107 0.94294083 0.943172   0.9429196
 0.9432192  0.9428961  0.9427694  0.9429785  0.94278336 0.94265604
 0.9431201  0.94247866 0.94301057 0.9428309  0.9430419  0.9430555
 0.9429046  0.9428708  0.9430992  0.9429189  0.9428334  0.9430685
 0.9426243  0.94275737 0.94277495 0.94313455 0.9429765  0.94302166
 0.9422762  0.94295883 0.9428295  0.94303036]",81716.27,21.019907236099243,81.59386381302174
HMC,0.5,autograd,high_dimensional_warped_gaussian,SynchronousLeapfrog,0.1,"[0.89295983 0.8969078  0.89330125 0.8941001  0.8992724  0.89699113
 0.8965048  0.89622104 0.8950476  0.89905965 0.89581484 0.8944863
 0.8961792  0.89417624 0.8931572  0.8982109  0.8935919  0.8959551
 0.89602697 0.8961424  0.89572227 0.8987689  0.89856166 0.89564323
 0.89684    0.8917506  0.8960732  0.89728534 0.89620084 0.8949382
 0.8966545  0.8950652  0.8948028  0.89603186 0.8932185  0.89733195
 0.8957111  0.8977353  0.9006524  0.8964685  0.8949248  0.8958281
 0.897694   0.89564943 0.89074653 0.89801997 0.89516276 0.89666295
 0.89544344 0.89789236 0.8979696  0.89512134 0.8988924  0.8970895
 0.8976385  0.89290845 0.89586043 0.89543605 0.8957001  0.8981089
 0.8982421  0.896943   0.89519495 0.89687896 0.8958122  0.89874923
 0.89777076 0.8954536  0.8960366  0.89667654 0.8952087  0.8971798
 0.8948392  0.8961725  0.89427847 0.89460504 0.8930906  0.8941411
 0.898854   0.8934479  0.89689445 0.89623374 0.8981775  0.8966347
 0.89710206 0.89685667 0.89806163 0.8933713  0.89425725 0.8974781
 0.89548343 0.8947526  0.8940587  0.896403   0.8955096  0.8986327
 0.8906603  0.8948876  0.8953675  0.8970846 ]",74.52955,18.018040895462036,4779.551194669957
NNgHMC,0.5,autograd,high_dimensional_warped_gaussian,SynchronousLeapfrog,0.1,"[0.89295983 0.8969078  0.89330125 0.8941001  0.8992724  0.89699113
 0.8965048  0.89622104 0.8950476  0.89905965 0.89581484 0.8944863
 0.8961792  0.89417624 0.8931572  0.8982109  0.8935919  0.8959551
 0.89602697 0.8961424  0.89572227 0.8987689  0.89856166 0.89564323
 0.89684    0.8917506  0.8960732  0.89728534 0.89620084 0.8949382
 0.8966545  0.8950652  0.8948028  0.89603186 0.8932185  0.89733195
 0.8957111  0.8977353  0.9006524  0.8964685  0.8949248  0.8958281
 0.897694   0.89564943 0.89074653 0.89801997 0.89516276 0.89666295
 0.89544344 0.89789236 0.8979696  0.89512134 0.8988924  0.8970895
 0.8976385  0.89290845 0.89586043 0.89543605 0.8957001  0.8981089
 0.8982421  0.896943   0.89519495 0.89687896 0.8958122  0.89874923
 0.89777076 0.8954536  0.8960366  0.89667654 0.8952087  0.8971798
 0.8948392  0.8961725  0.89427847 0.89460504 0.8930906  0.8941411
 0.898854   0.8934479  0.89689445 0.89623374 0.8981775  0.8966347
 0.89710206 0.89685667 0.89806163 0.8933713  0.89425725 0.8974781
 0.89548343 0.8947526  0.8940587  0.896403   0.8955096  0.8986327
 0.8906603  0.8948876  0.8953675  0.8970846 ]",74.52955,40.335347414016724,4391.33903795232
NNODEgHMC,0.5,autograd,high_dimensional_warped_gaussian,SynchronousLeapfrog,0.1,"[0.93813324 0.940803   0.9384831  0.9371065  0.9395048  0.93801427
 0.9379837  0.93968403 0.9373292  0.94033563 0.9374633  0.93721217
 0.9384874  0.9360107  0.9388892  0.94032633 0.933393   0.9391465
 0.93977344 0.9374585  0.93854094 0.9407148  0.9405193  0.93873644
 0.9359095  0.93621844 0.93776006 0.9373778  0.9382442  0.93723106
 0.9396677  0.9378828  0.93712616 0.9377887  0.9376832  0.9379379
 0.9379548  0.93777055 0.9401056  0.9382879  0.9397024  0.93749845
 0.9368924  0.9389639  0.9368207  0.9394078  0.93891263 0.9401722
 0.9367539  0.93703866 0.9383191  0.9383662  0.9398904  0.9397321
 0.93861574 0.9361266  0.9379375  0.9404227  0.94031465 0.93965423
 0.9381304  0.9385538  0.9391742  0.936314   0.9377827  0.9391273
 0.93753326 0.9393007  0.9399819  0.9390273  0.9409622  0.9392892
 0.9379095  0.93762034 0.93716896 0.9388865  0.93850154 0.93700826
 0.937653   0.9379413  0.938508   0.93764156 0.9379923  0.93673015
 0.9379711  0.93802845 0.9393438  0.93954945 0.93910766 0.9368655
 0.93641424 0.93803835 0.9382607  0.9370893  0.9379727  0.93835294
 0.9356555  0.93951833 0.9362852  0.93917054]",2.1890874e-13,32.4067325592041,6.30211705329589
Explicit NNODEgHMC,0.5,autograd,high_dimensional_warped_gaussian,SynchronousLeapfrog,0.1,"[0.9390649  0.9412738  0.93995875 0.9383893  0.9402644  0.939489
 0.93960637 0.94063634 0.9388536  0.9408526  0.93765914 0.93898886
 0.9392192  0.93752927 0.9413602  0.94101185 0.93476796 0.9408221
 0.9409294  0.9375112  0.9391741  0.9416442  0.9409482  0.939902
 0.93863887 0.9371532  0.93892086 0.93906164 0.93909806 0.9387731
 0.94007957 0.93951726 0.93960613 0.93857133 0.93814015 0.93973196
 0.9394259  0.9385601  0.94034874 0.93980443 0.9407433  0.9384664
 0.9395436  0.93994707 0.93747365 0.9409265  0.9387204  0.9410043
 0.9385755  0.9386033  0.93949056 0.9384965  0.9401769  0.94042075
 0.9396147  0.93812215 0.94018054 0.94135606 0.9414085  0.9401978
 0.93846244 0.9396771  0.9401492  0.9369391  0.93896955 0.93998146
 0.9390254  0.9395172  0.9413775  0.9406228  0.9414193  0.9404077
 0.9388463  0.9384322  0.9377329  0.93953055 0.9392799  0.93773425
 0.9390725  0.9390521  0.939305   0.93824404 0.93911684 0.9379522
 0.9389763  0.9386505  0.9399619  0.94068164 0.93966335 0.938401
 0.93830156 0.9386548  0.9393019  0.9393977  0.9401064  0.9390828
 0.93596613 0.9399842  0.9380158  0.9395448 ]",2.0080411e-13,51.29640865325928,13.565921960274718
SymplecticNNgHMC,0.5,autograd,high_dimensional_warped_gaussian,SynchronousLeapfrog,0.1,"[0.93157214 0.9248775  0.8858368  0.9304718  0.93304414 0.93393433
 0.93237996 0.92326975 0.89120054 0.9224155  0.9257854  0.9071692
 0.92929566 0.9024142  0.91059995 0.9295575  0.9292401  0.8940681
 0.9130782  0.92202926 0.90353554 0.91755766 0.9148438  0.90748924
 0.93213433 0.9076737  0.92397135 0.9316796  0.9208581  0.9298622
 0.9219043  0.9309966  0.91075397 0.93160784 0.9249382  0.9257345
 0.92805433 0.9213049  0.92207515 0.92390394 0.8919134  0.9313547
 0.9201479  0.9033781  0.9191751  0.9156944  0.9162427  0.8984577
 0.92531717 0.9289123  0.9187355  0.9236088  0.913556   0.92763114
 0.9243003  0.91848755 0.92199504 0.89071476 0.9161997  0.9246625
 0.9257382  0.91152    0.9121866  0.9264718  0.91568613 0.9225353
 0.92986983 0.9185321  0.9170207  0.91060674 0.9136038  0.9239936
 0.91926855 0.9262611  0.92483497 0.9179033  0.93287885 0.92888755
 0.9132438  0.91591233 0.91679686 0.9223844  0.9222598  0.92738986
 0.9064498  0.8888938  0.913609   0.9168021  0.9323696  0.9332794
 0.92592525 0.93310153 0.9204535  0.907262   0.9110271  0.91519487
 0.905777   0.91696644 0.90882576 0.92452013]",57.480907,93.06569457054138,4500.0
GSymplecticNNgHMC,0.5,autograd,high_dimensional_warped_gaussian,SynchronousLeapfrog,0.1,"[0.92562693 0.92601764 0.9244992  0.9225962  0.9269043  0.92543477
 0.9262866  0.92526215 0.9244267  0.9262911  0.92498916 0.9250293
 0.92478865 0.9236185  0.9273767  0.92670774 0.92281485 0.9261464
 0.9274783  0.9238266  0.9239885  0.9273602  0.9257641  0.9245211
 0.9262246  0.922075   0.9247478  0.9265165  0.92475486 0.92469347
 0.9242467  0.92608804 0.926758   0.9246954  0.92415476 0.92589855
 0.92493844 0.92370653 0.9259138  0.9255201  0.9247422  0.9243319
 0.92680377 0.92438674 0.92250526 0.9268527  0.9227764  0.9273974
 0.925425   0.92512244 0.92549825 0.921913   0.925286   0.9247664
 0.9264495  0.9251253  0.92600816 0.92695034 0.9262227  0.925691
 0.92301273 0.9250554  0.92569935 0.92307496 0.92458296 0.92652005
 0.9255943  0.9233243  0.92586327 0.9257671  0.925756   0.92477334
 0.9255885  0.92510694 0.92399853 0.92522264 0.92512    0.9227268
 0.9253378  0.9223207  0.9257452  0.9228759  0.9250435  0.9257692
 0.9257649  0.92287916 0.92584264 0.9263143  0.92388153 0.9258932
 0.9243046  0.92303073 0.9244527  0.9265725  0.9259548  0.92484206
 0.91871965 0.92413086 0.92444867 0.92405283]",17481.889,28.449607849121094,4500.0
HMC,0.6,autograd,high_dimensional_gaussian,SynchronousLeapfrog,0.1,"[0.6761646  0.67364615 0.6692853  0.6693644  0.67592806 0.66645646
 0.66460866 0.6687981  0.68120354 0.6681914  0.6684642  0.6736945
 0.67198884 0.6748122  0.66493064 0.6760955  0.67308116 0.67256397
 0.66380227 0.6648321  0.67821956 0.6685275  0.67426145 0.675588
 0.67223024 0.664492   0.6755407  0.6724424  0.666417   0.6776751
 0.6744971  0.67885655 0.6860075  0.6725892  0.663501   0.6607971
 0.66614985 0.675699   0.672563   0.68009794 0.6689179  0.66316193
 0.66884655 0.6688304  0.6720246  0.66547155 0.6688794  0.670256
 0.6687825  0.6696357  0.66513956 0.66998935 0.6731063  0.67718685
 0.6757235  0.6743287  0.6676628  0.663126   0.6666183  0.67977417
 0.6656933  0.67477417 0.6718874  0.667438   0.6718683  0.68234766
 0.6802068  0.6833686  0.682014   0.67410433 0.6691084  0.6749806
 0.66560817 0.66872454 0.67100954 0.6692666  0.6676798  0.66601574
 0.66391134 0.6665481  0.6728334  0.66888493 0.6737784  0.664209
 0.66362804 0.66944444 0.6667201  0.68136096 0.6751544  0.680985
 0.6758436  0.67269516 0.6744863  0.6634546  0.67854214 0.66452926
 0.66794145 0.6762082  0.6675154  0.6684457 ]",1.2143972e+06,18.35330033302307,4425.419902426042
NNgHMC,0.6,autograd,high_dimensional_gaussian,SynchronousLeapfrog,0.1,"[0.6761646  0.67364615 0.6692853  0.6693644  0.67592806 0.66645646
 0.66460866 0.6687981  0.68120354 0.6681914  0.6684642  0.6736945
 0.67198884 0.6748122  0.66493064 0.6760955  0.67308116 0.67256397
 0.66380227 0.6648321  0.67821956 0.6685275  0.67426145 0.675588
 0.67223024 0.664492   0.6755407  0.6724424  0.666417   0.6776751
 0.6744971  0.67885655 0.6860075  0.6725892  0.663501   0.6607971
 0.66614985 0.675699   0.672563   0.68009794 0.6689179  0.66316193
 0.66884655 0.6688304  0.6720246  0.66547155 0.6688794  0.670256
 0.6687825  0.6696357  0.66513956 0.66998935 0.6731063  0.67718685
 0.6757235  0.6743287  0.6676628  0.663126   0.6666183  0.67977417
 0.6656933  0.67477417 0.6718874  0.667438   0.6718683  0.68234766
 0.6802068  0.6833686  0.682014   0.67410433 0.6691084  0.6749806
 0.66560817 0.66872454 0.67100954 0.6692666  0.6676798  0.66601574
 0.66391134 0.6665481  0.6728334  0.66888493 0.6737784  0.664209
 0.66362804 0.66944444 0.6667201  0.68136096 0.6751544  0.680985
 0.6758436  0.67269516 0.6744863  0.6634546  0.67854214 0.66452926
 0.66794145 0.6762082  0.6675154  0.6684457 ]",1.2143972e+06,38.89900302886963,4111.744989238303
NNODEgHMC,0.6,autograd,high_dimensional_gaussian,SynchronousLeapfrog,0.1,"[0.94104874 0.9410275  0.94130635 0.94109046 0.94096774 0.9413928
 0.941508   0.9413411  0.940714   0.94122744 0.94113445 0.9410567
 0.94104624 0.9409343  0.94164085 0.94091606 0.941142   0.94113487
 0.9415242  0.94108975 0.9407964  0.94126844 0.94096774 0.9409714
 0.9411656  0.9413988  0.9409918  0.9410946  0.94118583 0.941106
 0.9409351  0.94097006 0.9408369  0.9409372  0.9413272  0.9416125
 0.94128203 0.9407663  0.9409186  0.9408965  0.9413121  0.9412152
 0.94130313 0.94114876 0.9411998  0.94141567 0.940911   0.94135445
 0.9413618  0.9411868  0.94141924 0.9410054  0.9409493  0.9409456
 0.9410286  0.94112253 0.94131535 0.9415912  0.9413635  0.9408258
 0.94106424 0.9409482  0.9412402  0.94101495 0.941275   0.9406998
 0.94072884 0.9405467  0.9408606  0.9411197  0.9411904  0.94100213
 0.9412594  0.94127417 0.94119424 0.9412526  0.9414336  0.9413246
 0.9412903  0.9413856  0.9411148  0.94109744 0.94097173 0.94138765
 0.94149894 0.9410464  0.94127005 0.94097805 0.94101083 0.9407854
 0.9411144  0.9410496  0.94112086 0.94145525 0.94097555 0.9412899
 0.94116354 0.94090974 0.9413043  0.94109666]",9.392776e-11,31.925437688827515,4200.0
Explicit NNODEgHMC,0.6,autograd,high_dimensional_gaussian,SynchronousLeapfrog,0.1,"[0.9399251  0.9398992  0.9401862  0.9399587  0.9398402  0.9402734
 0.9403918  0.94022244 0.9395806  0.94010186 0.94000375 0.93992984
 0.9399164  0.93980265 0.9405319  0.9397859  0.94001925 0.9400107
 0.9404072  0.9399507  0.9396629  0.9401456  0.9398376  0.9398432
 0.94004285 0.9402761  0.9398648  0.9399681  0.9400548  0.93998855
 0.9398033  0.93984675 0.9397177  0.9398023  0.9401988  0.9404962
 0.9401557  0.93962735 0.9397833  0.93977153 0.9401919  0.9400804
 0.94018257 0.94001937 0.94007796 0.9402959  0.93976855 0.94023883
 0.9402441  0.9400612  0.9402993  0.93987024 0.93981636 0.93981886
 0.9399039  0.9400002  0.9401932  0.9404769  0.9402423  0.93969667
 0.9399258  0.93981755 0.9401209  0.93987626 0.94015765 0.9395678
 0.9395949  0.9394077  0.9397367  0.9399974  0.94006366 0.9398749
 0.94013065 0.9401518  0.9400708  0.94012946 0.9403178  0.94020045
 0.9401614  0.9402658  0.93999016 0.9399657  0.93984103 0.9402642
 0.9403808  0.9399129  0.9401444  0.9398591  0.93988407 0.9396558
 0.9399947  0.93992114 0.939999   0.9403341  0.9398521  0.94016206
 0.94003356 0.93977916 0.94018143 0.9399642 ]",4.8506385e-14,48.966957330703735,11.479552634941331
SymplecticNNgHMC,0.6,autograd,high_dimensional_gaussian,SynchronousLeapfrog,0.1,"[0.9461242  0.9460394  0.94616956 0.9460017  0.94625866 0.94600075
 0.9464096  0.9463198  0.9455487  0.94641846 0.9463576  0.9458623
 0.94653004 0.9458627  0.94535446 0.9459963  0.9463234  0.94615525
 0.94610757 0.9469223  0.9459111  0.9464873  0.9462411  0.94582623
 0.946293   0.94596875 0.9464497  0.94560814 0.9463789  0.9457512
 0.9466351  0.94537896 0.9452602  0.94635093 0.9461758  0.9460864
 0.9459385  0.94647884 0.9463552  0.9455966  0.9463577  0.9466836
 0.94614214 0.94602275 0.9461851  0.9459719  0.9469414  0.94579065
 0.9462087  0.94641924 0.9458518  0.9463379  0.9462035  0.9458182
 0.9458822  0.9457891  0.94616985 0.94638056 0.94645995 0.9459218
 0.9467741  0.946357   0.9459895  0.94694155 0.9456693  0.9459896
 0.9459152  0.9459673  0.9456161  0.9454926  0.9464824  0.9460957
 0.9466142  0.94581115 0.94640553 0.94598216 0.94582224 0.9463887
 0.94657296 0.9459426  0.94628924 0.9465267  0.9463022  0.9463104
 0.94623774 0.9463854  0.9462382  0.94520897 0.94575644 0.9457501
 0.94558114 0.94586825 0.9459321  0.94660604 0.945786   0.94663686
 0.9460737  0.94579935 0.94679135 0.94634664]",3305.7383,100.58741521835327,4200.0
GSymplecticNNgHMC,0.6,autograd,high_dimensional_gaussian,SynchronousLeapfrog,0.1,"[0.942716   0.942829   0.9429356  0.94301575 0.9427285  0.9430187
 0.9430671  0.94292843 0.94259346 0.94299877 0.94304276 0.94282264
 0.9429016  0.9428164  0.9430175  0.9427509  0.94280577 0.9428401
 0.9431111  0.94323814 0.9427001  0.94297063 0.9428123  0.9427556
 0.94283664 0.9431323  0.94274664 0.9428579  0.94311905 0.942592
 0.94281983 0.9426035  0.9423067  0.9429218  0.94321847 0.9432038
 0.94309235 0.9428255  0.9429072  0.9425618  0.9429416  0.94326967
 0.94294184 0.94301546 0.942852   0.94305885 0.9431169  0.94285667
 0.94292533 0.942945   0.9430668  0.9430129  0.94287384 0.94267815
 0.94271934 0.9427712  0.9430046  0.9431149  0.94303817 0.94260085
 0.9431874  0.94280136 0.9428279  0.94313073 0.94280136 0.9425291
 0.94262475 0.94255304 0.94248605 0.94276184 0.94299376 0.94276303
 0.94313943 0.94296235 0.9428901  0.9429573  0.94296324 0.94307727
 0.9431815  0.9430241  0.9428271  0.9430232  0.9428327  0.9431391
 0.9431132  0.94301414 0.9430574  0.9424855  0.94276613 0.9425634
 0.94267523 0.9428644  0.94275254 0.9431521  0.942613   0.9431497
 0.9430555  0.94275653 0.94301116 0.9430472 ]",1297.5596,22.926249504089355,3.243360697125112
HMC,0.6,autograd,high_dimensional_warped_gaussian,SynchronousLeapfrog,0.1,"[0.89114416 0.8948157  0.8939866  0.89512676 0.8965017  0.897778
 0.8971349  0.89680696 0.89262    0.89813155 0.8951003  0.89335245
 0.89527607 0.8935897  0.8932915  0.89506674 0.89525837 0.8943764
 0.8954203  0.8959972  0.89413166 0.89708966 0.89656293 0.8946141
 0.8956689  0.89490855 0.89506316 0.89533997 0.8959409  0.89493483
 0.89560366 0.89277184 0.8914501  0.8944634  0.89395165 0.89894915
 0.8958832  0.8963155  0.89837474 0.89442587 0.8955981  0.8959669
 0.8968474  0.89553845 0.892445   0.89765406 0.89472604 0.89553165
 0.8960225  0.8978623  0.8989324  0.8962374  0.8972108  0.89592266
 0.89554226 0.8920495  0.8954164  0.8957242  0.89523935 0.895542
 0.8989662  0.8953682  0.894711   0.8972626  0.8968274  0.8947775
 0.8946728  0.8929295  0.8934307  0.89560497 0.8939704  0.8962738
 0.89412564 0.89647716 0.89494324 0.8943496  0.89402866 0.8965453
 0.8990512  0.8966333  0.89576054 0.8973166  0.8969223  0.89693964
 0.8981911  0.8976587  0.89767265 0.8908452  0.89385146 0.8945521
 0.8958675  0.8953783  0.89391994 0.8962811  0.89337707 0.89925575
 0.8952726  0.8936696  0.89634645 0.8970739 ]",74.01438,18.263822078704834,4425.401708187355
NNgHMC,0.6,autograd,high_dimensional_warped_gaussian,SynchronousLeapfrog,0.1,"[0.89114416 0.8948157  0.8939866  0.89512676 0.8965017  0.897778
 0.8971349  0.89680696 0.89262    0.89813155 0.8951003  0.89335245
 0.89527607 0.8935897  0.8932915  0.89506674 0.89525837 0.8943764
 0.8954203  0.8959972  0.89413166 0.89708966 0.89656293 0.8946141
 0.8956689  0.89490855 0.89506316 0.89533997 0.8959409  0.89493483
 0.89560366 0.89277184 0.8914501  0.8944634  0.89395165 0.89894915
 0.8958832  0.8963155  0.89837474 0.89442587 0.8955981  0.8959669
 0.8968474  0.89553845 0.892445   0.89765406 0.89472604 0.89553165
 0.8960225  0.8978623  0.8989324  0.8962374  0.8972108  0.89592266
 0.89554226 0.8920495  0.8954164  0.8957242  0.89523935 0.895542
 0.8989662  0.8953682  0.894711   0.8972626  0.8968274  0.8947775
 0.8946728  0.8929295  0.8934307  0.89560497 0.8939704  0.8962738
 0.89412564 0.89647716 0.89494324 0.8943496  0.89402866 0.8965453
 0.8990512  0.8966333  0.89576054 0.8973166  0.8969223  0.89693964
 0.8981911  0.8976587  0.89767265 0.8908452  0.89385146 0.8945521
 0.8958675  0.8953783  0.89391994 0.8962811  0.89337707 0.89925575
 0.8952726  0.8936696  0.89634645 0.8970739 ]",74.01438,38.90185499191284,4112.321394126072
NNODEgHMC,0.6,autograd,high_dimensional_warped_gaussian,SynchronousLeapfrog,0.1,"[0.93695754 0.93937206 0.9392029  0.93817186 0.9373987  0.9388775
 0.9386401  0.9404117  0.93552816 0.9398303  0.9371675  0.93664044
 0.93797493 0.93590724 0.9392928  0.93799895 0.9350668  0.9381428
 0.9394683  0.93763494 0.93746746 0.9396598  0.93915224 0.93816566
 0.93501437 0.9390875  0.93719614 0.9360565  0.9383468  0.9374894
 0.93912005 0.93626463 0.9345869  0.9366657  0.9386491  0.93945444
 0.9383851  0.936866   0.93850553 0.9368236  0.9405707  0.9379386
 0.93650526 0.93924797 0.93856466 0.9393663  0.93888617 0.93952084
 0.93753433 0.93723506 0.9393169  0.9395994  0.9387743  0.9390415
 0.9371599  0.9359107  0.9377958  0.9409704  0.940232   0.9377915
 0.9390427  0.9373867  0.93910855 0.93695366 0.93888134 0.9361223
 0.93515915 0.93752086 0.93813556 0.93848646 0.94022745 0.9387933
 0.9376445  0.93820524 0.93801105 0.93897426 0.93959665 0.9393333
 0.9381327  0.94076204 0.9378061  0.9387631  0.937222   0.9373034
 0.9391288  0.9389987  0.93930256 0.9377413  0.93906516 0.9346342
 0.9369577  0.9388269  0.9384214  0.9372308  0.9364742  0.9391031
 0.9397778  0.9388482  0.93740547 0.93947357]",2.2566837e-13,31.277920484542847,131.5129026610184
Explicit NNODEgHMC,0.6,autograd,high_dimensional_warped_gaussian,SynchronousLeapfrog,0.1,"[0.93796396 0.9399476  0.940948   0.9396452  0.93832076 0.9405586
 0.94053257 0.9414984  0.9372529  0.94047546 0.93745816 0.9384775
 0.9388628  0.93744993 0.94191027 0.93881786 0.9366102  0.93994635
 0.9408424  0.9378082  0.9382862  0.94065064 0.93968666 0.9394528
 0.9380524  0.94020694 0.9384815  0.9378276  0.93927974 0.93916535
 0.93959713 0.9380293  0.9373002  0.9376707  0.9391967  0.9414722
 0.93998337 0.93773365 0.938794   0.9385187  0.94168234 0.9389894
 0.93923044 0.9402437  0.93932986 0.9410035  0.938751   0.940474
 0.939463   0.93897104 0.9406699  0.9398204  0.9391622  0.9398419
 0.93829    0.93785655 0.940235   0.94200325 0.94144607 0.9384432
 0.9394393  0.9387568  0.9401502  0.9376685  0.9401786  0.9370254
 0.9367999  0.93781614 0.93966925 0.9401404  0.9408454  0.9400694
 0.9386789  0.93910855 0.9387026  0.9397092  0.9404974  0.9401208
 0.93962854 0.9420204  0.93876237 0.93954813 0.9384459  0.9386194
 0.9402938  0.9397049  0.94003695 0.93902874 0.93975616 0.93631905
 0.93902326 0.93958247 0.9395727  0.9397065  0.93873596 0.93999326
 0.9402119  0.9394157  0.9392673  0.9399366 ]",2.1466917e-13,49.197309255599976,12.5610985588977
SymplecticNNgHMC,0.6,autograd,high_dimensional_warped_gaussian,SynchronousLeapfrog,0.1,"[0.9163928  0.9221724  0.935099   0.9244193  0.927691   0.92564285
 0.92620456 0.91886634 0.9232949  0.9273953  0.92887163 0.91695136
 0.9304001  0.90810573 0.91505516 0.9246725  0.92810726 0.91836643
 0.9169518  0.9252796  0.92328846 0.93235004 0.928457   0.930385
 0.92436504 0.9227449  0.9178839  0.91545844 0.9212858  0.9124378
 0.9294008  0.9172899  0.92560804 0.9225669  0.9185213  0.9295179
 0.9140972  0.91672957 0.9249131  0.9255017  0.9246764  0.92440414
 0.92026156 0.923902   0.92748547 0.9236193  0.9263762  0.92518246
 0.92488515 0.9230765  0.92747915 0.9112517  0.9294051  0.9203477
 0.9291377  0.9155018  0.91624    0.9291011  0.9157283  0.9271971
 0.9285556  0.9260883  0.9196655  0.9265865  0.92175263 0.9186728
 0.92349386 0.9140522  0.9237611  0.91519153 0.926209   0.9173092
 0.9182986  0.9213203  0.92891777 0.91521776 0.917782   0.9239749
 0.92046237 0.92216635 0.92883253 0.9283385  0.92683095 0.9267797
 0.9254564  0.9243676  0.9237019  0.9125576  0.9156665  0.919855
 0.9219948  0.9147879  0.9228503  0.9235846  0.9272821  0.9264709
 0.91618246 0.9240818  0.92997396 0.92518777]",67.17305,98.9044132232666,4200.0
GSymplecticNNgHMC,0.6,autograd,high_dimensional_warped_gaussian,SynchronousLeapfrog,0.1,"[0.9241891  0.9241899  0.9260045  0.9244782  0.92423075 0.9269943
 0.9276914  0.9265978  0.9222064  0.92580354 0.9247637  0.9243704
 0.92435783 0.92359257 0.928288   0.9236163  0.92538154 0.9249793
 0.9274869  0.9243101  0.9227245  0.9260229  0.92400455 0.9239545
 0.92550755 0.9264823  0.9241917  0.92487735 0.9251145  0.92533386
 0.923618   0.9240686  0.9235132  0.92348516 0.925728   0.9284393
 0.9258312  0.9226116  0.9237699  0.923763   0.92619437 0.925166
 0.92645234 0.92492175 0.92518663 0.927077   0.9229075  0.92671394
 0.92676353 0.9256944  0.9272463  0.9238739  0.9238652  0.92400426
 0.9245896  0.9248079  0.92616934 0.9279835  0.92638105 0.9232492
 0.9244877  0.9238255  0.92580223 0.92414236 0.92639554 0.92241615
 0.9225301  0.92092204 0.92345667 0.92515534 0.9249556  0.9243387
 0.92542815 0.92609584 0.9254017  0.92560494 0.92691183 0.926209
 0.92619705 0.92671716 0.9250411  0.9247779  0.9241581  0.9267561
 0.9276757  0.92444867 0.92600334 0.92405367 0.9240539  0.923053
 0.9253709  0.924411   0.92496586 0.927107   0.9241244  0.92619073
 0.92486256 0.9233231  0.92624843 0.9246661 ]",3470.2573,29.743078470230103,4200.0
HMC,0.7000000000000001,autograd,high_dimensional_gaussian,SynchronousLeapfrog,0.1,"[0.6714219  0.6759212  0.6649103  0.6717843  0.67089415 0.67132103
 0.6677119  0.6743654  0.67190826 0.668456   0.6713791  0.6700988
 0.66805506 0.66793984 0.66539705 0.670712   0.67328453 0.670011
 0.66448987 0.6722511  0.67219675 0.6658201  0.6742508  0.6651874
 0.67349136 0.6678709  0.67760503 0.67208356 0.671891   0.6761861
 0.669963   0.6678216  0.66882366 0.6701031  0.6680957  0.6711077
 0.6612898  0.67485905 0.665406   0.67814064 0.6713578  0.67719734
 0.66279244 0.6674293  0.6678676  0.6672687  0.6675894  0.6693765
 0.6638424  0.6757959  0.67536134 0.67435944 0.67387235 0.6657457
 0.66727567 0.6722583  0.674875   0.6708212  0.68007326 0.6655308
 0.6697013  0.6744958  0.67244875 0.6774451  0.6725821  0.67365575
 0.66895044 0.6703733  0.672122   0.6735705  0.67009044 0.67075014
 0.6735897  0.67155313 0.66962594 0.67826974 0.6702933  0.6820173
 0.66522145 0.67657757 0.6649295  0.6723225  0.67841995 0.6688122
 0.6790823  0.6674688  0.6738839  0.6790583  0.66740704 0.66757965
 0.67280716 0.67583215 0.6709112  0.6725792  0.6736274  0.67887723
 0.6682231  0.671225   0.6725166  0.6699469 ]",1.3754859e+06,18.569507360458374,4137.519288486582
NNgHMC,0.7000000000000001,autograd,high_dimensional_gaussian,SynchronousLeapfrog,0.1,"[0.6714219  0.6759212  0.6649103  0.6717843  0.67089415 0.67132103
 0.6677119  0.6743654  0.67190826 0.668456   0.6713791  0.6700988
 0.66805506 0.66793984 0.66539705 0.670712   0.67328453 0.670011
 0.66448987 0.6722511  0.67219675 0.6658201  0.6742508  0.6651874
 0.67349136 0.6678709  0.67760503 0.67208356 0.671891   0.6761861
 0.669963   0.6678216  0.66882366 0.6701031  0.6680957  0.6711077
 0.6612898  0.67485905 0.665406   0.67814064 0.6713578  0.67719734
 0.66279244 0.6674293  0.6678676  0.6672687  0.6675894  0.6693765
 0.6638424  0.6757959  0.67536134 0.67435944 0.67387235 0.6657457
 0.66727567 0.6722583  0.674875   0.6708212  0.68007326 0.6655308
 0.6697013  0.6744958  0.67244875 0.6774451  0.6725821  0.67365575
 0.66895044 0.6703733  0.672122   0.6735705  0.67009044 0.67075014
 0.6735897  0.67155313 0.66962594 0.67826974 0.6702933  0.6820173
 0.66522145 0.67657757 0.6649295  0.6723225  0.67841995 0.6688122
 0.6790823  0.6674688  0.6738839  0.6790583  0.66740704 0.66757965
 0.67280716 0.67583215 0.6709112  0.6725792  0.6736274  0.67887723
 0.6682231  0.671225   0.6725166  0.6699469 ]",1.3754859e+06,37.135587215423584,3812.15389742466
NNODEgHMC,0.7000000000000001,autograd,high_dimensional_gaussian,SynchronousLeapfrog,0.1,"[0.9411423  0.9408786  0.9413867  0.94094145 0.9410783  0.9411463
 0.9413211  0.94106764 0.94097936 0.94115055 0.94096726 0.9411148
 0.9411208  0.9411138  0.9415387  0.94104147 0.9410616  0.9411537
 0.94142336 0.94077176 0.94094694 0.9412941  0.9409029  0.9412729
 0.9410481  0.9412079  0.9408488  0.94103813 0.9409288  0.94107854
 0.9410324  0.9412868  0.9413647  0.9409651  0.9410988  0.9411715
 0.941388   0.94073963 0.9411151  0.9408927  0.9411509  0.94065773
 0.9414449  0.9411337  0.9412726  0.9412788  0.94090533 0.94130623
 0.9414605  0.9408994  0.94098365 0.94079083 0.9408604  0.9412827
 0.9412572  0.941121   0.94098663 0.94123906 0.9408121  0.9412643
 0.9408683  0.9408927  0.9411439  0.9406041  0.94117165 0.94094265
 0.9410658  0.94094944 0.94113684 0.9410648  0.94108725 0.9410839
 0.94091004 0.94110197 0.9411714  0.9408604  0.9412615  0.9406861
 0.94118136 0.94095534 0.9413249  0.9409134  0.94074214 0.94115496
 0.9408757  0.9410571  0.940948   0.94097847 0.94121635 0.9411936
 0.9411454  0.94087094 0.94117284 0.9410591  0.94107527 0.9407157
 0.9410894  0.94102067 0.9410554  0.94098246]",1.03216734e-10,30.91540813446045,3900.0
Explicit NNODEgHMC,0.7000000000000001,autograd,high_dimensional_gaussian,SynchronousLeapfrog,0.1,"[0.9400852  0.9398152  0.9403326  0.9398749  0.9400177  0.9400899
 0.94026816 0.9400117  0.9399149  0.9400902  0.93990135 0.94005436
 0.94005793 0.9400503  0.9404928  0.9399786  0.9400036  0.94009537
 0.94037056 0.9396972  0.9398813  0.9402369  0.9398384  0.9402136
 0.93998975 0.94014907 0.9397863  0.9399771  0.9398617  0.9400257
 0.93996805 0.940232   0.94031537 0.9398973  0.9400345  0.9401161
 0.9403286  0.9396676  0.94004846 0.9398334  0.9400945  0.9395846
 0.94039106 0.9400705  0.9402169  0.9402231  0.93983066 0.94025487
 0.9404088  0.9398371  0.9399251  0.9397205  0.9397931  0.9402249
 0.94020027 0.9400639  0.939927   0.94018626 0.9397513  0.9402053
 0.9397954  0.93982786 0.9400886  0.9395289  0.94011843 0.9398793
 0.9400015  0.93988127 0.940081   0.9400074  0.9400255  0.94002354
 0.93984437 0.94004345 0.9401135  0.9397992  0.9402089  0.9396218
 0.9401177  0.93989676 0.940268   0.9398464  0.93967557 0.94009507
 0.93981695 0.9399903  0.93988526 0.9399244  0.94015735 0.9401339
 0.9400911  0.9398069  0.9401168  0.9399998  0.9400183  0.93964857
 0.9400252  0.9399573  0.93999594 0.93991554]",4.450461e-11,47.16259241104126,12.56786987678514
SymplecticNNgHMC,0.7000000000000001,autograd,high_dimensional_gaussian,SynchronousLeapfrog,0.1,"[0.9454248  0.9451989  0.94524753 0.9451372  0.94562167 0.94522685
 0.94555014 0.945138   0.94541615 0.94571203 0.9455947  0.9456576
 0.94568837 0.9452204  0.9451587  0.9454535  0.94530094 0.94546735
 0.945436   0.94578856 0.9457993  0.94571733 0.94535446 0.9452655
 0.9450369  0.9457059  0.9455097  0.94535923 0.94570684 0.9451229
 0.94530165 0.94507617 0.94543284 0.9456994  0.9454478  0.94552153
 0.9455738  0.9454564  0.94579905 0.9449339  0.94536656 0.945168
 0.9456887  0.94513124 0.9453331  0.9454613  0.94611454 0.94550675
 0.9455242  0.9453408  0.9453473  0.94584846 0.9457721  0.9455635
 0.9457791  0.9454085  0.9452316  0.9448616  0.9442598  0.94578505
 0.9456319  0.94537103 0.94528246 0.9455847  0.945135   0.9453847
 0.9458306  0.94539183 0.9451885  0.9450079  0.9453181  0.94515884
 0.94522643 0.9453776  0.94584674 0.94476974 0.94522727 0.9451988
 0.9459262  0.9449887  0.9456992  0.945724   0.9452462  0.9456734
 0.9455134  0.9455781  0.94553614 0.9443523  0.94563615 0.94566345
 0.9453182  0.9452981  0.9452931  0.9455317  0.94478816 0.9455681
 0.9458684  0.945673   0.94531703 0.9457425 ]",827.6487,106.92556762695312,3900.0
GSymplecticNNgHMC,0.7000000000000001,autograd,high_dimensional_gaussian,SynchronousLeapfrog,0.1,"[0.9429964  0.9428698  0.9432037  0.9430516  0.9430207  0.942973
 0.9430808  0.94285864 0.94303006 0.9431097  0.9430609  0.94306374
 0.9431542  0.9431693  0.9431197  0.9430537  0.94291943 0.94304675
 0.9432058  0.943103   0.9430249  0.9431824  0.9429331  0.9432296
 0.9429139  0.94313455 0.94279647 0.94298875 0.94305056 0.942764
 0.94309425 0.9430996  0.943015   0.943125   0.9431772  0.94297147
 0.94337624 0.9429741  0.9432714  0.942749   0.9429776  0.942908
 0.9432685  0.94318074 0.94311184 0.943117   0.9432775  0.9430069
 0.9432132  0.94285536 0.9428382  0.9429827  0.9429674  0.9431888
 0.943128   0.9429602  0.94287777 0.9429717  0.94269794 0.94320697
 0.9431701  0.9429312  0.94292784 0.9429087  0.94289774 0.9429464
 0.94312847 0.9431157  0.94294393 0.94290054 0.94307756 0.943028
 0.9429848  0.9429848  0.9430565  0.9427681  0.9429919  0.9426497
 0.9432564  0.942801   0.9432168  0.94302547 0.94279546 0.9431008
 0.94270563 0.94320124 0.9429323  0.9426837  0.9431486  0.94314116
 0.9428999  0.9428765  0.94299364 0.9429598  0.9429009  0.9427804
 0.94316405 0.943045   0.94295996 0.943115  ]",936393.9,23.96233057975769,2.6282987227238213
HMC,0.7000000000000001,autograd,high_dimensional_warped_gaussian,SynchronousLeapfrog,0.1,"[0.89256465 0.8947708  0.8954557  0.8951518  0.8979079  0.8973209
 0.89710253 0.89616    0.89484924 0.8985914  0.8950441  0.89455956
 0.8965668  0.89545286 0.8938632  0.896564   0.89565486 0.89537704
 0.8959407  0.8950719  0.89572513 0.8981804  0.8969554  0.8971828
 0.89585817 0.8948557  0.8950121  0.8958689  0.89538544 0.8955784
 0.89695376 0.89542097 0.89523315 0.8954482  0.89368296 0.8974707
 0.8975023  0.8968503  0.9002804  0.89511603 0.8956227  0.89369583
 0.8986362  0.89637154 0.8938247  0.8978666  0.8955471  0.8962204
 0.8975916  0.89705384 0.89736605 0.89582103 0.89745873 0.89865077
 0.8976841  0.8929411  0.89447373 0.8947872  0.89301634 0.89880025
 0.89868915 0.8958225  0.8950702  0.8957108  0.8971226  0.8968196
 0.8973068  0.8958769  0.8957529  0.8961257  0.89432096 0.8975382
 0.89309233 0.89641136 0.89572847 0.8930089  0.89407146 0.8937825
 0.8993826  0.8951084  0.89785594 0.8971062  0.8963453  0.8966057
 0.8955761  0.89856493 0.8967284  0.8916315  0.8958858  0.8976194
 0.8968663  0.89516723 0.8950948  0.89502764 0.89474154 0.8968338
 0.8957788  0.89510125 0.89585686 0.8972844 ]",74.536224,18.319586277008057,4137.5504832009665
NNgHMC,0.7000000000000001,autograd,high_dimensional_warped_gaussian,SynchronousLeapfrog,0.1,"[0.89256465 0.8947708  0.8954557  0.8951518  0.8979079  0.8973209
 0.89710253 0.89616    0.89484924 0.8985914  0.8950441  0.89455956
 0.8965668  0.89545286 0.8938632  0.896564   0.89565486 0.89537704
 0.8959407  0.8950719  0.89572513 0.8981804  0.8969554  0.8971828
 0.89585817 0.8948557  0.8950121  0.8958689  0.89538544 0.8955784
 0.89695376 0.89542097 0.89523315 0.8954482  0.89368296 0.8974707
 0.8975023  0.8968503  0.9002804  0.89511603 0.8956227  0.89369583
 0.8986362  0.89637154 0.8938247  0.8978666  0.8955471  0.8962204
 0.8975916  0.89705384 0.89736605 0.89582103 0.89745873 0.89865077
 0.8976841  0.8929411  0.89447373 0.8947872  0.89301634 0.89880025
 0.89868915 0.8958225  0.8950702  0.8957108  0.8971226  0.8968196
 0.8973068  0.8958769  0.8957529  0.8961257  0.89432096 0.8975382
 0.89309233 0.89641136 0.89572847 0.8930089  0.89407146 0.8937825
 0.8993826  0.8951084  0.89785594 0.8971062  0.8963453  0.8966057
 0.8955761  0.89856493 0.8967284  0.8916315  0.8958858  0.8976194
 0.8968663  0.89516723 0.8950948  0.89502764 0.89474154 0.8968338
 0.8957788  0.89510125 0.89585686 0.8972844 ]",74.536224,36.82234191894531,3811.773089653255
NNODEgHMC,0.7000000000000001,autograd,high_dimensional_warped_gaussian,SynchronousLeapfrog,0.1,"[0.9360156  0.9379696  0.93768775 0.93528926 0.9365954  0.935903
 0.93577045 0.93804204 0.9345438  0.93888444 0.9361195  0.93472016
 0.93687534 0.93472195 0.9365236  0.93728495 0.93268555 0.9362859
 0.9376828  0.93494195 0.93662596 0.93863344 0.9380881  0.9378722
 0.9311172  0.9368086  0.9347636  0.93346417 0.9355787  0.93537366
 0.9387373  0.935693   0.9342613  0.93512344 0.93644446 0.9353074
 0.9368806  0.93490857 0.9386438  0.93471956 0.93863153 0.9333798
 0.93420094 0.9377128  0.93835586 0.93714905 0.93814147 0.93896353
 0.9357662  0.9336623  0.93566436 0.9383092  0.93772495 0.9397061
 0.9366369  0.9333462  0.93368375 0.93850684 0.9362146  0.9390067
 0.9367465  0.9353188  0.9375319  0.93322456 0.93701047 0.93560666
 0.9345133  0.93846005 0.937642   0.9362768  0.9396693  0.93759763
 0.9343662  0.93625087 0.93726414 0.9362829  0.93847215 0.9351465
 0.9356514  0.93733203 0.9376764  0.93653697 0.9340285  0.93430185
 0.9350405  0.937802   0.936829   0.93627155 0.9398741  0.9343425
 0.9346937  0.93681806 0.9372215  0.9329227  0.9342432  0.9350082
 0.93895864 0.9385396  0.93397987 0.93805015]",2.4685676e-13,31.443914651870728,21.00830941541569
Explicit NNODEgHMC,0.7000000000000001,autograd,high_dimensional_warped_gaussian,SynchronousLeapfrog,0.1,"[0.9387102  0.93951935 0.9417081  0.9392451  0.93908584 0.9397683
 0.94009626 0.9405911  0.93869346 0.94045585 0.93700624 0.9390391
 0.9395218  0.9385955  0.94191664 0.93964314 0.93651336 0.9403372
 0.9408772  0.9365667  0.9391693  0.9411348  0.93963087 0.9411483
 0.93778694 0.93969387 0.9379957  0.93785655 0.9383871  0.9392899
 0.94032925 0.9398211  0.939981   0.9380891  0.9385189  0.93980813
 0.94091594 0.9377966  0.94001    0.9386629  0.9412966  0.93661773
 0.9403261  0.9405172  0.94001526 0.94078577 0.9389968  0.9406304
 0.94033855 0.9378698  0.9389782  0.9390725  0.9389388  0.94168985
 0.93967074 0.9381622  0.9390182  0.9408232  0.9392278  0.9407586
 0.93880546 0.9387159  0.94002426 0.9359045  0.9400322  0.93835044
 0.9386143  0.93985665 0.94112945 0.94016504 0.9407028  0.9406992
 0.9373845  0.93865585 0.93893015 0.9381651  0.94010687 0.9373969
 0.9394864  0.9403776  0.9400968  0.9389509  0.93755937 0.937904
 0.93767786 0.94004816 0.93885136 0.9392699  0.9409944  0.93849343
 0.9394375  0.9390179  0.9401214  0.93818986 0.9394418  0.93755674
 0.94019306 0.9401697  0.93841136 0.93970966]",1.8217842e-13,47.3794367313385,13.616555903481773
SymplecticNNgHMC,0.7000000000000001,autograd,high_dimensional_warped_gaussian,SynchronousLeapfrog,0.1,"[0.9300739  0.92395926 0.9195106  0.9185707  0.9201535  0.9153427
 0.9297246  0.9218883  0.9172897  0.92321575 0.916026   0.92479485
 0.9152628  0.9110389  0.91202664 0.9061569  0.9168061  0.9253752
 0.9163692  0.9184303  0.92885935 0.9183518  0.91654587 0.9078724
 0.92863595 0.920977   0.92543286 0.9231187  0.90895987 0.9284401
 0.9162792  0.9059934  0.9167137  0.9138814  0.91076344 0.9224853
 0.9272555  0.9133603  0.91963184 0.90963256 0.922956   0.91727656
 0.9325776  0.9168496  0.90799785 0.9227726  0.9189123  0.92008495
 0.9248699  0.9248651  0.91304576 0.92207015 0.9249352  0.91626537
 0.9329455  0.92314833 0.9293417  0.9141071  0.92172736 0.9172462
 0.92435014 0.9267324  0.91716623 0.9254929  0.92305917 0.93050355
 0.9232518  0.9249374  0.9086946  0.9187386  0.91616243 0.927297
 0.923192   0.9168762  0.9253993  0.919124   0.9185979  0.9177979
 0.92980164 0.91824216 0.9212717  0.919332   0.92819    0.92663383
 0.91950583 0.92416954 0.9323311  0.9094421  0.91826487 0.92593277
 0.92504656 0.9169542  0.9156246  0.9222643  0.9260561  0.9244021
 0.91946566 0.9190895  0.9259925  0.919085  ]",61.984646,110.64842462539673,3900.0
GSymplecticNNgHMC,0.7000000000000001,autograd,high_dimensional_warped_gaussian,SynchronousLeapfrog,0.1,"[0.9250989  0.9234171  0.9269723  0.9237444  0.9252162  0.9257311
 0.92692506 0.92511415 0.9240974  0.92566395 0.92398    0.92502356
 0.92516613 0.9250454  0.92813444 0.92468023 0.92513055 0.92540276
 0.9273381  0.9224486  0.9239006  0.9266224  0.9237881  0.92626953
 0.9249921  0.9256561  0.9234117  0.9247726  0.92369556 0.92536086
 0.92452705 0.92641497 0.927168   0.9239289  0.924633   0.9259793
 0.92699635 0.9225458  0.92538166 0.9238426  0.92547244 0.921679
 0.92781943 0.92516375 0.9260773  0.92660177 0.9231624  0.9268243
 0.9278733  0.9240359  0.9247055  0.92267275 0.9234869  0.92654836
 0.9264231  0.9250798  0.92429864 0.92613125 0.92299145 0.9264382
 0.9234521  0.92363954 0.925512   0.9215619  0.92606807 0.92413664
 0.92494726 0.9237356  0.92546767 0.9250343  0.9246439  0.9251258
 0.92341936 0.9252979  0.92562425 0.92328393 0.92622584 0.9222121
 0.92588127 0.92416036 0.9268033  0.92381257 0.9227685  0.92563266
 0.9239006  0.92482394 0.92417276 0.92419696 0.9257622  0.9259712
 0.925817   0.92342776 0.9256152  0.92486566 0.9249754  0.922613
 0.9247305  0.92428017 0.9249257  0.9241934 ]",28562.977,29.999596118927002,3900.0
HMC,0.8,autograd,high_dimensional_gaussian,SynchronousLeapfrog,0.1,"[0.6699242  0.6660835  0.66444415 0.6744865  0.66828454 0.6659218
 0.6687716  0.6662703  0.6782024  0.6750231  0.6703238  0.6740062
 0.67200696 0.66937804 0.6723053  0.68118143 0.6715565  0.6654341
 0.67370725 0.6733297  0.6713955  0.681558   0.6781833  0.6771989
 0.6709454  0.66543734 0.66609585 0.6735381  0.66542643 0.67359877
 0.66733944 0.6706268  0.67107975 0.6733352  0.6644587  0.6745666
 0.67123264 0.6663586  0.681479   0.6756327  0.6747393  0.6815419
 0.6714889  0.6730785  0.66979194 0.67274445 0.66596043 0.66803825
 0.66800404 0.6638963  0.66689795 0.6709487  0.674637   0.66314
 0.67031497 0.6666008  0.6816776  0.6706407  0.66543114 0.6675207
 0.67238474 0.6731345  0.66590816 0.6628774  0.6713598  0.66854894
 0.66880983 0.6764606  0.66858053 0.67161894 0.6744127  0.6710211
 0.6635113  0.667243   0.6683613  0.6715536  0.67425513 0.67864645
 0.67155397 0.669176   0.6776689  0.67371964 0.666808   0.6690173
 0.6717714  0.66510665 0.67274904 0.673588   0.6798722  0.66279054
 0.6775774  0.6701232  0.6673138  0.6754193  0.6741624  0.67370963
 0.67753124 0.6789116  0.6703929  0.6725041 ]",1.3208165e+06,18.443124055862427,3847.703801374461
NNgHMC,0.8,autograd,high_dimensional_gaussian,SynchronousLeapfrog,0.1,"[0.6699242  0.6660835  0.66444415 0.6744865  0.66828454 0.6659218
 0.6687716  0.6662703  0.6782024  0.6750231  0.6703238  0.6740062
 0.67200696 0.66937804 0.6723053  0.68118143 0.6715565  0.6654341
 0.67370725 0.6733297  0.6713955  0.681558   0.6781833  0.6771989
 0.6709454  0.66543734 0.66609585 0.6735381  0.66542643 0.67359877
 0.66733944 0.6706268  0.67107975 0.6733352  0.6644587  0.6745666
 0.67123264 0.6663586  0.681479   0.6756327  0.6747393  0.6815419
 0.6714889  0.6730785  0.66979194 0.67274445 0.66596043 0.66803825
 0.66800404 0.6638963  0.66689795 0.6709487  0.674637   0.66314
 0.67031497 0.6666008  0.6816776  0.6706407  0.66543114 0.6675207
 0.67238474 0.6731345  0.66590816 0.6628774  0.6713598  0.66854894
 0.66880983 0.6764606  0.66858053 0.67161894 0.6744127  0.6710211
 0.6635113  0.667243   0.6683613  0.6715536  0.67425513 0.67864645
 0.67155397 0.669176   0.6776689  0.67371964 0.666808   0.6690173
 0.6717714  0.66510665 0.67274904 0.673588   0.6798722  0.66279054
 0.6775774  0.6701232  0.6673138  0.6754193  0.6741624  0.67370963
 0.67753124 0.6789116  0.6703929  0.6725041 ]",1.3208165e+06,35.9882390499115,3524.418172429231
NNODEgHMC,0.8,autograd,high_dimensional_gaussian,SynchronousLeapfrog,0.1,"[0.94121826 0.94124925 0.941426   0.940864   0.9411918  0.9413605
 0.94130677 0.9413783  0.9407749  0.9409373  0.9410238  0.9409968
 0.94099975 0.9410822  0.94131964 0.9406888  0.9411451  0.94133824
 0.9411189  0.94074917 0.9409946  0.9407557  0.94078255 0.9408662
 0.9411606  0.941316   0.9412793  0.9410073  0.9411776  0.9411949
 0.94114506 0.94121    0.94130963 0.9408681  0.9412478  0.9410713
 0.9410543  0.9410593  0.94056    0.94100416 0.94105333 0.94052
 0.941158   0.94095206 0.9412269  0.94110626 0.9409787  0.941378
 0.94133586 0.9413433  0.9413065  0.9409299  0.94085157 0.9413964
 0.9411708  0.9413449  0.9407667  0.9412696  0.94135493 0.94121397
 0.94078845 0.9409608  0.9413995  0.94113946 0.9412388  0.9411444
 0.94108987 0.9407506  0.9412856  0.94115657 0.9409541  0.94109505
 0.9412885  0.94127697 0.94123816 0.94112104 0.9411448  0.9408269
 0.9409746  0.9412408  0.9408932  0.9408821  0.94117486 0.9411685
 0.9411582  0.9411591  0.94100875 0.9411976  0.9407941  0.9413847
 0.94099927 0.9410943  0.94132364 0.94097984 0.941079   0.9409188
 0.94077724 0.94076705 0.94115245 0.94090956]",7.9002346e-11,30.339342832565308,3600.0
Explicit NNODEgHMC,0.8,autograd,high_dimensional_gaussian,SynchronousLeapfrog,0.1,"[0.9401421  0.9401692  0.9403526  0.9397768  0.94011253 0.9402864
 0.94023407 0.9403056  0.93968856 0.93985504 0.9399384  0.93991554
 0.9399159  0.9399984  0.9402523  0.93960273 0.9400682  0.94026196
 0.9400436  0.93965405 0.93990946 0.93967366 0.9396969  0.9397832
 0.9400835  0.94023824 0.94020104 0.9399261  0.9400929  0.94012374
 0.9400618  0.9401347  0.9402403  0.9397792  0.9401648  0.93999517
 0.9399719  0.9399702  0.9394679  0.939926   0.9399764  0.93942535
 0.9400818  0.9398672  0.9401511  0.94002914 0.9398843  0.9403078
 0.94026345 0.94026536 0.940231   0.9398408  0.93976426 0.94031996
 0.9400934  0.9402703  0.9396851  0.9401974  0.9402794  0.9401347
 0.93969434 0.93987674 0.9403271  0.94004905 0.9401666  0.94006294
 0.94000596 0.93966043 0.9402115  0.94008034 0.9398712  0.9400148
 0.9402064  0.94020027 0.94016117 0.9400426  0.9400716  0.9397442
 0.93988895 0.9401652  0.9398124  0.9397948  0.94009244 0.9400889
 0.94008225 0.9400732  0.93992656 0.94012594 0.9397112  0.940307
 0.939924   0.9400124  0.9402492  0.93990004 0.9400023  0.9398335
 0.93969    0.9396814  0.9400741  0.93982184]",1.3096723e-13,45.51399612426758,8.825070298197
SymplecticNNgHMC,0.8,autograd,high_dimensional_gaussian,SynchronousLeapfrog,0.1,"[0.9440049  0.944082   0.9442711  0.9439661  0.94427127 0.94421244
 0.9442034  0.94403857 0.9437207  0.94387865 0.9441304  0.9440808
 0.9440688  0.9441049  0.9435853  0.9437083  0.944162   0.9441425
 0.94404125 0.94424003 0.9438628  0.9436991  0.943824   0.9437933
 0.94413275 0.944162   0.94434404 0.9441159  0.9442941  0.9438691
 0.94403356 0.94373536 0.94392264 0.9442215  0.9443013  0.9438085
 0.9439992  0.94451493 0.94378483 0.9438097  0.94348896 0.94381064
 0.94386905 0.9438321  0.944003   0.94395703 0.9443221  0.94385207
 0.94411457 0.94425905 0.9441144  0.94415843 0.9438913  0.9442305
 0.9439541  0.9439111  0.94372386 0.9435816  0.94401443 0.9441943
 0.9441345  0.9439846  0.94429433 0.9445274  0.9439394  0.9440565
 0.9443199  0.94375294 0.94398874 0.94377005 0.9438952  0.9440457
 0.94434583 0.9441638  0.944077   0.94392717 0.9438941  0.9437191
 0.9440483  0.94364405 0.9437437  0.94417727 0.9443416  0.9439727
 0.94406337 0.9444523  0.9437932  0.9437184  0.94352996 0.9444294
 0.9436947  0.9439785  0.94409657 0.94402003 0.9439661  0.9440825
 0.94374263 0.943803   0.94383657 0.94400823]",283.61322,115.41320848464966,3600.0
GSymplecticNNgHMC,0.8,autograd,high_dimensional_gaussian,SynchronousLeapfrog,0.1,"[0.94295645 0.9431159  0.9431299  0.9428684  0.94301957 0.9430663
 0.9429538  0.94304466 0.9427247  0.94279474 0.9430064  0.9428408
 0.94292897 0.94303054 0.9427947  0.942606   0.9428877  0.94311374
 0.9428012  0.9429755  0.9429614  0.9425551  0.9427075  0.9427297
 0.9429101  0.9431281  0.9430992  0.94284916 0.9431801  0.9427621
 0.9430933  0.9429134  0.9428481  0.9429244  0.9432123  0.94276255
 0.9429469  0.94317335 0.9426314  0.9427438  0.9427721  0.9426691
 0.9428806  0.9428985  0.9429563  0.94284    0.94324446 0.94296265
 0.94298124 0.94317055 0.94303644 0.9430084  0.9428506  0.9431879
 0.94293374 0.9430636  0.9425551  0.9428868  0.94310725 0.94304895
 0.94298714 0.9428872  0.943062   0.94331443 0.94284916 0.94302976
 0.94304335 0.94281715 0.94297504 0.9428767  0.94284004 0.9429283
 0.9432387  0.943042   0.94300973 0.94290733 0.9427666  0.94267416
 0.9429501  0.9429633  0.9426912  0.9428868  0.94309974 0.94300306
 0.9428646  0.94319093 0.94288063 0.9427799  0.9426331  0.9432138
 0.9426457  0.9429803  0.943027   0.94277257 0.94279206 0.9428656
 0.94275606 0.9426919  0.9429419  0.9429368 ]",310692.78,31.345996141433716,3.1772953098646224
HMC,0.8,autograd,high_dimensional_warped_gaussian,SynchronousLeapfrog,0.1,"[0.8927595  0.8966954  0.89539707 0.8945097  0.89834046 0.898319
 0.89676464 0.89772433 0.89348173 0.8971514  0.89515734 0.89365816
 0.8956456  0.895035   0.89231443 0.89434814 0.89592206 0.8961913
 0.89392424 0.89476144 0.895796   0.89486426 0.896091   0.89461124
 0.89629304 0.8952173  0.89728945 0.8954837  0.8965969  0.8960433
 0.8973783  0.894726   0.8946568  0.8946861  0.8942857  0.8966775
 0.8953173  0.8985032  0.8968989  0.8955796  0.8948414  0.89276254
 0.8967189  0.89510167 0.8933028  0.89663494 0.895746   0.896378
 0.89659613 0.89940226 0.8990175  0.89643776 0.897233   0.899042
 0.8969444  0.8939842  0.893027   0.8947183  0.8959402  0.8982614
 0.8980447  0.8960263  0.89630055 0.8986074  0.8972866  0.8977765
 0.8972223  0.8945414  0.8963771  0.8964418  0.893335   0.89738643
 0.89504004 0.8971883  0.8958715  0.8943164  0.8931591  0.8944485
 0.89796555 0.8965477  0.8951372  0.8967385  0.8986551  0.89644784
 0.89701957 0.8989212  0.8968844  0.89268935 0.8932373  0.8984639
 0.8958205  0.89625823 0.8957178  0.89436406 0.89455146 0.8978467
 0.89377445 0.8934476  0.8961982  0.89666295]",74.42522,18.320592641830444,3847.704681072318
NNgHMC,0.8,autograd,high_dimensional_warped_gaussian,SynchronousLeapfrog,0.1,"[0.8927595  0.8966954  0.89539707 0.8945097  0.89834046 0.898319
 0.89676464 0.89772433 0.89348173 0.8971514  0.89515734 0.89365816
 0.8956456  0.895035   0.89231443 0.89434814 0.89592206 0.8961913
 0.89392424 0.89476144 0.895796   0.89486426 0.896091   0.89461124
 0.89629304 0.8952173  0.89728945 0.8954837  0.8965969  0.8960433
 0.8973783  0.894726   0.8946568  0.8946861  0.8942857  0.8966775
 0.8953173  0.8985032  0.8968989  0.8955796  0.8948414  0.89276254
 0.8967189  0.89510167 0.8933028  0.89663494 0.895746   0.896378
 0.89659613 0.89940226 0.8990175  0.89643776 0.897233   0.899042
 0.8969444  0.8939842  0.893027   0.8947183  0.8959402  0.8982614
 0.8980447  0.8960263  0.89630055 0.8986074  0.8972866  0.8977765
 0.8972223  0.8945414  0.8963771  0.8964418  0.893335   0.89738643
 0.89504004 0.8971883  0.8958715  0.8943164  0.8931591  0.8944485
 0.89796555 0.8965477  0.8951372  0.8967385  0.8986551  0.89644784
 0.89701957 0.8989212  0.8968844  0.89268935 0.8932373  0.8984639
 0.8958205  0.89625823 0.8957178  0.89436406 0.89455146 0.8978467
 0.89377445 0.8934476  0.8961982  0.89666295]",74.42522,34.99696636199951,3523.1010591394474
NNODEgHMC,0.8,autograd,high_dimensional_warped_gaussian,SynchronousLeapfrog,0.1,"[0.9362265  0.9397258  0.93782413 0.9349653  0.9370594  0.93682647
 0.93561745 0.9394866  0.9336493  0.9378175  0.9362664  0.9339396
 0.936262   0.93441427 0.9353775  0.93565625 0.93294907 0.937031
 0.93613815 0.93493986 0.936876   0.9358467  0.93751276 0.93582296
 0.931698   0.9372815  0.93671846 0.93312407 0.9366088  0.9359552
 0.9391696  0.9353775  0.93383265 0.9346091  0.93708485 0.9348278
 0.93512034 0.93634003 0.9359087  0.9352934  0.93811226 0.9325077
 0.9325305  0.93669385 0.93794584 0.93601394 0.9383873  0.93915796
 0.93492246 0.9357772  0.9372462  0.9389353  0.9375996  0.94017434
 0.936114   0.93405294 0.9325422  0.9385562  0.93869704 0.9387331
 0.9362747  0.9356383  0.93852824 0.93572414 0.93715113 0.93649644
 0.93448013 0.9375036  0.93816155 0.93656915 0.93896735 0.93749774
 0.9361272  0.93699265 0.93748254 0.93748534 0.9378842  0.93580216
 0.93451667 0.9387523  0.9355626  0.9363486  0.9361169  0.93420315
 0.9361768  0.9380441  0.9370386  0.93734545 0.93780386 0.93513125
 0.9339838  0.9379381  0.93792355 0.9323492  0.93423545 0.936
 0.9374708  0.9372241  0.93427896 0.93759197]",2.6610772e-13,30.196290969848633,1.1751172547984645
Explicit NNODEgHMC,0.8,autograd,high_dimensional_warped_gaussian,SynchronousLeapfrog,0.1,"[0.9389674  0.94116324 0.94178313 0.9387631  0.9395485  0.94066066
 0.93994397 0.94191694 0.93762034 0.9393294  0.9371845  0.9383898
 0.9388239  0.9383084  0.9407388  0.9378694  0.93684804 0.9410686
 0.93929565 0.93637437 0.9392837  0.93848056 0.9389905  0.93912405
 0.93824613 0.9401115  0.9400141  0.93762064 0.9394745  0.9397709
 0.9407375  0.93929183 0.9395865  0.93751115 0.9391173  0.93924254
 0.93917966 0.939278   0.93724984 0.9391197  0.94073606 0.93591803
 0.9388323  0.93955344 0.9396843  0.93984556 0.9392489  0.94083804
 0.93962383 0.93993795 0.94043607 0.9396464  0.9388487  0.9420728
 0.93912256 0.9391397  0.9378897  0.94080436 0.9416873  0.94038236
 0.9383489  0.93897164 0.9411308  0.9384912  0.9402547  0.9392426
 0.938651   0.9388258  0.9417279  0.94047916 0.9400057  0.94065136
 0.93908596 0.9393573  0.9391829  0.939329   0.9394457  0.9380413
 0.9383685  0.94163483 0.9379109  0.9387282  0.9395926  0.9378749
 0.9389628  0.94042385 0.9390491  0.94024724 0.9389167  0.93931425
 0.93866384 0.93998826 0.94072956 0.93774027 0.9393915  0.9384977
 0.9385966  0.9388997  0.93880653 0.9392295 ]",1.865222e-13,46.00897192955017,12.64479212126724
SymplecticNNgHMC,0.8,autograd,high_dimensional_warped_gaussian,SynchronousLeapfrog,0.1,"[0.92279327 0.92407715 0.9246105  0.92157805 0.92994857 0.92375004
 0.93348217 0.913412   0.92404974 0.91937244 0.93084496 0.92188305
 0.9162161  0.916612   0.9123739  0.9148606  0.9190418  0.9212513
 0.92470264 0.9211626  0.9226376  0.9125804  0.922563   0.9207468
 0.925219   0.9309944  0.9291471  0.9251267  0.92120504 0.92289615
 0.92008084 0.92630327 0.92637223 0.916662   0.92151105 0.9222293
 0.9114388  0.9256481  0.91892374 0.9127133  0.91629934 0.92638195
 0.92999643 0.9242007  0.9266026  0.92686796 0.9241266  0.9124999
 0.9251965  0.9273144  0.9326352  0.92172575 0.91983145 0.9229662
 0.92406213 0.9273326  0.92180014 0.9171192  0.9144139  0.92563504
 0.92221975 0.92174613 0.9211925  0.92876434 0.9246623  0.9216337
 0.9319041  0.91428554 0.92257214 0.9150933  0.9225332  0.9230024
 0.9259645  0.9248859  0.9283457  0.9273095  0.92508507 0.915172
 0.9202399  0.91254544 0.92592204 0.91939396 0.9280399  0.9163748
 0.9291155  0.9283494  0.9225318  0.9271817  0.91931355 0.9309077
 0.9281812  0.9218693  0.9272078  0.9207613  0.9273917  0.9264781
 0.9132582  0.918914   0.92339724 0.922449  ]",24.74598,110.74189162254333,3600.0
GSymplecticNNgHMC,0.8,autograd,high_dimensional_warped_gaussian,SynchronousLeapfrog,0.1,"[0.9255934  0.9261603  0.92718387 0.92314804 0.9259252  0.9271339
 0.9267375  0.92744225 0.9226121  0.9242837  0.9242964  0.9241092
 0.9242527  0.9246711  0.9266274  0.92227125 0.925545   0.9265661
 0.92528933 0.92221063 0.92413366 0.923028   0.9231796  0.92344517
 0.9256201  0.92626446 0.9263076  0.92443365 0.9253048  0.92620814
 0.9254467  0.9257652  0.9266217  0.92315495 0.9255221  0.9251978
 0.92458105 0.92467517 0.92154425 0.9246192  0.92499655 0.92072105
 0.9256853  0.92384666 0.9258935  0.9253379  0.9235929  0.9275212
 0.9268589  0.92691994 0.92683053 0.9238671  0.92348546 0.9274835
 0.9257182  0.92642707 0.9227375  0.926527   0.9267594  0.9261161
 0.92283857 0.924051   0.9273714  0.92519796 0.9265456  0.92543715
 0.9249793  0.9224207  0.92656744 0.9256526  0.9241883  0.9252504
 0.9258853  0.9263732  0.92610323 0.92525864 0.9258832  0.92327213
 0.9243159  0.9262872  0.9238507  0.92354393 0.9256603  0.9255575
 0.9257699  0.9254235  0.9245466  0.92591465 0.92322624 0.92708194
 0.92475504 0.9249902  0.9266893  0.92420614 0.92495    0.92400634
 0.92275643 0.9226977  0.9254524  0.9236765 ]",4703.829,36.97286319732666,3600.0
HMC,0.9,autograd,high_dimensional_gaussian,SynchronousLeapfrog,0.1,"[0.6654761  0.6668033  0.672554   0.6685623  0.66881794 0.6777353
 0.6741008  0.66745013 0.6709646  0.6694259  0.66347075 0.6802031
 0.66940284 0.67278975 0.67434704 0.6751978  0.6672031  0.6697146
 0.66930723 0.6680249  0.66711015 0.6709131  0.6682396  0.6654178
 0.66388875 0.6682533  0.66700006 0.6664976  0.678388   0.6675898
 0.6681776  0.6675948  0.6742654  0.6829232  0.6742933  0.6841451
 0.671209   0.66457117 0.66466653 0.6793146  0.668705   0.68270445
 0.66490525 0.672002   0.6659163  0.6745429  0.6649526  0.6745248
 0.67406976 0.667386   0.66811603 0.666872   0.67007494 0.67494917
 0.6690414  0.6733936  0.67031854 0.66933936 0.6687422  0.6685192
 0.68028396 0.6691722  0.6718384  0.67188996 0.6793728  0.6676194
 0.6720276  0.6766658  0.67571354 0.6738133  0.6652438  0.66841257
 0.6718718  0.6710639  0.67514217 0.67006063 0.6773491  0.66474867
 0.6666865  0.67212456 0.67632025 0.6772833  0.6670267  0.67590064
 0.6735684  0.66637266 0.67405593 0.6747877  0.67072046 0.6775969
 0.67094725 0.66781944 0.6772834  0.67017984 0.6701058  0.67144156
 0.66958207 0.6639383  0.677413   0.6740188 ]",1.4013771e+06,18.138503551483154,3517.1964892518913
NNgHMC,0.9,autograd,high_dimensional_gaussian,SynchronousLeapfrog,0.1,"[0.6654761  0.6668033  0.672554   0.6685623  0.66881794 0.6777353
 0.6741008  0.66745013 0.6709646  0.6694259  0.66347075 0.6802031
 0.66940284 0.67278975 0.67434704 0.6751978  0.6672031  0.6697146
 0.66930723 0.6680249  0.66711015 0.6709131  0.6682396  0.6654178
 0.66388875 0.6682533  0.66700006 0.6664976  0.678388   0.6675898
 0.6681776  0.6675948  0.6742654  0.6829232  0.6742933  0.6841451
 0.671209   0.66457117 0.66466653 0.6793146  0.668705   0.68270445
 0.66490525 0.672002   0.6659163  0.6745429  0.6649526  0.6745248
 0.67406976 0.667386   0.66811603 0.666872   0.67007494 0.67494917
 0.6690414  0.6733936  0.67031854 0.66933936 0.6687422  0.6685192
 0.68028396 0.6691722  0.6718384  0.67188996 0.6793728  0.6676194
 0.6720276  0.6766658  0.67571354 0.6738133  0.6652438  0.66841257
 0.6718718  0.6710639  0.67514217 0.67006063 0.6773491  0.66474867
 0.6666865  0.67212456 0.67632025 0.6772833  0.6670267  0.67590064
 0.6735684  0.66637266 0.67405593 0.6747877  0.67072046 0.6775969
 0.67094725 0.66781944 0.6772834  0.67017984 0.6701058  0.67144156
 0.66958207 0.6639383  0.677413   0.6740188 ]",1.4013771e+06,35.387720584869385,3244.4784020851957
NNODEgHMC,0.9,autograd,high_dimensional_gaussian,SynchronousLeapfrog,0.1,"[0.9413439  0.9411944  0.941105   0.9410481  0.9411432  0.94090843
 0.9410839  0.94130343 0.94100446 0.9411073  0.94124067 0.940746
 0.94106436 0.94093275 0.9412093  0.94087315 0.9412683  0.9411549
 0.9412421  0.94091576 0.9411198  0.94110364 0.9411084  0.94125575
 0.94138    0.9411852  0.9412171  0.9412279  0.9406893  0.9413733
 0.9410877  0.941285   0.94116044 0.9405006  0.9408697  0.94069827
 0.9410261  0.9410991  0.941134   0.9408414  0.9412354  0.940454
 0.9413602  0.9409625  0.9413321  0.9410105  0.940993   0.94111276
 0.94108677 0.9411897  0.9412317  0.94105005 0.9409876  0.94094604
 0.941185   0.94107056 0.9411392  0.9412813  0.9412055  0.941149
 0.9404843  0.9410738  0.9411554  0.9407953  0.94092    0.94114894
 0.9409479  0.9407176  0.9409994  0.9410464  0.9412509  0.9411582
 0.9409628  0.94111    0.9409658  0.9411429  0.94100016 0.9412916
 0.9411211  0.94110394 0.94091046 0.94072866 0.9411394  0.94089365
 0.9410619  0.9410884  0.94093317 0.9411194  0.94108933 0.9408281
 0.9412014  0.9411473  0.94093645 0.9411351  0.9411906  0.9409722
 0.94103277 0.9412715  0.9408719  0.9408295 ]",8.949913e-11,29.175034761428833,3300.0
Explicit NNODEgHMC,0.9,autograd,high_dimensional_gaussian,SynchronousLeapfrog,0.1,"[0.94029707 0.9401424  0.94005674 0.9399912  0.9400918  0.9398583
 0.94003713 0.94025815 0.9399489  0.9400551  0.94018596 0.93969077
 0.9400097  0.9398761  0.94016886 0.9398173  0.9402207  0.94010514
 0.9401959  0.9398513  0.94006443 0.94005316 0.9400544  0.94020486
 0.94033325 0.9401345  0.94016665 0.9401773  0.9396288  0.94033164
 0.9400325  0.94023865 0.9401176  0.9394371  0.9398119  0.9396469
 0.9399721  0.94003916 0.94007623 0.93979    0.94018835 0.9393879
 0.940314   0.9399063  0.94028544 0.93996084 0.93992794 0.940068
 0.94004    0.9401387  0.940184   0.9399909  0.9399303  0.9398937
 0.9401359  0.9400217  0.9400896  0.9402373  0.9401568  0.9400975
 0.9394165  0.94001925 0.9401089  0.93973064 0.9398729  0.940096
 0.9398912  0.9396559  0.9399506  0.9399974  0.94019926 0.940107
 0.9399063  0.9400601  0.9399144  0.9400929  0.9399537  0.9402415
 0.94006556 0.9400553  0.93985814 0.9396688  0.9400852  0.93984
 0.9400135  0.9400306  0.9398788  0.9400751  0.94003767 0.9397737
 0.9401561  0.9400945  0.93988675 0.94008505 0.9401432  0.9399161
 0.9399766  0.94021904 0.9398192  0.93976986]",4.899145e-13,44.0306510925293,8.282123645566134
SymplecticNNgHMC,0.9,autograd,high_dimensional_gaussian,SynchronousLeapfrog,0.1,"[0.94572467 0.9454117  0.9455278  0.9454311  0.94539833 0.94498646
 0.9455918  0.94529545 0.94591236 0.94542974 0.94570845 0.9453022
 0.9451388  0.9453454  0.9449393  0.94506735 0.9455241  0.9459557
 0.9457321  0.94601035 0.94576263 0.9450938  0.9456472  0.945524
 0.9459626  0.9462359  0.9452256  0.94565266 0.9450588  0.9452028
 0.94556874 0.94493884 0.94486403 0.94484425 0.9450471  0.9450612
 0.9454421  0.94540226 0.9452914  0.9451312  0.94561374 0.94476414
 0.9455998  0.94562596 0.9458556  0.94491047 0.94569814 0.9449409
 0.9450795  0.945317   0.94571066 0.9456823  0.9454526  0.9449394
 0.94549865 0.9449579  0.94548035 0.94552505 0.9459726  0.94536185
 0.94557846 0.94621104 0.94518965 0.9459518  0.9448818  0.9457935
 0.9450521  0.9456446  0.9450757  0.94500417 0.9451585  0.94585294
 0.9457397  0.9452599  0.9452872  0.94555205 0.944414   0.9446434
 0.94621694 0.94533366 0.9457463  0.94468343 0.9461031  0.94523805
 0.94522375 0.94571733 0.9455267  0.9446645  0.94532967 0.9450936
 0.9453753  0.9453324  0.94595945 0.945519   0.94576067 0.94566905
 0.9452994  0.9450655  0.9453101  0.94510907]",483.92636,116.77911019325256,3300.0
GSymplecticNNgHMC,0.9,autograd,high_dimensional_gaussian,SynchronousLeapfrog,0.1,"[0.94320124 0.9431839  0.94294566 0.9431642  0.9430949  0.942757
 0.9428654  0.9430971  0.94306487 0.9430795  0.9433336  0.9427222
 0.94311166 0.9430067  0.942817   0.9429042  0.9431299  0.9430598
 0.9430444  0.9432496  0.9432006  0.94301224 0.94314086 0.9432251
 0.9432442  0.9431244  0.9431607  0.94318265 0.942832   0.94306004
 0.9431588  0.94311017 0.94283193 0.94269145 0.9429691  0.9425297
 0.94304085 0.94332755 0.9432994  0.9427118  0.9430708  0.9427244
 0.94319886 0.9430282  0.9431817  0.9428722  0.943371   0.9428341
 0.9428672  0.9431448  0.9430883  0.9432408  0.9431002  0.94287837
 0.9430704  0.9429242  0.9430358  0.94302464 0.94308746 0.9431081
 0.94281286 0.94311523 0.9429519  0.94310087 0.9426694  0.94315475
 0.9430267  0.9429037  0.9428248  0.94289505 0.94324607 0.9431108
 0.94304574 0.9430048  0.9428711  0.94305104 0.9427539  0.9432418
 0.9432092  0.9429557  0.9428314  0.94285905 0.9431863  0.94286203
 0.94289684 0.9432416  0.94292927 0.94283164 0.94303894 0.94280213
 0.94296616 0.9431521  0.94277954 0.94304407 0.94302386 0.9430367
 0.94312036 0.9432962  0.942796   0.9429797 ]",685639.4,28.966981410980225,1.6131866917156967
HMC,0.9,autograd,high_dimensional_warped_gaussian,SynchronousLeapfrog,0.1,"[0.8939487  0.89680547 0.89396286 0.895946   0.89845246 0.8960576
 0.8958597  0.8977272  0.8951591  0.8984944  0.89683807 0.8925257
 0.896398   0.8945428  0.8920962  0.89571637 0.8970504  0.89555466
 0.89504945 0.89607847 0.89691275 0.8972173  0.89832795 0.89726084
 0.89800215 0.8948989  0.8973562  0.8971629  0.8941092  0.8974986
 0.8974433  0.8955922  0.8941945  0.89283276 0.8924918  0.89479727
 0.89553183 0.8991318  0.9005537  0.89494944 0.89629596 0.8926155
 0.89831793 0.89551926 0.8943683  0.8964342  0.896232   0.8952385
 0.895545   0.898931   0.8989959  0.89751124 0.8983598  0.8968107
 0.89742535 0.89281344 0.8955424  0.8952161  0.89551175 0.89828414
 0.8965394  0.8970515  0.8953061  0.89697784 0.89577484 0.8982004
 0.89676356 0.89464843 0.89509314 0.8961719  0.8954704  0.89814013
 0.8935663  0.8966205  0.8946687  0.89484644 0.8926873  0.89753234
 0.8991902  0.8961462  0.89555615 0.89614916 0.89884996 0.8952112
 0.89682853 0.89891195 0.8967866  0.8926322  0.8953034  0.8956027
 0.8973608  0.8969655  0.89385    0.8956442  0.8955938  0.8984921
 0.89560956 0.89676327 0.89491737 0.8965254 ]",74.65434,17.778802633285522,3517.1975353002244
NNgHMC,0.9,autograd,high_dimensional_warped_gaussian,SynchronousLeapfrog,0.1,"[0.8939487  0.89680547 0.89396286 0.895946   0.89845246 0.8960576
 0.8958597  0.8977272  0.8951591  0.8984944  0.89683807 0.8925257
 0.896398   0.8945428  0.8920962  0.89571637 0.8970504  0.89555466
 0.89504945 0.89607847 0.89691275 0.8972173  0.89832795 0.89726084
 0.89800215 0.8948989  0.8973562  0.8971629  0.8941092  0.8974986
 0.8974433  0.8955922  0.8941945  0.89283276 0.8924918  0.89479727
 0.89553183 0.8991318  0.9005537  0.89494944 0.89629596 0.8926155
 0.89831793 0.89551926 0.8943683  0.8964342  0.896232   0.8952385
 0.895545   0.898931   0.8989959  0.89751124 0.8983598  0.8968107
 0.89742535 0.89281344 0.8955424  0.8952161  0.89551175 0.89828414
 0.8965394  0.8970515  0.8953061  0.89697784 0.89577484 0.8982004
 0.89676356 0.89464843 0.89509314 0.8961719  0.8954704  0.89814013
 0.8935663  0.8966205  0.8946687  0.89484644 0.8926873  0.89753234
 0.8991902  0.8961462  0.89555615 0.89614916 0.89884996 0.8952112
 0.89682853 0.89891195 0.8967866  0.8926322  0.8953034  0.8956027
 0.8973608  0.8969655  0.89385    0.8956442  0.8955938  0.8984921
 0.89560956 0.89676327 0.89491737 0.8965254 ]",74.65434,33.593682527542114,3243.401006773574
NNODEgHMC,0.9,autograd,high_dimensional_warped_gaussian,SynchronousLeapfrog,0.1,"[0.93879694 0.9405052  0.93880534 0.93845075 0.93859494 0.9370215
 0.9372175  0.9406991  0.9372618  0.9396569  0.9380951  0.93558824
 0.93848324 0.936217   0.93795127 0.93802726 0.9362068  0.9386939
 0.9386878  0.93720216 0.9393529  0.9393084  0.9401133  0.939851
 0.9366333  0.93860996 0.9386856  0.93723106 0.93634677 0.93920803
 0.9401137  0.9381351  0.93651044 0.93492305 0.9369004  0.9357025
 0.937665   0.9388212  0.9398941  0.9368762  0.94068855 0.93474495
 0.93731374 0.9387897  0.93961143 0.93794346 0.93961465 0.9387247
 0.9367506  0.9377882  0.9389531  0.9401318  0.939258   0.9392888
 0.9382767  0.9360894  0.9375834  0.9400444  0.93998426 0.93959635
 0.936603   0.93840206 0.93911046 0.93624675 0.9375474  0.9385456
 0.936497   0.93846846 0.9390237  0.93854856 0.9409251  0.9398982
 0.93677235 0.9378635  0.9372429  0.93885803 0.93790144 0.9396801
 0.9379348  0.93992364 0.9371691  0.9374262  0.93843126 0.9354154
 0.9375522  0.9396719  0.9380803  0.9387948  0.9397119  0.93512404
 0.9378628  0.9396691  0.9378723  0.9364094  0.93790597 0.93805933
 0.9395494  0.9409127  0.9357486  0.93853176]",2.186482e-13,28.798887491226196,7.959026885715442
Explicit NNODEgHMC,0.9,autograd,high_dimensional_warped_gaussian,SynchronousLeapfrog,0.1,"[0.93981326 0.9411063  0.9404168  0.93981266 0.9394882  0.93865633
 0.9389714  0.9417963  0.93883866 0.9403182  0.9384758  0.93725014
 0.9393212  0.937725   0.94040656 0.93888587 0.9376573  0.9403877
 0.9400451  0.9373827  0.9400948  0.9402907  0.940674   0.9411429
 0.93954754 0.9396877  0.93990463 0.93889755 0.9372171  0.9408057
 0.9406427  0.9398694  0.93905705 0.93578374 0.9374446  0.93755805
 0.93920374 0.93963313 0.9401864  0.9384923  0.9417471  0.93562555
 0.93995965 0.93973607 0.9403757  0.93952024 0.93951464 0.939744
 0.93859434 0.939412   0.9402714  0.94038343 0.9396464  0.94009066
 0.9393984  0.9379635  0.939854   0.9410967  0.94116795 0.9402741
 0.93691796 0.93966407 0.9401387  0.9369327  0.93886864 0.9394374
 0.9380832  0.93873346 0.94053596 0.94011164 0.94156635 0.94109863
 0.9376631  0.9387598  0.9379773  0.93962514 0.9388943  0.9404826
 0.9392633  0.9411311  0.93808305 0.938101   0.9395904  0.9366264
 0.93865824 0.9402563  0.93882084 0.93997777 0.940448   0.93675196
 0.9397893  0.9404335  0.9390301  0.93865335 0.940067   0.93889487
 0.9399683  0.94145966 0.9375567  0.9389872 ]",2.0733163e-13,43.90179204940796,13.968562467079703
SymplecticNNgHMC,0.9,autograd,high_dimensional_warped_gaussian,SynchronousLeapfrog,0.1,"[0.9284536  0.9224741  0.91307104 0.91729057 0.9231639  0.9239127
 0.9249897  0.9260692  0.9231576  0.91680217 0.92204607 0.9160721
 0.91615164 0.92700785 0.9308755  0.915977   0.9208852  0.9221641
 0.9246341  0.9061712  0.91727513 0.92662835 0.9173626  0.9239
 0.92168856 0.92251575 0.9188253  0.9300946  0.9193069  0.9181525
 0.9261614  0.92423344 0.922594   0.91576546 0.91725254 0.9179765
 0.9217827  0.9246042  0.91879165 0.91669536 0.93113565 0.92147034
 0.9306886  0.9238372  0.9268422  0.92623013 0.92708457 0.92751074
 0.91792554 0.92088234 0.9192523  0.9239227  0.9206065  0.9190328
 0.9235878  0.9284956  0.9205567  0.92054355 0.9289679  0.91231537
 0.9235096  0.9166071  0.9255814  0.9267213  0.9279892  0.9248705
 0.9190707  0.9178605  0.9288362  0.92904973 0.91736054 0.9276662
 0.92514867 0.9183242  0.92103785 0.9250695  0.9114825  0.92456865
 0.9228105  0.92433393 0.9227883  0.90446436 0.9136367  0.9174463
 0.929849   0.92124593 0.9254025  0.924771   0.9194416  0.91900253
 0.9149761  0.92007446 0.915843   0.92629945 0.91052526 0.9195313
 0.9216148  0.9203323  0.9293413  0.9214103 ]",51.893993,117.41038942337036,3300.0
GSymplecticNNgHMC,0.9,autograd,high_dimensional_warped_gaussian,SynchronousLeapfrog,0.1,"[0.92647284 0.9255916  0.92496103 0.9244742  0.9256358  0.924014
 0.9252369  0.92672575 0.9242584  0.9253154  0.9258892  0.92238545
 0.9247521  0.9237547  0.92583644 0.92344356 0.92657536 0.9253764
 0.9260523  0.9234518  0.92510146 0.9252176  0.92518306 0.9261379
 0.9273342  0.92547005 0.9259577  0.9260952  0.9219407  0.92738026
 0.92485976 0.9264078  0.9257321  0.9205507  0.92296237 0.922594
 0.9244255  0.9250964  0.92549896 0.92341846 0.926031   0.92014146
 0.9272679  0.92391557 0.92644024 0.9246892  0.92375445 0.9253979
 0.9252385  0.92605925 0.92641485 0.92445266 0.9243182  0.9241128
 0.925882   0.9246936  0.92532724 0.92637753 0.9257016  0.9255886
 0.9206197  0.9248907  0.92551315 0.92288893 0.9241969  0.92556894
 0.92410624 0.92201203 0.92443264 0.9248539  0.9257323  0.9256129
 0.9237644  0.9253275  0.92411613 0.9251945  0.9243002  0.92641944
 0.92545784 0.9251627  0.92384815 0.9224426  0.9255489  0.92377627
 0.9251269  0.9250261  0.92401123 0.9251205  0.9247955  0.92337245
 0.9261901  0.92534035 0.9238779  0.9253925  0.925749   0.9243622
 0.9242662  0.92604065 0.9236071  0.92305326]",11101.074,37.715872049331665,3300.0
HMC,1.0,autograd,high_dimensional_gaussian,SynchronousLeapfrog,0.1,"[0.6696911  0.6701088  0.6799431  0.6629039  0.6716951  0.66553473
 0.66789025 0.6672284  0.66673493 0.67208266 0.6679858  0.6692108
 0.6659726  0.67200124 0.66720456 0.66803837 0.6732136  0.6697377
 0.6728518  0.6622553  0.6681317  0.67730284 0.67785615 0.672368
 0.66845894 0.6716847  0.66691244 0.67382634 0.6709956  0.67502135
 0.6733551  0.67451465 0.6673889  0.67465824 0.67968816 0.6623181
 0.6751277  0.67577446 0.668357   0.67112035 0.6736516  0.6707901
 0.67419016 0.67285347 0.676006   0.67596024 0.67229337 0.6719917
 0.6660228  0.664376   0.66799545 0.6641203  0.6706065  0.67066324
 0.6656791  0.6691507  0.6747655  0.672359   0.6662822  0.6768443
 0.6663531  0.66412926 0.6661277  0.6721473  0.675437   0.6706114
 0.66900915 0.66550636 0.68382925 0.663807   0.6716646  0.6736325
 0.6726732  0.6727122  0.6699826  0.67963934 0.6633769  0.6778674
 0.67217064 0.6700825  0.675804   0.67025304 0.6795327  0.6765804
 0.6724405  0.67934465 0.6709374  0.6734063  0.6698174  0.6719126
 0.66981554 0.66772765 0.6708821  0.67420286 0.6754703  0.67042255
 0.6832487  0.6659647  0.6765132  0.6674749 ]",1.3385744e+06,17.86074924468994,3214.9352350442164
NNgHMC,1.0,autograd,high_dimensional_gaussian,SynchronousLeapfrog,0.1,"[0.6696911  0.6701088  0.6799431  0.6629039  0.6716951  0.66553473
 0.66789025 0.6672284  0.66673493 0.67208266 0.6679858  0.6692108
 0.6659726  0.67200124 0.66720456 0.66803837 0.6732136  0.6697377
 0.6728518  0.6622553  0.6681317  0.67730284 0.67785615 0.672368
 0.66845894 0.6716847  0.66691244 0.67382634 0.6709956  0.67502135
 0.6733551  0.67451465 0.6673889  0.67465824 0.67968816 0.6623181
 0.6751277  0.67577446 0.668357   0.67112035 0.6736516  0.6707901
 0.67419016 0.67285347 0.676006   0.67596024 0.67229337 0.6719917
 0.6660228  0.664376   0.66799545 0.6641203  0.6706065  0.67066324
 0.6656791  0.6691507  0.6747655  0.672359   0.6662822  0.6768443
 0.6663531  0.66412926 0.6661277  0.6721473  0.675437   0.6706114
 0.66900915 0.66550636 0.68382925 0.663807   0.6716646  0.6736325
 0.6726732  0.6727122  0.6699826  0.67963934 0.6633769  0.6778674
 0.67217064 0.6700825  0.675804   0.67025304 0.6795327  0.6765804
 0.6724405  0.67934465 0.6709374  0.6734063  0.6698174  0.6719126
 0.66981554 0.66772765 0.6708821  0.67420286 0.6754703  0.67042255
 0.6832487  0.6659647  0.6765132  0.6674749 ]",1.3385744e+06,32.385976791381836,2938.638538424873
NNODEgHMC,1.0,autograd,high_dimensional_gaussian,SynchronousLeapfrog,0.1,"[0.9412241  0.9411043  0.94087255 0.9412755  0.94106865 0.9413719
 0.9413354  0.94134176 0.94118166 0.9410402  0.94110584 0.94116545
 0.94121313 0.94098735 0.941497   0.9411551  0.941084   0.9411831
 0.94114673 0.941144   0.94110954 0.940905   0.9407928  0.94103634
 0.94124687 0.9410917  0.9412484  0.9409952  0.9409783  0.9411413
 0.9409296  0.9410693  0.9414374  0.9408201  0.9407041  0.9415042
 0.94091403 0.9407234  0.9410267  0.9411623  0.9410896  0.9409027
 0.94105977 0.94095874 0.9410035  0.9409896  0.94075286 0.94123447
 0.94140357 0.9413246  0.9412652  0.9411725  0.94099414 0.94112694
 0.9413335  0.9412517  0.94101036 0.9412055  0.94132245 0.9408805
 0.9410033  0.9412799  0.941389   0.9408088  0.94109106 0.9410695
 0.9410815  0.94113994 0.94074106 0.94143194 0.94105005 0.94100034
 0.9409609  0.94108033 0.9411783  0.9408313  0.9415283  0.9408528
 0.9409515  0.94120634 0.9409575  0.94100446 0.94072056 0.94089764
 0.94113195 0.94065106 0.9410715  0.9412009  0.94114983 0.94105834
 0.94127244 0.94117796 0.94119424 0.94102097 0.94102997 0.9410345
 0.94057244 0.94122636 0.9409327  0.9410877 ]",3.04038e-11,28.101884126663208,3000.0
Explicit NNODEgHMC,1.0,autograd,high_dimensional_gaussian,SynchronousLeapfrog,0.1,"[0.9401494  0.9400244  0.93979526 0.9401934  0.93998975 0.9402994
 0.9402644  0.94027007 0.94010067 0.93996036 0.9400228  0.9400872
 0.9401328  0.93990415 0.9404328  0.9400748  0.94000787 0.94010663
 0.94007313 0.9400541  0.94002694 0.9398259  0.9397087  0.93995637
 0.94017196 0.9400133  0.94017124 0.93991536 0.9398931  0.940071
 0.93984574 0.9399941  0.9403707  0.93973225 0.9396175  0.9404337
 0.93983185 0.93963253 0.93994063 0.9400871  0.94001424 0.93981314
 0.93998384 0.93987536 0.939927   0.9399129  0.93965787 0.9401643
 0.94033325 0.9402478  0.940191   0.9400872  0.93990964 0.94004935
 0.9402591  0.9401776  0.9399325  0.9401342  0.94024795 0.9397995
 0.9399129  0.94020027 0.940318   0.9397168  0.9400189  0.9399888
 0.939999   0.940055   0.9396631  0.9403597  0.9399695  0.93992066
 0.9398772  0.9400033  0.9401022  0.9397515  0.9404601  0.9397718
 0.9398672  0.94013184 0.9398788  0.9399199  0.9396353  0.93981683
 0.9400572  0.93956184 0.9399915  0.94013065 0.9400718  0.93997896
 0.94020116 0.94009846 0.9401201  0.93994296 0.9399543  0.939952
 0.9394847  0.94014645 0.93985367 0.9400033 ]",2.910383e-14,40.980270862579346,10.479644725720027
SymplecticNNgHMC,1.0,autograd,high_dimensional_gaussian,SynchronousLeapfrog,0.1,"[0.9461607  0.9455034  0.94523925 0.94622016 0.94633424 0.94614744
 0.94572914 0.94593495 0.94598454 0.9459704  0.9461381  0.9453813
 0.9461705  0.946077   0.9453049  0.94629    0.9460676  0.94607294
 0.9458801  0.94686306 0.94634867 0.9459423  0.9459015  0.94582814
 0.9464826  0.9450258  0.94653714 0.94612634 0.94648427 0.94537103
 0.9460815  0.94586456 0.94610596 0.94642675 0.9452073  0.94616675
 0.94570893 0.946116   0.94612503 0.9458062  0.9455677  0.94645834
 0.9457049  0.945776   0.9455174  0.9459297  0.9468755  0.9452259
 0.9457995  0.94660413 0.9459487  0.9462327  0.94596815 0.9457444
 0.9459288  0.9462215  0.94593775 0.9460124  0.9461292  0.94563574
 0.9462584  0.94629145 0.9455885  0.94673324 0.945712   0.9460254
 0.9463577  0.94560117 0.9454024  0.94567525 0.9460707  0.94567794
 0.9456006  0.9455768  0.94565886 0.94532824 0.945866   0.945754
 0.9460291  0.9456703  0.9457382  0.9462392  0.945742   0.9459035
 0.9462552  0.94572747 0.9460684  0.94520175 0.9456372  0.9463773
 0.945946   0.9461483  0.9457005  0.94602156 0.94578695 0.9462688
 0.9454986  0.9457071  0.946479   0.94650877]",654.63934,122.36832547187805,3000.0
GSymplecticNNgHMC,1.0,autograd,high_dimensional_gaussian,SynchronousLeapfrog,0.1,"[0.94298923 0.9430022  0.94262475 0.94328845 0.94292736 0.94310427
 0.94300866 0.94303626 0.9431407  0.94291973 0.94311064 0.9430288
 0.94315946 0.94296503 0.94299334 0.94307935 0.9428557  0.9429905
 0.94285476 0.9433769  0.9430975  0.9427248  0.94274306 0.94291914
 0.9430193  0.942939   0.9430952  0.94286406 0.94301426 0.94273794
 0.9429118  0.94280547 0.9429988  0.9429034  0.9427168  0.943206
 0.9428383  0.942876   0.943104   0.94292235 0.9428336  0.94306034
 0.9428134  0.94293046 0.94276875 0.9427551  0.94305134 0.9428522
 0.94307363 0.9431789  0.94302356 0.9432654  0.9430126  0.942955
 0.9431169  0.9430008  0.9428158  0.9428526  0.94310254 0.9427549
 0.94321716 0.94321865 0.9430785  0.9430222  0.9427346  0.9429836
 0.943061   0.94321537 0.94247866 0.94316816 0.94295806 0.94286364
 0.9429501  0.9428797  0.94297856 0.94265497 0.94316304 0.9427249
 0.9429532  0.9429567  0.94277924 0.94302976 0.94268984 0.9427695
 0.9428667  0.9427295  0.9429672  0.9428109  0.94300115 0.94292724
 0.9429359  0.9430868  0.94292897 0.9428384  0.94277155 0.9430019
 0.9425849  0.943159   0.9427573  0.9431331 ]",76149.875,34.695576429367065,2.530154779834717
HMC,1.0,autograd,high_dimensional_warped_gaussian,SynchronousLeapfrog,0.1,"[0.892785   0.89586157 0.89221686 0.89684916 0.8976276  0.89839065
 0.8969287  0.8975191  0.89578664 0.89772093 0.89561456 0.8946077
 0.896856   0.8944783  0.89333    0.8969893  0.8955579  0.895302
 0.89406776 0.8970002  0.8964405  0.89568365 0.89611554 0.89556026
 0.8967798  0.89392924 0.89711344 0.8953943  0.89544845 0.8957218
 0.89613354 0.8939066  0.8953888  0.89438486 0.89116025 0.8991555
 0.89449537 0.89656484 0.89953774 0.89646834 0.8950304  0.8949113
 0.8961415  0.8951185  0.89200866 0.89594865 0.89443934 0.8955533
 0.8969876  0.8993025  0.89878273 0.8978143  0.89802694 0.8975007
 0.8978738  0.89344966 0.89438915 0.8943434  0.89575803 0.89633864
 0.8992555  0.89784276 0.8962467  0.8967085  0.896428   0.8973386
 0.8971653  0.896747   0.89323676 0.89801824 0.8938637  0.8968291
 0.89316034 0.8960557  0.8955234  0.8926346  0.8953535  0.8945633
 0.89781606 0.8963442  0.89547765 0.89741915 0.8960376  0.89488095
 0.89685816 0.8959982  0.8972285  0.89269435 0.8952482  0.89659566
 0.89737004 0.8967289  0.89497375 0.8945772  0.894251   0.8984914
 0.89256096 0.8960537  0.894923   0.89766693]",74.402084,17.873029708862305,3214.9209672359098
NNgHMC,1.0,autograd,high_dimensional_warped_gaussian,SynchronousLeapfrog,0.1,"[0.892785   0.89586157 0.89221686 0.89684916 0.8976276  0.89839065
 0.8969287  0.8975191  0.89578664 0.89772093 0.89561456 0.8946077
 0.896856   0.8944783  0.89333    0.8969893  0.8955579  0.895302
 0.89406776 0.8970002  0.8964405  0.89568365 0.89611554 0.89556026
 0.8967798  0.89392924 0.89711344 0.8953943  0.89544845 0.8957218
 0.89613354 0.8939066  0.8953888  0.89438486 0.89116025 0.8991555
 0.89449537 0.89656484 0.89953774 0.89646834 0.8950304  0.8949113
 0.8961415  0.8951185  0.89200866 0.89594865 0.89443934 0.8955533
 0.8969876  0.8993025  0.89878273 0.8978143  0.89802694 0.8975007
 0.8978738  0.89344966 0.89438915 0.8943434  0.89575803 0.89633864
 0.8992555  0.89784276 0.8962467  0.8967085  0.896428   0.8973386
 0.8971653  0.896747   0.89323676 0.89801824 0.8938637  0.8968291
 0.89316034 0.8960557  0.8955234  0.8926346  0.8953535  0.8945633
 0.89781606 0.8963442  0.89547765 0.89741915 0.8960376  0.89488095
 0.89685816 0.8959982  0.8972285  0.89269435 0.8952482  0.89659566
 0.89737004 0.8967289  0.89497375 0.8945772  0.894251   0.8984914
 0.89256096 0.8960537  0.894923   0.89766693]",74.402084,32.337462425231934,2937.754060599055
NNODEgHMC,1.0,autograd,high_dimensional_warped_gaussian,SynchronousLeapfrog,0.1,"[0.93806046 0.93993497 0.9377076  0.9394579  0.93814373 0.9393734
 0.93843853 0.940798   0.93827033 0.9392306  0.93728876 0.9375752
 0.9391204  0.93663704 0.93940306 0.9394416  0.9352355  0.9388536
 0.9382622  0.9382895  0.9392349  0.9382384  0.938513   0.9388043
 0.9359139  0.93811595 0.9387478  0.9359498  0.9377927  0.93798435
 0.9392779  0.93719745 0.93800163 0.93656766 0.9360224  0.9396205
 0.93703485 0.9370009  0.93922853 0.9384105  0.9399123  0.93692005
 0.9359612  0.938681   0.9378861  0.9378644  0.9383709  0.93921554
 0.938107   0.9384303  0.93913186 0.9405834  0.9391844  0.9400902
 0.93892026 0.93690085 0.93702984 0.9395555  0.94044304 0.9381813
 0.93910813 0.93941164 0.94009775 0.9364287  0.93834734 0.93808097
 0.9371971  0.940398   0.93787307 0.9403848  0.939785   0.93909264
 0.9367466  0.93762743 0.9382156  0.93724704 0.94034517 0.9374156
 0.936988   0.94036597 0.93742883 0.93870664 0.93636554 0.9353956
 0.93787974 0.93747777 0.9386829  0.93907803 0.9398634  0.9363378
 0.9381385  0.9397354  0.9390337  0.93602103 0.93706536 0.93835485
 0.93721217 0.9405494  0.9361744  0.9397559 ]",2.2006455e-13,28.423798084259033,366.37781890716377
Explicit NNODEgHMC,1.0,autograd,high_dimensional_warped_gaussian,SynchronousLeapfrog,0.1,"[0.93905896 0.9405203  0.9392152  0.94077486 0.93898606 0.94078684
 0.94009733 0.9417956  0.93960965 0.9398588  0.9376423  0.93921584
 0.9398801  0.9379265  0.94162047 0.94011176 0.9365767  0.94039905
 0.93944854 0.9383623  0.9399121  0.9392109  0.9390604  0.9399576
 0.9386952  0.93909264 0.939902   0.9375774  0.93856597 0.9395327
 0.93976104 0.9386697  0.9402637  0.9372858  0.9365663  0.9413655
 0.9385538  0.9376898  0.93953276 0.93993604 0.9409505  0.93778133
 0.9383743  0.9396087  0.9386801  0.93934053 0.9381997  0.9402227
 0.9400031  0.93990934 0.9402844  0.9408517  0.9395849  0.94086695
 0.93997574 0.9387571  0.9391073  0.9405967  0.9415631  0.9388487
 0.9394307  0.94054115 0.9411349  0.9369158  0.93959755 0.93891877
 0.938643   0.9406988  0.9392366  0.9418434  0.9404547  0.9402524
 0.937591   0.93847895 0.9389409  0.9380385  0.94129026 0.9381852
 0.9383135  0.9414956  0.9382619  0.93935406 0.93743646 0.9365721
 0.9389267  0.9380661  0.93939847 0.940263   0.9405986  0.9377884
 0.9399845  0.9403968  0.9401541  0.9379858  0.9391658  0.9390849
 0.9376821  0.941079   0.9377937  0.9401431 ]",1.8167156e-13,44.214298486709595,13.844931945321772
SymplecticNNgHMC,1.0,autograd,high_dimensional_warped_gaussian,SynchronousLeapfrog,0.1,"[0.9264723  0.91180825 0.92313063 0.9236634  0.92224526 0.9250326
 0.9223676  0.91850317 0.91532135 0.9236083  0.92373246 0.90555775
 0.9184968  0.92336893 0.914165   0.9186334  0.9250986  0.9186479
 0.9275605  0.9155523  0.92603624 0.9229883  0.92532766 0.92292356
 0.9195797  0.91011107 0.92274714 0.9244753  0.9261699  0.91782564
 0.9190407  0.9222621  0.9164605  0.9246011  0.9234947  0.9302002
 0.92003983 0.91633666 0.9273113  0.9244956  0.91045225 0.91724724
 0.9166996  0.9240307  0.93156326 0.92390394 0.9143201  0.92396754
 0.92666125 0.92281425 0.92568487 0.922575   0.92006886 0.920721
 0.9211911  0.9209563  0.9185705  0.92873716 0.9333481  0.9191246
 0.9224059  0.9226043  0.92365515 0.9196806  0.9283449  0.9138855
 0.9136974  0.9173211  0.9237647  0.92308164 0.9246073  0.9279153
 0.91761637 0.91573215 0.9134419  0.92204666 0.9335257  0.9143025
 0.91940963 0.91469467 0.9222986  0.92433256 0.9189371  0.92004824
 0.9266173  0.9281403  0.9155263  0.9300043  0.92684376 0.9286488
 0.9252407  0.9278234  0.9201759  0.91803265 0.9217529  0.9179487
 0.9200749  0.9182762  0.9180933  0.9208875 ]",87.75738,122.78438782691956,3000.0
GSymplecticNNgHMC,1.0,autograd,high_dimensional_warped_gaussian,SynchronousLeapfrog,0.1,"[0.92549914 0.924837   0.92328966 0.9259552  0.9250134  0.9271549
 0.9268717  0.9268645  0.9253968  0.9247489  0.92479455 0.9252748
 0.9256625  0.9240598  0.9276983  0.9253335  0.92516774 0.9254736
 0.925286   0.9249474  0.9249026  0.9237788  0.9228965  0.9244911
 0.92624986 0.9247111  0.926052   0.9243665  0.9239418  0.92567277
 0.92367065 0.9248027  0.92754    0.9227991  0.9217601  0.92811537
 0.92357224 0.9223597  0.92462415 0.9255942  0.92492414 0.9233174
 0.92506856 0.9238226  0.92404354 0.924483   0.92194974 0.9261509
 0.927319   0.92685735 0.9265196  0.9251959  0.9242847  0.92530525
 0.926785   0.9258539  0.92435443 0.92574376 0.9263837  0.92363065
 0.92428863 0.9262066  0.9270251  0.9229161  0.9253492  0.9249091
 0.92495334 0.92492723 0.92262596 0.9274262  0.92422044 0.92441624
 0.9236695  0.92502517 0.92550695 0.9229444  0.9278588  0.92325515
 0.9241724  0.9257784  0.9241263  0.9243355  0.92255414 0.9237499
 0.9255322  0.9218907  0.9249036  0.92559576 0.9251118  0.92491674
 0.92657983 0.92543525 0.9256128  0.9245194  0.924562   0.9247284
 0.9209912  0.92558    0.923988   0.9248085 ]",5314.5747,43.529573917388916,3000.0
