model,training_size,distribution,reversibility_error,hamiltonian_error,time,ess
HMC,0.1,banana,3.783798e-13,"[0.9315841  0.97505283 0.9895402  0.88189495 0.9145527  0.95317006
 0.88885784 0.9277111  0.93437946 0.8675902  0.922449   0.73181057
 0.94769394 0.7256314  0.94378424 0.942289   0.95050704 0.9175948
 0.90937585 0.95226574 0.9857851  0.96298444 0.90701187 0.9011582
 0.94877446 0.971753   0.9518914  0.86306703 0.9212159  0.9241593
 0.9693564  0.92591393 0.87739086 0.95191336 0.8977663  0.9352948
 0.9281346  0.925249   0.96053666 0.9676199  0.9721936  0.9700273
 0.9834647  0.85175145 0.8980441  0.8603572  0.8226694  0.9410335
 0.8845817  0.9604908  0.90224075 0.9031088  0.98338526 0.83377516
 0.9325588  0.9491247  0.9188387  0.8764872  0.93491477 0.9032328
 0.9192444  0.92650336 0.9121436  0.95884025 0.9479832  0.9451167
 0.97579545 0.9724616  0.9596882  0.8499643  0.8900142  0.9613123
 0.95666015 0.8656142  0.9090959  0.8990178  0.9454934  0.98877734
 0.89140546 0.86229897 0.9620111  0.9490273  0.91794765 0.9584629
 0.97280616 0.96417797 0.7731897  0.83827245 0.9985547  0.9474861
 0.92945164 0.93996966 0.9261141  0.84026307 0.8851347  0.9899394
 0.94073075 0.9476875  0.9355185  0.8314795 ]",20.19290852546692,1.4962419769826643
SymplecticNNgHMC,0.1,banana,570.5365,"[  303.66116   2901.4792    3569.4702      37.522667  4928.986
    18.9519      48.206326  2641.8286     288.8052     719.474
  5427.9976    5708.582       37.061012   555.5697    2075.5679
  1307.601     3893.5137    4790.335     4663.8623    1057.0807
  1616.8689      43.268425 15296.6045    2127.0942     919.8446
  4331.709     3907.25      3771.9023    7359.3125    2104.0918
  7793.0312    4384.7954      25.489859   106.10342    723.24866
  2426.3638    1722.908     2615.08      3830.8289      99.94682
  7262.323    10689.857     3406.727      391.1512    1231.1165
  5411.91       573.63306   2028.7644    3304.8306     158.89267
  2849.7566     264.28625   6819.949     1878.7808    3462.5242
   251.03806   2120.227      173.26807     58.01632   1100.5576
   110.703064  3685.4707    5103.9434    4785.1655      22.388388
    37.660313  6096.9834    1439.6189    1117.251     1508.4789
  1550.2891    3658.3037    9848.25      3108.522      240.93652
  6168.203     1427.3256    2667.5054    3954.6538    6181.6123
   897.53723  10954.891     6636.3984     319.28827   7522.0938
  2672.602       25.594452  1452.5668    6464.5874    1070.4131
   848.9975     149.68016    774.8347      50.28524   1620.6498
  4996.503     2159.3237     422.6413     980.5802      18.385305]",58.13251566886902,5700.0
GSymplecticNNgHMC,0.1,banana,0.002250972,"[0.93121564 0.9709116  0.96563214 0.6277035  0.84251106 0.92078173
 0.19575334 0.6583111  0.9473214  0.4753296  0.91090316 0.28364992
 0.9151432  1.6379713  0.96771514 0.9413341  0.803648   0.9129528
 0.7574426  0.93478656 0.98620594 0.9239789  0.8982314  0.9457113
 0.7137167  0.9653486  0.7688358  0.8314991  0.8287813  0.5200114
 0.959578   0.7369451  0.1378696  0.8368143  0.877252   0.7755054
 0.5902466  0.6844918  0.9307493  0.96950996 0.97246855 0.9695961
 0.9805937  0.17401993 0.8833535  0.21696095 0.395025   0.6988144
 0.9280826  0.82067955 0.64128983 0.66683215 0.982799   0.6932184
 0.86083734 0.88683385 0.65733683 0.51001537 0.7546797  0.6072039
 0.46190295 0.75530785 0.81232184 0.7806453  0.52230805 0.54927945
 0.96918666 0.8047418  0.726725   0.42712134 0.88184583 0.9664835
 0.9425875  0.84729815 0.52907515 0.92598975 0.71906203 0.98297405
 0.87833357 0.11742224 0.9055359  0.94416445 0.9084298  0.93040943
 0.97182196 0.964826   0.8411936  0.9044568  0.9981505  0.8235036
 0.3095606  0.84651136 0.5466271  0.71775216 0.3251755  0.9871273
 0.8997716  0.6810765  0.87670374 0.4474334 ]",7.413872241973877,2.520191311386677
GradSymplecticNNgHMC,0.1,banana,98.50697,"[3.65677834e+00 9.39207649e+00 9.09810448e+00 1.61290985e+02
 1.19635544e+02 3.52079163e+01 4.46652832e+01 1.06548576e+01
 1.96419964e+01 4.46374750e+00 1.25420511e+00 2.59532881e+00
 3.84653625e+01 1.24119930e+01 6.28996944e+00 3.91356587e-01
 7.82906342e+00 2.06661339e+01 1.03176117e+01 6.51216459e+00
 4.88618660e+00 3.22854614e+01 1.93247162e+02 3.75359726e+00
 1.02206192e+01 5.57478905e-01 1.01126003e+00 8.65411162e-01
 2.23560600e+01 3.86724520e+00 2.40579491e+01 4.03226852e+01
 3.59340019e+01 2.69361877e+01 1.98577404e-01 6.96406588e-02
 5.41022015e+00 6.47104979e+00 2.17580006e-01 1.64769304e+00
 3.38246002e+01 4.81340561e+01 5.38519263e-01 1.41354246e+01
 3.08210701e-01 6.65035095e+01 3.63438797e+00 4.05275106e+00
 1.66982498e+01 2.61816921e+01 2.58121395e+00 2.88108978e+01
 6.33884716e+00 4.09693909e+00 6.48204684e-01 7.96397328e-02
 2.58330631e+00 3.17618694e+01 4.15310287e+01 9.02875805e+00
 2.54938545e+01 1.34036617e+01 8.82560909e-01 4.88562698e+01
 3.61785507e+01 4.66385612e+01 4.40480661e+00 6.44919348e+00
 7.32629585e+00 1.93531780e+01 6.71449602e-02 3.10485287e+01
 3.71850433e+01 6.70660019e-01 2.16284466e+01 1.04207031e+02
 9.10684681e+00 5.76518536e-01 8.17610443e-01 1.64861740e+02
 1.03250484e+01 5.03899231e+01 4.47954559e+00 2.02678375e+01
 1.32677307e+01 4.06486653e-02 2.60000572e+01 6.02689934e+00
 7.33121252e+00 1.01145868e+01 1.27591171e+01 3.06757202e+01
 2.60916557e+01 4.22474022e+01 6.39725256e+00 1.04989529e+00
 4.72979307e+00 1.82604446e+01 9.71310997e+00 3.79155846e+01]",78.36991214752197,5700.0
GradGSymplecticNNgHMC,0.1,banana,0.00019428424,"[0.9345031  0.9713606  0.9652164  0.5717341  0.8194908  0.88934344
 0.44077903 0.6284467  0.93628633 0.43093562 0.9105977  0.23513743
 0.935583   1.6855824  0.96750563 0.93405426 0.8007447  0.91478395
 0.75417554 0.94477975 0.98412454 0.93005174 0.8905718  0.94598246
 0.6491406  0.96705574 0.73563623 0.82765627 0.824918   0.45460698
 0.9593893  0.7125943  0.0041906  0.8414637  0.8603138  0.7664897
 0.5184519  0.6791319  0.9282602  0.97108305 0.97246933 0.97091854
 0.9787187  0.15570596 0.8752493  0.14530174 0.35170364 0.6416248
 0.9300103  0.796013   0.6481286  0.6000415  0.98347014 0.70465374
 0.8638444  0.8704886  0.67101526 0.71492213 0.80365294 0.5581249
 0.44955784 0.74055904 0.79922503 0.7508782  0.40317893 0.5716466
 0.9694102  0.76632184 0.66159105 0.5366062  0.88409966 0.9654087
 0.9432645  0.84804535 0.50166094 0.9251003  0.6860046  0.98509264
 0.87629217 0.01100529 0.8790555  0.94611186 0.908461   0.9251525
 0.9729699  0.9620248  0.8582567  0.9085947  0.99794364 0.8064846
 0.27105892 0.8127208  0.4795955  0.65805304 0.24739045 0.98439926
 0.8820307  0.6565499  0.8503369  0.59439933]",7.563864231109619,1.3085682030144807
HMC,0.1,gaussian,4.61529e-15,"[0.9295777  0.9480586  0.90053487 0.93221253 0.9545288  0.94226754
 0.8826067  0.95544976 0.9377103  0.9430876  0.9418678  0.947579
 0.93138826 0.9405047  0.9514595  0.93400353 0.9454624  0.92316425
 0.95363176 0.940684   0.959943   0.8467283  0.949753   0.9248292
 0.9091935  0.95776147 0.91827    0.953067   0.94338584 0.93946093
 0.94311017 0.9546461  0.94478273 0.89734185 0.9426106  0.96149063
 0.91903365 0.93462294 0.90937823 0.94596577 0.94409007 0.9288943
 0.9398154  0.9121455  0.93738985 0.9468918  0.9271323  0.9583293
 0.9506954  0.94980997 0.9340304  0.9467532  0.9403877  0.9439618
 0.9565557  0.94238544 0.9306842  0.922086   0.9557309  0.9609653
 0.9504077  0.94316596 0.938924   0.961709   0.93522406 0.94644994
 0.92578    0.93640155 0.9462621  0.9336506  0.9294679  0.9579896
 0.93810767 0.93891066 0.9537193  0.9586641  0.94882905 0.9229078
 0.9026828  0.9450201  0.9350831  0.94388247 0.93987644 0.95585936
 0.9270012  0.9239828  0.9230856  0.9419149  0.95777607 0.91753507
 0.9380516  0.9463259  0.94406265 0.957963   0.9375652  0.958835
 0.9149911  0.9436691  0.93987364 0.96229213]",16.620631217956543,2722.399408710577
SymplecticNNgHMC,0.1,gaussian,1.4049681e+11,"[1.2827698e+03 3.1311169e+02 3.1563091e+03 7.6956499e+03 5.3618066e+03
 1.4190622e+02 5.9522046e+03 7.4935474e+02 1.5505678e+04 6.8014423e+02
 2.0456257e+03 3.2867041e+03 9.2394958e+02 4.0411941e+03 2.1244431e+03
 2.2348273e+04 9.6315399e+02 1.3444207e+03 6.3874524e+02 1.1383725e+04
 3.2165833e+02 4.3050679e+03 3.5824363e+03 8.3000732e+03 1.6602512e+04
 2.9059695e+03 5.5870449e+03 2.4928149e+03 6.8468256e+02 8.5191230e+03
 6.4072412e+03 1.8835586e+03 5.2057695e+03 1.2441791e+03 3.5287588e+03
 3.9377374e+02 8.1833818e+03 1.4282074e+04 1.0784485e+03 4.6031995e+02
 5.4878047e+03 7.8761250e+03 6.5056719e+03 9.1209805e+03 6.7763047e+03
 3.7517670e+02 1.1115884e+03 1.3635427e+03 5.6198740e+03 1.3528743e+03
 3.5032920e+03 3.5023674e+01 4.5249033e+03 3.0310684e+03 9.4155598e+00
 1.1724292e+03 1.6860172e+02 1.2694133e+03 1.2750821e+02 1.1950705e+02
 3.6392133e+02 7.3690811e+03 7.3111328e+02 1.7296365e+03 3.9562273e+03
 2.6616443e+02 1.6370293e+03 4.6095991e+03 1.2518162e+04 1.2012814e+03
 1.8387430e+03 3.5638110e+02 3.2162090e+03 1.0397121e+02 3.1042847e+03
 5.2804834e+02 5.5933289e+02 2.2286860e+03 2.1328469e+04 5.3187090e+03
 1.3992352e+04 1.6923082e+04 5.1339087e+02 2.5508041e+02 2.7597585e+03
 2.4452326e+04 1.0223593e+04 7.1516680e+03 2.4831143e+03 4.0419771e+03
 1.1865925e+03 1.3353535e+03 2.5214141e+03 6.2111548e+02 2.3358728e+03
 3.5072546e+03 4.5550547e+03 1.2779479e+03 5.3665337e+03 7.3019943e+00]",21.544086694717407,1900.0
GSymplecticNNgHMC,0.1,gaussian,0.036945447,"[0.93761843 0.95153826 0.9122824  0.92955637 0.9492656  0.9299297
 0.8859967  0.9550303  0.9387065  0.94866294 0.9454376  0.94805616
 0.93727756 0.94083047 0.9520065  0.9328787  0.938282   0.9266502
 0.95544636 0.9434449  0.96131074 0.86061597 0.95127535 0.9185946
 0.916259   0.95803946 0.91969174 0.9524328  0.94742    0.93905234
 0.9443225  0.9566555  0.94252366 0.9069319  0.94381094 0.9615917
 0.91880006 0.9432289  0.92165136 0.94677675 0.94358605 0.9300808
 0.9419562  0.9117672  0.93974864 0.94732106 0.94074005 0.9594531
 0.95248526 0.9504868  0.93876123 0.939983   0.94280356 0.94019985
 0.9571299  0.9418759  0.93374795 0.9353881  0.9533416  0.9611615
 0.9504322  0.9337408  0.93837535 0.9619469  0.938126   0.9480524
 0.9240281  0.9414505  0.9456525  0.93005025 0.93073213 0.9585751
 0.9463037  0.9385798  0.9535324  0.95946383 0.9478229  0.9244261
 0.8997973  0.9404819  0.9263605  0.94673395 0.9409384  0.95616525
 0.9279778  0.91193736 0.9282658  0.9454226  0.9585246  0.9133474
 0.9358591  0.95026326 0.94751036 0.9583186  0.93812466 0.9605665
 0.9233138  0.9469403  0.93812245 0.9615885 ]",11.087300062179565,19.25042349098416
GradSymplecticNNgHMC,0.1,gaussian,1.4049681e+11,"[1.2827698e+03 3.1311169e+02 3.1563091e+03 7.6956499e+03 5.3618066e+03
 1.4190622e+02 5.9522046e+03 7.4935474e+02 1.5505678e+04 6.8014423e+02
 2.0456257e+03 3.2867041e+03 9.2394958e+02 4.0411941e+03 2.1244431e+03
 2.2348273e+04 9.6315399e+02 1.3444207e+03 6.3874524e+02 1.1383725e+04
 3.2165833e+02 4.3050679e+03 3.5824363e+03 8.3000732e+03 1.6602512e+04
 2.9059695e+03 5.5870449e+03 2.4928149e+03 6.8468256e+02 8.5191230e+03
 6.4072412e+03 1.8835586e+03 5.2057695e+03 1.2441791e+03 3.5287588e+03
 3.9377374e+02 8.1833818e+03 1.4282074e+04 1.0784485e+03 4.6031995e+02
 5.4878047e+03 7.8761250e+03 6.5056719e+03 9.1209805e+03 6.7763047e+03
 3.7517670e+02 1.1115884e+03 1.3635427e+03 5.6198740e+03 1.3528743e+03
 3.5032920e+03 3.5023674e+01 4.5249033e+03 3.0310684e+03 9.4155598e+00
 1.1724292e+03 1.6860172e+02 1.2694133e+03 1.2750821e+02 1.1950705e+02
 3.6392133e+02 7.3690811e+03 7.3111328e+02 1.7296365e+03 3.9562273e+03
 2.6616443e+02 1.6370293e+03 4.6095991e+03 1.2518162e+04 1.2012814e+03
 1.8387430e+03 3.5638110e+02 3.2162090e+03 1.0397121e+02 3.1042847e+03
 5.2804834e+02 5.5933289e+02 2.2286860e+03 2.1328469e+04 5.3187090e+03
 1.3992352e+04 1.6923082e+04 5.1339087e+02 2.5508041e+02 2.7597585e+03
 2.4452326e+04 1.0223593e+04 7.1516680e+03 2.4831143e+03 4.0419771e+03
 1.1865925e+03 1.3353535e+03 2.5214141e+03 6.2111548e+02 2.3358728e+03
 3.5072546e+03 4.5550547e+03 1.2779479e+03 5.3665337e+03 7.3019943e+00]",28.60456943511963,1900.0
GradGSymplecticNNgHMC,0.1,gaussian,0.05471315,"[0.93172044 0.94758856 0.9017722  0.9350197  0.9555434  0.94607294
 0.8831527  0.9562356  0.9391911  0.9429802  0.9409479  0.94774866
 0.93370384 0.9456924  0.95170236 0.9348237  0.9483737  0.92466915
 0.95279646 0.94131297 0.96043843 0.85149276 0.9503331  0.93032426
 0.91131425 0.95840585 0.9214268  0.9518728  0.94269466 0.94078726
 0.94609785 0.9546083  0.94565475 0.9009232  0.9449625  0.9614134
 0.9211351  0.93515146 0.9103858  0.9496515  0.9449806  0.9291363
 0.9401045  0.91308016 0.93979347 0.94802046 0.926815   0.95870936
 0.9520292  0.95309085 0.93627614 0.9484126  0.9414085  0.9443364
 0.95744133 0.94358206 0.9343669  0.9215657  0.95702475 0.96121347
 0.95195377 0.9450978  0.9392454  0.96158046 0.93687487 0.9468422
 0.9314331  0.9383296  0.94642925 0.93877494 0.930576   0.9579991
 0.93763846 0.93863106 0.9545223  0.95918274 0.9495489  0.9230978
 0.9040307  0.946151   0.9375781  0.9439754  0.9422598  0.9569268
 0.9287915  0.9294765  0.92594564 0.9427972  0.9570042  0.9179715
 0.93851554 0.9460265  0.9445956  0.9583931  0.9388547  0.95892185
 0.9187465  0.94394964 0.9404925  0.9620848 ]",11.690219163894653,14.625896953101062
HMC,0.1,high_dimensional_gaussian,1.4289015e-15,"[0.9344958  0.94257784 0.92875826 0.9406926  0.942775   0.933475
 0.93336487 0.9348962  0.93058896 0.9438108  0.93694293 0.9281553
 0.937833   0.94231045 0.9317593  0.9465699  0.9343114  0.9383153
 0.9368951  0.9371659  0.9344157  0.9436757  0.9325967  0.93738884
 0.94142693 0.9383888  0.93685883 0.93786305 0.936093   0.9419646
 0.93521035 0.9378869  0.9424421  0.9405875  0.93136966 0.94279337
 0.9383645  0.93439263 0.943011   0.93829817 0.9383794  0.9329599
 0.94268525 0.9299835  0.94075596 0.928936   0.94632185 0.93910444
 0.93801117 0.93968695 0.9365131  0.93579483 0.93409014 0.9407295
 0.9398416  0.9294285  0.9313242  0.93555975 0.9433815  0.9414325
 0.939958   0.931127   0.93162954 0.9410245  0.9392201  0.9383004
 0.942798   0.9300126  0.93169737 0.93826497 0.93658435 0.9373161
 0.94172776 0.9462279  0.93829465 0.9370572  0.93988645 0.9355175
 0.93886185 0.92241454 0.9379379  0.9341115  0.94368184 0.93672824
 0.9297711  0.9381851  0.94120836 0.9415115  0.9378022  0.93797624
 0.93275565 0.93222797 0.9250711  0.92321813 0.9329459  0.9342496
 0.9290241  0.93037075 0.9347019  0.9358448 ]",51.02725410461426,353.77453188826047
SymplecticNNgHMC,0.1,high_dimensional_gaussian,0.3577873,"[0.92190194 0.9335331  0.9284742  0.9286911  0.93690145 0.9347283
 0.92637587 0.93411225 0.92626274 0.93693197 0.93323296 0.92819023
 0.9348999  0.94225204 0.92152154 0.9404237  0.92429584 0.93149793
 0.93227595 0.93421555 0.91984004 0.94227433 0.92228305 0.93567055
 0.9342996  0.9285195  0.93072957 0.93529147 0.93329096 0.93980616
 0.93480015 0.9358654  0.9423625  0.93119156 0.92477816 0.93947303
 0.9336567  0.9281716  0.9377255  0.9342207  0.9318253  0.91681457
 0.93921584 0.92099446 0.9208602  0.9238465  0.9410798  0.9340935
 0.93288076 0.9387225  0.9318082  0.9362294  0.9296211  0.94029796
 0.93806094 0.9290489  0.9268591  0.9336876  0.9340219  0.94038934
 0.93659735 0.92872643 0.92802763 0.9352276  0.93378615 0.9372704
 0.9428413  0.9253744  0.9272291  0.93353224 0.92422026 0.9308445
 0.9378638  0.9399313  0.9371351  0.93367404 0.9320116  0.9290898
 0.9388522  0.92093754 0.9313717  0.9315108  0.937189   0.9319946
 0.9234737  0.9345846  0.9384753  0.93475145 0.9344157  0.9238759
 0.929239   0.9261109  0.92089593 0.9115133  0.9194621  0.93057936
 0.9151381  0.9248799  0.9205696  0.9354551 ]",67.32883548736572,5.029867023108656
GSymplecticNNgHMC,0.1,high_dimensional_gaussian,0.0074792625,"[0.93502665 0.9426788  0.928787   0.9408228  0.9429068  0.93353695
 0.9332837  0.9348606  0.9307294  0.9438469  0.9370154  0.92829263
 0.937987   0.94216746 0.9314188  0.9467723  0.93407506 0.93821067
 0.9370648  0.9368557  0.93426675 0.94372416 0.93234956 0.93759334
 0.94188356 0.9380053  0.9367217  0.93791986 0.93605536 0.94228065
 0.93509454 0.9375609  0.94248724 0.9407934  0.9321623  0.9427341
 0.9385117  0.9342084  0.94289625 0.9384093  0.9380681  0.9331775
 0.94254375 0.92982566 0.94080687 0.9292609  0.9461438  0.9390024
 0.9377254  0.93975866 0.9363825  0.93563604 0.93422717 0.94071716
 0.9397949  0.9293212  0.93159294 0.9358575  0.94354725 0.9415805
 0.9397483  0.93119663 0.93163395 0.9410142  0.9391367  0.9383449
 0.94303244 0.9301866  0.9317428  0.93822753 0.9364278  0.9374919
 0.9418036  0.94616556 0.938204   0.93726885 0.9397913  0.9356177
 0.9386382  0.92214817 0.93786186 0.9341612  0.94342846 0.936924
 0.92956495 0.93835825 0.94104564 0.94131917 0.93800443 0.938013
 0.9329934  0.93242824 0.924723   0.92352533 0.93302274 0.93398523
 0.9289155  0.93038225 0.9347543  0.93587756]",17.529114723205566,120.22781013674675
GradSymplecticNNgHMC,0.1,high_dimensional_gaussian,0.2701228,"[0.93426216 0.9422846  0.92924404 0.93929005 0.9424831  0.9314437
 0.9320976  0.9338457  0.93110317 0.94176185 0.9355006  0.9264213
 0.9379195  0.9428402  0.93139875 0.9467122  0.93385017 0.9381051
 0.9361539  0.9370289  0.93419015 0.94365185 0.9323796  0.9379613
 0.9400789  0.9382024  0.9364983  0.93687695 0.9365317  0.94099927
 0.9359926  0.9368957  0.94173706 0.93942994 0.930371   0.94331205
 0.9372381  0.9336337  0.94256663 0.9383284  0.93839145 0.93248963
 0.9423455  0.92909193 0.9396136  0.9308157  0.9458472  0.9389863
 0.9381692  0.93905795 0.93847203 0.93620014 0.93288887 0.94074905
 0.93883276 0.9279768  0.93137854 0.9341544  0.94278777 0.9410839
 0.93933123 0.9317422  0.93216246 0.9406685  0.93956757 0.9386177
 0.94260854 0.9284953  0.93183297 0.9372177  0.93380183 0.937278
 0.9417765  0.9461942  0.9384173  0.9355904  0.9390925  0.9343437
 0.93947065 0.91870683 0.937051   0.932323   0.9426319  0.93614167
 0.92988384 0.93750596 0.941847   0.94109035 0.9368609  0.9353801
 0.9311075  0.93190646 0.9262692  0.9224617  0.93199635 0.9340403
 0.9282612  0.9287896  0.9329504  0.935483  ]",91.00329446792603,2.7717311189657705
GradGSymplecticNNgHMC,0.1,high_dimensional_gaussian,0.0026348832,"[0.9346954  0.94283617 0.9289689  0.94077194 0.94297475 0.93381774
 0.9338131  0.9351362  0.9308561  0.94398725 0.9372625  0.9284188
 0.9381572  0.94247335 0.932076   0.9467486  0.93446016 0.9385966
 0.93739605 0.93756074 0.934657   0.94390744 0.9329149  0.9375705
 0.941555   0.93844306 0.93716073 0.9380032  0.93625    0.942208
 0.9355323  0.9382056  0.942605   0.94084597 0.9315626  0.94303393
 0.9385664  0.9346916  0.9432072  0.9385664  0.9386077  0.9332371
 0.94292533 0.93009734 0.94070995 0.9293966  0.9464299  0.9392308
 0.938265   0.9399726  0.9368207  0.93591183 0.93454933 0.9409883
 0.9402489  0.92998284 0.9315556  0.9358845  0.9435315  0.94177616
 0.9402261  0.9314408  0.93187946 0.9412715  0.9394235  0.9385947
 0.9430508  0.93047655 0.9320616  0.938537   0.93682927 0.9376153
 0.9419815  0.94629085 0.9386257  0.9374242  0.940073   0.93593657
 0.9390724  0.9226135  0.93832433 0.93440455 0.94388115 0.9370453
 0.93018913 0.93854445 0.94153476 0.94160175 0.93803394 0.93831205
 0.9330942  0.9326877  0.925409   0.9238326  0.93340635 0.93458545
 0.9294195  0.9308316  0.93511367 0.93613386]",28.635936498641968,105.25386651250399
HMC,0.1,normal_normal,2.13312e-15,"[0.9419713  0.93967456 0.9297793  0.93966806 0.9120389  0.94961715
 0.95286006 0.94392747 0.928661   0.9400296  0.9522556  0.90814567
 0.9358915  0.9382409  0.94075763 0.94707745 0.9514103  0.928864
 0.95425737 0.9398617  0.9500806  0.9427699  0.9479529  0.9448103
 0.952114   0.938122   0.92938346 0.94952023 0.9384546  0.9219648
 0.9410369  0.9463192  0.9443313  0.95074797 0.9262359  0.95028126
 0.93458486 0.906227   0.9493997  0.90439355 0.9482479  0.93533945
 0.9467602  0.9411778  0.9477942  0.9494464  0.9495179  0.9448967
 0.91986406 0.9210528  0.9065296  0.94962597 0.94067955 0.93173236
 0.9495758  0.952697   0.904899   0.94624233 0.9224054  0.9217474
 0.9360646  0.9477781  0.90530133 0.94730234 0.95116585 0.94848585
 0.9545746  0.95482016 0.8825302  0.9385737  0.94016826 0.9375528
 0.9362115  0.93187875 0.9513957  0.9452853  0.9120536  0.94755507
 0.9426249  0.9365138  0.9555475  0.93730056 0.94025326 0.9488938
 0.94893116 0.9233715  0.9179621  0.94286406 0.95062006 0.95458287
 0.951983   0.93314475 0.93711394 0.9110489  0.9174875  0.95367014
 0.9087423  0.9364151  0.93878764 0.9188821 ]",75.52296662330627,469.8560873380105
SymplecticNNgHMC,0.1,normal_normal,2.1819794,"[8.6539726e+00 9.0454000e-01 9.1063392e-01 1.8817273e+02 6.7639577e-01
 9.2894423e-01 4.2562884e-01 5.9227443e-01 9.2700410e-01 7.0394957e-01
 8.5775363e-01 6.2261242e+01 9.1756773e-01 8.9904964e-01 9.1505563e-01
 5.2041748e+01 9.4906777e-01 9.2239517e-01 9.5265764e-01 9.3779171e-01
 9.2380357e-01 9.3625093e-01 8.9655036e-01 9.5208907e-01 8.1382167e-01
 9.2534208e-01 2.3854642e-01 8.0127132e-01 8.5964715e-01 9.3076181e-01
 9.1383469e-01 9.1941488e-01 5.7967198e-01 9.5015848e-01 2.9855926e+00
 9.3828905e-01 1.7294495e+00 8.4068602e-01 9.1551870e-01 8.6988848e-01
 9.5066088e-01 9.1629905e-01 8.6516422e-01 9.0545046e-01 3.2839424e+01
 9.2291713e-01 3.1279964e+00 2.6088467e-01 9.1136283e-01 8.7373292e-01
 8.3492815e-01 9.4109982e-01 9.3873858e-01 9.3381155e-01 9.3322009e-01
 8.2934380e+00 8.7113988e-01 9.3448162e-01 9.2939109e-01 2.3976183e+00
 9.0092742e-01 8.3450210e-01 1.0506170e+01 9.1657519e-01 8.4734058e-01
 9.5183128e-01 9.2141771e-01 8.2942486e-01 9.1647309e-01 8.8485515e-01
 5.6828988e-01 9.3726778e-01 4.1759807e-01 9.3787766e-01 9.3998927e-01
 9.3874669e-01 1.0513851e+01 9.5270061e-01 9.3597388e-01 9.0072703e-01
 8.3393329e-01 9.2238355e-01 9.4627094e-01 9.3818808e-01 9.4838202e-01
 2.9901390e+00 8.9502370e-01 7.4179900e-01 9.5248461e-01 9.5217526e-01
 9.3361306e-01 8.6611307e-01 8.8842475e-01 3.9605078e-01 9.1726100e-01
 6.8174422e-01 9.0111089e-01 8.5144925e-01 2.9466346e-02 5.4455557e+00]",66.71890258789062,98.42275295829128
GSymplecticNNgHMC,0.1,normal_normal,0.004850778,"[0.9421084  0.939356   0.9296848  0.9410019  0.91222906 0.9498393
 0.9528755  0.94541776 0.92773354 0.93975157 0.95322704 0.9121461
 0.9367417  0.9393086  0.93975735 0.9475872  0.9511589  0.9313835
 0.9539971  0.9417585  0.9500262  0.94268286 0.9478123  0.94539946
 0.95242184 0.9385335  0.9277376  0.950201   0.93839043 0.9211278
 0.9404804  0.947211   0.94630855 0.95033956 0.9274106  0.95220035
 0.93354034 0.9077484  0.949598   0.90428257 0.9493601  0.9343583
 0.9463494  0.9429793  0.9482371  0.9492954  0.95039576 0.9461133
 0.91956496 0.9193217  0.9095721  0.9508916  0.93983495 0.9313125
 0.9500019  0.9522011  0.9080883  0.9481821  0.9256395  0.9230708
 0.9365644  0.9494331  0.90429294 0.94636387 0.9509373  0.94875467
 0.9545991  0.9544875  0.88253564 0.9379109  0.9407611  0.9380998
 0.9358469  0.93257844 0.95173633 0.94846964 0.91807306 0.9478029
 0.9428439  0.9376348  0.955562   0.9364497  0.94000566 0.9484477
 0.9498445  0.925131   0.91750157 0.94353217 0.9502184  0.95436144
 0.9518949  0.9326701  0.9356768  0.9075689  0.9156689  0.9538743
 0.90698165 0.9374131  0.94020814 0.923893  ]",21.935405015945435,679.00065913511
GradSymplecticNNgHMC,0.1,normal_normal,0.26019594,"[0.9400286  0.93911695 0.92625445 0.9384832  0.8459499  0.94834185
 0.9525768  0.9441401  0.92059803 0.93835586 0.9540924  0.8438899
 0.9300617  0.939886   0.9421042  0.9463682  0.9508183  0.9336208
 0.9537923  0.9387654  0.9470827  0.9419967  0.94848096 0.94493794
 0.9520404  0.9331964  0.8986634  0.94846153 0.93731606 0.91266334
 0.9383739  0.9419447  0.9494437  0.9497609  0.9159193  0.95321655
 0.9180845  0.90165496 0.944188   0.8930909  0.9503862  0.93406963
 0.9423369  0.93852156 0.9458858  0.9490763  0.9520759  0.9464118
 0.92121387 0.9165842  0.90315646 0.9485244  0.9362022  0.93257225
 0.9478712  0.951045   0.9000306  0.9481425  0.92067856 0.8940077
 0.9322988  0.94823945 0.8761492  0.94668496 0.94849455 0.94788504
 0.95471543 0.95369166 0.884027   0.9364381  0.936083   0.9388623
 0.91000116 0.93237877 0.94879377 0.94982564 0.84957856 0.94617224
 0.9412607  0.9242681  0.9552231  0.9372624  0.93900585 0.9472389
 0.95079124 0.9232661  0.9206195  0.936561   0.9487648  0.9541538
 0.9511983  0.9160267  0.9334063  0.9110214  0.9053401  0.9533026
 0.8955652  0.9207461  0.93196714 0.89611685]",83.47181344032288,5700.0
GradGSymplecticNNgHMC,0.1,normal_normal,0.0055239634,"[0.93992275 0.9398026  0.9305975  0.9395331  0.90830386 0.9501505
 0.95266855 0.9425494  0.929458   0.9402369  0.9528076  0.9129466
 0.9366859  0.9372877  0.9407837  0.94717044 0.9517216  0.9275323
 0.95434254 0.94048756 0.9502332  0.9433397  0.94778794 0.9448987
 0.9520526  0.9390243  0.9300078  0.94936055 0.93869734 0.9231472
 0.9414234  0.9458704  0.9431951  0.9511405  0.9273313  0.9511551
 0.93270487 0.90670264 0.94963646 0.9031612  0.9486661  0.9363286
 0.94730747 0.9413659  0.94797194 0.9492385  0.94971454 0.94587934
 0.9204661  0.9223363  0.9073436  0.9499721  0.94156307 0.9323133
 0.94977665 0.9521191  0.90653896 0.94730586 0.92456377 0.92312753
 0.9367595  0.94802684 0.9015815  0.9473643  0.9515071  0.9485685
 0.9546182  0.95473    0.88240063 0.9394623  0.94141483 0.9376831
 0.9363202  0.9325303  0.95141685 0.9461645  0.91869473 0.94833726
 0.9435844  0.9360609  0.95547676 0.93766516 0.94130343 0.9492024
 0.94981706 0.9255201  0.91639507 0.94359505 0.9511161  0.9545557
 0.9521658  0.93372715 0.9371865  0.9050132  0.9178308  0.9538793
 0.9092075  0.937504   0.93957365 0.9231081 ]",22.563910007476807,577.8994434563156
HMC,0.325,banana,2.9544707e-13,"[0.9136629  0.97458047 0.9694066  0.86021256 0.9223572  0.9564528
 0.80573624 0.9143316  0.9841969  0.8776762  0.9342344  0.81894606
 0.9589972  0.672059   0.9652046  0.8945257  0.98023987 0.91056967
 0.882082   0.91805714 0.9383693  0.9983306  0.75036347 0.9252094
 0.8431293  0.9821248  0.9510511  0.92776275 0.93774724 0.8950748
 0.9714434  0.97500247 0.88969135 0.95240897 0.82841414 0.97994995
 0.92333364 0.8420094  0.99536407 0.95121306 0.95491016 0.98882055
 0.9542934  0.66562605 0.7783328  0.9055518  0.8142648  0.9041524
 0.9634881  0.93402404 0.8763072  0.92855835 0.9912983  0.98224175
 0.9182075  0.8888172  0.9232575  0.8984469  0.9538819  0.932578
 0.9251756  0.92652553 0.9752724  0.9332127  0.8724033  0.9714464
 0.9009414  0.9285738  0.9111055  0.8611412  0.87033385 0.9652471
 0.9782035  0.9572946  0.93559444 0.9139819  0.8619301  0.9404198
 0.97720546 0.8585779  0.9576954  0.96081656 0.97401565 0.96984756
 0.9579464  0.9320833  0.9199721  0.7537154  0.9184789  0.9853562
 0.92194813 0.9610836  0.9140946  0.9662566  0.8906423  0.96808
 0.95071065 0.9700591  0.94107217 0.8910567 ]",20.269097328186035,1.5521622640363804
SymplecticNNgHMC,0.325,banana,5.0328193,"[ 7.8214064   1.9601434   5.7778106  19.371088    3.4878938   6.0406985
  6.201757   18.025497    0.9172478  28.707062    0.6739211   6.345626
 19.80597    46.18804    20.09359    15.106749    1.9009049   6.2514877
 24.90508     4.389934    7.624147    0.5226535  38.787384    0.14189705
 46.061504   15.453494   29.05714    16.796633    0.6999569  44.44859
  1.1888013   8.598942   32.3551     10.83691    25.844574    0.62515736
  3.149747    4.5087137   1.2384596  37.728764   26.608334    1.1611142
  3.69505     0.82377285 16.39764     6.3469887   6.735986    3.9551349
  9.311748   13.790721    3.8864093   5.1627145   0.23953009 13.061697
 30.514042    9.867119   13.765076    0.44543862  0.1017265  26.94338
 10.147333    0.59117985  5.7884874  23.555435    3.713728    1.0818704
  0.21306488 23.970669    8.801899    0.2158244   8.572727    0.88221353
  0.31153673  1.3485448   3.6024065   5.1106634  11.863753   16.852467
 30.367712   14.363939   27.815048   38.913383    7.663968   15.899088
 17.276608   21.33871     1.1565813  27.26673     3.4201407   0.42497468
 30.20419     2.1271024   1.6942558  13.4614315   1.4767096   1.5404733
  0.96218365  6.0984716  10.717406    3.363956  ]",69.18130087852478,19.51915134211875
GSymplecticNNgHMC,0.325,banana,0.005539616,"[0.9277563  0.9429163  0.5780187  0.64822125 0.7481016  0.95150584
 0.3234516  0.82617366 0.98734856 0.7877604  0.9622447  0.9335055
 0.780498   3.2445297  0.96802706 0.7197194  0.7087611  0.5933229
 0.10934835 0.7308345  0.56595606 0.9956267  2.402401   0.58611697
 0.8032197  0.9867336  0.8611851  0.8797457  0.8227172  0.16529009
 0.79159087 0.924078   0.3961811  0.7949156  0.32355887 0.97946876
 0.9331194  0.5780158  0.99497545 0.8126185  0.93980896 0.98876655
 0.9383844  0.16526908 0.36954674 0.48085794 0.8080934  0.71878624
 0.91056985 0.61995363 0.3758182  0.6399688  0.9837777  0.6757246
 0.47762483 0.8183524  0.01836537 0.8985848  0.9533028  0.9574999
 0.7956464  0.91334605 0.96336263 0.13630746 0.6813525  0.8082309
 0.78394115 0.93907547 0.9529381  0.44687366 0.92008036 0.89785004
 0.9174387  0.957308   0.83631945 0.7317885  0.7296624  0.9235457
 0.8762889  0.03770347 0.67575336 0.7006981  0.82415575 0.5286229
 0.66907567 0.91423815 0.8916399  0.15374228 0.5868841  0.9792039
 0.798484   0.92815727 0.8236294  0.76046133 0.9403333  0.9655529
 0.97466063 0.6944021  0.96718407 0.94896644]",9.055121660232544,16.686473971961497
GradSymplecticNNgHMC,0.325,banana,12.928523,"[7.6109648e-01 9.0802091e-01 8.6584926e-02 2.3322031e-01 8.4153336e-01
 6.8178415e-01 3.3499634e-01 7.8956974e-01 9.6566761e-01 8.9443082e-01
 9.0179920e-01 9.3295020e-01 2.1254117e+00 1.4151339e+01 4.2343611e-01
 4.6152093e-02 5.4046655e-01 6.3734424e-01 3.2306786e+00 1.6199109e-01
 5.0340807e-01 8.3038014e-01 9.7168159e+00 5.1562822e-01 4.0854806e-01
 6.9225788e-01 7.1927565e-01 9.5130700e-01 9.0498352e-01 2.6008341e+00
 7.8905678e-01 5.1466972e-03 4.9678633e-01 1.4728969e-01 7.5573432e-01
 6.6750908e-01 2.5123644e-01 1.2577757e-01 7.5601566e-01 1.2898497e-01
 3.4430325e-01 7.6444197e-01 7.3727179e-01 5.7858415e-02 6.3433933e-01
 4.7469310e-02 4.7517973e-01 4.1678700e-01 2.6699018e-01 4.8617634e-01
 3.9979765e-01 3.6015841e-01 9.5344108e-01 7.5598454e-01 5.9852600e+00
 9.1963327e-01 2.6764779e+00 5.4763681e-01 9.0626752e-01 1.2780098e+00
 7.1660995e-01 7.3405862e-01 6.7843294e-01 2.3533139e+00 3.5660848e-01
 6.2147516e-01 9.4753969e-01 9.3949413e-01 7.8154916e-01 6.6021895e-01
 5.9032428e-01 9.4039643e-01 9.6504182e-01 9.5110035e-01 6.2479454e-01
 1.6238867e-01 8.6808574e-01 8.5269320e-01 6.1246896e-01 1.2399077e+00
 1.1087406e-01 3.4149437e+00 2.2709879e-01 1.0263877e+00 6.4692962e-01
 2.0831151e+00 8.9628094e-01 1.0274789e+00 3.2254109e-01 9.6002233e-01
 5.6084709e+00 9.5235443e-01 8.3090889e-01 1.0655938e+00 9.2535901e-01
 9.2863411e-01 8.5482728e-01 2.7429667e-01 8.0902779e-01 8.7756240e-01]",158.74876761436462,246.30217414629055
GradGSymplecticNNgHMC,0.325,banana,0.008370282,"[0.92968315 0.8822994  0.34816933 0.69221205 0.6411945  0.89427274
 0.41977936 0.8655423  0.9695569  0.7582628  0.94907945 0.9330535
 0.08336034 5.318401   0.9661746  0.7522814  0.5760786  0.42066106
 1.1162963  0.56609833 0.25703564 0.9941106  4.0054545  0.48694453
 0.73896587 0.9847316  0.82201666 0.86617506 0.74555033 0.01392649
 0.6937138  0.90440977 0.25786182 0.52897364 0.38036007 0.97894067
 0.94215965 0.39770854 0.99515426 0.7647809  0.4153149  0.98930717
 0.96127456 0.26020753 0.779524   0.24089657 0.8912427  0.8039893
 0.8917432  0.26354998 0.19374403 0.45173448 0.9671685  0.27151474
 1.7411773  0.94457805 0.53184265 0.8991145  0.94933224 0.22104661
 0.8032388  0.9291568  0.8665832  0.5955485  0.73384905 0.70962876
 0.7709826  0.93831587 0.9193721  0.36953935 0.9362396  0.8816098
 0.86534584 0.92912495 0.7153691  0.69430894 0.7003197  0.9324147
 0.84048724 0.42596602 0.6072873  0.61910284 0.6009362  0.06186135
 0.1635727  0.27863395 0.8492193  0.05093959 0.40483493 0.9550535
 1.9927855  0.9211353  0.8139791  0.29852754 0.92041624 0.9690425
 0.96967524 0.49156043 0.8875159  0.9401406 ]",9.94651985168457,9.462686455866443
HMC,0.325,gaussian,3.242175e-15,"[0.92501545 0.9514739  0.92193437 0.930381   0.9284352  0.9476902
 0.9428822  0.9342985  0.9337019  0.9417402  0.93566775 0.92584294
 0.941749   0.9138376  0.94628453 0.94705266 0.93641156 0.95320797
 0.9329519  0.93604875 0.9375905  0.9237744  0.89629555 0.9263785
 0.90381044 0.95179933 0.9444287  0.94321585 0.9440648  0.9164168
 0.94267505 0.9331341  0.95521295 0.9373097  0.900493   0.9518856
 0.9314709  0.90654993 0.92288935 0.9464836  0.93455625 0.95067394
 0.9366331  0.94431305 0.9464604  0.95621395 0.9224195  0.945666
 0.9392378  0.9415414  0.9119885  0.9307782  0.9459771  0.9348097
 0.9574398  0.95295036 0.9529098  0.93691003 0.9479725  0.9577489
 0.9478382  0.9412548  0.9497818  0.95245886 0.9197709  0.93555284
 0.9361433  0.9370772  0.9435096  0.92557526 0.94750893 0.9449805
 0.9299474  0.9121474  0.94297236 0.9444356  0.93131745 0.9459784
 0.9212133  0.9200722  0.93575037 0.9383735  0.92896295 0.955034
 0.95517874 0.93736565 0.93225545 0.926136   0.9436804  0.93796843
 0.9160761  0.9488106  0.95618784 0.94655275 0.9492759  0.93643874
 0.9114269  0.9391374  0.9534911  0.9563359 ]",16.608736038208008,2359.9613936004384
SymplecticNNgHMC,0.325,gaussian,1.5578048e+11,"[3.37027227e+04 1.32092342e+01 2.89684648e+04 4.47169531e+03
 9.04821968e+00 3.14258789e+03 7.25656700e+00 3.79192924e+01
 3.59895430e+04 6.75070703e+03 8.31871875e+03 3.88716211e+03
 2.18931699e+04 2.39834326e+03 2.63540273e+04 1.15543203e+04
 2.55592871e+04 3.32682178e+03 1.92360645e+03 4.51447144e+01
 2.83251621e+04 4.40076953e+03 5.58300391e+03 8.49499390e+02
 1.28336758e+04 6.28273153e+00 1.20618945e+04 2.82031592e+03
 1.96135400e+03 2.70268213e+03 4.41992334e+03 5.19731102e+01
 2.10043530e+03 2.79011211e+04 1.15119839e+01 2.85070459e+03
 3.08595093e+02 5.69346562e+04 6.64128265e+01 2.34486499e+03
 6.43512939e+02 1.80832031e+03 3.03539014e+03 4.83457227e+03
 9.09211044e+01 1.23603809e+03 3.11649097e+03 4.47962875e+01
 5.06810486e+02 2.37842007e+01 2.45899780e+03 1.48585632e+02
 1.44347021e+04 5.25395317e+01 5.72086792e+01 6.24679871e+02
 5.70083435e+02 1.04930713e+04 4.04739304e+01 7.59045553e+00
 5.18164482e+01 4.81374626e+01 1.34764873e+04 5.08488574e+03
 2.46099390e+03 1.10026348e+04 2.78302246e+03 1.10652747e+03
 7.38919922e+03 1.64747383e+04 8.05569275e+02 1.71714587e+03
 7.81784131e+03 1.77649951e+03 8.38079297e+03 5.80791113e+03
 1.85701807e+03 2.34955786e+03 2.71013647e+03 1.44678857e+03
 1.02366455e+03 7.38140039e+03 4.67361259e+01 2.20585938e+03
 1.20386875e+04 1.38428027e+04 1.80971250e+04 2.30426709e+03
 1.60403732e+02 1.76543555e+03 1.98629883e+02 1.92841992e+04
 3.96630762e+03 7.25703491e+02 1.00006006e+04 5.08623047e+03
 2.97245039e+04 8.00127539e+03 8.59490918e+03 3.78281909e+03]",20.680901527404785,1674.0
GSymplecticNNgHMC,0.325,gaussian,0.04802137,"[0.9311568  0.945754   0.91221654 0.8892135  0.92821306 0.93522644
 0.94038475 0.93105304 0.9360654  0.9199166  0.92155254 0.9282578
 0.9399299  0.8766532  0.9480521  0.945467   0.9310689  0.9516629
 0.9434537  0.94130516 0.93699473 0.91496056 0.89502513 0.9027796
 0.9066391  0.9510174  0.9460225  0.9262036  0.94193333 0.90153253
 0.9379138  0.9305948  0.9569587  0.9359331  0.89637226 0.95236456
 0.9186977  0.8917804  0.93074036 0.9263487  0.9246453  0.94924486
 0.93152523 0.9491266  0.9461107  0.95622605 0.9160681  0.93807495
 0.9404397  0.9417919  0.9171969  0.9372443  0.9503381  0.9303911
 0.95736855 0.95508814 0.9547086  0.9235853  0.94886947 0.95785207
 0.93766034 0.9217851  0.9503703  0.9510217  0.9172694  0.94067013
 0.9397911  0.9389793  0.9458852  0.8948846  0.94830245 0.945399
 0.905517   0.8897132  0.946618   0.9437866  0.9318752  0.9283174
 0.9231121  0.9183314  0.9306151  0.9266793  0.930319   0.9565538
 0.95457953 0.93674374 0.93121433 0.9235933  0.93770355 0.9307635
 0.8856327  0.9448823  0.95335186 0.948398   0.9500998  0.94203126
 0.91832936 0.93016475 0.95426464 0.9551999 ]",6.978355646133423,193.5467710590212
GradSymplecticNNgHMC,0.325,gaussian,1.5578048e+11,"[3.37027227e+04 1.32092342e+01 2.89684648e+04 4.47169531e+03
 9.04821968e+00 3.14258789e+03 7.25656700e+00 3.79192924e+01
 3.59895430e+04 6.75070703e+03 8.31871875e+03 3.88716211e+03
 2.18931699e+04 2.39834326e+03 2.63540273e+04 1.15543203e+04
 2.55592871e+04 3.32682178e+03 1.92360645e+03 4.51447144e+01
 2.83251621e+04 4.40076953e+03 5.58300391e+03 8.49499390e+02
 1.28336758e+04 6.28273153e+00 1.20618945e+04 2.82031592e+03
 1.96135400e+03 2.70268213e+03 4.41992334e+03 5.19731102e+01
 2.10043530e+03 2.79011211e+04 1.15119839e+01 2.85070459e+03
 3.08595093e+02 5.69346562e+04 6.64128265e+01 2.34486499e+03
 6.43512939e+02 1.80832031e+03 3.03539014e+03 4.83457227e+03
 9.09211044e+01 1.23603809e+03 3.11649097e+03 4.47962875e+01
 5.06810486e+02 2.37842007e+01 2.45899780e+03 1.48585632e+02
 1.44347021e+04 5.25395317e+01 5.72086792e+01 6.24679871e+02
 5.70083435e+02 1.04930713e+04 4.04739304e+01 7.59045553e+00
 5.18164482e+01 4.81374626e+01 1.34764873e+04 5.08488574e+03
 2.46099390e+03 1.10026348e+04 2.78302246e+03 1.10652747e+03
 7.38919922e+03 1.64747383e+04 8.05569275e+02 1.71714587e+03
 7.81784131e+03 1.77649951e+03 8.38079297e+03 5.80791113e+03
 1.85701807e+03 2.34955786e+03 2.71013647e+03 1.44678857e+03
 1.02366455e+03 7.38140039e+03 4.67361259e+01 2.20585938e+03
 1.20386875e+04 1.38428027e+04 1.80971250e+04 2.30426709e+03
 1.60403732e+02 1.76543555e+03 1.98629883e+02 1.92841992e+04
 3.96630762e+03 7.25703491e+02 1.00006006e+04 5.08623047e+03
 2.97245039e+04 8.00127539e+03 8.59490918e+03 3.78281909e+03]",31.454736709594727,1674.0
GradGSymplecticNNgHMC,0.325,gaussian,0.043207817,"[0.9247632  0.9527663  0.9225607  0.9285767  0.9279022  0.94761896
 0.9409358  0.9350588  0.9346336  0.9442615  0.93885684 0.9273181
 0.9429778  0.92275524 0.9470525  0.9479212  0.9375884  0.9524738
 0.9337759  0.9364548  0.93734133 0.92328775 0.9013094  0.929871
 0.9031092  0.9509883  0.9452195  0.9464474  0.9432108  0.9198958
 0.941307   0.93530416 0.95541257 0.93840635 0.90775573 0.9536536
 0.9341793  0.90886277 0.9220927  0.94724166 0.93510807 0.94938564
 0.9399182  0.9452614  0.9470848  0.9562642  0.9210987  0.9474541
 0.9405862  0.9409876  0.91371745 0.92984045 0.94632834 0.9317391
 0.95737684 0.95358896 0.9535184  0.93600917 0.9482743  0.95769584
 0.9483068  0.9426684  0.9494524  0.9525561  0.9189765  0.9358429
 0.9338896  0.9388215  0.9448404  0.93060577 0.9477359  0.94473445
 0.9341812  0.9171998  0.94529647 0.9466336  0.9321076  0.94768286
 0.92149246 0.91841936 0.93768406 0.93770665 0.9305743  0.9546704
 0.9552416  0.9347789  0.9344837  0.9290177  0.9457339  0.93868625
 0.92094296 0.94995165 0.95664155 0.9467589  0.95068    0.937672
 0.9137384  0.9421546  0.95322746 0.9562768 ]",7.263478994369507,1.9811301078621018
HMC,0.325,high_dimensional_gaussian,1.5856961e-15,"[0.9424369  0.9455217  0.9345267  0.9418707  0.9470227  0.94220227
 0.9297615  0.93546504 0.9279071  0.9268664  0.9432955  0.93751013
 0.94593656 0.93102187 0.9269854  0.9345414  0.9335198  0.9385556
 0.9359357  0.94407123 0.9329634  0.941164   0.94316405 0.9385984
 0.93121284 0.9357168  0.92379177 0.9265485  0.9402647  0.92959213
 0.93794036 0.9308929  0.9251493  0.93297863 0.9290346  0.94005436
 0.9466561  0.94163436 0.93624467 0.92568195 0.93496054 0.9270848
 0.9419389  0.93325925 0.9277773  0.9336462  0.930017   0.94961375
 0.9352869  0.93507355 0.9406166  0.936711   0.93621385 0.94339025
 0.94406676 0.9218583  0.9339447  0.9317381  0.9389102  0.9344139
 0.94053173 0.9449589  0.93333185 0.94203174 0.93005836 0.93840027
 0.93987244 0.9355681  0.9358949  0.94139767 0.93064135 0.9388775
 0.9428646  0.9371933  0.93692183 0.9356445  0.9419974  0.9449496
 0.94531155 0.9446685  0.94511735 0.9387026  0.94626254 0.9402527
 0.9423456  0.93948287 0.9409636  0.93458694 0.9326434  0.9385761
 0.9380783  0.93847483 0.9411637  0.9316504  0.92770004 0.94613004
 0.9373476  0.939079   0.9300262  0.9373441 ]",47.82266163825989,303.64125925194963
SymplecticNNgHMC,0.325,high_dimensional_gaussian,0.020547256,"[0.94216937 0.9456568  0.9334202  0.9418673  0.9459604  0.94220084
 0.9299215  0.93423545 0.9273124  0.9257021  0.9436452  0.93653935
 0.94567454 0.9301609  0.926161   0.9344051  0.9340076  0.9379568
 0.9356518  0.9439324  0.9330908  0.941292   0.94358385 0.9379079
 0.93088263 0.9354248  0.92348564 0.92812866 0.93993425 0.9305551
 0.93835044 0.93079984 0.9258536  0.93255347 0.9300194  0.93995714
 0.94608593 0.9411489  0.9363381  0.92357695 0.9346423  0.9251827
 0.94190043 0.9324805  0.925195   0.93424696 0.92943144 0.949933
 0.93532467 0.93415487 0.94124126 0.9368207  0.93620455 0.9430532
 0.9429654  0.92149705 0.93431664 0.93264997 0.9382967  0.9350197
 0.9398214  0.945444   0.9343421  0.9425089  0.9297819  0.9387738
 0.93992394 0.9342994  0.93613756 0.9401769  0.9313402  0.938444
 0.94264424 0.9370165  0.9369682  0.9360377  0.9403247  0.9448949
 0.9452704  0.94493854 0.9451856  0.9388279  0.94573677 0.93948793
 0.94348305 0.9396714  0.94051003 0.9361628  0.9320092  0.9387781
 0.9388272  0.93912905 0.9416646  0.9315405  0.9277643  0.9462346
 0.93697184 0.93939227 0.929568   0.93810976]",81.87330532073975,17.809530443196326
GSymplecticNNgHMC,0.325,high_dimensional_gaussian,0.0042349403,"[0.9428665  0.94572324 0.9347391  0.94206953 0.9470582  0.9422714
 0.9299897  0.9355485  0.92813575 0.9272902  0.94333    0.937819
 0.9459436  0.93130016 0.9274246  0.9346409  0.9339525  0.9386322
 0.93637764 0.94416726 0.93330336 0.9413744  0.94346    0.93892235
 0.9317293  0.9360873  0.924009   0.926649   0.9404442  0.92983854
 0.9380536  0.9312207  0.9256252  0.933218   0.92955637 0.9403519
 0.94691104 0.9418947  0.93651557 0.9258312  0.93542576 0.92732143
 0.94214046 0.9334895  0.928033   0.93384457 0.93029547 0.9496948
 0.93548274 0.9348814  0.94074523 0.9368565  0.93641424 0.9434494
 0.9442352  0.92245835 0.934236   0.9319086  0.9389976  0.9346441
 0.9407856  0.9450859  0.9337152  0.94220847 0.9302761  0.9384467
 0.94003475 0.93583286 0.9362488  0.941549   0.93104786 0.93898743
 0.9428859  0.93748844 0.93705475 0.93573725 0.94189405 0.94519585
 0.9454731  0.9448461  0.9452736  0.93875575 0.9463053  0.9403628
 0.9425094  0.9396925  0.9411656  0.93468714 0.93275476 0.9386929
 0.9381306  0.93857706 0.94137406 0.93171686 0.92789555 0.9462565
 0.93750346 0.93933105 0.9301793  0.9376704 ]",26.117111444473267,100.35694757552581
GradSymplecticNNgHMC,0.325,high_dimensional_gaussian,0.014435656,"[0.9424156  0.9453966  0.9341563  0.9421088  0.94690526 0.94217414
 0.92955226 0.93530226 0.9279363  0.92699593 0.9432503  0.9375005
 0.94611394 0.9309615  0.9272703  0.9343152  0.93375176 0.9384661
 0.9362089  0.9440006  0.9330958  0.94127464 0.9429854  0.93844163
 0.93145245 0.9354609  0.92417765 0.92715156 0.9400563  0.9297204
 0.93773675 0.9308736  0.9249579  0.93241113 0.92949474 0.9401498
 0.9464841  0.94158494 0.9360695  0.92495215 0.9348194  0.9267354
 0.94200677 0.93339396 0.92710865 0.9327974  0.9297657  0.9495737
 0.9354248  0.9345913  0.9405265  0.93638027 0.936341   0.9433117
 0.9439477  0.9218062  0.9339399  0.931527   0.93877494 0.9346368
 0.9408158  0.94514    0.93312085 0.94214106 0.9292984  0.9381002
 0.93966216 0.9358021  0.936289   0.94108075 0.9307208  0.9389984
 0.9428382  0.9370599  0.9368452  0.93593234 0.9416785  0.94502306
 0.94509834 0.9446832  0.9451021  0.9388067  0.9461106  0.9404645
 0.94252455 0.93956935 0.94082344 0.93449724 0.9324615  0.93894434
 0.93824357 0.9386902  0.94088954 0.931571   0.92724276 0.9460599
 0.93731487 0.93842    0.9296671  0.9371991 ]",172.3136978149414,7.878837153512708
GradGSymplecticNNgHMC,0.325,high_dimensional_gaussian,0.0023216086,"[0.9425609  0.9457421  0.9348693  0.9421508  0.94723666 0.9425154
 0.9303303  0.93589354 0.92843485 0.92752856 0.9434881  0.9378513
 0.94610184 0.93148375 0.92750883 0.93499124 0.93402857 0.9388611
 0.9363162  0.94427794 0.9334688  0.9414863  0.94349265 0.9389596
 0.931816   0.93608874 0.92449224 0.927211   0.9405656  0.9301739
 0.93834364 0.9314093  0.92578906 0.93341434 0.9294915  0.94043064
 0.9468007  0.9419891  0.9367718  0.9263787  0.93540907 0.92768586
 0.9422436  0.93374765 0.9283018  0.9341277  0.9305341  0.9497101
 0.93569314 0.9355086  0.9410221  0.9371095  0.93672943 0.9436817
 0.9443358  0.92251635 0.934369   0.9321925  0.93922895 0.9348868
 0.9409127  0.9452049  0.93378675 0.9423237  0.9306623  0.93879616
 0.9401953  0.9360136  0.93629634 0.94169176 0.9311978  0.9392694
 0.94303226 0.9376368  0.93728226 0.9360303  0.94219434 0.94518083
 0.9455704  0.9448924  0.94535065 0.93909836 0.94648504 0.94058216
 0.9426532  0.93987596 0.94129723 0.9349279  0.93309873 0.9389638
 0.93844646 0.9388299  0.9414322  0.9321014  0.9282198  0.9463984
 0.93768644 0.9394263  0.9305785  0.93781424]",50.23734211921692,98.79925962128932
HMC,0.325,normal_normal,1.0534282e-15,"[0.9289756  0.9495901  0.9488168  0.94132745 0.9250168  0.9518217
 0.90757775 0.94301987 0.954066   0.9237075  0.93585867 0.9352573
 0.9434456  0.8996636  0.9329779  0.92256486 0.94386554 0.8916278
 0.9391856  0.9428824  0.9450206  0.949732   0.9333066  0.9261252
 0.9003649  0.95283765 0.9405627  0.9515161  0.9217924  0.95160806
 0.9399992  0.9233532  0.9281744  0.95291996 0.92842996 0.92986584
 0.94233006 0.9495714  0.9350073  0.93820226 0.9488687  0.8816554
 0.8995447  0.8937499  0.94872737 0.9471319  0.9243276  0.9497032
 0.9368533  0.9167603  0.9138863  0.9326062  0.94075763 0.9489187
 0.93021    0.93808    0.9380681  0.93808126 0.93416184 0.9452481
 0.95202255 0.9447789  0.94552535 0.9475788  0.9445318  0.9505477
 0.9329361  0.93990266 0.94600093 0.9480003  0.9505514  0.9397024
 0.94528306 0.9400897  0.9344665  0.93699884 0.9437215  0.9508004
 0.9495617  0.9317446  0.9302529  0.9260788  0.94968224 0.9514815
 0.95072955 0.92416334 0.9508003  0.94915044 0.928935   0.95028913
 0.9491631  0.93648505 0.93957996 0.95164555 0.94896287 0.9420457
 0.947227   0.94882363 0.9501604  0.93933487]",75.6104211807251,408.63140323767874
SymplecticNNgHMC,0.325,normal_normal,0.007198696,"[0.9262066  0.94931686 0.9469584  0.93854374 0.9213903  0.9509258
 0.9076009  0.9410757  0.9540841  0.9237938  0.9265601  0.93256545
 0.94252723 0.9039647  0.9334545  0.92030853 0.9422827  0.8452884
 0.933969   0.94154876 0.94433844 0.9496355  0.91970515 0.9271457
 0.89921665 0.95235485 0.9418987  0.95070124 0.9167651  0.9518866
 0.9392697  0.9008429  0.929224   0.95293367 0.92485875 0.93112695
 0.940768   0.9494507  0.9348828  0.9389097  0.94916666 0.8848791
 0.899511   0.8922002  0.9470064  0.94730777 0.9239863  0.94957256
 0.9379777  0.9145287  0.9155736  0.9289322  0.93818986 0.948713
 0.9311854  0.93642825 0.9379647  0.9383888  0.93598217 0.9447929
 0.95199156 0.945119   0.94615126 0.9467068  0.94463223 0.95008314
 0.9335623  0.93961924 0.94461143 0.94653344 0.9494991  0.9342023
 0.94548213 0.93901205 0.9227902  0.93896765 0.9409053  0.95045745
 0.9476948  0.9133031  0.93158835 0.9275283  0.94916505 0.95190334
 0.9498381  0.9233734  0.9494575  0.9485841  0.919985   0.9504592
 0.94757414 0.9317805  0.9409373  0.95121163 0.9465734  0.9417596
 0.948147   0.9476199  0.94867575 0.93315923]",83.64779710769653,241.98042041508393
GSymplecticNNgHMC,0.325,normal_normal,0.004330132,"[0.9322401  0.9508764  0.9489352  0.9423803  0.9310503  0.9518501
 0.9060031  0.9450981  0.95417404 0.92445916 0.936231   0.93661416
 0.9440588  0.9043927  0.93302363 0.9237501  0.9437043  0.89495367
 0.9386829  0.94472617 0.9452884  0.9492519  0.9332044  0.9277374
 0.9006278  0.9529535  0.94051313 0.9521693  0.92293966 0.9513897
 0.9406602  0.92409766 0.92846555 0.9529104  0.9299518  0.9294578
 0.9444454  0.9498534  0.93408674 0.9389908  0.95033085 0.8820677
 0.8999394  0.8971901  0.9487733  0.94648826 0.9246911  0.95026195
 0.9364554  0.9174479  0.91729236 0.933048   0.94122475 0.94864357
 0.93135357 0.93843293 0.9400794  0.93690205 0.93476045 0.94479024
 0.95211357 0.94403046 0.94544595 0.9475267  0.9442653  0.9509039
 0.93260145 0.9396865  0.946313   0.94809926 0.95049876 0.94067013
 0.94493806 0.9404563  0.93395394 0.9367753  0.945254   0.9509315
 0.94953316 0.9336499  0.93032825 0.9259493  0.94981235 0.95144165
 0.951342   0.9255047  0.9511455  0.9488232  0.9273216  0.9501436
 0.94938934 0.9397836  0.9408357  0.9515187  0.94973004 0.9415445
 0.94711244 0.94929236 0.9509349  0.94054985]",29.200636386871338,505.8539352307271
GradSymplecticNNgHMC,0.325,normal_normal,0.0381822,"[0.9273604  0.9495846  0.9473282  0.94002867 0.9249727  0.9510991
 0.90891504 0.9413365  0.95397377 0.92617035 0.931205   0.93612546
 0.94246686 0.8987421  0.93545413 0.921986   0.94325244 0.8434436
 0.93598163 0.94177955 0.9439363  0.9491741  0.92907083 0.9270772
 0.9035885  0.9525645  0.9416651  0.95092237 0.92154443 0.9518391
 0.94066185 0.911514   0.93055093 0.95291567 0.926571   0.93059635
 0.9400519  0.9492163  0.9344462  0.94004905 0.94938886 0.8812403
 0.8969757  0.8980364  0.94756526 0.946815   0.92580765 0.9500092
 0.9371854  0.9206443  0.9194972  0.93525076 0.94059    0.94811094
 0.92883176 0.9374051  0.9381274  0.9365966  0.93683815 0.94430226
 0.9516187  0.9446521  0.9468483  0.94879675 0.94505256 0.9502287
 0.9323651  0.93969864 0.94609135 0.9484614  0.949818   0.937212
 0.9466928  0.93915546 0.9295963  0.9379902  0.9421091  0.950869
 0.94840467 0.9297103  0.93305886 0.9278635  0.9498534  0.95165414
 0.95047635 0.92413366 0.95005465 0.9484643  0.91924113 0.95042056
 0.9488186  0.93326604 0.94153225 0.9513251  0.94707364 0.94125545
 0.948351   0.94827026 0.9493541  0.93585366]",123.74753022193909,27.00326601242682
GradGSymplecticNNgHMC,0.325,normal_normal,0.005215916,"[0.9294449  0.94998455 0.94948006 0.9408743  0.92706203 0.95190305
 0.9085743  0.9425754  0.95406336 0.9232968  0.93777484 0.93568325
 0.94352764 0.90186465 0.93350494 0.9229715  0.944431   0.90748966
 0.94061387 0.9429753  0.94527054 0.9500021  0.9341556  0.927366
 0.89991134 0.9528181  0.94118994 0.9513235  0.9231972  0.95161027
 0.9405338  0.92717206 0.92897975 0.9529814  0.9289826  0.92967385
 0.9424564  0.949276   0.9359204  0.9382558  0.9483886  0.88351774
 0.9017143  0.8965828  0.9484663  0.9472663  0.92413557 0.9492053
 0.9370104  0.9174139  0.9148159  0.9325063  0.9415779  0.94918
 0.9310713  0.93834466 0.9387209  0.9385328  0.93254745 0.9456135
 0.9518875  0.9447119  0.94576657 0.94756496 0.944828   0.9507084
 0.9334769  0.94016737 0.9461794  0.9480406  0.9504179  0.940876
 0.9454395  0.94036376 0.93573946 0.93659586 0.9432334  0.9509554
 0.9499282  0.9320857  0.9312288  0.9263417  0.9498888  0.95152014
 0.9508891  0.92436266 0.9506569  0.94935167 0.9317626  0.9503466
 0.94938517 0.9384879  0.9393772  0.9514142  0.94907427 0.9424552
 0.9471849  0.9492645  0.95007485 0.9391162 ]",33.974822759628296,423.52219673368137
HMC,0.55,banana,1.8260948e-14,"[0.9218824  0.9885332  0.68104994 0.89091265 0.9147811  0.9333307
 0.8745748  0.7493285  0.98297095 0.9173891  0.95895755 0.9443184
 0.9765382  0.8302562  0.983124   0.8940634  0.97620887 0.92896354
 0.97462785 0.95498157 0.9529351  0.9900824  0.8523395  0.9751998
 0.965991   0.9585013  0.9492712  0.93052214 0.98462    0.9389318
 0.95183134 0.97341084 0.9374792  0.98535794 0.798438   0.977461
 0.9079323  0.93761367 0.97785854 0.96667016 0.968579   0.9606721
 0.9243285  0.700639   0.8268053  0.94553614 0.9108297  0.9224593
 0.9440651  0.96847767 0.8449547  0.9467772  0.8874903  0.9617642
 0.94280905 0.89095277 0.89655423 0.89194477 0.94817436 0.98571295
 0.95332855 0.9714166  0.95957726 0.9521226  0.92935836 0.96868026
 0.92953694 0.81906164 0.9384271  0.8959829  0.7579844  0.92241716
 0.97050655 0.9709136  0.98442525 0.90306854 0.9590434  0.96400344
 0.91756266 0.87772024 0.93767804 0.9393179  0.9757596  0.95039654
 0.948549   0.9595407  0.9247429  0.96760094 0.98145294 0.98766077
 0.959171   0.9039717  0.9422641  0.987151   0.95690846 0.8822311
 0.9187074  0.9633841  0.92800796 0.9015765 ]",20.433866500854492,1.4899863914922595
SymplecticNNgHMC,0.55,banana,1.745645,"[0.5831997  0.70158976 0.521223   0.8427247  0.6656405  0.22059518
 0.87113035 0.08752155 0.9077343  0.71410537 0.53827155 0.8084981
 0.418976   0.7224045  0.6376721  0.6003804  0.20446484 0.05547975
 0.9196249  0.3688678  0.7590091  0.97428936 0.60507166 0.8461854
 0.7430808  0.5819154  0.80749226 0.7946472  0.73790157 0.8409748
 0.46509528 0.6169547  0.7516605  0.74620026 0.46358287 0.87090766
 0.84981346 0.6125216  0.6937915  0.63704395 0.25266597 0.7799705
 0.5901938  0.7960579  0.7836787  0.59187114 0.827556   0.5734288
 0.08356971 0.38844877 0.78287905 0.54071295 0.8804733  0.4556104
 0.23198448 0.89087456 0.23191313 0.92610395 0.81068265 0.6957083
 0.47619504 0.61161375 0.5528316  0.40005296 0.43666244 0.94533175
 0.80370307 0.88265675 0.93370646 0.09888321 0.8758838  0.5224346
 0.22756664 0.6790359  0.71004885 0.34958965 0.6677009  0.8442426
 0.87112826 0.69579524 0.8522171  0.39483303 0.05075128 0.08780696
 0.72907305 0.7888648  0.7439827  0.63296354 0.06798506 0.5962968
 0.7396916  0.32321817 0.29524407 0.9101623  0.5698787  0.44103456
 0.5029117  0.6912694  0.44478595 0.46230134]",100.32070398330688,7.773529814183448
GSymplecticNNgHMC,0.55,banana,0.008805881,"[0.9204173  0.9086497  0.42734933 0.69661635 0.7684104  0.54348564
 0.6831455  0.60678977 0.98260427 0.95420474 0.94941795 0.9097614
 0.6887535  0.40800068 0.77159184 0.7788743  0.07662685 0.10959338
 0.9803368  0.38923347 0.9102453  0.98109144 0.17685735 0.90696657
 0.8003253  0.76738596 0.92803264 0.9060445  0.9487268  0.90649956
 0.31438556 0.68798083 0.949742   0.8783783  0.7835306  0.94074506
 0.8256141  0.43417248 0.8373755  0.95765257 0.72392577 0.8471481
 0.8998718  0.8380739  0.32204065 0.33834714 0.9435017  0.9710902
 0.15709169 0.316716   0.6205387  0.4699366  0.909273   0.601007
 0.35040998 0.7035128  0.03977527 0.944184   0.88589615 0.9740376
 0.1990374  0.94101566 0.9201201  0.25771844 0.9153142  0.9548153
 0.87875664 0.6825576  0.8395581  1.6424788  0.33811414 0.38829446
 0.5971636  0.9648263  0.78520507 0.35618275 0.9691267  0.96964633
 0.8698143  0.6113607  0.9245304  0.575093   0.4872366  0.1320381
 0.89371026 0.9493704  0.91807115 0.9670328  0.21364987 0.90705156
 0.63030475 0.42450237 0.23097758 0.9867856  0.97929704 0.8428812
 0.9107987  0.7782218  0.9231915  0.9042386 ]",12.52088475227356,12.673098369986326
GradSymplecticNNgHMC,0.55,banana,10.078924,"[0.1772481  0.01536581 0.05450422 0.8405592  0.12307908 0.8334061
 0.9382142  0.45935354 0.8828079  0.5472528  0.93142855 0.7882206
 0.25978142 0.13117653 0.39432478 0.6757268  0.20774132 0.8169764
 3.5344043  0.15913795 0.3389424  1.3050419  0.7159461  0.20339179
 1.1857421  0.36961362 0.7662627  0.8732977  0.21730092 0.76020193
 0.25175762 0.43768495 0.6252737  0.06121678 0.8844594  2.322661
 0.8670568  0.86665475 0.08577459 0.4863506  0.9103147  0.10946193
 0.51595604 3.8537164  0.03984397 1.1391885  0.61136246 0.44404253
 0.4629094  0.25630313 0.49358425 0.9561908  0.48708826 0.8586689
 0.8071059  0.88024473 1.4342041  4.5506334  0.02030903 0.23260736
 1.0788118  0.2792077  0.01245783 1.035814   0.20044029 3.2115047
 3.715415   0.7644739  0.743093   0.4633015  0.8994228  0.73066664
 0.698415   0.18922612 0.36027855 0.6523595  0.58067244 3.7161827
 0.7401812  0.21937904 0.6657802  0.75178164 0.8793701  0.35998243
 0.48622513 0.3002912  0.7638736  0.18301682 0.41233355 0.23167638
 0.61036676 0.9908103  0.84315526 3.4694228  0.5349627  0.17578751
 0.0352846  0.08599394 0.15065776 0.98357797]",177.62580466270447,8.704165603947096
GradGSymplecticNNgHMC,0.55,banana,0.004814779,"[0.933195   0.93569183 0.66558987 0.56196046 0.821594   0.7930033
 0.4617556  0.709233   0.98378944 0.8915641  0.93876886 0.80307215
 0.78715056 0.35200667 0.7869048  0.49610814 0.2562742  0.39259553
 0.97546244 0.5048737  0.9384014  0.9801476  0.08019264 0.90412664
 0.654538   0.77958745 0.84819674 0.8138851  0.97116137 0.831746
 0.4416082  0.7188632  0.87659025 0.9031509  0.553784   0.8987777
 0.6633862  0.40161198 0.88173956 0.9702911  0.88710594 0.86765385
 0.75422573 0.84131    0.21732107 0.3088526  0.8906517  0.95073795
 0.27433544 0.45359358 0.6134894  0.45521125 0.89898765 0.7646127
 0.23363183 0.5515937  0.06376966 0.94718254 0.8972044  0.98845303
 0.22285055 0.97129965 0.94803715 0.27808514 0.8592634  0.950644
 0.8810662  0.62414795 0.781964   1.3110398  0.08749688 0.07400856
 0.83394384 0.9767947  0.7947375  0.03012109 0.9601246  0.9541153
 0.80230904 0.56818414 0.88066214 0.6051985  0.74965274 0.2594558
 0.9321073  0.95791376 0.91237134 0.9825288  0.6129363  0.9515268
 0.6093041  0.4496661  0.28335878 0.9881465  0.97671854 0.8723358
 0.8481649  0.7701235  0.9573638  0.7486326 ]",14.191639184951782,12.172609003873912
HMC,0.55,gaussian,7.339777e-15,"[0.89919496 0.9479865  0.9165447  0.8797363  0.9520232  0.9400147
 0.9393991  0.9424757  0.9440955  0.9204844  0.94322014 0.92594194
 0.95075643 0.92933387 0.93727195 0.9369186  0.9383571  0.9217982
 0.9492752  0.95578325 0.94300234 0.9201077  0.9518263  0.9285978
 0.93598986 0.9339423  0.9342984  0.9409069  0.9133816  0.9257986
 0.9412718  0.95118064 0.9604125  0.9106588  0.9076497  0.95501614
 0.92561924 0.9404191  0.9336631  0.93536794 0.93982935 0.9315752
 0.94970626 0.9535278  0.9581716  0.9579651  0.9500487  0.9424183
 0.92696774 0.93913484 0.9157034  0.93982667 0.95082587 0.9112875
 0.9255805  0.95822847 0.950029   0.943463   0.9549064  0.95416707
 0.92973316 0.9149703  0.93446004 0.95191157 0.9523729  0.92872924
 0.88721144 0.9541823  0.9452755  0.9273519  0.9515128  0.9498018
 0.93209857 0.93938917 0.95363545 0.94017524 0.9476012  0.94537485
 0.9244857  0.9238522  0.91189337 0.91989696 0.9369731  0.95049417
 0.9426743  0.9360387  0.91648114 0.9489195  0.9380652  0.9212953
 0.9348612  0.91755426 0.9467155  0.94542456 0.9425847  0.93884313
 0.9479135  0.95439357 0.9483309  0.9462552 ]",18.32711386680603,1963.2494166319627
SymplecticNNgHMC,0.55,gaussian,1.4240045e+10,"[  55.15838    288.686     1040.6561    1443.2314     154.76326
  458.16016     44.6258      30.14458    708.47504   1639.6542
  283.86362     73.090515   156.29648    766.3218    1370.5951
 1340.742      158.2463      57.06063    124.83917    152.41342
  260.1631      77.76842     65.07299    138.55847    238.71208
  131.41449    457.62582    347.3034    1902.501      688.04626
  125.48407    116.82823    349.04742    880.86914     65.62721
  611.98114     91.675446   229.76794    157.50856    427.9486
  280.6678    1149.9965      93.42696    221.59317    204.28416
  425.0206     154.05693    212.31096     11.426718   689.63086
   11.193209   385.14978    291.9297     113.95931     44.332195
  286.8314     302.8534     705.8674     119.88495    574.1213
 1042.0107     231.31967    232.54216    229.6887     354.26288
   95.22478    952.5897      65.34356     97.224236   876.99725
  243.72238    312.73627    264.74188      9.7333765  266.97308
  375.2702     267.95514    536.8507      25.28003     20.097782
  338.10016      5.7740088 1034.5447     223.47198    328.53668
  228.70541    522.0423     461.8457     400.75204    644.53577
  568.70087   1947.1309     416.1023     184.34265   1205.718
  941.38226    475.82953    498.24374    710.3766     132.15533  ]",19.85646963119507,1450.0
GSymplecticNNgHMC,0.55,gaussian,0.03740228,"[0.9060544  0.95214766 0.9078454  0.8363055  0.9468579  0.92011535
 0.924654   0.9400076  0.94565296 0.9013504  0.9326689  0.92852795
 0.95018023 0.91264224 0.9381174  0.9376558  0.9273318  0.9287267
 0.9447956  0.95570695 0.94368905 0.9219067  0.9525107  0.9280753
 0.92141986 0.92670363 0.9323019  0.9382237  0.90971315 0.9137273
 0.93605196 0.95372856 0.9604615  0.9021861  0.9019779  0.95367575
 0.9172627  0.9363711  0.937523   0.93772125 0.9307188  0.91884506
 0.9519564  0.95227545 0.9581046  0.9586784  0.9453632  0.9373659
 0.9298677  0.9290766  0.91880786 0.9434838  0.9464139  0.8776146
 0.9262511  0.958073   0.9532317  0.93911856 0.95091915 0.9542011
 0.93413925 0.88698786 0.9385748  0.9556748  0.95252943 0.92331004
 0.874907   0.95316166 0.94576824 0.902812   0.9501483  0.9521977
 0.917678   0.9350902  0.95348066 0.94091976 0.9480525  0.9380259
 0.9295105  0.9302207  0.9171488  0.89697254 0.939423   0.9496
 0.94686437 0.9210384  0.9103366  0.95161694 0.9401013  0.92965174
 0.9138769  0.91364145 0.95088047 0.94636935 0.9428093  0.94516724
 0.94719505 0.94909376 0.9463991  0.9517042 ]",8.420425415039062,251.10868622345188
GradSymplecticNNgHMC,0.55,gaussian,1.4240045e+10,"[  55.15838    288.686     1040.6561    1443.2314     154.76326
  458.16016     44.6258      30.14458    708.47504   1639.6542
  283.86362     73.090515   156.29648    766.3218    1370.5951
 1340.742      158.2463      57.06063    124.83917    152.41342
  260.1631      77.76842     65.07299    138.55847    238.71208
  131.41449    457.62582    347.3034    1902.501      688.04626
  125.48407    116.82823    349.04742    880.86914     65.62721
  611.98114     91.675446   229.76794    157.50856    427.9486
  280.6678    1149.9965      93.42696    221.59317    204.28416
  425.0206     154.05693    212.31096     11.426718   689.63086
   11.193209   385.14978    291.9297     113.95931     44.332195
  286.8314     302.8534     705.8674     119.88495    574.1213
 1042.0107     231.31967    232.54216    229.6887     354.26288
   95.22478    952.5897      65.34356     97.224236   876.99725
  243.72238    312.73627    264.74188      9.7333765  266.97308
  375.2702     267.95514    536.8507      25.28003     20.097782
  338.10016      5.7740088 1034.5447     223.47198    328.53668
  228.70541    522.0423     461.8457     400.75204    644.53577
  568.70087   1947.1309     416.1023     184.34265   1205.718
  941.38226    475.82953    498.24374    710.3766     132.15533  ]",26.1767475605011,1450.0
GradGSymplecticNNgHMC,0.55,gaussian,0.043461043,"[0.90113086 0.9480445  0.9178397  0.88715017 0.95123136 0.9421917
 0.93997943 0.9433584  0.94363374 0.92354107 0.9422011  0.9293434
 0.9524001  0.9329542  0.937421   0.93740624 0.9407393  0.92485446
 0.9484768  0.9550323  0.94460046 0.9198842  0.9527287  0.9312701
 0.93747747 0.9382123  0.9364044  0.94077194 0.9147037  0.9300288
 0.94330966 0.95105374 0.96070445 0.9136981  0.91024256 0.9554993
 0.9299509  0.94237614 0.93637484 0.9375782  0.94408345 0.93332356
 0.95090246 0.95457876 0.95854825 0.9579139  0.9519644  0.9455925
 0.92988026 0.94283223 0.9190738  0.93869513 0.9501998  0.9176738
 0.92855775 0.95859003 0.951185   0.9460098  0.9550211  0.9545022
 0.93311304 0.9178769  0.93673295 0.95216846 0.9516176  0.931075
 0.8934304  0.9545046  0.94640434 0.9337961  0.95178854 0.9500677
 0.9384584  0.93862    0.9543304  0.94227123 0.94925445 0.94735396
 0.92654437 0.92550945 0.9158084  0.92419285 0.9383135  0.9523322
 0.94267416 0.9407398  0.91939116 0.94806325 0.93892086 0.9219971
 0.93450373 0.91906023 0.9472097  0.9475993  0.94306177 0.94142646
 0.9485949  0.95644236 0.9485047  0.9465677 ]",8.826066732406616,9.792296574733786
HMC,0.55,high_dimensional_gaussian,1.5061817e-15,"[0.9269435  0.9395703  0.92946714 0.9372689  0.92944527 0.942546
 0.94132847 0.9470472  0.9328445  0.94286937 0.94123507 0.93323755
 0.9372849  0.9407844  0.94664514 0.94187707 0.941506   0.93603295
 0.9412839  0.9451114  0.9456519  0.9363065  0.95026815 0.93583935
 0.94160354 0.94116133 0.934148   0.92931986 0.91938746 0.92798936
 0.9356863  0.9418838  0.9396562  0.93965    0.9456562  0.9367589
 0.9365748  0.9445542  0.9443412  0.9398073  0.94599503 0.93900955
 0.9416466  0.92968434 0.9313803  0.9415461  0.9347615  0.9330487
 0.93303317 0.9377877  0.9420228  0.9384548  0.9360781  0.939981
 0.9339148  0.93836105 0.93598485 0.93197197 0.929901   0.94271106
 0.93381995 0.9305111  0.9339824  0.93752855 0.9346843  0.9330961
 0.93492216 0.9442694  0.9305142  0.9298786  0.9256503  0.942692
 0.9380592  0.93775386 0.9349774  0.93527925 0.93302107 0.9366311
 0.9376701  0.9358186  0.9263854  0.9415056  0.9371581  0.9407725
 0.9422695  0.9341259  0.9325403  0.93472594 0.9332182  0.93836683
 0.9393729  0.9407685  0.924171   0.9400445  0.9254044  0.93659925
 0.93967485 0.94146824 0.92768115 0.9229678 ]",47.61332368850708,264.28861908260654
SymplecticNNgHMC,0.55,high_dimensional_gaussian,0.012363413,"[0.9266197  0.9390988  0.93010175 0.9367895  0.9293599  0.9428315
 0.9407363  0.9468524  0.93249726 0.94264066 0.94109523 0.9329168
 0.93756473 0.94037914 0.9461023  0.9418373  0.9415411  0.9355
 0.9416113  0.94464725 0.9455395  0.93500745 0.95067215 0.9353849
 0.9417376  0.9416272  0.9341973  0.929125   0.9189498  0.92758334
 0.9354491  0.9419064  0.9398122  0.93940276 0.9454669  0.9358506
 0.9364288  0.94465923 0.94459885 0.9397267  0.9455673  0.9391844
 0.9409689  0.92956054 0.93119377 0.9414973  0.9340087  0.9328922
 0.9332738  0.9372851  0.94196767 0.9381695  0.93588865 0.9394421
 0.9345047  0.93811    0.9364966  0.9318447  0.9298045  0.9429101
 0.93371475 0.9299547  0.93463516 0.9370822  0.9335989  0.93307465
 0.93487686 0.94450414 0.92997855 0.9298099  0.9247756  0.9435856
 0.9381584  0.93768895 0.93356097 0.93496466 0.93234575 0.93672645
 0.93786114 0.9359142  0.9265343  0.9410278  0.9371952  0.9403648
 0.9419745  0.9339628  0.9323001  0.9348477  0.93423957 0.93847317
 0.938924   0.9407474  0.92362213 0.9399532  0.92559755 0.9358703
 0.9392211  0.9417864  0.92778516 0.9244747 ]",103.5510950088501,33.40843185979345
GSymplecticNNgHMC,0.55,high_dimensional_gaussian,0.0033063786,"[0.9272152  0.93989897 0.9298243  0.93761253 0.92997515 0.94256514
 0.9415487  0.94715774 0.93302417 0.94309235 0.9413332  0.9340148
 0.9375143  0.9410023  0.94671077 0.94221103 0.94177526 0.93623734
 0.9415463  0.94522035 0.94576806 0.9365617  0.9503452  0.936378
 0.9419052  0.9414022  0.9346404  0.9295316  0.91998976 0.92823523
 0.935799   0.9420885  0.93992424 0.93977606 0.9457134  0.93700665
 0.9368868  0.9447813  0.94453615 0.9399532  0.94619864 0.9392195
 0.94186103 0.92993987 0.93179    0.94181526 0.93505764 0.933558
 0.9333683  0.93808025 0.94217247 0.9387426  0.9364359  0.940236
 0.9342607  0.9384409  0.9360837  0.93216836 0.9303719  0.94287986
 0.9339045  0.93094677 0.9344144  0.9375898  0.9348044  0.93339825
 0.9352566  0.944431   0.9309453  0.9302025  0.9260289  0.94299936
 0.9383359  0.9379551  0.93527997 0.93564147 0.9330408  0.93688715
 0.9381193  0.9360374  0.9267852  0.94174427 0.9374117  0.9408845
 0.94238615 0.93434465 0.93294275 0.93474615 0.93353385 0.9387765
 0.9395461  0.9410994  0.92476416 0.940505   0.9258752  0.93686426
 0.9402815  0.94179577 0.92831564 0.92355347]",31.726255178451538,95.43217989159312
GradSymplecticNNgHMC,0.55,high_dimensional_gaussian,0.008336795,"[0.9267701  0.9394369  0.92934895 0.9374975  0.9296273  0.9425119
 0.94137496 0.94708604 0.932698   0.94269717 0.9412014  0.9331175
 0.93747187 0.9406521  0.9464793  0.94203174 0.9414531  0.93625903
 0.941075   0.9449212  0.9456513  0.93599385 0.95024526 0.9360075
 0.9414868  0.9412712  0.93390405 0.92958564 0.9195906  0.9276852
 0.9355322  0.94202864 0.9394929  0.9398336  0.9457781  0.9364693
 0.9364163  0.94460166 0.9444711  0.9396135  0.9459123  0.93910545
 0.9415574  0.9299973  0.93134564 0.9414808  0.93485296 0.93344563
 0.9326429  0.9376425  0.94172233 0.9383364  0.9359933  0.9400177
 0.9339832  0.93835586 0.93604434 0.9318569  0.9298806  0.9428445
 0.9333684  0.93034744 0.93419075 0.93760014 0.9343952  0.9329877
 0.93526095 0.9443072  0.930436   0.9296598  0.9256805  0.942544
 0.9379394  0.93800855 0.9349359  0.9356982  0.93322515 0.93647003
 0.93778914 0.935747   0.9261036  0.9414088  0.93697643 0.94066423
 0.94228697 0.93429184 0.93242043 0.934694   0.933354   0.9385967
 0.9394901  0.9406683  0.9242541  0.9401662  0.925605   0.9363568
 0.9398185  0.94125843 0.9272771  0.92243576]",264.1977002620697,84.88649579117113
GradGSymplecticNNgHMC,0.55,high_dimensional_gaussian,0.0023128015,"[0.9273962  0.9398858  0.9299536  0.9376408  0.9301249  0.94282407
 0.9416344  0.9472308  0.9333183  0.94318384 0.9415035  0.9337055
 0.93766785 0.94104314 0.946681   0.94216347 0.94180393 0.9363979
 0.9415209  0.94527674 0.9458398  0.93676084 0.9503976  0.93626726
 0.9418812  0.9413947  0.9346715  0.9298886  0.9201851  0.92861843
 0.9361302  0.94210714 0.93997157 0.9399225  0.9457096  0.9372055
 0.9369693  0.9448265  0.9446787  0.94013447 0.94616383 0.9393403
 0.9419562  0.930223   0.93182373 0.94185656 0.9351775  0.93354964
 0.9335262  0.9382164  0.9423587  0.93882275 0.9365849  0.9403454
 0.9344276  0.93861693 0.93635464 0.93242025 0.93048567 0.9430205
 0.9343629  0.93108886 0.9344486  0.93790984 0.93514395 0.9335992
 0.9354288  0.9444859  0.93108    0.9304573  0.9262087  0.9430048
 0.9383442  0.93813217 0.9354021  0.93565196 0.93340623 0.9370138
 0.9381331  0.93626106 0.92706335 0.9418545  0.93760026 0.9410671
 0.9425812  0.9346439  0.9331071  0.9350451  0.9336343  0.93873966
 0.93974423 0.9410747  0.9248077  0.94037867 0.9260101  0.937082
 0.9399718  0.9417209  0.9282944  0.92376137]",60.30638384819031,84.83274174590717
HMC,0.55,normal_normal,1.9841073e-15,"[0.90244555 0.9292531  0.9237571  0.9353475  0.9381291  0.94597787
 0.9476813  0.9276034  0.9504149  0.94606084 0.9518215  0.9198388
 0.9469948  0.9243597  0.95136803 0.9452593  0.94463587 0.9356288
 0.922959   0.9348998  0.94655055 0.94360626 0.9425477  0.9442574
 0.94571465 0.95190704 0.9498911  0.95105314 0.93184566 0.93844163
 0.9190096  0.9400915  0.93431777 0.9502995  0.9292061  0.93899983
 0.93488705 0.91937035 0.9482216  0.9346551  0.94827837 0.9101403
 0.95028085 0.93217516 0.9160878  0.9270474  0.94846344 0.9284638
 0.9350939  0.9529675  0.9345204  0.9443215  0.9325397  0.95441836
 0.9478833  0.9359884  0.9288101  0.913407   0.94174993 0.95168227
 0.9508864  0.9381652  0.9312271  0.9458353  0.9153942  0.935616
 0.9413819  0.9523925  0.9387107  0.9171211  0.94878596 0.94004095
 0.94191456 0.9353614  0.9326867  0.91982794 0.94395685 0.94831216
 0.9515853  0.93780583 0.9529691  0.9447011  0.9536678  0.9332799
 0.9440079  0.9402555  0.9258475  0.94059485 0.9479434  0.95402586
 0.92493284 0.9223353  0.92275333 0.94852847 0.9349346  0.89521444
 0.9369627  0.9495961  0.94966024 0.92259204]",75.55463194847107,433.06511169906923
SymplecticNNgHMC,0.55,normal_normal,0.00719086,"[0.90542096 0.92850536 0.92305696 0.9358758  0.9414217  0.94511414
 0.9435198  0.8963491  0.9499489  0.9440421  0.9518684  0.92080784
 0.94636333 0.92255616 0.95081484 0.9436643  0.9436311  0.93679804
 0.91836023 0.9340606  0.94643253 0.94266856 0.9434736  0.94313955
 0.9418385  0.95166653 0.94999754 0.950457   0.9317996  0.93560064
 0.9066366  0.9390801  0.9345188  0.94981974 0.92827594 0.9286303
 0.9173266  0.91964763 0.94810617 0.9364108  0.9491212  0.90931964
 0.9500198  0.9334423  0.9181783  0.9185306  0.946974   0.9251277
 0.9342251  0.95374125 0.93427414 0.94548935 0.9316962  0.95409
 0.9470434  0.9368086  0.92864436 0.914731   0.94116944 0.9508685
 0.9501883  0.9301402  0.93062115 0.94520044 0.91558015 0.93447894
 0.94023216 0.95223284 0.9379899  0.91348886 0.94832253 0.93854177
 0.93696094 0.9349467  0.9308814  0.91226906 0.94456327 0.9477324
 0.95130795 0.941035   0.95281684 0.94481725 0.95336145 0.9316548
 0.9443108  0.93963957 0.9266585  0.9370909  0.9472126  0.954105
 0.9209274  0.919168   0.92149484 0.9488246  0.9353541  0.8947937
 0.93744457 0.9487133  0.9494629  0.9099994 ]",83.82399654388428,1.2997390946783605
GSymplecticNNgHMC,0.55,normal_normal,0.0053655687,"[0.906399   0.92809045 0.9236848  0.9378308  0.93888366 0.94543475
 0.94849813 0.9257452  0.9507953  0.94753313 0.95257807 0.92045754
 0.94797075 0.9258501  0.95124215 0.9450611  0.94425887 0.94030637
 0.92317265 0.93811727 0.9469558  0.94293135 0.94286716 0.94558454
 0.9463427  0.9516643  0.94923663 0.9519491  0.932759   0.93868005
 0.92153645 0.9412364  0.9320636  0.9507282  0.93011826 0.9411955
 0.93548554 0.9210345  0.94815934 0.93553936 0.9484482  0.9080194
 0.9501597  0.9334382  0.91567934 0.925591   0.94947565 0.93090266
 0.93574446 0.9532046  0.9373102  0.9459726  0.93158805 0.954306
 0.94869745 0.93679804 0.93144816 0.9152832  0.9408579  0.9518932
 0.95117855 0.94168395 0.9310667  0.94463205 0.9154884  0.93653905
 0.9414131  0.9524393  0.9392134  0.9161283  0.9483185  0.94183683
 0.9428618  0.936352   0.9310721  0.9193775  0.9433214  0.9485423
 0.951364   0.9382825  0.9527277  0.9441683  0.95380324 0.931997
 0.943346   0.94211113 0.92693204 0.94077104 0.94745845 0.95445013
 0.9254379  0.9257018  0.9219717  0.94872105 0.9348418  0.89511627
 0.93701947 0.950287   0.9506949  0.9255592 ]",34.88566589355469,471.22304557234816
GradSymplecticNNgHMC,0.55,normal_normal,0.007815525,"[0.90548295 0.9288234  0.92317057 0.9341688  0.9398924  0.9448831
 0.9476398  0.91036975 0.9504181  0.94707745 0.952639   0.9199335
 0.94595647 0.9242398  0.9509646  0.9445456  0.94410455 0.9371295
 0.91461056 0.93443286 0.9460144  0.9430868  0.94211876 0.9434875
 0.9448194  0.9511436  0.9498292  0.9518661  0.9321146  0.9380535
 0.9151739  0.9358713  0.93408054 0.9499662  0.9296632  0.9359822
 0.9279761  0.9211218  0.9483508  0.9353131  0.94945544 0.9107124
 0.9497377  0.9334973  0.9161103  0.9104208  0.9496269  0.9277746
 0.93484366 0.9535799  0.934317   0.9428452  0.93165463 0.9539635
 0.9470898  0.9360163  0.9296588  0.90698564 0.94010115 0.95167434
 0.9502491  0.93751705 0.9301324  0.94606626 0.91328305 0.93519247
 0.9394616  0.95221233 0.93861336 0.9154111  0.9484557  0.93698883
 0.93939435 0.93411434 0.932186   0.8982762  0.9449467  0.9476091
 0.9509289  0.9363987  0.95274705 0.94418806 0.95358515 0.93254226
 0.94345975 0.939522   0.92666453 0.93908155 0.9475123  0.95446414
 0.91732186 0.92058766 0.9230666  0.94821346 0.9352669  0.8920497
 0.93782973 0.94953096 0.95048636 0.9158844 ]",125.69408202171326,1.9666631609046696
GradGSymplecticNNgHMC,0.55,normal_normal,0.0051859664,"[0.90399945 0.9296426  0.92399776 0.93545055 0.9369194  0.9461651
 0.94785714 0.9296772  0.9506197  0.94539994 0.9516182  0.9198154
 0.9470501  0.9234823  0.95147914 0.9452493  0.94488716 0.9343399
 0.9250168  0.93556327 0.9465291  0.944035   0.94249004 0.94462776
 0.94637    0.951787   0.9499359  0.9509253  0.9320235  0.9398508
 0.92664194 0.94057983 0.93454885 0.9507715  0.9296541  0.9409072
 0.9358901  0.92064226 0.94833076 0.93393767 0.9477851  0.91144836
 0.95038956 0.9303247  0.91721916 0.9280143  0.94801795 0.929337
 0.9355608  0.9527857  0.9349164  0.9444639  0.9331874  0.9544684
 0.9480556  0.9360001  0.9297241  0.9140769  0.940709   0.9519081
 0.9509632  0.94043875 0.9321617  0.946053   0.9164572  0.9364133
 0.941924   0.95243216 0.93926656 0.9180247  0.948513   0.94102573
 0.9429631  0.93598336 0.933515   0.920473   0.94358325 0.94843614
 0.9516697  0.9371195  0.9529892  0.94487405 0.95375717 0.93398607
 0.9442061  0.9405317  0.9265906  0.9418068  0.9482969  0.95390666
 0.9265658  0.9230377  0.9226579  0.9483739  0.93505394 0.89685404
 0.93692225 0.9498555  0.949717   0.92414474]",40.042784690856934,487.2499812133683
HMC,0.775,banana,8.6401996e-14,"[0.9136065  0.9430952  0.94151276 0.8547849  0.80593777 0.93564355
 0.8309328  0.8556256  0.9821595  0.91547656 0.9120264  0.9368026
 0.9530512  0.6962584  0.7779893  0.8410031  0.96243876 0.8793292
 0.97551537 0.7882724  0.8898136  0.9377004  0.8017634  0.94771117
 0.9480529  0.97518027 0.9279736  0.9325897  0.97243154 0.96059173
 0.94174325 0.779385   0.8891124  0.9692172  0.7689244  0.95874393
 0.88915557 0.8771558  0.9799902  0.9461889  0.96797156 0.95112056
 0.924014   0.8272237  0.8502959  0.90506023 0.8963871  0.89249563
 0.9685032  0.94397277 0.7942816  0.94856185 0.9666314  0.9824766
 0.90249604 0.8585923  0.87938786 0.81279683 0.93145657 0.9537878
 0.847218   0.9141129  0.9572983  0.917202   0.94735926 0.8943238
 0.98824835 0.90997183 0.91729593 0.9190463  0.8961842  0.9675734
 0.9680662  0.94534016 0.9362394  0.9347981  0.9011118  0.92846847
 0.95262355 0.893826   0.93793106 0.9761405  0.93831754 0.91229266
 0.9852679  0.9529133  0.92247003 0.965208   0.98392    0.97782457
 0.8810043  0.8509822  0.9185643  0.9787574  0.8758849  0.98133266
 0.9264986  0.92753446 0.9559393  0.9217725 ]",20.029855489730835,1.3788336897369535
SymplecticNNgHMC,0.775,banana,101.82241,"[  7.152307  265.3165    267.73984     4.6443777 608.04663   140.48544
  41.636932   82.33978    23.343933   31.344488  132.95885    40.966396
  25.35004   118.56631    50.904068  104.78151   215.95142   128.79701
  48.107296   19.639732   25.754025   63.5001     48.303555  116.711754
  27.297003    9.376444  210.37631   201.08313    66.14919    36.605247
 175.46957    79.89233    42.340466   60.39317    79.63652    57.42863
 218.1679    170.53651    69.27835    89.7166     89.434494   44.946983
  72.289925  114.09454    15.64131   138.70384    31.024153  125.99041
 241.8198     51.029236  121.50156    73.00792    57.70904    68.05417
 218.52513    17.092398   13.870901  409.3427     58.679882   31.118774
  32.980232  129.03693    33.816936  408.16815    32.058365   92.71283
  31.798168  117.62016   110.90514    55.715233   21.147709   78.80325
 266.57565    92.46074   135.55624   354.37354   189.6541     31.330334
  74.76674   110.721275   81.65096    94.477356  173.91663    43.272255
  57.61695    11.849425   25.354626   35.790245   43.226482  134.14851
 119.60602   109.66789   366.87753    19.281239   76.44287    31.678442
 253.13705   278.33475    46.73532    58.297745 ]",98.56205129623413,3674.0
GSymplecticNNgHMC,0.775,banana,0.00058720156,"[0.87481177 0.93036795 0.95354027 0.25825498 0.83291405 0.9479834
 0.8413193  0.59666055 0.9826846  0.77312624 0.52795017 0.7380318
 0.9352455  1.6466235  0.7987148  0.6030728  0.84317577 0.89981264
 0.8994932  0.4781022  0.838789   0.93070567 0.5289724  0.79183626
 0.8932103  0.9524331  0.4696207  0.5090654  0.95307326 0.8635272
 0.8830797  0.39556822 0.9078021  0.901451   1.4881065  0.95757973
 0.1677258  0.09866201 0.98118967 0.80882823 0.9662795  0.8223642
 0.4291749  0.13438095 0.02518584 0.6526398  0.45027837 0.24193999
 0.89310074 0.7903458  0.22132294 0.80082846 0.96296024 0.95799816
 0.2744813  0.8435146  0.6190425  0.56044614 0.9024083  0.97410154
 0.3959752  0.7365078  0.85125613 0.70895404 0.72286403 0.5058657
 0.9726542  0.53356063 0.68643355 0.58153355 0.35247946 0.92296445
 0.9701611  0.92422664 0.68377817 0.8763401  0.8931098  0.9211221
 0.7092438  0.61223537 0.66414803 0.91288584 0.9502944  0.73489565
 0.9853665  0.9197701  0.7623388  0.84931964 0.98341125 0.95708936
 0.72056854 0.89818496 0.8288435  0.97417676 0.41447377 0.96115434
 0.7966959  0.91854525 0.82838726 0.9151873 ]",12.14572811126709,10.272357519771404
GradSymplecticNNgHMC,0.775,banana,10.952427,"[9.4880265e-01 2.5093575e+00 7.0043101e+00 9.1779852e-01 1.1874915e+01
 3.1092955e-02 8.0161178e-01 6.0807788e-01 9.6205539e-01 9.2801636e-01
 5.7139081e-01 9.5289767e-01 7.4482268e-01 3.8080547e+01 9.1937178e-01
 8.6075068e-01 7.4908957e+00 8.1657219e-01 1.9802348e-01 3.2794768e-01
 4.5375690e-01 4.7736935e-02 8.2872715e+00 5.4886475e+00 9.6005142e-01
 9.3477285e-01 5.3383946e-01 4.7954965e-01 5.7733667e-01 9.6599501e-01
 5.1290846e+00 4.6203360e-02 8.9497149e-01 2.0155051e-01 7.7045679e-01
 8.0122662e-01 7.2596884e-01 1.6679546e+01 8.8480376e-02 3.9241013e-01
 6.0383034e-01 3.2644859e-01 9.4303596e-01 2.0143089e+01 9.5265454e-01
 7.5038977e+00 9.0264261e-01 8.6376715e-01 6.0127325e+00 1.8142474e-01
 2.0514011e+01 1.4183807e+00 7.2875327e-01 3.3188410e-02 1.8375261e+01
 8.5395807e-01 6.1984211e-02 2.6489037e+01 2.3259377e+00 9.4494838e-01
 8.5093391e-01 3.4137329e-01 8.6561912e-01 1.8006077e+01 9.5986378e-01
 2.5403790e+00 6.6618603e-01 4.4328380e-01 7.9945892e-01 3.5673215e+00
 9.6414745e-01 1.2946603e-01 2.2168167e+00 4.9198359e-01 2.2815986e+00
 6.6181860e+00 5.5934918e-01 3.4510142e-01 8.9914960e-01 4.9248390e+00
 7.7027482e-01 6.2091666e-01 8.8093150e-01 4.3342632e-01 5.6337011e-01
 8.5513341e-01 8.2300282e-01 9.2412585e-01 5.5641139e-01 3.8220719e-02
 8.5474119e+00 1.6381011e+00 1.1279932e+01 8.4525412e-01 7.9354870e-01
 9.5194358e-01 1.7062855e-01 8.3580599e+00 9.0243101e-01 9.0135634e-01]",304.0968463420868,15.102410223022105
GradGSymplecticNNgHMC,0.775,banana,0.018748742,"[8.4278601e-01 3.4007788e-01 9.8244953e-01 5.0516278e-03 2.9079130e+00
 1.1870131e+00 5.9881091e-01 3.7576312e-01 9.8298442e-01 6.0781789e-01
 8.3483219e-01 5.1361740e-01 9.3926466e-01 3.0802858e-01 8.1751001e-01
 9.4431982e+00 3.8931474e-01 9.0282744e-01 8.5860461e-01 4.4773507e-01
 8.5235357e-01 9.1058481e-01 2.0103332e-01 7.9872030e-01 8.2447028e-01
 9.2512071e-01 4.9441295e+00 3.5293491e+00 9.2558348e-01 7.4509352e-01
 9.6517676e-01 3.0855691e-01 8.4857357e-01 9.1258752e-01 1.2089702e+01
 9.6210611e-01 4.2970600e+00 8.7449467e-01 9.8484772e-01 1.7358830e+00
 9.3825614e-01 7.4659824e-01 8.7648726e-01 7.9551756e-01 6.0226494e-01
 6.4142007e-01 1.1001461e-01 1.6505345e+00 4.0655455e-01 6.9971961e-01
 9.1393757e-01 6.7990273e-01 9.7379684e-01 9.8191929e-01 2.5519705e-01
 7.1949387e-01 4.5018086e-01 7.5924653e-01 8.8714385e-01 9.7256756e-01
 1.6717885e-01 2.5817537e-01 7.9567975e-01 3.8394532e-01 5.4717910e-01
 8.3067435e-01 9.5512247e-01 1.2824910e+00 2.4627619e+00 3.2160223e-01
 3.3326700e-02 9.1323036e-01 7.8444576e-01 5.2204627e-01 8.6553764e-01
 4.9663061e-01 1.6013464e-01 9.3128169e-01 2.9087472e-01 3.8780221e-01
 4.6197452e-02 9.4982231e-01 2.5367707e-01 6.4610636e-01 9.8640460e-01
 9.2584914e-01 6.4871013e-01 7.7513236e-01 9.8394698e-01 4.4064045e-01
 8.6598319e-01 9.0507424e-01 4.3539697e-01 9.7548550e-01 1.8212907e-01
 9.4495428e-01 2.7493939e+00 1.3340089e-01 7.2914189e-01 8.4127653e-01]",18.63076376914978,2.0637846160477364
HMC,0.775,gaussian,4.877256e-15,"[0.93472046 0.9225778  0.9370903  0.9155302  0.9490525  0.9310033
 0.9208387  0.95011604 0.92763984 0.92706406 0.9390955  0.9392221
 0.9556791  0.92686075 0.93623304 0.95836806 0.94568384 0.93533796
 0.9418185  0.9479816  0.9254014  0.9343109  0.94419503 0.94184923
 0.90263486 0.93639815 0.9317519  0.94594204 0.916629   0.9255929
 0.93857783 0.9522257  0.93675184 0.90049493 0.92969644 0.9407014
 0.95244825 0.9392489  0.9477304  0.9415107  0.94435585 0.9551872
 0.94819564 0.93947256 0.9595918  0.92877674 0.9265338  0.94756866
 0.95540285 0.94390965 0.93594885 0.9509063  0.9501356  0.93738955
 0.9231231  0.95115876 0.9546828  0.94176453 0.9610299  0.9338068
 0.94686675 0.94351953 0.94964665 0.9445051  0.9338853  0.9447236
 0.94241726 0.948373   0.9538812  0.8827132  0.93162626 0.9499864
 0.940511   0.93616676 0.9540057  0.9091934  0.9380728  0.9344859
 0.95529246 0.94109577 0.9442643  0.94959843 0.9443919  0.94172645
 0.94764686 0.9183507  0.9435188  0.93303883 0.93426406 0.92527246
 0.9349372  0.95134395 0.9542222  0.94748366 0.9474286  0.9334366
 0.95332766 0.95647097 0.94763935 0.9598075 ]",16.537809371948242,1626.0436581732763
SymplecticNNgHMC,0.775,gaussian,1.7137285e+12,"[93049.99    24569.355   61829.87     2915.6648   5017.4834   8416.797
  3821.3638   1920.      35115.016   67510.49    14946.8545  46487.438
 24082.287   64307.242    5478.8545  12588.995   11959.25    38730.84
 18392.623   14449.098   35405.06     7515.6367  22386.277   49886.25
 25839.145   47923.26    46326.83     8900.512    3239.5664  48465.367
 37795.652    8778.157    2853.161   50648.03    30962.52     5883.6377
 59900.82    22050.684   31715.35    41219.016   50253.023    3259.8633
 10295.777   40334.668   27672.709   18897.172   32885.266   27649.88
 14983.944   29953.887   34924.527    6540.478   18030.508     282.27872
 10677.478   27865.24    13697.922   32025.918   11830.016   38465.918
 24264.434   22158.309   36283.97    12037.526   16754.48    18282.99
 12780.472    6762.1875   6540.796   48534.84    36648.805   23865.562
 40567.938   23008.943   33307.508   48592.734    8769.218   56368.062
  4452.478    4822.931   13789.131    4147.0186   4135.3623   9300.584
  1346.366   41173.676   45593.902   11685.706   27128.219    6375.5015
 19959.303    1223.9978   2148.724   25769.473   27295.746   22545.193
 19511.836   26778.695    3173.5015   5792.039  ]",19.450449228286743,1224.0
GSymplecticNNgHMC,0.775,gaussian,0.032563247,"[0.9395199  0.9240421  0.9406716  0.88248277 0.9410782  0.9180784
 0.90811145 0.95421374 0.9305525  0.9377341  0.9361578  0.93918246
 0.9571118  0.9371458  0.9367579  0.9599373  0.9392915  0.93894166
 0.9331948  0.9449259  0.9281217  0.9291054  0.9444391  0.9412898
 0.8902423  0.9463393  0.9405583  0.94807214 0.9234171  0.93114394
 0.94035244 0.9520757  0.93689036 0.8938397  0.9371001  0.94180363
 0.95306987 0.9336809  0.9491069  0.9357326  0.95150584 0.950096
 0.9464741  0.9475541  0.9590311  0.92915964 0.9283103  0.9448313
 0.9556799  0.93811464 0.94048804 0.94439715 0.94602954 0.9313656
 0.920839   0.95246637 0.95541906 0.939324   0.95846695 0.93346167
 0.94639754 0.9307225  0.95148146 0.94188344 0.928419   0.9396183
 0.9438275  0.9505825  0.9551556  0.8588421  0.9311924  0.95080584
 0.9374599  0.9430847  0.9547388  0.91614884 0.9406988  0.9389429
 0.95798343 0.9380224  0.9415247  0.9386985  0.9447913  0.93984795
 0.9510813  0.92317975 0.94662225 0.9412497  0.92957705 0.9226769
 0.92921317 0.95452654 0.95447654 0.9468088  0.94595546 0.93508834
 0.9535593  0.9562132  0.9503455  0.9601208 ]",10.000940084457397,184.09003705297405
GradSymplecticNNgHMC,0.775,gaussian,1.7137285e+12,"[93049.99    24569.355   61829.87     2915.6648   5017.4834   8416.797
  3821.3638   1920.      35115.016   67510.49    14946.8545  46487.438
 24082.287   64307.242    5478.8545  12588.995   11959.25    38730.84
 18392.623   14449.098   35405.06     7515.6367  22386.277   49886.25
 25839.145   47923.26    46326.83     8900.512    3239.5664  48465.367
 37795.652    8778.157    2853.161   50648.03    30962.52     5883.6377
 59900.82    22050.684   31715.35    41219.016   50253.023    3259.8633
 10295.777   40334.668   27672.709   18897.172   32885.266   27649.88
 14983.944   29953.887   34924.527    6540.478   18030.508     282.27872
 10677.478   27865.24    13697.922   32025.918   11830.016   38465.918
 24264.434   22158.309   36283.97    12037.526   16754.48    18282.99
 12780.472    6762.1875   6540.796   48534.84    36648.805   23865.562
 40567.938   23008.943   33307.508   48592.734    8769.218   56368.062
  4452.478    4822.931   13789.131    4147.0186   4135.3623   9300.584
  1346.366   41173.676   45593.902   11685.706   27128.219    6375.5015
 19959.303    1223.9978   2148.724   25769.473   27295.746   22545.193
 19511.836   26778.695    3173.5015   5792.039  ]",26.060179471969604,1224.0
GradGSymplecticNNgHMC,0.775,gaussian,0.042577505,"[0.93625283 0.92301273 0.9366813  0.91705084 0.94919217 0.9363708
 0.92617655 0.94815063 0.9284183  0.92815256 0.93703055 0.9398837
 0.95515317 0.9294956  0.93743515 0.95728445 0.94725406 0.9329164
 0.9453826  0.95029056 0.92388    0.93464583 0.9447502  0.937415
 0.91106313 0.9367883  0.93469733 0.9418888  0.9156593  0.9239491
 0.9360585  0.9520714  0.9405696  0.9048588  0.9292836  0.94116944
 0.9497902  0.9413411  0.94463265 0.93817466 0.9419417  0.9543704
 0.9496205  0.94108677 0.9601401  0.92899084 0.92363024 0.9484308
 0.95595074 0.9468825  0.9365325  0.95005476 0.9515728  0.9340798
 0.9249525  0.95113534 0.9550376  0.93713045 0.9615571  0.9361491
 0.9450876  0.94315493 0.9496293  0.9470541  0.9375233  0.9476747
 0.94002837 0.94868076 0.95365465 0.88559836 0.9328682  0.9496328
 0.9366028  0.9329249  0.95479864 0.91270864 0.9390336  0.9321016
 0.95394725 0.93946075 0.946043   0.9494373  0.94556516 0.9440098
 0.9460423  0.918884   0.9424106  0.93253106 0.9415369  0.92452896
 0.9307976  0.94905186 0.9537624  0.94890636 0.94922894 0.9328084
 0.9535537  0.9547043  0.9466418  0.95866644]",11.735499143600464,1.8360057997727826
HMC,0.775,high_dimensional_gaussian,1.5484923e-15,"[0.93668526 0.93671435 0.93435013 0.9425628  0.9338207  0.93873906
 0.9325994  0.9438611  0.94165707 0.93725675 0.9418987  0.9202603
 0.9318979  0.93896884 0.9190518  0.92896295 0.94110453 0.9420624
 0.939151   0.9352095  0.9357764  0.9429867  0.93248916 0.940346
 0.935733   0.93141717 0.93983567 0.93926543 0.9430847  0.9395101
 0.9353649  0.9189261  0.9313412  0.9252424  0.9404235  0.94214195
 0.9352457  0.9427862  0.9365985  0.9325236  0.93694174 0.94273937
 0.93703383 0.9334277  0.93484753 0.9381005  0.9222953  0.9414339
 0.9337837  0.9218174  0.9350958  0.94223136 0.92971146 0.9403845
 0.9335681  0.9312339  0.93868226 0.94139546 0.94096196 0.93824005
 0.9331405  0.94275635 0.9382266  0.9441509  0.9445977  0.94088507
 0.9382407  0.939391   0.9410089  0.93439484 0.93963856 0.9343297
 0.93765426 0.9371645  0.94296855 0.93697    0.9416808  0.93198144
 0.9358386  0.94364136 0.941574   0.94071454 0.93138194 0.93847674
 0.9340453  0.9412429  0.9392082  0.94066495 0.93650025 0.9425638
 0.9427728  0.938842   0.9377231  0.92427135 0.93783635 0.9427606
 0.9367015  0.941277   0.93855584 0.9386189 ]",47.860668420791626,229.96486463005706
SymplecticNNgHMC,0.775,high_dimensional_gaussian,0.008294783,"[0.9372953  0.9364101  0.93404835 0.94317806 0.93342465 0.9387704
 0.9324678  0.9435328  0.9414878  0.93658876 0.9422107  0.9206578
 0.93215835 0.9395927  0.91852987 0.929245   0.9411123  0.9421277
 0.93944806 0.93379843 0.93572474 0.94274855 0.9329607  0.9400279
 0.9351031  0.9302117  0.93941855 0.9384177  0.9441354  0.93890595
 0.9349321  0.9184143  0.93207854 0.9242357  0.9409369  0.94219005
 0.9350647  0.9428358  0.9369497  0.93217516 0.9370351  0.9427943
 0.93732184 0.93346304 0.9355669  0.9379961  0.921673   0.9411682
 0.93354815 0.9219557  0.9355599  0.94186944 0.9294726  0.93992347
 0.93338335 0.9324689  0.93931836 0.9407031  0.9408021  0.937863
 0.93383574 0.94283    0.93844354 0.9449228  0.9443576  0.9407188
 0.9379078  0.93976086 0.9412005  0.93434215 0.94047993 0.9344823
 0.9376463  0.9373395  0.9433255  0.93614835 0.94196224 0.93242633
 0.93627656 0.9436196  0.94123924 0.94078135 0.9315471  0.93844557
 0.93387496 0.9412565  0.93858373 0.9409667  0.9365748  0.9426435
 0.9422339  0.93877333 0.9387016  0.92435807 0.93792933 0.9427158
 0.9356577  0.94047564 0.9384677  0.9379615 ]",117.10591840744019,37.50091550340996
GSymplecticNNgHMC,0.775,high_dimensional_gaussian,0.0029287841,"[0.9370644  0.93699807 0.9344933  0.94262046 0.9340536  0.93886226
 0.9327035  0.94389486 0.9417676  0.93748367 0.94227076 0.9212327
 0.93232334 0.93921745 0.91974735 0.92937917 0.94154924 0.9423851
 0.9393852  0.93554467 0.9359533  0.94310224 0.93289274 0.9406669
 0.9360308  0.9316535  0.94003123 0.9396641  0.94332546 0.93953323
 0.93563926 0.9190638  0.9318236  0.9256344  0.9405546  0.9424297
 0.93555754 0.94303244 0.93676007 0.9329375  0.93747133 0.9428657
 0.93736213 0.9337355  0.9352802  0.93832684 0.92280436 0.94166493
 0.93393755 0.9220829  0.93533516 0.9423971  0.93019575 0.9405284
 0.9339201  0.931546   0.9388353  0.9418216  0.9412775  0.93841285
 0.93341774 0.9428557  0.93835723 0.94432706 0.9448189  0.9410438
 0.93849635 0.93953294 0.9413856  0.9346237  0.94007367 0.9346501
 0.9381007  0.93760765 0.9432262  0.937129   0.94188344 0.9323629
 0.9362073  0.94389963 0.94185734 0.9408979  0.93186873 0.9386867
 0.93429154 0.9413729  0.93959    0.9405517  0.9367716  0.9427487
 0.9429591  0.9390948  0.9380336  0.924651   0.93807185 0.942994
 0.9368569  0.9414885  0.9389299  0.93885136]",40.448737144470215,72.82017585780153
GradSymplecticNNgHMC,0.775,high_dimensional_gaussian,0.006671463,"[0.9366352  0.9369015  0.9344706  0.94259644 0.9337189  0.93885654
 0.9327256  0.94359624 0.94169164 0.93711853 0.9418993  0.9203612
 0.9318335  0.93892354 0.9194249  0.9288684  0.94104713 0.942081
 0.93907946 0.9351698  0.93602645 0.9430504  0.93249786 0.9401983
 0.9357788  0.9311454  0.93966675 0.93897426 0.94332826 0.93941486
 0.934961   0.9189261  0.9311328  0.9251644  0.9403907  0.9422089
 0.93510723 0.94269514 0.93669355 0.93227756 0.936881   0.94274557
 0.9368837  0.93296325 0.93501323 0.9381191  0.9222242  0.9414487
 0.93364775 0.9217752  0.93527853 0.9420187  0.9295665  0.9401015
 0.93352187 0.9315712  0.93860555 0.94145083 0.94095755 0.93836343
 0.9336628  0.9425671  0.9381666  0.9441878  0.9446728  0.9409656
 0.9383446  0.9390237  0.9408983  0.9346311  0.9395145  0.93415785
 0.9373996  0.9373235  0.94286436 0.93684673 0.94170773 0.93183416
 0.9361924  0.94375587 0.94149435 0.940946   0.9315459  0.9384403
 0.93408054 0.9414448  0.93920684 0.94076407 0.93647003 0.94227624
 0.94277847 0.9387164  0.93778676 0.9241285  0.93782306 0.9428103
 0.93666136 0.94116735 0.9385099  0.9384625 ]",334.8403248786926,57.80664828571439
GradGSymplecticNNgHMC,0.775,high_dimensional_gaussian,0.0022503687,"[0.9370016  0.9371082  0.9347481  0.9427972  0.93434656 0.93913406
 0.9330768  0.9441053  0.9418799  0.93770885 0.94213843 0.9209962
 0.93240035 0.9392762  0.91981936 0.92957103 0.9413981  0.9423537
 0.9394183  0.93562067 0.93619287 0.9432666  0.9330541  0.94067955
 0.9361609  0.931859   0.9401684  0.9396264  0.9433143  0.9398577
 0.9358367  0.91969097 0.9318554  0.92589784 0.9406411  0.94247437
 0.9356808  0.9430771  0.93707156 0.93303984 0.93732214 0.9429452
 0.9374455  0.9338951  0.9351987  0.93849057 0.92304605 0.94172305
 0.93425006 0.92264503 0.93561363 0.94252336 0.9303541  0.94072574
 0.93408006 0.93162173 0.93897617 0.9416234  0.9411976  0.938667
 0.9337015  0.9430194  0.9385745  0.94440556 0.9448538  0.9412147
 0.93862677 0.93969697 0.9413128  0.9348377  0.9398993  0.93483275
 0.9379351  0.937575   0.9431776  0.93729395 0.9418997  0.9324919
 0.9363278  0.94389313 0.94189405 0.9410585  0.9319646  0.9388586
 0.9345567  0.9415741  0.9395971  0.94089025 0.9368631  0.9428334
 0.94305253 0.93919915 0.93807626 0.92492867 0.93815464 0.94310296
 0.93704975 0.9415555  0.93891615 0.93899906]",73.43827533721924,72.55266338609188
HMC,0.775,normal_normal,2.619363e-15,"[0.9063641  0.9449414  0.9485828  0.8948676  0.8818981  0.94299865
 0.9235198  0.9470229  0.9379425  0.9289736  0.95077914 0.9232223
 0.9491036  0.93749726 0.94856775 0.9429934  0.95179147 0.93620634
 0.95468235 0.8975751  0.93641317 0.93995893 0.9263122  0.94696844
 0.8720295  0.9485903  0.952916   0.94831324 0.95006365 0.9489414
 0.9497496  0.91309595 0.9022236  0.9382037  0.93804395 0.9442319
 0.9376957  0.94789183 0.94533443 0.9484779  0.94829553 0.9522309
 0.92530525 0.9434082  0.94299525 0.944463   0.9476433  0.94801635
 0.95223397 0.9507997  0.9349549  0.91879904 0.93784773 0.95019996
 0.9114666  0.9458338  0.9397187  0.9360913  0.9450206  0.94921124
 0.95018566 0.9445734  0.9438604  0.93501204 0.9406959  0.9423373
 0.9470818  0.942047   0.94674724 0.90762544 0.93507755 0.9379411
 0.94879305 0.9383874  0.9375905  0.9153793  0.93686676 0.95114946
 0.9289321  0.93498677 0.9514383  0.9495734  0.92937696 0.94837177
 0.9486784  0.932611   0.9132258  0.95182693 0.9435233  0.9471075
 0.94183886 0.9421983  0.94254255 0.9241463  0.9518363  0.9511204
 0.9448395  0.9468726  0.9278301  0.93158484]",76.34536504745483,375.61753584945404
SymplecticNNgHMC,0.775,normal_normal,0.010495534,"[0.90393424 0.9456246  0.94885063 0.89665526 0.8546917  0.94295776
 0.92615616 0.9462991  0.93901765 0.8965143  0.9487664  0.92535675
 0.9470087  0.9295349  0.9474217  0.9427427  0.9513857  0.93635404
 0.9547605  0.89274377 0.93776816 0.9404513  0.9272172  0.9446908
 0.8776932  0.9471555  0.95190847 0.94876397 0.95061487 0.9484242
 0.9497294  0.89512336 0.90358365 0.93795574 0.93976134 0.9419621
 0.91785645 0.9446756  0.9444177  0.9469268  0.9471204  0.95259154
 0.9297239  0.9373888  0.9446635  0.94582367 0.9447751  0.94451034
 0.95249385 0.9519893  0.92991304 0.92429465 0.93853474 0.9499132
 0.9118201  0.945842   0.9367094  0.93710154 0.9411813  0.9498042
 0.9479549  0.9376857  0.9446778  0.9351904  0.94218147 0.9403292
 0.94675756 0.9437871  0.9477007  0.9111507  0.93787813 0.93922967
 0.9467065  0.93887234 0.93775934 0.91505456 0.9324031  0.95022714
 0.9326798  0.93587816 0.9521267  0.9497614  0.9295818  0.9488412
 0.94969535 0.9318511  0.9128725  0.9518129  0.94496006 0.9482455
 0.9402496  0.94448227 0.942554   0.92650497 0.9518328  0.95173377
 0.9365245  0.94660187 0.92904204 0.9154538 ]",120.30915999412537,3.4237168078407096
GSymplecticNNgHMC,0.775,normal_normal,0.003941777,"[0.9100083  0.9455018  0.94868773 0.89743364 0.8830084  0.9428998
 0.92359227 0.94784737 0.93770885 0.9274893  0.9517665  0.9231612
 0.94924295 0.93959594 0.94876087 0.94225645 0.95159787 0.9366188
 0.954772   0.8996026  0.9368941  0.9402784  0.92528725 0.94778144
 0.8707668  0.94894    0.9532651  0.9481308  0.9503004  0.9487979
 0.949118   0.9113436  0.9011318  0.9377071  0.93950117 0.94575024
 0.93858004 0.94865465 0.94541204 0.9491782  0.95016706 0.9518908
 0.9250581  0.9447929  0.9436835  0.9457473  0.9483658  0.9490894
 0.9525069  0.9514673  0.9356097  0.91989934 0.93800753 0.95004654
 0.91033167 0.9458346  0.941626   0.9352975  0.9463176  0.9489192
 0.9502387  0.94621485 0.9436576  0.9352498  0.94074    0.94261694
 0.94689935 0.9416453  0.94678557 0.9103602  0.9356183  0.9365026
 0.94986504 0.9385869  0.93829715 0.9124559  0.938934   0.95121616
 0.9289366  0.9358868  0.9511007  0.94955313 0.9297783  0.94777
 0.9480027  0.9348973  0.91442317 0.95201224 0.94322056 0.94636047
 0.94237137 0.9446974  0.9422867  0.924813   0.9517019  0.95081484
 0.9461748  0.9460944  0.92798394 0.9347987 ]",42.49110531806946,451.46794401517906
GradSymplecticNNgHMC,0.775,normal_normal,0.008160323,"[0.9051923  0.9451548  0.94896257 0.8935522  0.84840196 0.94403833
 0.92329353 0.948174   0.9376392  0.9156985  0.9514501  0.92324424
 0.9485502  0.9362365  0.94756424 0.94183695 0.9515621  0.9381694
 0.95468235 0.8961598  0.9384327  0.94041747 0.9269221  0.94672847
 0.8716862  0.94785714 0.95298976 0.94819057 0.950603   0.94946325
 0.94979036 0.89433736 0.9014722  0.937685   0.936869   0.944997
 0.9328897  0.94718164 0.9443588  0.94751537 0.9497161  0.9523186
 0.92664516 0.94221467 0.9419174  0.9425933  0.9477202  0.9488734
 0.95267236 0.95117426 0.93489397 0.91861737 0.93848026 0.949828
 0.91366214 0.9452514  0.94008625 0.9367904  0.9444665  0.94961876
 0.94952655 0.9438362  0.9449374  0.9359859  0.9401313  0.94154847
 0.9466007  0.9431348  0.9465003  0.90497035 0.93417853 0.9381665
 0.94893014 0.9385585  0.93776274 0.9148315  0.9377923  0.95048344
 0.9295332  0.93677914 0.951055   0.94999874 0.9305462  0.9484415
 0.9488405  0.9327377  0.91212845 0.9517821  0.94433427 0.94699335
 0.9391073  0.94222564 0.94347715 0.9281683  0.95199776 0.9506773
 0.94349045 0.94669104 0.92853993 0.9300596 ]",264.2416741847992,14.064268041604244
GradGSymplecticNNgHMC,0.775,normal_normal,0.0047321906,"[0.9067265  0.94530094 0.9487233  0.89504427 0.8827119  0.94329375
 0.92384404 0.9465901  0.9382795  0.9325317  0.9508976  0.9234373
 0.9489069  0.937274   0.9490509  0.94318664 0.9520335  0.9350724
 0.9547119  0.8978399  0.9369692  0.9405893  0.92668104 0.94716257
 0.8738431  0.9488513  0.95279455 0.9482902  0.9501915  0.94909763
 0.94987583 0.9179654  0.90247047 0.9386751  0.9385502  0.9441759
 0.9390626  0.9479124  0.946576   0.94844866 0.94824284 0.95234317
 0.92628527 0.9428009  0.9433726  0.9447524  0.94738406 0.94799197
 0.9523349  0.95081174 0.93392295 0.9188897  0.93801105 0.9503421
 0.910923   0.94615304 0.94014347 0.9363378  0.9448743  0.9494537
 0.95008534 0.94507205 0.944232   0.93504786 0.9410555  0.94259423
 0.94733137 0.94248915 0.94710815 0.9089028  0.9357323  0.93831384
 0.94920194 0.93826026 0.9382601  0.9161371  0.9364926  0.9512768
 0.9300512  0.934608   0.9516256  0.949581   0.9303864  0.9487022
 0.94887847 0.93344116 0.91361654 0.95193046 0.9440295  0.9474726
 0.9425606  0.9422898  0.94228303 0.92462635 0.95172185 0.95131826
 0.9455532  0.94711924 0.92788243 0.93299854]",57.236334800720215,314.9747750190984
HMC,1.0,banana,6.076561e-13,"[0.8939431  0.96993196 0.8872129  0.7008554  0.9087626  0.9295411
 0.92045677 0.9338276  0.9623865  0.866197   0.9385817  0.89804476
 0.9647713  0.6177711  0.95376253 0.79851484 0.9002756  0.8920765
 0.966715   0.94685906 0.9668941  0.9815768  0.8051526  0.9432801
 0.9538211  0.9477247  0.9190339  0.959723   0.9395255  0.95283353
 0.95186776 0.8604306  0.8683065  0.9888484  0.7751126  0.96219575
 0.8722446  0.9111416  0.91821593 0.95713437 0.89162105 0.9762845
 0.9130938  0.87906206 0.8597717  0.8527724  0.77189314 0.9202029
 0.934519   0.9513531  0.8794963  0.87272143 0.9820203  0.9830003
 0.9318325  0.8897178  0.9416307  0.86408657 0.9420061  0.9239894
 0.84039485 0.9398092  0.97181845 0.9311032  0.9419372  0.9714925
 0.9420047  0.8503932  0.91567725 0.87865865 0.84515876 0.9014327
 0.9830681  0.94468087 0.94210714 0.8896369  0.90124035 0.91006196
 0.74416536 0.8657538  0.90910435 0.935799   0.91994995 0.92941797
 0.96336    0.8470305  0.90350246 0.963943   0.9695308  0.97871816
 0.91697234 0.91967666 0.9414023  0.9609164  0.92671317 0.9636919
 0.9121957  0.9173795  0.96679896 0.91482866]",20.20447874069214,1.343913080510769
SymplecticNNgHMC,1.0,banana,4.8097987,"[8.0209227e+00 8.7889597e-02 2.6938695e-01 3.9457722e+01 7.6079416e-01
 7.1086974e+00 2.3571000e+00 2.7279976e-01 1.0904817e-01 6.1027145e+00
 2.3542938e+00 7.1754360e+00 2.5962710e+00 3.1008142e-01 5.0513005e-01
 9.2843208e+00 8.5146523e-01 7.9282534e-01 7.6840973e-01 2.2187688e+00
 6.8272948e+00 2.9527935e-01 7.4031752e-01 3.6472824e+00 1.0343719e+00
 3.6477280e+00 5.9835787e+00 4.4689509e-01 1.3712585e-01 1.3643975e+00
 6.5840042e-01 6.9867867e-01 1.5210977e+00 3.8353145e-01 2.7284878e+01
 4.4961536e-01 3.1315422e+00 4.0858907e-01 1.1534173e+00 4.2156529e+00
 1.3589363e+00 6.4509702e-01 1.2651843e+01 1.2924342e-01 6.9773321e+00
 8.3749789e-01 1.1906731e+01 3.3279091e-02 3.0026847e-01 9.2392623e-02
 3.3948684e-01 9.3639964e-01 2.0677686e-01 1.6674349e-01 1.8813220e-01
 7.6292357e+00 3.0757159e-01 7.8080845e-01 1.5265068e+00 1.8311666e+00
 9.4707811e-01 3.1605598e-01 3.6239009e+00 7.9456872e-01 9.0138130e+00
 2.5284737e-01 4.2265940e+00 4.4770613e+00 9.3574600e+00 8.8602370e-01
 1.1826503e+01 6.1080468e-01 8.6832762e-01 3.3896663e+00 1.2167600e-01
 9.0457618e-01 2.8175983e-01 6.0278225e+00 4.9721308e+00 3.7652397e-01
 1.5559056e+00 3.3084750e-01 3.3728046e+00 5.6713217e-01 2.3289632e-02
 1.5620001e+01 6.9568686e+00 4.4935999e+00 3.6269813e+00 1.0122268e+00
 8.0148435e-01 8.6488712e-01 9.2893159e-01 9.1623783e+00 4.5043945e+00
 5.4751692e+00 1.7241838e+00 8.1583446e-01 1.5665751e-02 4.5483717e-01]",110.07649254798889,1.1932467001936748
GSymplecticNNgHMC,1.0,banana,0.0069878646,"[0.746601   0.4865925  0.8912275  0.5669341  0.29542422 0.36149716
 0.7648229  0.90556574 0.9770686  0.72988796 0.941875   0.6823231
 0.9598755  4.8631105  0.8848361  0.10817547 0.7570443  0.90922093
 0.5552109  0.94969475 0.72039115 0.9789388  0.33373463 0.65180624
 0.8616085  0.43549198 0.39059192 0.87625426 0.91190374 0.8017005
 0.6061557  0.90206707 0.8014716  0.9843218  0.84827423 0.9650411
 0.8946368  0.9062473  0.7864427  0.9168354  0.21755652 0.87549484
 0.05949622 0.7534289  0.36339602 0.7077955  0.6989045  0.8993653
 0.9509284  2.0228515  0.70709276 0.93452734 0.9830923  0.984846
 0.7576398  0.95070255 0.90239304 1.7595762  0.951131   0.80494356
 0.7143499  0.53978366 0.88886535 1.2262545  0.4356748  0.94173354
 0.18189561 0.12134679 0.91914606 1.1157416  0.75503004 0.9217248
 0.98131526 0.9588725  1.4362764  0.91615963 0.73744905 0.1399992
 0.33192962 1.6120539  0.7053928  2.1717205  0.8662183  0.955116
 0.9644253  0.19677293 0.8693299  0.8120582  1.5289726  0.85628337
 0.9454536  0.4969638  0.83502525 0.38503313 0.7896906  0.24641967
 0.92234266 0.17850327 0.9090085  0.9203631 ]",18.44644570350647,7.770777596824839
GradSymplecticNNgHMC,1.0,banana,3.5713377,"[2.1501945e-01 2.3038306e+00 4.2369280e+00 6.3397169e-01 2.5099387e+00
 2.1967452e+00 1.4370695e-01 3.7762970e-01 3.4164721e-01 7.6910332e-02
 5.3555489e-01 9.3118653e-02 5.8417988e-01 8.5090504e+00 1.5225039e+00
 7.1036673e-01 1.6430771e+00 3.9431399e-01 3.5902362e+00 6.3063353e-01
 2.7228878e+00 1.1347270e+00 2.9544663e+00 3.9065254e+00 9.5397234e-02
 3.4452262e+00 7.6319683e-01 2.2004064e-02 4.6410012e-01 2.0331196e-01
 2.6470327e+00 1.0923837e+00 4.6677995e-01 9.5396852e-01 7.0113099e-01
 1.0044814e+00 1.0783677e-01 7.9704821e-01 1.6016821e+00 2.3880917e-01
 1.1852692e+00 1.9576378e+00 4.1428155e-01 1.3751383e+00 6.7788982e-01
 5.3869696e+00 5.9428728e-01 3.6800622e-03 1.1733084e+00 3.9378641e+00
 1.9709773e+00 6.6376321e-02 9.6331567e-01 5.6841677e-01 2.2587583e+00
 2.7021629e-01 9.3580955e-01 6.2429886e+00 6.8247318e-02 4.8207313e-02
 2.2007892e+00 1.6487834e+00 1.2653266e+00 4.7759800e+00 8.8004750e-01
 1.2818024e+00 2.3100998e+00 2.2163434e+00 2.0860609e-01 5.7352972e+00
 3.6045867e-01 1.0846040e+00 4.2699835e-01 1.0296935e+00 4.3348942e+00
 1.0182211e+00 2.1305761e-01 1.9645833e+00 3.9452481e-01 5.7985473e+00
 2.9748496e-01 4.1345482e+00 2.9671173e+00 4.0195221e-01 1.0783916e+00
 1.2062904e+00 3.3023795e-01 1.0435889e+00 2.9621859e+00 1.4896672e+00
 3.1685019e-01 2.4701052e+00 2.0719087e+00 2.1609378e+00 4.6118864e-01
 1.3397157e+00 3.3382618e-01 3.6430454e+00 1.1802023e-02 4.5473212e-01]",361.6360499858856,2.0110230057589016
GradGSymplecticNNgHMC,1.0,banana,455.13196,"[8.7971991e-01 1.4329650e+01 4.5542461e+01 3.5821523e+03 2.0180578e+01
 7.8824501e+01 8.1949329e-01 9.1779745e-01 8.2979721e-01 4.8277813e+01
 4.2238970e+00 4.9272827e+01 9.5820427e-01 6.3069585e+03 9.5276225e-01
 6.8597901e-01 9.1936755e-01 8.9488000e-01 4.3245720e+01 9.4691980e-01
 2.1929839e+02 9.6133316e-01 4.2985567e-01 4.1769020e+01 8.0486482e-01
 4.3180824e+01 5.4942974e+01 8.5541070e-01 9.3948281e-01 8.4665620e-01
 1.6022737e+00 7.8351468e-01 3.5757904e+01 9.8118031e-01 3.9444008e+01
 9.3847215e-01 1.0189844e+01 9.2330450e-01 5.2095985e+00 9.5167893e-01
 6.6531464e+01 9.1358829e-01 4.3141274e+03 7.9629672e-01 5.5258030e-01
 7.6509032e+00 7.1762177e+02 6.6138589e-01 8.6879528e-01 3.3444136e+03
 6.6404051e-01 9.2091531e-01 9.8571920e-01 9.8735178e-01 7.5456810e-01
 2.8477091e-01 9.3967956e-01 4.2672558e+01 9.4384944e-01 9.3662322e-01
 3.5176677e-01 2.8701809e+01 2.9446511e+00 4.2170128e+01 4.3614361e+01
 9.2072934e-01 5.2955826e+01 4.4735466e+01 1.0671082e+01 2.5081371e+01
 3.0545783e+00 8.3931673e-01 9.8272455e-01 9.5607924e-01 8.0632744e+01
 8.2636726e-01 8.2602090e-01 3.9600014e+01 7.9227579e-01 4.2005142e+01
 8.5762167e-01 2.4381191e+03 1.1949276e+02 9.6533775e-01 9.2088711e-01
 8.4347466e+01 8.5511839e-01 1.8375925e+01 3.5648696e+03 2.9040775e+00
 9.4815636e-01 9.3364620e+00 8.3090067e-01 2.0214934e+02 4.0625164e+01
 4.4940395e+01 2.3689489e+00 2.7062755e+00 8.2091117e-01 8.6605752e-01]",33.66953182220459,1.215401367357202
HMC,1.0,gaussian,6.959248e-15,"[0.9114342  0.94829434 0.9029435  0.9091158  0.95210665 0.94616735
 0.94567394 0.9467368  0.937148   0.92505395 0.9028125  0.94136286
 0.95196426 0.9310462  0.94856167 0.93235445 0.94440264 0.94774294
 0.9562208  0.9423186  0.9485998  0.93214583 0.9544506  0.9451151
 0.9213432  0.9541537  0.9458151  0.9485167  0.92135763 0.9257147
 0.9423961  0.9269551  0.9326753  0.8784914  0.94705045 0.9593533
 0.938394   0.92799103 0.93769836 0.9486517  0.9276811  0.9288718
 0.93043995 0.94016397 0.9573904  0.9390594  0.93228024 0.94421095
 0.9559674  0.9158554  0.9446595  0.94384354 0.9444558  0.9449309
 0.9593018  0.9503447  0.95434415 0.9430374  0.9405968  0.94741696
 0.92373085 0.94004834 0.95293707 0.9471633  0.94111633 0.9442276
 0.89991915 0.9524604  0.9404659  0.9321321  0.9415142  0.9502435
 0.9355714  0.93888843 0.94794863 0.9288796  0.9412106  0.94709796
 0.94179887 0.92066425 0.9349607  0.89268535 0.94444406 0.9543724
 0.9556011  0.94071555 0.9457204  0.94653606 0.9382846  0.9469116
 0.92530483 0.9397212  0.94076025 0.9506809  0.93590516 0.9488594
 0.94512504 0.94641566 0.95834225 0.9171447 ]",16.67691707611084,1309.4776876471112
SymplecticNNgHMC,1.0,gaussian,2.8834407e+14,"[5.17905000e+05 3.92713984e+04 2.79981250e+05 2.81206600e+06
 2.58767844e+05 1.53134375e+05 4.51253844e+05 3.79335562e+05
 2.08117375e+05 1.53573338e+06 5.52226055e+04 1.48431602e+04
 6.59085703e+04 3.34141219e+05 2.70019125e+05 1.74045031e+05
 1.95661969e+05 1.85776797e+05 6.53599125e+05 8.60470581e+02
 2.31759344e+05 1.04279325e+06 5.25274188e+05 5.42609688e+04
 3.36813188e+05 1.16809688e+05 7.34412188e+04 9.86656719e+04
 2.88296000e+05 3.14608875e+05 9.01096250e+04 2.78832250e+05
 1.36013656e+05 1.21228350e+06 1.46740547e+05 3.48204375e+04
 4.38167000e+05 1.62931797e+04 6.93510312e+05 2.55267656e+05
 7.35453750e+04 9.45341875e+04 7.69554062e+04 1.26355836e+05
 1.60153064e+03 3.15808838e+02 1.37197203e+05 1.34309906e+05
 3.55810000e+05 1.80847188e+05 1.39524000e+05 2.01630640e+03
 1.11693234e+05 2.90774438e+05 3.19202305e+04 1.49019172e+05
 1.52801328e+04 6.73584438e+05 1.75112531e+05 6.38100562e+05
 2.50752672e+05 5.38170875e+05 2.72347969e+04 3.60295391e+04
 8.44169375e+05 4.04300938e+05 1.14981398e+05 4.37525391e+03
 4.10339812e+05 1.24156975e+06 2.08460750e+05 1.54077422e+04
 6.67203203e+04 5.14875750e+05 2.15237617e+04 4.37455500e+05
 1.14389824e+04 1.54412125e+05 5.07104438e+05 1.05757338e+06
 1.03773047e+05 2.19479609e+05 1.02428648e+05 6.79787842e+03
 2.56013184e+02 8.41463047e+04 2.23044180e+04 9.60645859e+04
 1.22001797e+04 1.17198184e+04 1.17467688e+06 6.20796500e+05
 4.28738711e+04 1.76257294e+02 1.11438344e+05 5.05397250e+05
 3.17557688e+05 5.11330391e+04 7.37739688e+04 2.84406062e+05]",45.145071506500244,1000.0
GSymplecticNNgHMC,1.0,gaussian,0.034605823,"[0.91538775 0.95375144 0.91918874 0.8766014  0.9473347  0.9481052
 0.9455454  0.9450563  0.9387393  0.9125259  0.9165698  0.94234216
 0.955219   0.9369692  0.94886035 0.9320853  0.9377817  0.94478273
 0.95175475 0.94549435 0.94737667 0.92432517 0.9548928  0.9435986
 0.9214895  0.9497342  0.95010793 0.9437547  0.91672295 0.9267444
 0.9375021  0.92794985 0.93461883 0.87565964 0.9505972  0.9593918
 0.93178487 0.9338631  0.93052095 0.93647563 0.9195088  0.9222571
 0.9354998  0.9431871  0.9582274  0.94302815 0.9232068  0.9510126
 0.95629823 0.9220955  0.946418   0.94216937 0.9398855  0.94174594
 0.96002245 0.9497647  0.95616245 0.9291221  0.9443401  0.9492137
 0.9299957  0.9375342  0.95449257 0.94649935 0.9366972  0.94100803
 0.9063225  0.953798   0.93962944 0.91539156 0.94193363 0.9514601
 0.92667115 0.931005   0.94791716 0.93306625 0.9394212  0.93586695
 0.94030607 0.90926594 0.9391159  0.882029   0.94468343 0.9549405
 0.9537079  0.93790996 0.9449687  0.9483956  0.9461583  0.949098
 0.9046926  0.93639064 0.9440243  0.95130014 0.93622375 0.9464803
 0.94684476 0.94939077 0.9571986  0.9147519 ]",11.172922849655151,177.06693344896857
GradSymplecticNNgHMC,1.0,gaussian,2.8834407e+14,"[5.17905250e+05 3.92716016e+04 2.79980562e+05 2.81206350e+06
 2.58768484e+05 1.53134688e+05 4.51254562e+05 3.79335750e+05
 2.08116844e+05 1.53573100e+06 5.52228047e+04 1.48432764e+04
 6.59089219e+04 3.34140969e+05 2.70018562e+05 1.74044750e+05
 1.95661969e+05 1.85776375e+05 6.53599938e+05 8.60496460e+02
 2.31758625e+05 1.04279462e+06 5.25273875e+05 5.42607188e+04
 3.36813438e+05 1.16809367e+05 7.34409766e+04 9.86659609e+04
 2.88296562e+05 3.14608438e+05 9.01093750e+04 2.78832531e+05
 1.36013266e+05 1.21228450e+06 1.46740875e+05 3.48206797e+04
 4.38166594e+05 1.62930625e+04 6.93509625e+05 2.55267406e+05
 7.35455859e+04 9.45344375e+04 7.69556562e+04 1.26355461e+05
 1.60156580e+03 3.15793121e+02 1.37197594e+05 1.34310188e+05
 3.55810000e+05 1.80847375e+05 1.39524234e+05 2.01627246e+03
 1.11693438e+05 2.90774844e+05 3.19204180e+04 1.49019422e+05
 1.52800410e+04 6.73583750e+05 1.75112109e+05 6.38101000e+05
 2.50752125e+05 5.38171125e+05 2.72349062e+04 3.60296992e+04
 8.44171625e+05 4.04301094e+05 1.14981555e+05 4.37530078e+03
 4.10339844e+05 1.24156825e+06 2.08461172e+05 1.54076436e+04
 6.67205156e+04 5.14876094e+05 2.15236641e+04 4.37454969e+05
 1.14388779e+04 1.54411641e+05 5.07104219e+05 1.05757550e+06
 1.03772812e+05 2.19480000e+05 1.02428312e+05 6.79794824e+03
 2.56027283e+02 8.41461250e+04 2.23045215e+04 9.60642969e+04
 1.22002852e+04 1.17197217e+04 1.17467900e+06 6.20796188e+05
 4.28736953e+04 1.76247238e+02 1.11438062e+05 5.05396875e+05
 3.17558125e+05 5.11333438e+04 7.37741250e+04 2.84406375e+05]",136.7009561061859,1000.0
GradGSymplecticNNgHMC,1.0,gaussian,0.042253543,"[0.9132904  0.9456226  0.91274023 0.91143817 0.9505125  0.9417283
 0.9419767  0.947888   0.93709725 0.92998517 0.90947664 0.941508
 0.9510204  0.92885077 0.94824255 0.9335157  0.9473154  0.9502225
 0.9567215  0.94132483 0.9486329  0.93460095 0.9539232  0.941075
 0.92054003 0.9559991  0.94507045 0.94756716 0.9238147  0.92430323
 0.9438397  0.9304322  0.9322765  0.8851458  0.94575137 0.9593818
 0.9428358  0.92675686 0.94194126 0.9487772  0.9294305  0.9319829
 0.93013686 0.9400543  0.9569842  0.93907136 0.9314353  0.9417996
 0.9564473  0.91623586 0.94412726 0.9411766  0.9471066  0.94090843
 0.9591297  0.9512698  0.9542761  0.9444279  0.93931746 0.94766474
 0.9221631  0.9356486  0.9525447  0.9469809  0.9435389  0.946715
 0.90041196 0.952183   0.941514   0.93617094 0.9427523  0.95050704
 0.93415755 0.9407603  0.9486558  0.93487346 0.9433613  0.9492707
 0.94253397 0.9268321  0.9335486  0.89904374 0.9460039  0.95345724
 0.9562596  0.93709755 0.94569695 0.9448127  0.9376361  0.94406736
 0.92823124 0.9418118  0.94043726 0.9504131  0.9369011  0.95144284
 0.9447528  0.943858   0.9586193  0.92310107]",13.340287685394287,5.933776471990906
HMC,1.0,high_dimensional_gaussian,1.4246292e-15,"[0.9347526  0.9359457  0.9299199  0.9384165  0.9442042  0.9370775
 0.9476161  0.9371438  0.936816   0.9463686  0.9288265  0.93853366
 0.9432167  0.93926513 0.9245612  0.9403092  0.93822235 0.94214046
 0.93088114 0.93494624 0.941      0.9395846  0.9315569  0.9369645
 0.9440656  0.93593895 0.93406314 0.9376256  0.93025374 0.9367659
 0.9429774  0.9326269  0.92888594 0.9433397  0.9396159  0.94138783
 0.9242438  0.9429034  0.9393541  0.9390726  0.94344395 0.92413557
 0.9330139  0.91997147 0.9361609  0.9409499  0.94064415 0.9309839
 0.94027364 0.94111013 0.94330966 0.9474977  0.9433831  0.9384844
 0.92969334 0.9304177  0.93131584 0.9400384  0.9345025  0.93033475
 0.94548106 0.9425802  0.93280315 0.9311029  0.92095816 0.9364437
 0.9372258  0.9272326  0.9418677  0.9483711  0.93871325 0.9424848
 0.93764067 0.94062203 0.93582314 0.93184793 0.9267211  0.92931193
 0.93892354 0.9395714  0.93870753 0.93101424 0.93762815 0.9441082
 0.94060075 0.9330487  0.94165754 0.93955755 0.9351861  0.93810534
 0.9406099  0.9426507  0.9394158  0.92908144 0.93924415 0.9378616
 0.9305116  0.9348887  0.9340457  0.93644094]",48.29990482330322,186.00469243945815
SymplecticNNgHMC,1.0,high_dimensional_gaussian,0.005198124,"[0.934962   0.9360861  0.930763   0.9378306  0.94406384 0.937235
 0.94737804 0.93685865 0.93696237 0.9465174  0.92921007 0.9388647
 0.94314206 0.9391436  0.924205   0.93974316 0.9383399  0.9424075
 0.9301817  0.93462867 0.9407353  0.9396367  0.93217516 0.93661183
 0.94356716 0.93563926 0.9342104  0.9376032  0.92947143 0.93609923
 0.9431101  0.9320807  0.9291533  0.94330424 0.9397346  0.9408668
 0.9239725  0.9430448  0.93890405 0.93914795 0.9428859  0.9244132
 0.9328138  0.9194743  0.93613815 0.9410614  0.9409234  0.93173254
 0.9403128  0.94133586 0.9432327  0.9475026  0.9435155  0.9380597
 0.9295608  0.929685   0.9309826  0.9401908  0.9337907  0.9307269
 0.94525015 0.94235027 0.9321987  0.9308932  0.92191476 0.93637586
 0.9375777  0.92648125 0.9418014  0.94862056 0.93824875 0.9426629
 0.9377715  0.94096506 0.93627024 0.9318892  0.9259007  0.9298161
 0.9387555  0.9393177  0.9384854  0.93137074 0.93786323 0.9440405
 0.9404842  0.9331972  0.9415576  0.9393246  0.9353837  0.93824023
 0.9404499  0.94245493 0.9398011  0.9290174  0.9386691  0.9382353
 0.93009365 0.93517005 0.93391764 0.9363936 ]",130.4698371887207,100.70283944308527
GSymplecticNNgHMC,1.0,high_dimensional_gaussian,0.0041209348,"[0.93517697 0.9362339  0.9306549  0.9387417  0.94429743 0.9374255
 0.9479372  0.93740463 0.93720424 0.9465889  0.9294003  0.93900526
 0.94330806 0.93960464 0.9251733  0.9405085  0.93832034 0.942451
 0.93119687 0.93513864 0.9411175  0.9399106  0.9319358  0.9371928
 0.9441936  0.9361228  0.9342413  0.9378389  0.93048096 0.93715835
 0.9432001  0.9328539  0.9291743  0.9435407  0.9399409  0.9417918
 0.9246867  0.94305027 0.9396092  0.93943757 0.94390124 0.9246727
 0.93335474 0.9204065  0.9362583  0.9410417  0.9408495  0.9313826
 0.9405526  0.9413761  0.9435276  0.9474902  0.9435519  0.93872166
 0.9299795  0.93060124 0.93193424 0.94018954 0.93481576 0.9306358
 0.9455682  0.9428541  0.9332689  0.9312719  0.92139435 0.9367981
 0.93747205 0.9276478  0.9423458  0.9484601  0.939075   0.9427433
 0.93775165 0.94089186 0.9363456  0.93215835 0.9268838  0.9296694
 0.9392719  0.9397677  0.93895125 0.9313895  0.937991   0.9442053
 0.94085664 0.9334833  0.9419012  0.9394746  0.93518895 0.9381479
 0.94097704 0.9429164  0.93961114 0.9295952  0.9395602  0.93809986
 0.93101084 0.9355483  0.934412   0.9365196 ]",72.746333360672,67.35717062694388
GradSymplecticNNgHMC,1.0,high_dimensional_gaussian,0.004894539,"[0.93484175 0.9355742  0.930202   0.9384059  0.94431067 0.9370443
 0.9475767  0.9371883  0.9369899  0.9462735  0.9289307  0.93864274
 0.9431247  0.93924373 0.92454386 0.94039285 0.93807936 0.942157
 0.93092716 0.93477863 0.9411262  0.9393958  0.9317124  0.93699026
 0.9441676  0.93603075 0.9341852  0.9375603  0.9299859  0.9366379
 0.9429595  0.9324491  0.9289748  0.9435064  0.9396345  0.9414977
 0.9243016  0.94309247 0.9390806  0.9389531  0.9435477  0.92398167
 0.9331335  0.9200301  0.9359374  0.94102657 0.94079244 0.93129605
 0.9403512  0.9410205  0.94313085 0.9474181  0.94334954 0.93850744
 0.92946714 0.9306884  0.93126535 0.94002974 0.93451464 0.9305102
 0.9454579  0.9426281  0.9328062  0.93118066 0.92099255 0.93647784
 0.9370929  0.9270611  0.94201154 0.9483344  0.93888664 0.9424195
 0.93773454 0.94082254 0.93597066 0.93181795 0.92719376 0.9295165
 0.9389097  0.9394951  0.9385452  0.93130845 0.93768287 0.94417465
 0.94078034 0.93295115 0.94170797 0.9394025  0.9349785  0.9380779
 0.94080013 0.94253695 0.9392972  0.92914337 0.93923354 0.93795574
 0.93055665 0.934895   0.934371   0.93653315]",388.59876585006714,95.39420414723288
GradGSymplecticNNgHMC,1.0,high_dimensional_gaussian,0.0021972754,"[0.93508196 0.9363491  0.93041563 0.9387479  0.94447935 0.9375164
 0.9477727  0.937557   0.9371681  0.94660324 0.9293813  0.9388391
 0.9434465  0.93955225 0.92515886 0.94062567 0.9385702  0.9423646
 0.93134296 0.9353427  0.9412634  0.9399476  0.9321096  0.93733585
 0.94428384 0.9362528  0.9345228  0.93799675 0.9307771  0.937186
 0.9432405  0.9330547  0.92940795 0.9435253  0.9398243  0.94172287
 0.92493117 0.94319236 0.93978614 0.9394414  0.9436904  0.924785
 0.93350905 0.92075896 0.93646264 0.94127315 0.94088733 0.93149036
 0.94059104 0.94146097 0.9436226  0.9476449  0.943686   0.93888366
 0.9302741  0.93087757 0.9318387  0.94030714 0.9348912  0.9309225
 0.9457397  0.9428384  0.93327415 0.9316456  0.9217727  0.93688077
 0.9376377  0.9278526  0.94214463 0.9485078  0.9390089  0.9427861
 0.9379264  0.9409466  0.9362297  0.9323117  0.92727894 0.92987776
 0.9393394  0.93990195 0.9390542  0.9315709  0.9380709  0.94432914
 0.9409447  0.93357897 0.9419705  0.93976295 0.93558013 0.9384893
 0.9409523  0.9428992  0.939696   0.92962444 0.93955487 0.93830764
 0.9310303  0.9353396  0.9344896  0.9368615 ]",218.57790207862854,61.36178219329153
HMC,1.0,normal_normal,1.079345e-15,"[0.93869865 0.940175   0.93959016 0.90728396 0.9369048  0.95290804
 0.94245833 0.92010355 0.9339757  0.94271106 0.94873035 0.9402422
 0.93410754 0.9294933  0.93121016 0.9321557  0.94517803 0.91007537
 0.9477298  0.9393195  0.9468996  0.9459013  0.92333573 0.948027
 0.9484792  0.94812125 0.9466824  0.896443   0.90868825 0.94428885
 0.92431515 0.9432167  0.92659444 0.95301956 0.93884647 0.9413353
 0.94267344 0.9237868  0.9467392  0.91507834 0.94323486 0.9457327
 0.9449588  0.90456855 0.9169723  0.9456078  0.9131412  0.9409038
 0.9427248  0.94322765 0.94188374 0.9472213  0.942084   0.91273046
 0.934436   0.9406006  0.93287516 0.9328922  0.9443883  0.9520683
 0.9505559  0.94173163 0.9530277  0.9439523  0.95117015 0.94847053
 0.94816655 0.9421034  0.93803024 0.9424585  0.9478714  0.9366967
 0.94721603 0.9492296  0.9271455  0.94199395 0.93714345 0.92115927
 0.9466337  0.9350829  0.9473157  0.9219534  0.9430501  0.9405546
 0.9488322  0.8761438  0.94603527 0.9375287  0.9431536  0.93083954
 0.94999593 0.93991077 0.9338231  0.9503894  0.93578213 0.9445275
 0.9440415  0.9328281  0.9508375  0.94256234]",75.81379079818726,325.6714531592125
SymplecticNNgHMC,1.0,normal_normal,0.014466023,"[0.9401256  0.9388913  0.9377384  0.90887636 0.93865144 0.9525113
 0.9389922  0.9170661  0.931852   0.9439993  0.94824076 0.94022405
 0.93358374 0.92872304 0.93019557 0.93304956 0.9446577  0.8773223
 0.94659704 0.9409783  0.94624555 0.94550955 0.92440593 0.9481179
 0.94795895 0.9483136  0.9466557  0.89251316 0.9070678  0.94306153
 0.92395395 0.9446788  0.9051788  0.9532175  0.93963873 0.93777704
 0.94197404 0.9272458  0.9472823  0.9162121  0.9392199  0.9455051
 0.9438971  0.9096999  0.91681767 0.94551766 0.8727393  0.93638444
 0.94173115 0.9422436  0.9420438  0.94777143 0.9413068  0.9138956
 0.93311775 0.94046515 0.9352354  0.92891043 0.9449024  0.9514567
 0.9502983  0.9425119  0.95268667 0.94414973 0.95060074 0.9480915
 0.9479573  0.9419311  0.93397045 0.94275373 0.9474864  0.93462867
 0.94663763 0.9487705  0.925107   0.94298255 0.93096256 0.9196925
 0.9464266  0.9335356  0.94543594 0.92220753 0.9427006  0.93606204
 0.94868916 0.87888426 0.9464304  0.93574893 0.9414417  0.92922753
 0.9497041  0.94222564 0.930117   0.95010185 0.9348075  0.9430586
 0.94287527 0.93057275 0.9513216  0.9441234 ]",143.36559057235718,226.89943959680846
GSymplecticNNgHMC,1.0,normal_normal,0.0035108977,"[0.94043845 0.93922055 0.9388883  0.9092163  0.93956035 0.95283574
 0.9426815  0.9221246  0.93343496 0.9431011  0.94830596 0.9400918
 0.93536115 0.9324171  0.9310903  0.9329934  0.94503355 0.9106474
 0.9472816  0.9413208  0.9462949  0.94580215 0.9239332  0.9485318
 0.94830644 0.9484042  0.94671345 0.8950617  0.907623   0.9439281
 0.9235708  0.9432614  0.9279833  0.95305914 0.9401566  0.9429101
 0.94211644 0.92554235 0.94679374 0.9153352  0.9449501  0.9467305
 0.9448475  0.90821123 0.9184239  0.946116   0.9070992  0.941996
 0.94202894 0.9423913  0.9434456  0.94697183 0.94248486 0.91280603
 0.93517387 0.94091105 0.93509734 0.9344098  0.9458989  0.9518935
 0.950726   0.94154763 0.9529664  0.9455799  0.9511498  0.9485604
 0.9481096  0.9418367  0.93665445 0.942347   0.94794726 0.9389105
 0.9465339  0.94896805 0.92600477 0.9447278  0.93912363 0.9216852
 0.94636554 0.9380306  0.9474217  0.9222747  0.94315183 0.9405986
 0.9485447  0.87986183 0.94637954 0.93708944 0.94277966 0.92996234
 0.9498815  0.94055116 0.937142   0.9506291  0.9351362  0.9441051
 0.9453827  0.9335922  0.9510118  0.9438421 ]",49.4854211807251,347.3473200413711
GradSymplecticNNgHMC,1.0,normal_normal,0.006292109,"[0.93591523 0.9406805  0.94073886 0.90782213 0.9369892  0.95222014
 0.94102687 0.91976106 0.93454975 0.9435215  0.9491806  0.94092005
 0.93392026 0.9291378  0.93092334 0.9328153  0.9448554  0.88527507
 0.94822854 0.9385909  0.9461689  0.9459359  0.9248166  0.94681823
 0.9488375  0.9475068  0.94658566 0.8973203  0.9079749  0.9446908
 0.92407453 0.9429636  0.9135417  0.95290184 0.93827546 0.9386438
 0.9430248  0.9265198  0.9463317  0.9161515  0.94098663 0.9462573
 0.9452075  0.9079067  0.9169868  0.9449831  0.89011    0.9381172
 0.94367117 0.94366384 0.9404391  0.94760084 0.94143486 0.9163877
 0.93405676 0.9408215  0.93425816 0.9312417  0.94300336 0.9520507
 0.949828   0.9422757  0.9526695  0.94445455 0.95097184 0.94807833
 0.94804466 0.9418502  0.9372767  0.94211525 0.94742715 0.93515253
 0.94779    0.9483614  0.92933863 0.9427068  0.9328117  0.92210615
 0.9462757  0.9348508  0.9469566  0.92170703 0.94154215 0.9399004
 0.9491803  0.8771059  0.9449439  0.9383349  0.9435514  0.9321587
 0.9498503  0.93885183 0.934018   0.9494559  0.93632543 0.94495475
 0.94289255 0.9306321  0.951292   0.94269216]",281.5997142791748,10.872312668941712
GradGSymplecticNNgHMC,1.0,normal_normal,0.005047252,"[0.93802136 0.94051874 0.94033015 0.9065315  0.93558234 0.9528386
 0.9436485  0.9196889  0.9348507  0.94232893 0.9487275  0.9402592
 0.93470895 0.92962337 0.93155086 0.9327718  0.9456042  0.9127859
 0.94808805 0.9393992  0.94681895 0.9460153  0.92375994 0.9479523
 0.9485488  0.94829047 0.9468292  0.89780825 0.90965414 0.9446501
 0.92474353 0.94316906 0.92787236 0.95307386 0.93907714 0.9416258
 0.94254637 0.9245     0.94702804 0.9143919  0.9437067  0.94649076
 0.9453675  0.9053623  0.9182273  0.94588965 0.91948146 0.9418292
 0.94319963 0.94344825 0.9412519  0.94705385 0.94248027 0.9140297
 0.93473005 0.9410497  0.9334962  0.9342539  0.9441446  0.95215726
 0.950457   0.9414433  0.9530171  0.94454074 0.9512396  0.948285
 0.94828403 0.94246805 0.93918025 0.9426513  0.94791615 0.9381194
 0.9473003  0.9489893  0.9281337  0.9415902  0.93735826 0.9225285
 0.9467683  0.9353046  0.94808215 0.9221386  0.94372225 0.9422678
 0.948832   0.8780183  0.9459736  0.93834305 0.94371736 0.9316
 0.9498736  0.939638   0.9351686  0.9502026  0.93608713 0.94499254
 0.9441373  0.93347466 0.9506779  0.94182837]",67.53363060951233,186.14564879701487
