model,training_size,sensitivity,distribution,solver,step_size,hamiltonian_error,reversibility_error,time,ess
HMC,0.1,autograd,high_dimensional_gaussian,SynchronousLeapfrog,0.1,"[0.67269295 0.68209285 0.6710796  0.67263144 0.66404116 0.6725995
 0.66652435 0.67177695 0.67353296 0.66510165 0.6678535  0.6854905
 0.6691607  0.6786188  0.67960566 0.6641958  0.6792223  0.6679732
 0.67022675 0.6675825  0.67689824 0.6652372  0.67315435 0.67076826
 0.66683614 0.67084515 0.66991365 0.66364217 0.6781652  0.6766097
 0.66203785 0.6636731  0.66208076 0.676105   0.66712666 0.6715238
 0.67002076 0.66262305 0.6673019  0.67330635 0.6613476  0.67477244
 0.6703304  0.66488755 0.672493   0.6714872  0.67963123 0.6713152
 0.67477226 0.66407716 0.6744978  0.6821197  0.6800318  0.6694853
 0.6694759  0.66448003 0.67109334 0.6655539  0.669258   0.67014456
 0.6761715  0.6742136  0.6791549  0.66740954 0.6819331  0.67017925
 0.6724241  0.67198265 0.6719688  0.66397905 0.67142045 0.66112804
 0.67589444 0.67322654 0.6729283  0.6710315  0.6681988  0.67098427
 0.6629085  0.67585653 0.66785353 0.67064106 0.68136024 0.6783404
 0.6756716  0.6823768  0.66992784 0.66634154 0.6717064  0.666923
 0.6758652  0.6735131  0.6687403  0.6670815  0.6793382  0.67135227
 0.6685643  0.67829514 0.66911685 0.6672044 ]",1.2197535e+06,18.039748191833496,5879.743201140209
NNgHMC,0.1,autograd,high_dimensional_gaussian,SynchronousLeapfrog,0.1,"[0.67269295 0.68209285 0.6710796  0.67263144 0.66404116 0.6725995
 0.66652435 0.67177695 0.67353296 0.66510165 0.6678535  0.6854905
 0.6691607  0.6786188  0.67960566 0.6641958  0.6792223  0.6679732
 0.67022675 0.6675825  0.67689824 0.6652372  0.67315435 0.67076826
 0.66683614 0.67084515 0.66991365 0.66364217 0.6781652  0.6766097
 0.66203785 0.6636731  0.66208076 0.676105   0.66712666 0.6715238
 0.67002076 0.66262305 0.6673019  0.67330635 0.6613476  0.67477244
 0.6703304  0.66488755 0.672493   0.6714872  0.67963123 0.6713152
 0.67477226 0.66407716 0.6744978  0.6821197  0.6800318  0.6694853
 0.6694759  0.66448003 0.67109334 0.6655539  0.669258   0.67014456
 0.6761715  0.6742136  0.6791549  0.66740954 0.6819331  0.67017925
 0.6724241  0.67198265 0.6719688  0.66397905 0.67142045 0.66112804
 0.67589444 0.67322654 0.6729283  0.6710315  0.6681988  0.67098427
 0.6629085  0.67585653 0.66785353 0.67064106 0.68136024 0.6783404
 0.6756716  0.6823768  0.66992784 0.66634154 0.6717064  0.666923
 0.6758652  0.6735131  0.6687403  0.6670815  0.6793382  0.67135227
 0.6685643  0.67829514 0.66911685 0.6672044 ]",1.2197535e+06,45.24469470977783,5570.811189182129
NNODEgHMC,0.1,autograd,high_dimensional_gaussian,SynchronousLeapfrog,0.1,"[0.94116896 0.94072425 0.94123954 0.9409714  0.9413876  0.9411715
 0.94143677 0.9412322  0.9409842  0.9413346  0.9411535  0.94063425
 0.94114417 0.9407961  0.9411168  0.9413368  0.9409207  0.941295
 0.94129276 0.9409894  0.9408407  0.9413825  0.94100446 0.94113994
 0.9413543  0.94117    0.941189   0.9414047  0.940765   0.9411406
 0.94137573 0.9415064  0.9416828  0.9408095  0.9411955  0.9412284
 0.9411416  0.94122976 0.94110364 0.9411349  0.94157803 0.9407991
 0.94124734 0.94128627 0.9411801  0.9411988  0.9405253  0.9413137
 0.94114584 0.94138163 0.94108367 0.94057083 0.94070023 0.94121665
 0.9412477  0.94146955 0.9411904  0.9415018  0.94126666 0.94116545
 0.9406885  0.9409654  0.940979   0.9410136  0.9409144  0.94113004
 0.9410032  0.9409497  0.9412145  0.94147635 0.94110537 0.94149184
 0.94089067 0.94111127 0.9411231  0.9411869  0.9414119  0.94114494
 0.9413234  0.9410517  0.9412888  0.94103235 0.9406993  0.9408824
 0.94106805 0.9405834  0.9411532  0.9415082  0.9411305  0.94128263
 0.94111055 0.94101775 0.94132185 0.9413233  0.94094414 0.9410445
 0.9411387  0.9408328  0.9412445  0.94113827]",6.725895e-11,36.28977918624878,5700.0
Explicit NNODEgHMC,0.1,autograd,high_dimensional_gaussian,SynchronousLeapfrog,0.1,"[0.9400495  0.93959594 0.94012153 0.9398415  0.94026726 0.94005275
 0.9403229  0.94011533 0.9398564  0.94021297 0.940026   0.9395063
 0.9400183  0.93966603 0.9400055  0.94021356 0.9397986  0.9401754
 0.9401764  0.9398524  0.93971056 0.9402636  0.9398775  0.94001645
 0.94023633 0.9400479  0.94006693 0.9402842  0.93963265 0.94002646
 0.94025135 0.9403914  0.940575   0.9396762  0.9400686  0.9401111
 0.94001675 0.9400984  0.93997306 0.9400152  0.9404634  0.9396632
 0.94012916 0.94016135 0.940061   0.94007987 0.9393821  0.9402005
 0.9400289  0.940261   0.93996334 0.9394344  0.93956774 0.94009537
 0.9401282  0.9403534  0.94007003 0.9403895  0.9401474  0.9400427
 0.9395493  0.9398379  0.93985987 0.9398779  0.9397964  0.9400052
 0.939875   0.93981767 0.94009686 0.94036055 0.9399807  0.94037247
 0.93976116 0.93999004 0.9400019  0.94006604 0.9402988  0.9400221
 0.9401977  0.9399316  0.94016886 0.93990296 0.9395689  0.93975675
 0.9399487  0.93944824 0.9400293  0.94039714 0.94000787 0.94016093
 0.93999374 0.9398918  0.940205   0.94020385 0.9398234  0.9399172
 0.9400114  0.9397043  0.940124   0.94000924]",2.5461001e-11,58.13797640800476,5.220769890236155
SymplecticNNgHMC,0.1,autograd,high_dimensional_gaussian,SynchronousLeapfrog,0.1,"[0.95146346 0.95151347 0.9515234  0.95190924 0.95186424 0.9514238
 0.95155233 0.9513724  0.95181084 0.9518665  0.95203274 0.95136726
 0.95188    0.9516484  0.95085156 0.9519285  0.951303   0.9516775
 0.9515354  0.95241106 0.9516454  0.9517621  0.95172834 0.95170105
 0.95165503 0.95175064 0.9517025  0.95194787 0.9517201  0.9511255
 0.95211923 0.9516584  0.95142937 0.9519224  0.95208377 0.95134753
 0.95184773 0.9523926  0.9521034  0.95140857 0.95174694 0.9520581
 0.9515095  0.95205176 0.9515345  0.9515153  0.95209503 0.9512667
 0.95129776 0.95182556 0.9514078  0.951743   0.9516339  0.95169103
 0.95157254 0.95165205 0.95157164 0.9514897  0.9516411  0.95169616
 0.95208406 0.95173216 0.9511963  0.95229906 0.95099914 0.95175624
 0.95184773 0.95200765 0.95141494 0.95168346 0.95177114 0.95201415
 0.9518008  0.95157635 0.9515544  0.9516203  0.95141953 0.9516578
 0.9521472  0.95135486 0.9517207  0.95194745 0.9515475  0.9514293
 0.95131767 0.95171976 0.9517621  0.9514502  0.9517057  0.95177734
 0.95121646 0.9516878  0.95159453 0.95169467 0.9512539  0.95183027
 0.95198107 0.95162773 0.9516577  0.9520922 ]",1747.2465,68.4038918018341,3.282267128925205
GSymplecticNNgHMC,0.1,autograd,high_dimensional_gaussian,SynchronousLeapfrog,0.1,"[0.94423413 0.94399023 0.94426525 0.94438326 0.9445524  0.9441959
 0.9443722  0.94420356 0.9443153  0.9445302  0.9445361  0.94385934
 0.94444764 0.944152   0.9438529  0.94459426 0.9439982  0.9444008
 0.9442748  0.9447014  0.9442172  0.9444859  0.94430196 0.9443514
 0.9444155  0.94433916 0.94435585 0.9445796  0.9442048  0.94398856
 0.94470036 0.9444992  0.9444636  0.9443053  0.9445588  0.9442233
 0.9444019  0.9447862  0.9445834  0.9441904  0.94458026 0.94440234
 0.9442834  0.9446063  0.94423974 0.9442465  0.9443356  0.9441922
 0.9440953  0.9445519  0.9441465  0.9441144  0.94412297 0.944353
 0.94433326 0.94448996 0.94428605 0.9444029  0.944348   0.94435394
 0.9443845  0.9442762  0.94396704 0.9446747  0.9438321  0.94438547
 0.9443554  0.9444408  0.9442162  0.9444884  0.94435537 0.94464993
 0.9442572  0.9442196  0.94423676 0.9443121  0.944311   0.9443319
 0.9446789  0.94410294 0.9444086  0.9444407  0.94403744 0.9440872
 0.9440934  0.94407743 0.944384   0.94435996 0.94431007 0.94446456
 0.9440565  0.9442781  0.94434214 0.94443166 0.94398355 0.94437474
 0.9445016  0.94414204 0.9443657  0.94457567]",148.3988,24.611791610717773,27.936568889676316
HMC,0.1,autograd,high_dimensional_warped_gaussian,SynchronousLeapfrog,0.1,"[0.8918049  0.8932277  0.89365834 0.89452016 0.89875096 0.89662975
 0.8967866  0.89625466 0.8940692  0.89872545 0.8952265  0.89113283
 0.895818   0.8928771  0.8905364  0.89731836 0.89410585 0.8952508
 0.89422226 0.8954916  0.89438426 0.8977212  0.89677763 0.8955292
 0.896695   0.89372367 0.8961308  0.8970091  0.8937353  0.8951394
 0.89796203 0.895641   0.89596415 0.8938074  0.89328283 0.8969395
 0.8951651  0.8987895  0.89937514 0.8957099  0.89703774 0.8937901
 0.89657736 0.89629334 0.89236534 0.89653075 0.8927069  0.8953409
 0.89490193 0.8989212  0.8971776  0.8939563  0.8959093  0.8973806
 0.89672685 0.89391506 0.8947803  0.89528084 0.89475334 0.8973621
 0.89699924 0.8954797  0.89334714 0.89727914 0.89493436 0.89707494
 0.8961437  0.89507836 0.89532745 0.8975229  0.8935447  0.89889514
 0.8921978  0.8956374  0.89459    0.89402694 0.89394253 0.8956198
 0.8992542  0.8948877  0.89670813 0.89699477 0.89549655 0.8942854
 0.89593095 0.8952257  0.8970785  0.8936813  0.89450806 0.8972081
 0.895868   0.8952311  0.89501095 0.89561117 0.89322984 0.8979801
 0.8951664  0.8932807  0.89605546 0.8973187 ]",74.02333,17.792283058166504,5879.743829916331
NNgHMC,0.1,autograd,high_dimensional_warped_gaussian,SynchronousLeapfrog,0.1,"[0.8918049  0.8932277  0.89365834 0.89452016 0.89875096 0.89662975
 0.8967866  0.89625466 0.8940692  0.89872545 0.8952265  0.89113283
 0.895818   0.8928771  0.8905364  0.89731836 0.89410585 0.8952508
 0.89422226 0.8954916  0.89438426 0.8977212  0.89677763 0.8955292
 0.896695   0.89372367 0.8961308  0.8970091  0.8937353  0.8951394
 0.89796203 0.895641   0.89596415 0.8938074  0.89328283 0.8969395
 0.8951651  0.8987895  0.89937514 0.8957099  0.89703774 0.8937901
 0.89657736 0.89629334 0.89236534 0.89653075 0.8927069  0.8953409
 0.89490193 0.8989212  0.8971776  0.8939563  0.8959093  0.8973806
 0.89672685 0.89391506 0.8947803  0.89528084 0.89475334 0.8973621
 0.89699924 0.8954797  0.89334714 0.89727914 0.89493436 0.89707494
 0.8961437  0.89507836 0.89532745 0.8975229  0.8935447  0.89889514
 0.8921978  0.8956374  0.89459    0.89402694 0.89394253 0.8956198
 0.8992542  0.8948877  0.89670813 0.89699477 0.89549655 0.8942854
 0.89593095 0.8952257  0.8970785  0.8936813  0.89450806 0.8972081
 0.895868   0.8952311  0.89501095 0.89561117 0.89322984 0.8979801
 0.8951664  0.8932807  0.89605546 0.8973187 ]",74.02333,44.838568925857544,5572.549593515276
NNODEgHMC,0.1,autograd,high_dimensional_warped_gaussian,SynchronousLeapfrog,0.1,"[0.93685675 0.9377143  0.938076   0.93666255 0.9386724  0.93701196
 0.93732756 0.9394778  0.935759   0.94003475 0.9370777  0.9337308
 0.9377688  0.9342679  0.93587935 0.93926877 0.93331623 0.93794584
 0.93770313 0.9366833  0.93704814 0.9395149  0.938941   0.938017
 0.9344413  0.93733    0.93730897 0.9362538  0.9355997  0.9368434
 0.9405987  0.9376425  0.9370753  0.93538564 0.9374785  0.9368204
 0.93667984 0.9380708  0.93897355 0.9370133  0.9411721  0.9351575
 0.93467283 0.9390383  0.9381658  0.93752646 0.9367439  0.9391403
 0.9354811  0.93719363 0.93701524 0.9375371  0.9373953  0.9397764
 0.9374329  0.93598735 0.93618155 0.94012344 0.9391658  0.9389464
 0.9367396  0.9367372  0.9373829  0.9361361  0.9365987  0.9373819
 0.93533677 0.93893975 0.93882036 0.9391069  0.9397702  0.9402046
 0.93536043 0.93693346 0.9373441  0.9382224  0.9393031  0.9379897
 0.9373741  0.9386627  0.9380127  0.93795407 0.93516374 0.93415105
 0.9366335  0.93643    0.93831575 0.9394385  0.93948764 0.93588257
 0.9358449  0.93815184 0.93861336 0.9355198  0.935171   0.9374027
 0.9394328  0.9381305  0.93600273 0.9391858 ]",2.0801375e-13,35.703792333602905,12.551597482720977
Explicit NNODEgHMC,0.1,autograd,high_dimensional_warped_gaussian,SynchronousLeapfrog,0.1,"[0.9354154  0.9353978  0.9378059  0.9373574  0.9376718  0.9370632
 0.9376178  0.93748975 0.9369831  0.93793625 0.9347638  0.9344903
 0.93726397 0.9354725  0.93636537 0.93830866 0.9340202  0.9379953
 0.93674797 0.93633604 0.9364106  0.93803406 0.93681765 0.9378338
 0.93755186 0.9366717  0.9368806  0.93758535 0.93552613 0.93620837
 0.9384987  0.9380894  0.93844026 0.935595   0.9363041  0.93753016
 0.93722737 0.9386081  0.93760955 0.9371537  0.93939847 0.93607664
 0.93752617 0.9387719  0.9354553  0.9377066  0.93510103 0.93608904
 0.9361283  0.9383007  0.9368113  0.9348745  0.93539953 0.93776476
 0.9365977  0.937067   0.9374311  0.9378177  0.93813586 0.9370279
 0.9364079  0.9368808  0.9354388  0.9371313  0.9353625  0.9368186
 0.9368517  0.93715686 0.9381027  0.93894213 0.93647563 0.93950653
 0.9351551  0.9358708  0.93503636 0.9360363  0.9358088  0.9365878
 0.9384758  0.93741196 0.93679154 0.93751544 0.9354714  0.93476665
 0.9356448  0.9358063  0.93705696 0.93763435 0.93637586 0.93711925
 0.9367279  0.9368621  0.9373102  0.93748206 0.9360902  0.9367845
 0.9369911  0.93615496 0.9372014  0.93797815]",2.3338013e-13,57.62865471839905,5700.0
SymplecticNNgHMC,0.1,autograd,high_dimensional_warped_gaussian,SynchronousLeapfrog,0.1,"[0.94730127 0.94677436 0.94792986 0.94762754 0.9485183  0.94732356
 0.9482449  0.9476935  0.94736147 0.94890344 0.9474348  0.9452383
 0.9482641  0.94656134 0.9456581  0.9486429  0.94633913 0.94813824
 0.94719076 0.9474358  0.94761074 0.94851196 0.9478316  0.9477767
 0.9479122  0.9476441  0.94769305 0.94815767 0.9464523  0.9465384
 0.9489498  0.9481305  0.94728875 0.94709414 0.94773996 0.94754076
 0.947945   0.9484293  0.9484551  0.9475235  0.94851935 0.9467095
 0.94743747 0.94842595 0.9470347  0.9478414  0.94619215 0.947314
 0.9473181  0.9485949  0.9473885  0.9467327  0.94695807 0.94815415
 0.9480616  0.94775194 0.9478499  0.9482998  0.9484576  0.94823736
 0.9471911  0.94754255 0.94618034 0.9478389  0.9465736  0.94777286
 0.94713676 0.9480652  0.947359   0.94863    0.94738    0.949562
 0.94674176 0.9471974  0.9472259  0.94775677 0.94737387 0.94767094
 0.9487259  0.94713205 0.94770473 0.94820404 0.94674397 0.9464698
 0.9468717  0.94669193 0.94823205 0.9475505  0.947904   0.9479724
 0.9465046  0.9477576  0.9477668  0.94710374 0.94663    0.9477681
 0.94826055 0.9466111  0.94741964 0.94816345]",8.606095,54.402323722839355,5.135948226187823
GSymplecticNNgHMC,0.1,autograd,high_dimensional_warped_gaussian,SynchronousLeapfrog,0.1,"[0.9252531  0.92270917 0.92584133 0.9241694  0.9271989  0.92588747
 0.9274456  0.9261153  0.9243269  0.92679095 0.9253549  0.9221849
 0.9253677  0.92317027 0.92516434 0.9265933  0.92442214 0.92623633
 0.9263004  0.9242352  0.9234679  0.92700756 0.9246046  0.9253411
 0.92699665 0.92541564 0.9257541  0.9271847  0.9229164  0.9257598
 0.9267292  0.92759216 0.9288554  0.92320174 0.9253521  0.9262935
 0.9253306  0.92601126 0.9253849  0.9255439  0.9280151  0.92306435
 0.9263681  0.92614925 0.9253515  0.9259809  0.9210539  0.9266131
 0.9256879  0.92722315 0.92546046 0.92164725 0.9227905  0.9259803
 0.92629117 0.9272069  0.9257061  0.9275443  0.92605865 0.92573357
 0.9226653  0.9243803  0.92446136 0.9246651  0.924446   0.925539
 0.92468995 0.9239458  0.9258685  0.92758226 0.92473763 0.9276814
 0.9235851  0.9254446  0.9253084  0.9255227  0.92689514 0.9254173
 0.9268141  0.9248983  0.9264544  0.9248039  0.92294455 0.92403734
 0.9252886  0.9220605  0.92564535 0.92745036 0.9251226  0.92653006
 0.92560816 0.92456836 0.9264945  0.92658156 0.92427415 0.9250676
 0.9250716  0.92324626 0.9262008  0.92532414]",91.1323,25.87982678413391,5700.0
HMC,0.2,autograd,high_dimensional_gaussian,SynchronousLeapfrog,0.1,"[0.66636354 0.6719779  0.67165077 0.6677828  0.672838   0.6691842
 0.6719116  0.6740546  0.6715832  0.66809034 0.6772892  0.671493
 0.66742635 0.66901445 0.67055285 0.6735128  0.6746516  0.6651974
 0.6658473  0.66567934 0.67162454 0.6797097  0.6752929  0.67527306
 0.6742465  0.6825723  0.6621432  0.67079055 0.6677921  0.66542584
 0.6682562  0.66799086 0.67041576 0.6733989  0.67751694 0.6710004
 0.6700174  0.66754186 0.6766877  0.6782141  0.6703756  0.67102087
 0.6710207  0.6801666  0.6727605  0.6652496  0.66489947 0.67569065
 0.6731914  0.66382736 0.6726665  0.6642402  0.680295   0.67307293
 0.6733815  0.6724316  0.67368126 0.66861045 0.6757761  0.66282094
 0.6710383  0.6690368  0.67021817 0.6716158  0.6693942  0.66619873
 0.6656381  0.66701066 0.66859806 0.6886241  0.66542304 0.6749035
 0.6689507  0.67536855 0.6724469  0.6702857  0.669177   0.6699028
 0.670433   0.6671452  0.6644788  0.6701591  0.66856706 0.6755562
 0.67154765 0.66577905 0.66674566 0.66968155 0.6673731  0.6753573
 0.67016363 0.6781761  0.67823017 0.66743064 0.66937435 0.6759813
 0.67290115 0.6829424  0.66574794 0.6825479 ]",1.3214312e+06,18.470218181610107,5697.263583103526
NNgHMC,0.2,autograd,high_dimensional_gaussian,SynchronousLeapfrog,0.1,"[0.66636354 0.6719779  0.67165077 0.6677828  0.672838   0.6691842
 0.6719116  0.6740546  0.6715832  0.66809034 0.6772892  0.671493
 0.66742635 0.66901445 0.67055285 0.6735128  0.6746516  0.6651974
 0.6658473  0.66567934 0.67162454 0.6797097  0.6752929  0.67527306
 0.6742465  0.6825723  0.6621432  0.67079055 0.6677921  0.66542584
 0.6682562  0.66799086 0.67041576 0.6733989  0.67751694 0.6710004
 0.6700174  0.66754186 0.6766877  0.6782141  0.6703756  0.67102087
 0.6710207  0.6801666  0.6727605  0.6652496  0.66489947 0.67569065
 0.6731914  0.66382736 0.6726665  0.6642402  0.680295   0.67307293
 0.6733815  0.6724316  0.67368126 0.66861045 0.6757761  0.66282094
 0.6710383  0.6690368  0.67021817 0.6716158  0.6693942  0.66619873
 0.6656381  0.66701066 0.66859806 0.6886241  0.66542304 0.6749035
 0.6689507  0.67536855 0.6724469  0.6702857  0.669177   0.6699028
 0.670433   0.6671452  0.6644788  0.6701591  0.66856706 0.6755562
 0.67154765 0.66577905 0.66674566 0.66968155 0.6673731  0.6753573
 0.67016363 0.6781761  0.67823017 0.66743064 0.66937435 0.6759813
 0.67290115 0.6829424  0.66574794 0.6825479 ]",1.3214312e+06,43.11561417579651,5281.369098711483
NNODEgHMC,0.2,autograd,high_dimensional_gaussian,SynchronousLeapfrog,0.1,"[0.9413427  0.9410372  0.94116753 0.9411006  0.9410275  0.9412422
 0.941193   0.94109935 0.9410083  0.94118166 0.94077367 0.9410839
 0.9411607  0.94109285 0.9413795  0.94095945 0.9410329  0.94134444
 0.9413961  0.9410197  0.94098425 0.9408192  0.94088316 0.94093245
 0.941041   0.9407041  0.9414176  0.94110286 0.94109124 0.9414829
 0.94111025 0.94130135 0.9413309  0.9408636  0.9407806  0.94119585
 0.94109523 0.94101495 0.9407284  0.9409102  0.94120616 0.9408927
 0.9411725  0.94069755 0.94111913 0.9413705  0.9410143  0.9411039
 0.94114923 0.94134355 0.9410991  0.94116676 0.94064796 0.9410409
 0.94105947 0.94113535 0.9410488  0.9413394  0.94098485 0.94137895
 0.94083416 0.9411044  0.94124407 0.94082564 0.9413063  0.94122577
 0.9412006  0.94108504 0.9412827  0.94054973 0.9412717  0.9409547
 0.94109267 0.9409857  0.9410906  0.9411639  0.941323   0.94113576
 0.94101226 0.9413108  0.9413601  0.94100666 0.94111    0.9409337
 0.9411638  0.9411329  0.94122016 0.9413341  0.9412365  0.9409353
 0.94126034 0.94080544 0.9409332  0.9412617  0.94124687 0.94083565
 0.9409399  0.9406214  0.94131535 0.94054955]",8.643838e-11,34.71336364746094,5400.0
Explicit NNODEgHMC,0.2,autograd,high_dimensional_gaussian,SynchronousLeapfrog,0.1,"[0.9402704  0.9399581  0.94009465 0.94001836 0.9399495  0.94017017
 0.9401218  0.94002694 0.9399273  0.9401047  0.9396888  0.94000626
 0.9400811  0.94001216 0.94031566 0.9398788  0.939958   0.94027114
 0.9403261  0.9399303  0.93990177 0.93974066 0.9398014  0.93985295
 0.9399657  0.93962336 0.94034356 0.9400252  0.94000834 0.9404172
 0.9400296  0.9402301  0.9402649  0.9397776  0.9396958  0.9401238
 0.940016   0.93992823 0.93964094 0.9398341  0.94013345 0.93980455
 0.94009894 0.939613   0.9400449  0.94029874 0.93992317 0.94003403
 0.94007766 0.9402685  0.94002455 0.9400827  0.9395616  0.9399638
 0.93998396 0.94006145 0.9399729  0.9402709  0.9399087  0.940304
 0.9397435  0.94002455 0.9401727  0.9397354  0.9402375  0.94014806
 0.9401206  0.9400007  0.9402113  0.93947065 0.94019485 0.93987584
 0.9400115  0.93990916 0.94001496 0.9400887  0.9402541  0.9400587
 0.93992984 0.94023865 0.94028664 0.93992347 0.9400298  0.9398546
 0.9400909  0.94004965 0.9401428  0.9402665  0.94016045 0.9398563
 0.9401903  0.9397235  0.93985784 0.9401874  0.9401748  0.9397526
 0.939857   0.93953705 0.9402416  0.93946147]",2.4442367e-11,55.74687719345093,6.295003570579606
SymplecticNNgHMC,0.2,autograd,high_dimensional_gaussian,SynchronousLeapfrog,0.1,"[0.9568616  0.9568829  0.9568798  0.9571282  0.9568982  0.9569005
 0.9568455  0.9566754  0.95718324 0.9568242  0.9569337  0.95687795
 0.9568767  0.95728314 0.9568509  0.9567565  0.9566455  0.95703137
 0.95714533 0.9570491  0.95684904 0.9565525  0.95682496 0.956963
 0.9566433  0.9567275  0.95703936 0.9569887  0.95721143 0.9567206
 0.9569267  0.9568729  0.95667243 0.9568479  0.95687103 0.95681417
 0.9569668  0.95734155 0.9568076  0.95661986 0.95685214 0.95704335
 0.9569478  0.9568125  0.9570055  0.9570838  0.9572565  0.9566573
 0.9566147  0.9568118  0.956728   0.95740795 0.9567141  0.956941
 0.9566088  0.95676816 0.95665336 0.95675623 0.9568051  0.95693386
 0.95698154 0.95694137 0.9569601  0.9570841  0.9569658  0.9568876
 0.95717925 0.95717204 0.9570813  0.9565786  0.9571514  0.9568317
 0.9569316  0.95679307 0.9568969  0.95702803 0.9567617  0.9569611
 0.95694256 0.9569191  0.9569513  0.9568731  0.95689076 0.95670414
 0.9570116  0.95720166 0.95707977 0.9569294  0.9569656  0.9565395
 0.95667076 0.9566544  0.95662117 0.95693386 0.9567199  0.9566575
 0.9571042  0.956459   0.95699716 0.9568428 ]",2591.3042,74.74271416664124,29.83394827809695
GSymplecticNNgHMC,0.2,autograd,high_dimensional_gaussian,SynchronousLeapfrog,0.1,"[0.9444008  0.9441146  0.9442215  0.94426405 0.94407195 0.9442872
 0.94430894 0.9441828  0.94413376 0.9442293  0.9439415  0.94413316
 0.944256   0.9442158  0.9446706  0.9440309  0.9440799  0.9443785
 0.9444665  0.944489   0.9441204  0.94386756 0.9439804  0.94398487
 0.94408435 0.9437759  0.9444511  0.94415134 0.94427025 0.9446162
 0.94423026 0.9443463  0.9444811  0.9441094  0.9439331  0.9442384
 0.94417524 0.9443395  0.9439825  0.94397247 0.94426394 0.94423956
 0.9442247  0.9438254  0.94415724 0.9443857  0.9445664  0.9442381
 0.9442247  0.94437397 0.9441123  0.94442296 0.94382876 0.9440777
 0.94408166 0.9441699  0.94408435 0.94446135 0.9440367  0.9443984
 0.9442782  0.9441964  0.944266   0.9442541  0.9444002  0.94428575
 0.9443142  0.94432175 0.94433564 0.94364256 0.9443394  0.94401205
 0.94422424 0.94401586 0.94413745 0.94419736 0.94439906 0.9441937
 0.94415843 0.9443443  0.9443884  0.9441802  0.9442088  0.94397366
 0.94423056 0.944343   0.94427174 0.94450325 0.944265   0.94399107
 0.94431555 0.9438984  0.9439799  0.9442896  0.9442737  0.9439637
 0.94410247 0.94373333 0.9443499  0.9437785 ]",52735.113,29.265533447265625,27.901436454706438
HMC,0.2,autograd,high_dimensional_warped_gaussian,SynchronousLeapfrog,0.1,"[0.8934287  0.89545697 0.8938918  0.8958173  0.8973755  0.8976156
 0.8960835  0.8961047  0.8947703  0.8985097  0.8936999  0.8941164
 0.89652556 0.8950607  0.89261675 0.8958504  0.89524853 0.8961934
 0.8954651  0.8962612  0.89570254 0.895189   0.896629   0.8949518
 0.89557856 0.89170253 0.89804524 0.89599204 0.89607275 0.8976509
 0.8971483  0.8952109  0.8947426  0.89462435 0.8915949  0.89735353
 0.89551556 0.8982209  0.89782274 0.8950092  0.8956759  0.8948395
 0.896768   0.89361876 0.8926517  0.8981063  0.89591426 0.8947832
 0.89550054 0.89937514 0.89780754 0.89774966 0.8960421  0.89698935
 0.89627826 0.8927552  0.8945936  0.89508057 0.89380026 0.89916986
 0.89827347 0.896809   0.8953824  0.896796   0.89763963 0.8982083
 0.8978197  0.8964049  0.8963276  0.8929533  0.8951032  0.8965556
 0.893892   0.89549863 0.89499784 0.8945238  0.8941356  0.8961688
 0.8981487  0.89691293 0.89775866 0.8974136  0.8982565  0.89507836
 0.89701974 0.89874303 0.8980541  0.893428   0.8957155  0.89587754
 0.8972739  0.894582   0.89346164 0.8959314  0.89547145 0.89734256
 0.89466095 0.8925805  0.8970921  0.8945837 ]",74.37598,18.329810619354248,5697.24435998128
NNgHMC,0.2,autograd,high_dimensional_warped_gaussian,SynchronousLeapfrog,0.1,"[0.8934287  0.89545697 0.8938918  0.8958173  0.8973755  0.8976156
 0.8960835  0.8961047  0.8947703  0.8985097  0.8936999  0.8941164
 0.89652556 0.8950607  0.89261675 0.8958504  0.89524853 0.8961934
 0.8954651  0.8962612  0.89570254 0.895189   0.896629   0.8949518
 0.89557856 0.89170253 0.89804524 0.89599204 0.89607275 0.8976509
 0.8971483  0.8952109  0.8947426  0.89462435 0.8915949  0.89735353
 0.89551556 0.8982209  0.89782274 0.8950092  0.8956759  0.8948395
 0.896768   0.89361876 0.8926517  0.8981063  0.89591426 0.8947832
 0.89550054 0.89937514 0.89780754 0.89774966 0.8960421  0.89698935
 0.89627826 0.8927552  0.8945936  0.89508057 0.89380026 0.89916986
 0.89827347 0.896809   0.8953824  0.896796   0.89763963 0.8982083
 0.8978197  0.8964049  0.8963276  0.8929533  0.8951032  0.8965556
 0.893892   0.89549863 0.89499784 0.8945238  0.8941356  0.8961688
 0.8981487  0.89691293 0.89775866 0.8974136  0.8982565  0.89507836
 0.89701974 0.89874303 0.8980541  0.893428   0.8957155  0.89587754
 0.8972739  0.894582   0.89346164 0.8959314  0.89547145 0.89734256
 0.89466095 0.8925805  0.8970921  0.8945837 ]",74.37598,42.96378302574158,5282.977173713415
NNODEgHMC,0.2,autograd,high_dimensional_warped_gaussian,SynchronousLeapfrog,0.1,"[0.93696356 0.93869257 0.93659985 0.9362201  0.9363446  0.9364564
 0.9351806  0.9382733  0.934668   0.93899536 0.9350761  0.9344939
 0.9370905  0.9346528  0.935835   0.93698114 0.9326166  0.9372601
 0.93752354 0.93623084 0.93681496 0.93638    0.938035   0.9362141
 0.9314617  0.9343418  0.93749523 0.9337277  0.93641424 0.9373512
 0.9391057  0.93572843 0.93405235 0.9346132  0.9348685  0.93543833
 0.93550014 0.93627596 0.93676347 0.9349799  0.9389073  0.93451786
 0.9328332  0.9356253  0.9375216  0.9375517  0.93860424 0.93789864
 0.9342034  0.9357316  0.93623865 0.94009066 0.9367242  0.93860614
 0.9356815  0.9334111  0.93404335 0.938939   0.9371842  0.93954223
 0.9366681  0.9364135  0.93804693 0.93441594 0.9376403  0.93705696
 0.93514556 0.9391143  0.9382055  0.93395895 0.94046915 0.9370551
 0.93534076 0.9357195  0.93675154 0.93776596 0.93872    0.937325
 0.934934   0.93903035 0.9377493  0.9369806  0.93602884 0.9332975
 0.93637705 0.93812025 0.93813646 0.9378872  0.9398831  0.9330578
 0.9353246  0.9365183  0.9362116  0.9338101  0.9352779  0.9356227
 0.93820304 0.93660325 0.9351921  0.93601173]",2.6708353e-13,34.757492542266846,1.7978742012010192
Explicit NNODEgHMC,0.2,autograd,high_dimensional_warped_gaussian,SynchronousLeapfrog,0.1,"[0.9363224  0.93683785 0.93760335 0.9380776  0.93625134 0.93755436
 0.9366328  0.93711966 0.9372201  0.93744266 0.93332976 0.93675584
 0.9374343  0.9370775  0.9377413  0.9367651  0.9346771  0.93862265
 0.93741703 0.9365377  0.93712425 0.93572086 0.9364166  0.93703455
 0.93619365 0.93451595 0.93814963 0.93635106 0.9372442  0.9378674
 0.93762624 0.9374673  0.9371915  0.9358441  0.93454206 0.93756044
 0.9371595  0.9378166  0.93601465 0.9362047  0.9379777  0.93667686
 0.9373354  0.9361765  0.93540144 0.93869305 0.93756187 0.9354686
 0.9362837  0.9383811  0.93696356 0.93774474 0.93526334 0.93716717
 0.93594277 0.9357363  0.93698597 0.9373845  0.93696105 0.93808115
 0.9372175  0.9376223  0.9368073  0.93632424 0.93717784 0.93740577
 0.93791425 0.93792194 0.93856716 0.9348229  0.937392   0.9372587
 0.93624467 0.93548393 0.93511534 0.93609667 0.9356828  0.93669987
 0.93722534 0.9387206  0.93733287 0.93744516 0.9374485  0.93518496
 0.9362628  0.93847966 0.93750954 0.93713367 0.93702763 0.9355943
 0.93754137 0.93592185 0.93563795 0.9374155  0.93767333 0.9358699
 0.9362604  0.93519974 0.9377882  0.9353595 ]",2.3452174e-13,55.52473425865173,5400.0
SymplecticNNgHMC,0.2,autograd,high_dimensional_warped_gaussian,SynchronousLeapfrog,0.1,"[0.92978144 0.93002003 0.92985165 0.9234652  0.9281739  0.9292692
 0.9303855  0.93065476 0.92497873 0.9298224  0.9276055  0.9270395
 0.9277725  0.9272814  0.931734   0.9281026  0.9270377  0.9298455
 0.9321842  0.9234316  0.9266286  0.92744875 0.9296106  0.92792606
 0.92413276 0.92631596 0.9304646  0.92569804 0.92616194 0.93342155
 0.92869735 0.9290415  0.92966735 0.92368954 0.9268395  0.9293647
 0.9260907  0.92570615 0.92590654 0.9264716  0.9306301  0.9220991
 0.9288634  0.9248295  0.9317199  0.93066424 0.9256999  0.933465
 0.9304463  0.9283757  0.92984724 0.93022335 0.92682356 0.93052864
 0.9298668  0.9287151  0.92641824 0.93141294 0.9273639  0.9321228
 0.92305565 0.9262969  0.9332587  0.9222268  0.9325336  0.9283323
 0.92671627 0.9273085  0.9315144  0.9265315  0.93089044 0.9274353
 0.92590064 0.9288665  0.93140125 0.9307717  0.9346999  0.93008775
 0.9245962  0.9302511  0.931252   0.92619324 0.9266442  0.92573947
 0.9306148  0.9265258  0.9289949  0.93173933 0.93226004 0.9248439
 0.92888284 0.9260292  0.92897844 0.9281473  0.9280119  0.9262141
 0.92764825 0.9258797  0.9287979  0.92361134]",45.742188,73.37595677375793,5400.0
GSymplecticNNgHMC,0.2,autograd,high_dimensional_warped_gaussian,SynchronousLeapfrog,0.1,"[0.9265728  0.92473114 0.9255313  0.92517126 0.92512435 0.9265253
 0.9261489  0.92542124 0.9246294  0.92602885 0.92309844 0.9250743
 0.9256854  0.92522335 0.92693394 0.92439336 0.92525244 0.9267721
 0.9271471  0.9246453  0.9244892  0.92359734 0.9239559  0.9241643
 0.9252467  0.92254543 0.92746246 0.9255213  0.9251667  0.9280809
 0.9252839  0.926641   0.9269606  0.9236473  0.9228581  0.92626876
 0.92521256 0.9248848  0.9231364  0.92423266 0.9259111  0.92379904
 0.9261617  0.92253995 0.92510843 0.9272989  0.92430913 0.9254521
 0.92585754 0.927303   0.92571485 0.9255271  0.922446   0.92503154
 0.92526877 0.9254133  0.9249417  0.92679644 0.92440283 0.92730653
 0.92368734 0.9253825  0.9262264  0.923656   0.92697334 0.9263484
 0.92616796 0.924972   0.9264568  0.92190266 0.9259671  0.9244647
 0.9250423  0.9247922  0.9252589  0.92553395 0.92658865 0.9255406
 0.92506504 0.92668486 0.92714995 0.9247996  0.92565453 0.92449903
 0.92602825 0.9256413  0.9262589  0.92665994 0.92596495 0.9245488
 0.92674375 0.92335194 0.92414844 0.9264678  0.9262749  0.9238474
 0.92396295 0.9219288  0.9269109  0.9216707 ]",26.69205,29.21882724761963,5400.0
HMC,0.30000000000000004,autograd,high_dimensional_gaussian,SynchronousLeapfrog,0.1,"[0.6712936  0.6726632  0.6629031  0.67272496 0.67389727 0.6764395
 0.6776394  0.68101716 0.67104447 0.6755904  0.68825215 0.6739497
 0.66996765 0.6697299  0.6692153  0.67126536 0.6766423  0.6656136
 0.66660124 0.6697046  0.667801   0.6688     0.66858613 0.6721686
 0.67273235 0.6761192  0.66848874 0.66974247 0.6694908  0.6757819
 0.6699829  0.6721387  0.6694089  0.6688306  0.6661824  0.6723559
 0.66954625 0.6679723  0.6660398  0.664595   0.6766231  0.6661215
 0.67488927 0.66982114 0.6668663  0.66478986 0.68318164 0.6637239
 0.6739192  0.67575634 0.6768028  0.6701412  0.66952276 0.67198634
 0.67464435 0.6696882  0.6735754  0.66713667 0.66937464 0.6676626
 0.66707796 0.66735077 0.66185904 0.6686783  0.67277616 0.6797297
 0.67654014 0.6788113  0.6710118  0.6654929  0.6745062  0.66884035
 0.663216   0.6750478  0.673962   0.66755    0.6690979  0.66613513
 0.67725945 0.68470657 0.67136145 0.6818687  0.6713176  0.6724974
 0.6613202  0.67479753 0.66547525 0.67538327 0.6676292  0.6749401
 0.66833997 0.67205954 0.67468333 0.66878194 0.6700578  0.6725759
 0.66632307 0.66794753 0.66554636 0.67080325]",1.4019431e+06,18.116963386535645,5378.04762238308
NNgHMC,0.30000000000000004,autograd,high_dimensional_gaussian,SynchronousLeapfrog,0.1,"[0.6712936  0.6726632  0.6629031  0.67272496 0.67389727 0.6764395
 0.6776394  0.68101716 0.67104447 0.6755904  0.68825215 0.6739497
 0.66996765 0.6697299  0.6692153  0.67126536 0.6766423  0.6656136
 0.66660124 0.6697046  0.667801   0.6688     0.66858613 0.6721686
 0.67273235 0.6761192  0.66848874 0.66974247 0.6694908  0.6757819
 0.6699829  0.6721387  0.6694089  0.6688306  0.6661824  0.6723559
 0.66954625 0.6679723  0.6660398  0.664595   0.6766231  0.6661215
 0.67488927 0.66982114 0.6668663  0.66478986 0.68318164 0.6637239
 0.6739192  0.67575634 0.6768028  0.6701412  0.66952276 0.67198634
 0.67464435 0.6696882  0.6735754  0.66713667 0.66937464 0.6676626
 0.66707796 0.66735077 0.66185904 0.6686783  0.67277616 0.6797297
 0.67654014 0.6788113  0.6710118  0.6654929  0.6745062  0.66884035
 0.663216   0.6750478  0.673962   0.66755    0.6690979  0.66613513
 0.67725945 0.68470657 0.67136145 0.6818687  0.6713176  0.6724974
 0.6613202  0.67479753 0.66547525 0.67538327 0.6676292  0.6749401
 0.66833997 0.67205954 0.67468333 0.66878194 0.6700578  0.6725759
 0.66632307 0.66794753 0.66554636 0.67080325]",1.4019431e+06,41.329050064086914,4981.019686637222
NNODEgHMC,0.30000000000000004,autograd,high_dimensional_gaussian,SynchronousLeapfrog,0.1,"[0.9411324  0.94098127 0.9414436  0.94089526 0.9409579  0.9409499
 0.9409536  0.9408166  0.940997   0.94088334 0.9403534  0.9409639
 0.9410397  0.9410371  0.94138706 0.94100857 0.940928   0.9412962
 0.94133365 0.9408512  0.9410906  0.9411742  0.94109154 0.94101095
 0.94106096 0.9409007  0.9411596  0.9411079  0.9410018  0.9410777
 0.94101894 0.9411189  0.9413284  0.9409981  0.941154   0.94111276
 0.94108075 0.9409733  0.94108045 0.94136035 0.9409493  0.9410407
 0.9410006  0.94103545 0.94129384 0.94135284 0.940338   0.94149196
 0.9410875  0.94088733 0.9409183  0.94092894 0.9410027  0.94104695
 0.9409811  0.94119775 0.94101876 0.941355   0.9411785  0.9411749
 0.9409506  0.941134   0.9415056  0.9409052  0.9411499  0.9407133
 0.94078255 0.9406365  0.9411618  0.94133776 0.94091666 0.9411384
 0.9412665  0.9409637  0.9410032  0.9412276  0.9412889  0.9412376
 0.94074    0.9406519  0.9410822  0.9405608  0.94098204 0.9410102
 0.9414929  0.9407837  0.941234   0.9410936  0.9411947  0.94091815
 0.9412894  0.9409919  0.9410243  0.9411802  0.94118774 0.9409272
 0.9411442  0.94112414 0.9412894  0.94093955]",1.2608749e-10,33.56153726577759,5100.0
Explicit NNODEgHMC,0.30000000000000004,autograd,high_dimensional_gaussian,SynchronousLeapfrog,0.1,"[0.9400889  0.9399322  0.94040346 0.939842   0.9399098  0.9399053
 0.93991077 0.93977165 0.93994635 0.93983406 0.93929565 0.9399159
 0.93998975 0.9399864  0.9403531  0.93995893 0.93988216 0.94025266
 0.9402935  0.9397912  0.94004023 0.9401295  0.9400424  0.93996286
 0.9400162  0.9398526  0.94011354 0.9400612  0.93994904 0.9400383
 0.939968   0.94007576 0.9402921  0.93994445 0.9401039  0.9400705
 0.94003236 0.93991727 0.94002736 0.9403188  0.9399046  0.939985
 0.9399561  0.9399853  0.9402518  0.9403113  0.9392719  0.9404557
 0.94004583 0.9398386  0.9398726  0.9398737  0.9399507  0.9400004
 0.9399353  0.94015515 0.93997324 0.9403168  0.9401345  0.9401287
 0.9398924  0.9400852  0.94046724 0.93984675 0.94010985 0.9396614
 0.93972945 0.9395792  0.94011986 0.94029635 0.9398667  0.940092
 0.9402176  0.9399175  0.93995714 0.9401835  0.94024986 0.9401921
 0.93968606 0.93960404 0.94003665 0.9395045  0.9399316  0.93996257
 0.94045347 0.9397284  0.94018745 0.94005394 0.9401492  0.9398696
 0.9402501  0.9399426  0.9399805  0.9401357  0.9401454  0.9398758
 0.940094   0.9400755  0.9402458  0.939886  ]",2.4558782e-11,54.67935562133789,4.781915792461189
SymplecticNNgHMC,0.30000000000000004,autograd,high_dimensional_gaussian,SynchronousLeapfrog,0.1,"[0.9532542  0.95328534 0.9534497  0.9533665  0.95321697 0.9530777
 0.95300883 0.9529282  0.9533774  0.95318794 0.9529354  0.9532279
 0.95339364 0.9534256  0.95313895 0.9533423  0.9530923  0.95342064
 0.95333433 0.9535896  0.9534931  0.9533288  0.9534198  0.9532834
 0.9532005  0.9531673  0.95336646 0.9533495  0.95346516 0.9530009
 0.9534041  0.9531932  0.95316213 0.953515   0.9535412  0.95316887
 0.95339316 0.9535676  0.953572   0.9534073  0.9530725  0.95363414
 0.9531344  0.9534082  0.95336145 0.9534108  0.95326257 0.9533467
 0.95310915 0.953174   0.9530816  0.9534912  0.953441   0.9532505
 0.953163   0.9532938  0.9532091  0.95327413 0.9533113  0.95339286
 0.9536382  0.95346326 0.9534478  0.95359993 0.9531169  0.953103
 0.95322895 0.95324075 0.9532126  0.95338625 0.9532375  0.9533652
 0.9536061  0.95315695 0.95318735 0.9533703  0.9532198  0.95343626
 0.9532227  0.95286036 0.953263   0.9531152  0.9533571  0.95327044
 0.9534871  0.9533319  0.95347977 0.95302856 0.95340055 0.95320535
 0.9532467  0.9533197  0.9531235  0.95333546 0.9532447  0.9533253
 0.95351934 0.95344275 0.95342803 0.95343125]",26.761475,72.72348380088806,37.98603317964936
GSymplecticNNgHMC,0.30000000000000004,autograd,high_dimensional_gaussian,SynchronousLeapfrog,0.1,"[0.9442319  0.9442355  0.9445008  0.9443113  0.944168   0.9440338
 0.9439801  0.94386435 0.9443315  0.9441208  0.9437852  0.9441774
 0.94435716 0.9443809  0.94425094 0.9442973  0.9440405  0.9444253
 0.9443483  0.9445648  0.9444525  0.9443109  0.94438785 0.9442441
 0.9441714  0.94410056 0.94434786 0.9443132  0.9444236  0.9440149
 0.9443664  0.94419324 0.94425124 0.944476   0.94452167 0.94416636
 0.94435024 0.9445407  0.94455624 0.944438   0.9440323  0.9446201
 0.9440898  0.9443716  0.9443812  0.9444288  0.9441526  0.94443095
 0.9441086  0.9441104  0.94402826 0.94444525 0.9444043  0.9442169
 0.9441165  0.9442777  0.9441637  0.9443323  0.9442929  0.94437873
 0.944622   0.9444375  0.9445056  0.9445673  0.94412625 0.94400156
 0.9441506  0.9441454  0.94422054 0.94440126 0.9441842  0.9443385
 0.94461    0.9441037  0.9441509  0.9443686  0.944267   0.94443244
 0.94413316 0.94376934 0.9442338  0.9440004  0.9443051  0.9442247
 0.9445361  0.9442611  0.9444679  0.94406766 0.944383   0.94413984
 0.9442851  0.9442624  0.9440908  0.94432116 0.9442479  0.9442665
 0.9445052  0.94441813 0.944427   0.94438505]",864.878,32.980013608932495,3.372424397463827
HMC,0.30000000000000004,autograd,high_dimensional_warped_gaussian,SynchronousLeapfrog,0.1,"[0.89264166 0.89549416 0.89595544 0.89499533 0.89731044 0.89627117
 0.8950414  0.8947724  0.8950778  0.8971207  0.8914895  0.89378977
 0.8962158  0.89513016 0.8931205  0.89649236 0.89497566 0.8963665
 0.8955626  0.8956579  0.89670503 0.89760804 0.89819616 0.89576054
 0.89605653 0.89315605 0.89697874 0.8964104  0.89594114 0.8956906
 0.8969984  0.89455956 0.8951644  0.89577043 0.8941525  0.8972479
 0.8958232  0.89834976 0.9002073  0.89802593 0.8945443  0.89608395
 0.89612913 0.8959211  0.89410037 0.89845407 0.8922803  0.89747906
 0.8955135  0.8970875  0.8970847  0.89675426 0.89841974 0.8973818
 0.89616984 0.89353514 0.8947839  0.895622   0.89531326 0.898409
 0.8992965  0.8973798  0.89737177 0.89760256 0.8971192  0.8955571
 0.8957391  0.89412487 0.89603186 0.89788526 0.89343107 0.89799064
 0.8953458  0.89570874 0.89485496 0.8953175  0.8943783  0.8971772
 0.896877   0.8933983  0.8965508  0.8951076  0.8978772  0.89587307
 0.8993818  0.8970568  0.8985569  0.8924357  0.89589906 0.89610595
 0.89785755 0.89600027 0.89433765 0.89587927 0.8955407  0.8981923
 0.89624184 0.8958472  0.8973848  0.8971499 ]",74.58891,17.983407020568848,5378.008802567931
NNgHMC,0.30000000000000004,autograd,high_dimensional_warped_gaussian,SynchronousLeapfrog,0.1,"[0.89264166 0.89549416 0.89595544 0.89499533 0.89731044 0.89627117
 0.8950414  0.8947724  0.8950778  0.8971207  0.8914895  0.89378977
 0.8962158  0.89513016 0.8931205  0.89649236 0.89497566 0.8963665
 0.8955626  0.8956579  0.89670503 0.89760804 0.89819616 0.89576054
 0.89605653 0.89315605 0.89697874 0.8964104  0.89594114 0.8956906
 0.8969984  0.89455956 0.8951644  0.89577043 0.8941525  0.8972479
 0.8958232  0.89834976 0.9002073  0.89802593 0.8945443  0.89608395
 0.89612913 0.8959211  0.89410037 0.89845407 0.8922803  0.89747906
 0.8955135  0.8970875  0.8970847  0.89675426 0.89841974 0.8973818
 0.89616984 0.89353514 0.8947839  0.895622   0.89531326 0.898409
 0.8992965  0.8973798  0.89737177 0.89760256 0.8971192  0.8955571
 0.8957391  0.89412487 0.89603186 0.89788526 0.89343107 0.89799064
 0.8953458  0.89570874 0.89485496 0.8953175  0.8943783  0.8971772
 0.896877   0.8933983  0.8965508  0.8951076  0.8978772  0.89587307
 0.8993818  0.8970568  0.8985569  0.8924357  0.89589906 0.89610595
 0.89785755 0.89600027 0.89433765 0.89587927 0.8955407  0.8981923
 0.89624184 0.8958472  0.8973848  0.8971499 ]",74.58891,41.959412574768066,4980.982463465543
NNODEgHMC,0.30000000000000004,autograd,high_dimensional_warped_gaussian,SynchronousLeapfrog,0.1,"[0.9356946  0.9383973  0.9378614  0.934875   0.9358894  0.93457365
 0.9338502  0.9366703  0.93445873 0.93754977 0.9328816  0.93356466
 0.9365237  0.93398833 0.93558395 0.9370847  0.93174666 0.93679535
 0.93704486 0.93528765 0.93731946 0.9378149  0.9389992  0.9362723
 0.9309272  0.9351808  0.93606156 0.93332136 0.9357268  0.9350709
 0.9385335  0.9345483  0.9336645  0.93493426 0.9365958  0.9347317
 0.93494546 0.9357605  0.93836474 0.9368664  0.93752974 0.9348237
 0.9314661  0.93686163 0.9383799  0.9371871  0.9352186  0.93984854
 0.9336395  0.93317413 0.9352224  0.9390296  0.93840027 0.9386212
 0.9350709  0.9332375  0.9334817  0.9389385  0.93793666 0.93858314
 0.93694913 0.9363534  0.9392416  0.93443525 0.93669575 0.93422794
 0.93271387 0.9370327  0.93745375 0.9372975  0.9388226  0.93772924
 0.9359495  0.9354646  0.93640155 0.9380557  0.9386202  0.9376688
 0.9332427  0.935791   0.9362759  0.93464154 0.9351249  0.93348885
 0.93787736 0.9362032  0.9381745  0.93668497 0.9398074  0.9324955
 0.93519664 0.93726796 0.93639314 0.9329416  0.9344897  0.9358138
 0.93925285 0.93884754 0.9346336  0.93763036]",2.5975074e-13,33.940017223358154,2.230863065804755
Explicit NNODEgHMC,0.30000000000000004,autograd,high_dimensional_warped_gaussian,SynchronousLeapfrog,0.1,"[0.9347998  0.9361985  0.93876064 0.936855   0.9353682  0.9357955
 0.9350418  0.9354264  0.93692064 0.9355593  0.9300377  0.9357958
 0.9363612  0.9364411  0.93766725 0.9366487  0.9332671  0.93818516
 0.936931   0.93520206 0.9372942  0.9370197  0.9369814  0.9370861
 0.93598664 0.935091   0.9365692  0.93590254 0.93642604 0.9356531
 0.9368677  0.93625224 0.9368967  0.93612957 0.93579376 0.9367986
 0.9368328  0.9372422  0.9372214  0.938132   0.9365766  0.9370408
 0.9361257  0.9375067  0.9356766  0.938367   0.93353665 0.9367118
 0.9354741  0.9357168  0.9356917  0.93618435 0.9364375  0.93686575
 0.93499565 0.9356658  0.93661684 0.93716717 0.9376812  0.9367384
 0.9374733  0.9376065  0.937621   0.9362363  0.93605614 0.9343777
 0.9354019  0.9352438  0.93781877 0.9384054  0.93540525 0.93796176
 0.9367239  0.93468654 0.93396723 0.93602264 0.93511194 0.93676937
 0.9354124  0.9353563  0.9356367  0.934673   0.93647355 0.93482375
 0.93734145 0.9363916  0.93722284 0.9357013  0.9363905  0.93501085
 0.93747246 0.9364631  0.93573344 0.9367206  0.9372529  0.935976
 0.9368529  0.93717736 0.9373907  0.9368846 ]",2.1534655e-13,54.48266339302063,5100.0
SymplecticNNgHMC,0.30000000000000004,autograd,high_dimensional_warped_gaussian,SynchronousLeapfrog,0.1,"[0.9240638  0.9228287  0.93095624 0.9225447  0.9216859  0.9227973
 0.9243245  0.92231196 0.92649645 0.92452276 0.914184   0.926398
 0.92470837 0.9242627  0.9278986  0.92392874 0.9200982  0.9313404
 0.925159   0.92250776 0.92769563 0.9282265  0.92670125 0.92620647
 0.92434734 0.92309254 0.92706406 0.92465967 0.9264242  0.92325276
 0.9238981  0.9239926  0.92844296 0.92376345 0.9201352  0.92689264
 0.92533183 0.9232959  0.9248292  0.9295082  0.9248637  0.9208915
 0.9247657  0.92523926 0.92293096 0.9286027  0.92061037 0.92793953
 0.9254224  0.9238976  0.92538756 0.92190194 0.92487085 0.9243802
 0.9240099  0.92722535 0.9265494  0.928936   0.9243144  0.92466927
 0.9224416  0.92689073 0.92849684 0.9221412  0.9250989  0.9208635
 0.92165464 0.92215604 0.9267311  0.9278285  0.92282075 0.9269657
 0.92311066 0.9220442  0.9217867  0.9251189  0.92477196 0.9243932
 0.9247354  0.9215819  0.9232456  0.9218755  0.92515016 0.92288226
 0.9290713  0.92392415 0.92764175 0.92266846 0.9229721  0.9233149
 0.92793244 0.92425334 0.92388576 0.9268718  0.9282154  0.9254846
 0.9268179  0.92504895 0.9250941  0.92285025]",1.0783635,80.10557222366333,5100.0
GSymplecticNNgHMC,0.30000000000000004,autograd,high_dimensional_warped_gaussian,SynchronousLeapfrog,0.1,"[0.9253136  0.9244571  0.9275927  0.9238509  0.92472315 0.9246723
 0.9246682  0.923591   0.9246394  0.92411315 0.9201726  0.9243531
 0.92497844 0.92491674 0.92719096 0.92480016 0.9245545  0.9266822
 0.926968   0.92356384 0.9253025  0.9260329  0.92542636 0.9247586
 0.9254273  0.9238784  0.92591876 0.92566586 0.9246482  0.9255607
 0.92475593 0.9255518  0.92710733 0.92463326 0.92543614 0.9258489
 0.9252199  0.92469025 0.92557144 0.92737025 0.92429304 0.9248859
 0.92508686 0.9248487  0.9264312  0.92737865 0.9196598  0.92818946
 0.925558   0.92433536 0.92456836 0.92403525 0.92486894 0.9251572
 0.9248227  0.9259355  0.92484784 0.9270646  0.9257829  0.92611927
 0.92453253 0.9256999  0.92818356 0.92423093 0.92608917 0.922943
 0.92341316 0.92194575 0.92584825 0.92718554 0.9236996  0.92579854
 0.92633647 0.9246874  0.92474794 0.92610383 0.9265324  0.9263909
 0.9232275  0.92233    0.92542446 0.9217822  0.9248733  0.92501134
 0.92844296 0.9233305  0.92652005 0.92516994 0.9258443  0.9244558
 0.9270842  0.9246421  0.92484295 0.9260499  0.92604184 0.9245092
 0.9254664  0.92534274 0.9268894  0.92431563]",9.962349,32.70564889907837,5100.0
HMC,0.4,autograd,high_dimensional_gaussian,SynchronousLeapfrog,0.1,"[0.67142934 0.6694745  0.6813259  0.67154324 0.6696613  0.66907525
 0.67374516 0.6636351  0.6889488  0.6679853  0.66660005 0.66753006
 0.66421527 0.6759574  0.6686877  0.66962117 0.6740842  0.67322385
 0.6731883  0.6821488  0.67396563 0.67268777 0.67188996 0.66708994
 0.6708018  0.6756639  0.66534996 0.66759264 0.66980714 0.66279083
 0.67107725 0.67634284 0.6764593  0.67159146 0.67549133 0.6720015
 0.6620283  0.67234385 0.66787905 0.66650844 0.668007   0.6662689
 0.694442   0.6702957  0.6654033  0.676219   0.67145103 0.66336155
 0.67347336 0.6676833  0.66696644 0.6726863  0.6738779  0.6681657
 0.67353165 0.6699712  0.66989917 0.66544676 0.6707828  0.66441864
 0.6678633  0.6734663  0.67123854 0.670369   0.6652911  0.6700908
 0.6808967  0.6702711  0.6782934  0.66442394 0.6688296  0.6736841
 0.66916454 0.66708755 0.6651073  0.66608596 0.6674372  0.6747582
 0.6701381  0.67525595 0.66684103 0.6735867  0.6768486  0.6684362
 0.67449105 0.6663574  0.67240876 0.66645193 0.6778128  0.6747426
 0.6698591  0.6715128  0.673001   0.6730854  0.67680836 0.671107
 0.67302203 0.678501   0.6787769  0.6735966 ]",1.269009e+06,18.409483432769775,5011.153454985996
NNgHMC,0.4,autograd,high_dimensional_gaussian,SynchronousLeapfrog,0.1,"[0.67142934 0.6694745  0.6813259  0.67154324 0.6696613  0.66907525
 0.67374516 0.6636351  0.6889488  0.6679853  0.66660005 0.66753006
 0.66421527 0.6759574  0.6686877  0.66962117 0.6740842  0.67322385
 0.6731883  0.6821488  0.67396563 0.67268777 0.67188996 0.66708994
 0.6708018  0.6756639  0.66534996 0.66759264 0.66980714 0.66279083
 0.67107725 0.67634284 0.6764593  0.67159146 0.67549133 0.6720015
 0.6620283  0.67234385 0.66787905 0.66650844 0.668007   0.6662689
 0.694442   0.6702957  0.6654033  0.676219   0.67145103 0.66336155
 0.67347336 0.6676833  0.66696644 0.6726863  0.6738779  0.6681657
 0.67353165 0.6699712  0.66989917 0.66544676 0.6707828  0.66441864
 0.6678633  0.6734663  0.67123854 0.670369   0.6652911  0.6700908
 0.6808967  0.6702711  0.6782934  0.66442394 0.6688296  0.6736841
 0.66916454 0.66708755 0.6651073  0.66608596 0.6674372  0.6747582
 0.6701381  0.67525595 0.66684103 0.6735867  0.6768486  0.6684362
 0.67449105 0.6663574  0.67240876 0.66645193 0.6778128  0.6747426
 0.6698591  0.6715128  0.673001   0.6730854  0.67680836 0.671107
 0.67302203 0.678501   0.6787769  0.6735966 ]",1.269009e+06,40.92333269119263,4681.722093784485
NNODEgHMC,0.4,autograd,high_dimensional_gaussian,SynchronousLeapfrog,0.1,"[0.94119567 0.9411571  0.94085693 0.9409959  0.9411715  0.9412788
 0.9411615  0.9415029  0.9404204  0.9412162  0.9411837  0.9412564
 0.94130504 0.9408757  0.94148225 0.94112825 0.9410856  0.9410912
 0.94116867 0.9404588  0.9409305  0.9411008  0.9410343  0.9412546
 0.94119585 0.94098175 0.94133484 0.9412478  0.9410485  0.9416112
 0.94103944 0.94103783 0.9411518  0.9409566  0.9408827  0.9411932
 0.94141006 0.9408711  0.9410701  0.94135875 0.9413233  0.9410896
 0.94037265 0.94107884 0.94141376 0.94101304 0.9408063  0.94157636
 0.941173   0.94123733 0.94133395 0.94089365 0.94090533 0.94124687
 0.9410863  0.941256   0.9412154  0.94148606 0.9411948  0.94135296
 0.94097346 0.9409768  0.9412414  0.9408967  0.94148606 0.94111764
 0.94068706 0.94099724 0.9409713  0.94144267 0.94118136 0.9410291
 0.9411151  0.94131225 0.9413838  0.9413454  0.9414193  0.94099426
 0.94105184 0.9410552  0.9413079  0.94091356 0.940845   0.94121826
 0.941092   0.94114053 0.9410493  0.94148374 0.9408967  0.94098824
 0.9413049  0.9410731  0.9411522  0.94109267 0.9410157  0.9410386
 0.9409653  0.9408099  0.940884   0.9408971 ]",4.864705e-11,33.542529344558716,4800.0
Explicit NNODEgHMC,0.4,autograd,high_dimensional_gaussian,SynchronousLeapfrog,0.1,"[0.9400921  0.94004905 0.9397509  0.9398822  0.94006467 0.94017684
 0.9400603  0.9404044  0.9393031  0.9401092  0.94007224 0.94015044
 0.9401965  0.9397625  0.9403899  0.94001883 0.93998086 0.9399852
 0.9400668  0.9393329  0.93981713 0.9399947  0.93992347 0.940148
 0.94009197 0.9398736  0.9402299  0.9401417  0.93993497 0.9405172
 0.93992746 0.93993396 0.94005394 0.939841   0.93976873 0.94009125
 0.940304   0.93975234 0.93995535 0.9402572  0.94022167 0.9399726
 0.93926144 0.93996775 0.94031256 0.9399077  0.939682   0.9404811
 0.94007206 0.94013107 0.94023174 0.93977654 0.9397907  0.9401417
 0.9399807  0.94015324 0.94011104 0.94038934 0.9400906  0.9402477
 0.93985337 0.93986535 0.94014025 0.93977594 0.94038934 0.9400085
 0.9395715  0.9398817  0.939867   0.9403422  0.9400734  0.9399211
 0.94000375 0.9402088  0.9402808  0.940242   0.9403218  0.9398858
 0.9399395  0.93995064 0.94020385 0.939799   0.93973184 0.94011164
 0.9399884  0.94002694 0.93994    0.9403883  0.9397874  0.9398796
 0.9402056  0.9399638  0.9400492  0.93998665 0.93991137 0.9399271
 0.9398524  0.93969715 0.93977565 0.93978155]",2.423864e-11,52.5718309879303,7.410937185390619
SymplecticNNgHMC,0.4,autograd,high_dimensional_gaussian,SynchronousLeapfrog,0.1,"[0.9486713  0.9487836  0.9483287  0.9488231  0.94874686 0.9486865
 0.9485121  0.9488196  0.94826984 0.94882214 0.94895357 0.9488373
 0.9490051  0.94868743 0.94851327 0.9488093  0.9485575  0.9486312
 0.9485512  0.9487051  0.94875544 0.9486389  0.9487666  0.9488599
 0.94868374 0.94856334 0.9488931  0.9488201  0.948923   0.94874305
 0.94879836 0.94844306 0.9483134  0.9488945  0.94868565 0.9485755
 0.9490673  0.9489163  0.9489889  0.94879925 0.9487181  0.94908446
 0.94793475 0.9488308  0.9488184  0.94849557 0.94905704 0.94876075
 0.94851655 0.9488251  0.94875735 0.94886744 0.9487461  0.9487686
 0.9485819  0.9486984  0.94871235 0.94873714 0.9486717  0.94892186
 0.9491128  0.94875    0.94858766 0.94903123 0.94869745 0.9487947
 0.9485339  0.948914   0.9483878  0.94882226 0.94880617 0.9486488
 0.9488931  0.94876707 0.948863   0.9488492  0.9486636  0.94859505
 0.9488746  0.9484967  0.9488243  0.9487912  0.9486264  0.94878787
 0.94852865 0.9490361  0.9487041  0.94865704 0.94849217 0.9486307
 0.94859    0.94874024 0.9485625  0.9486426  0.94845974 0.94881266
 0.94877523 0.94856215 0.94846505 0.9487826 ]",91.70187,86.90430808067322,1.1897868417438908
GSymplecticNNgHMC,0.4,autograd,high_dimensional_gaussian,SynchronousLeapfrog,0.1,"[0.94427365 0.944394   0.9439392  0.9444067  0.9443563  0.94431704
 0.9441514  0.9444802  0.9437914  0.9444215  0.9445602  0.9444498
 0.944602   0.9442301  0.94429845 0.944404   0.94417274 0.9442274
 0.9441767  0.94421184 0.94430274 0.9442309  0.94433105 0.94446534
 0.9442886  0.94416875 0.94450396 0.94443834 0.94447184 0.9444928
 0.9443846  0.94408834 0.944044   0.9444419  0.9442692  0.9442204
 0.9446561  0.9444548  0.9445524  0.94441795 0.9443571  0.9446758
 0.9434828  0.9444117  0.9444718  0.94408816 0.9446034  0.9444747
 0.944167   0.9444275  0.9443996  0.94441795 0.944314   0.9443888
 0.9442007  0.9443165  0.9443345  0.94442034 0.9442913  0.9445343
 0.94465303 0.9442894  0.94423866 0.9445709  0.9444098  0.9443753
 0.9440621  0.9444865  0.9440154  0.9444803  0.9444248  0.9442271
 0.9444661  0.94441384 0.9444887  0.9444642  0.9443588  0.94419515
 0.94442594 0.9441225  0.9444338  0.94433326 0.94417655 0.94440675
 0.9441344  0.9445979  0.94428635 0.9443879  0.94409126 0.9441964
 0.9442729  0.9443328  0.9441999  0.9442305  0.94407696 0.9443716
 0.9443377  0.9441201  0.94403696 0.94434994]",222.53375,36.53859734535217,2.4330954690847477
HMC,0.4,autograd,high_dimensional_warped_gaussian,SynchronousLeapfrog,0.1,"[0.8921954  0.8957612  0.89180267 0.89486474 0.89783    0.897442
 0.8955426  0.8979778  0.8911818  0.8983318  0.89563674 0.8946938
 0.8969378  0.89349127 0.89276713 0.89644086 0.8951944  0.8943881
 0.8937947  0.8928093  0.89505804 0.8964378  0.897143   0.89639014
 0.89608574 0.89293045 0.89716876 0.8964257  0.8954631  0.8979411
 0.8963913  0.8933587  0.8933584  0.89479876 0.8918268  0.8969759
 0.8968768  0.8970771  0.8994132  0.89716095 0.895942   0.8955717
 0.89200175 0.89541864 0.8938937  0.89573693 0.8943932  0.89703476
 0.89527005 0.89839315 0.89875686 0.8958637  0.8971828  0.89778197
 0.89607954 0.89303803 0.89515626 0.8954842  0.8946117  0.8986203
 0.8987187  0.89574164 0.8949828  0.8968595  0.89824915 0.89723146
 0.89461297 0.8955474  0.89422405 0.8976203  0.8941966  0.896639
 0.89363086 0.8969606  0.8962487  0.8951402  0.89425963 0.8950213
 0.8980247  0.89511096 0.8970647  0.8965548  0.8964404  0.89631194
 0.89626443 0.89841413 0.8967346  0.8938431  0.893453   0.8958421
 0.89714426 0.8957445  0.8943372  0.8946065  0.8938112  0.89815444
 0.89445466 0.89333475 0.894318   0.89622927]",74.17168,18.123072624206543,5011.131977623737
NNgHMC,0.4,autograd,high_dimensional_warped_gaussian,SynchronousLeapfrog,0.1,"[0.8921954  0.8957612  0.89180267 0.89486474 0.89783    0.897442
 0.8955426  0.8979778  0.8911818  0.8983318  0.89563674 0.8946938
 0.8969378  0.89349127 0.89276713 0.89644086 0.8951944  0.8943881
 0.8937947  0.8928093  0.89505804 0.8964378  0.897143   0.89639014
 0.89608574 0.89293045 0.89716876 0.8964257  0.8954631  0.8979411
 0.8963913  0.8933587  0.8933584  0.89479876 0.8918268  0.8969759
 0.8968768  0.8970771  0.8994132  0.89716095 0.895942   0.8955717
 0.89200175 0.89541864 0.8938937  0.89573693 0.8943932  0.89703476
 0.89527005 0.89839315 0.89875686 0.8958637  0.8971828  0.89778197
 0.89607954 0.89303803 0.89515626 0.8954842  0.8946117  0.8986203
 0.8987187  0.89574164 0.8949828  0.8968595  0.89824915 0.89723146
 0.89461297 0.8955474  0.89422405 0.8976203  0.8941966  0.896639
 0.89363086 0.8969606  0.8962487  0.8951402  0.89425963 0.8950213
 0.8980247  0.89511096 0.8970647  0.8965548  0.8964404  0.89631194
 0.89626443 0.89841413 0.8967346  0.8938431  0.893453   0.8958421
 0.89714426 0.8957445  0.8943372  0.8946065  0.8938112  0.89815444
 0.89445466 0.89333475 0.894318   0.89622927]",74.17168,41.28114366531372,4682.189405532481
NNODEgHMC,0.4,autograd,high_dimensional_warped_gaussian,SynchronousLeapfrog,0.1,"[0.9362502  0.9391634  0.9354724  0.9357373  0.9369113  0.9365891
 0.9351419  0.9398603  0.9322435  0.93902606 0.93694806 0.9352741
 0.93771935 0.9334918  0.9361784  0.9376739  0.9327016  0.9360336
 0.93640375 0.93351024 0.93673027 0.9375291  0.9387053  0.93772143
 0.93219316 0.93573874 0.93701816 0.93444633 0.93617284 0.93782604
 0.9386244  0.934539   0.933468   0.9351686  0.9353484  0.93557286
 0.9369544  0.9355857  0.9383025  0.93697566 0.9392791  0.9353732
 0.9294677  0.9373081  0.9387767  0.9357103  0.937566   0.93990695
 0.9343605  0.93539923 0.9374579  0.9386538  0.9378655  0.93941295
 0.9359087  0.9342432  0.9350075  0.9395041  0.93789285 0.9392511
 0.9372546  0.93578565 0.93781984 0.9347073  0.93831795 0.93638676
 0.93273056 0.9385762  0.9368159  0.93802136 0.93983716 0.93734574
 0.93531626 0.9371413  0.9380678  0.938498   0.9390201  0.9365597
 0.93503565 0.9378171  0.9375113  0.93650454 0.93487394 0.93461275
 0.93594587 0.9381234  0.93712974 0.9385495  0.93815064 0.9333787
 0.93564796 0.9377123  0.93708813 0.9330732  0.9342742  0.9365815
 0.93820715 0.93743944 0.93322265 0.9375274 ]",2.339391e-13,33.17369771003723,2.7457855514509557
Explicit NNODEgHMC,0.4,autograd,high_dimensional_warped_gaussian,SynchronousLeapfrog,0.1,"[0.9354054  0.93719375 0.93599546 0.9374408  0.936717   0.93747663
 0.9363493  0.9385729  0.9341521  0.93736047 0.9349103  0.9373135
 0.9378559  0.93579    0.9379264  0.93736696 0.9346501  0.9370669
 0.9361557  0.93355453 0.9367746  0.93680966 0.9368827  0.9382509
 0.93683213 0.9357394  0.937442   0.93681    0.9368516  0.9380764
 0.937047   0.93588257 0.9361908  0.93619645 0.9348272  0.9373368
 0.93846834 0.9369495  0.9373986  0.9380991  0.93831336 0.937438
 0.9332832  0.9377608  0.93644047 0.93683594 0.9363967  0.9371187
 0.9361814  0.93762624 0.9378261  0.9362501  0.93621063 0.9378352
 0.93580455 0.9361328  0.9375198  0.9377186  0.93772686 0.9377205
 0.93774194 0.9368216  0.93649113 0.9365705  0.9376694  0.93673795
 0.93526876 0.9372653  0.9369404  0.938766   0.93672514 0.9374124
 0.9361148  0.9366995  0.9361514  0.9366679  0.935785   0.93573034
 0.93719566 0.93735284 0.93682927 0.93685806 0.9360795  0.93627214
 0.9356836  0.93829465 0.9365182  0.93747854 0.9352925  0.93570846
 0.93753284 0.93693924 0.93649316 0.9363858  0.9364165  0.93667746
 0.9361086  0.93593884 0.9355757  0.9368422 ]",2.257631e-13,52.9618763923645,4800.0
SymplecticNNgHMC,0.4,autograd,high_dimensional_warped_gaussian,SynchronousLeapfrog,0.1,"[0.93477035 0.92949677 0.9242708  0.912508   0.92496794 0.93235844
 0.93071806 0.9389318  0.9004297  0.9322661  0.92391986 0.92013836
 0.9191822  0.90595406 0.93253005 0.92100424 0.91554534 0.9246744
 0.9324187  0.89600414 0.9117207  0.9325447  0.9299133  0.92218244
 0.91586006 0.92350054 0.93012255 0.91624564 0.9172742  0.9365405
 0.9279866  0.9231304  0.92578983 0.90408087 0.915683   0.925332
 0.9244331  0.9035329  0.9208953  0.9314598  0.93458927 0.89656484
 0.9071957  0.9167551  0.93782127 0.9247621  0.9018791  0.94079924
 0.9286244  0.916396   0.92743033 0.9279353  0.92498577 0.9344573
 0.9255419  0.92087805 0.92381155 0.94035405 0.9305333  0.9319521
 0.9072789  0.9170569  0.9359739  0.89011496 0.9377712  0.92308474
 0.90393084 0.9211639  0.9290521  0.9305951  0.94074047 0.92825025
 0.91389626 0.92630124 0.93247855 0.9366077  0.94273174 0.92614216
 0.91271037 0.9298842  0.9294113  0.9153155  0.917232   0.9135329
 0.9307558  0.91922206 0.92647123 0.93829674 0.93523663 0.917741
 0.9274096  0.92688817 0.9329338  0.9176714  0.925516   0.92320967
 0.92925644 0.9256314  0.9135229  0.91815233]",460.59158,86.22871208190918,265.69977826900936
GSymplecticNNgHMC,0.4,autograd,high_dimensional_warped_gaussian,SynchronousLeapfrog,0.1,"[0.9253638  0.92524785 0.9233486  0.92426    0.92582893 0.9265158
 0.9257479  0.9277402  0.9207148  0.9259915  0.92552006 0.9260006
 0.92638606 0.92365927 0.9273561  0.9252775  0.9254055  0.92495656
 0.92544305 0.920814   0.9239235  0.9252011  0.92468166 0.9260337
 0.9260647  0.924143   0.92668647 0.9262543  0.92466736 0.92862076
 0.9245564  0.9247338  0.92561686 0.9240758  0.9233038  0.9260504
 0.9270208  0.92376244 0.9251541  0.92692417 0.9264263  0.9248967
 0.92093325 0.92483556 0.9267284  0.9247985  0.9227311  0.9281701
 0.9258374  0.92640007 0.92697495 0.923464   0.9239147  0.92609155
 0.925228   0.92597675 0.92583    0.92743444 0.9255189  0.92686266
 0.9244122  0.92435455 0.92594635 0.923978   0.92784303 0.9254171
 0.92269146 0.92413497 0.9242632  0.92739886 0.9250662  0.92474145
 0.9249763  0.926649   0.9268793  0.9264242  0.92686784 0.9243984
 0.92514956 0.92478025 0.92655134 0.9239987  0.9237308  0.9261033
 0.9253746  0.9254641  0.92493474 0.9272856  0.9234716  0.924723
 0.9267785  0.9248392  0.9253515  0.92519903 0.924606   0.92497796
 0.9238851  0.92293453 0.92395824 0.92375726]",2583.7527,36.56892681121826,4800.0
HMC,0.5,autograd,high_dimensional_gaussian,SynchronousLeapfrog,0.1,"[0.6695014  0.66568065 0.67517823 0.67679954 0.6643355  0.67287767
 0.67053497 0.6740638  0.6709358  0.66617864 0.6676625  0.6704194
 0.66987276 0.6740157  0.6687268  0.6627977  0.6831511  0.66721153
 0.66402066 0.6671023  0.6721899  0.66295415 0.6665495  0.6725097
 0.66877526 0.6827072  0.6725273  0.6652782  0.6679632  0.67925143
 0.6713666  0.6694853  0.6708492  0.66727704 0.67028    0.67174935
 0.6698     0.67061484 0.66357684 0.67167014 0.67467636 0.66698396
 0.667243   0.6708469  0.6825757  0.66649234 0.6693882  0.66722363
 0.6740737  0.67177916 0.67246807 0.67770135 0.6669965  0.67317426
 0.66745234 0.6723927  0.66822404 0.66768515 0.6672305  0.6687924
 0.6718127  0.6691203  0.6718316  0.6718546  0.67884105 0.6644025
 0.66669434 0.6723725  0.6707429  0.6709188  0.6658053  0.67244136
 0.6652036  0.67267454 0.6765398  0.67062783 0.674962   0.6803249
 0.66770333 0.6845314  0.66948223 0.67648256 0.66965616 0.668638
 0.6717863  0.67560977 0.6674883  0.6707298  0.67516637 0.6682169
 0.67941445 0.6778149  0.6758479  0.6659721  0.6699343  0.6702752
 0.69270533 0.67222375 0.67484224 0.6708738 ]",1.3690276e+06,18.387489557266235,4779.5628728376
NNgHMC,0.5,autograd,high_dimensional_gaussian,SynchronousLeapfrog,0.1,"[0.6695014  0.66568065 0.67517823 0.67679954 0.6643355  0.67287767
 0.67053497 0.6740638  0.6709358  0.66617864 0.6676625  0.6704194
 0.66987276 0.6740157  0.6687268  0.6627977  0.6831511  0.66721153
 0.66402066 0.6671023  0.6721899  0.66295415 0.6665495  0.6725097
 0.66877526 0.6827072  0.6725273  0.6652782  0.6679632  0.67925143
 0.6713666  0.6694853  0.6708492  0.66727704 0.67028    0.67174935
 0.6698     0.67061484 0.66357684 0.67167014 0.67467636 0.66698396
 0.667243   0.6708469  0.6825757  0.66649234 0.6693882  0.66722363
 0.6740737  0.67177916 0.67246807 0.67770135 0.6669965  0.67317426
 0.66745234 0.6723927  0.66822404 0.66768515 0.6672305  0.6687924
 0.6718127  0.6691203  0.6718316  0.6718546  0.67884105 0.6644025
 0.66669434 0.6723725  0.6707429  0.6709188  0.6658053  0.67244136
 0.6652036  0.67267454 0.6765398  0.67062783 0.674962   0.6803249
 0.66770333 0.6845314  0.66948223 0.67648256 0.66965616 0.668638
 0.6717863  0.67560977 0.6674883  0.6707298  0.67516637 0.6682169
 0.67941445 0.6778149  0.6758479  0.6659721  0.6699343  0.6702752
 0.69270533 0.67222375 0.67484224 0.6708738 ]",1.3690276e+06,39.57713484764099,4391.733284378209
NNODEgHMC,0.5,autograd,high_dimensional_gaussian,SynchronousLeapfrog,0.1,"[0.9412159  0.9412481  0.9410269  0.94076765 0.9413166  0.9410962
 0.9412262  0.9410836  0.94101894 0.9412366  0.9411044  0.9411084
 0.941061   0.9409024  0.94142604 0.94132805 0.94071597 0.9412586
 0.94144535 0.9409599  0.940952   0.941401   0.941182   0.9410174
 0.94122094 0.9406853  0.94103456 0.9412855  0.9410734  0.9409751
 0.94098747 0.94123304 0.94129825 0.94107056 0.9410259  0.941154
 0.94109005 0.9408955  0.941185   0.94112813 0.94103813 0.9410264
 0.941292   0.9410169  0.9407549  0.94131154 0.94084567 0.94138813
 0.941102   0.9410474  0.9410917  0.9406764  0.94111    0.9410235
 0.94125605 0.94112146 0.9412284  0.94135594 0.9412741  0.9411532
 0.94079757 0.94108903 0.9411711  0.94080794 0.9409546  0.94127697
 0.9411509  0.94088304 0.9411912  0.9411644  0.94124484 0.9410288
 0.9412136  0.9410672  0.9409307  0.9411373  0.94110096 0.94075143
 0.94109774 0.9406778  0.941168   0.94077003 0.941059   0.9411663
 0.94114035 0.94077176 0.9411807  0.9412799  0.9409454  0.94117594
 0.94091594 0.9408053  0.9410027  0.9412993  0.9412117  0.9410268
 0.9402226  0.9409901  0.94097775 0.9409542 ]",5.4448415e-11,32.50812602043152,4500.0
Explicit NNODEgHMC,0.5,autograd,high_dimensional_gaussian,SynchronousLeapfrog,0.1,"[0.9401549  0.9401836  0.93996495 0.939695   0.940254   0.9400346
 0.9401678  0.9400231  0.9399502  0.94017255 0.94003546 0.9400436
 0.93999326 0.93983257 0.94037473 0.9402636  0.9396503  0.94019675
 0.9403883  0.93988264 0.93988204 0.9403405  0.94011545 0.93995136
 0.94015974 0.93961716 0.9399694  0.94022226 0.9400034  0.93991697
 0.93991804 0.9401733  0.9402439  0.93999934 0.93995667 0.940094
 0.9400234  0.93982047 0.94011444 0.94006634 0.9399761  0.93995255
 0.94023204 0.93994826 0.93969    0.94025177 0.93976593 0.94033307
 0.94004285 0.93998194 0.9400296  0.93960047 0.9400407  0.93995893
 0.9401948  0.94006    0.94016665 0.94029975 0.94021297 0.94008875
 0.9397194  0.9400214  0.9401118  0.93973005 0.93989503 0.94021213
 0.940083   0.93980956 0.94013137 0.9401033  0.94018    0.93996334
 0.9401462  0.94000405 0.93986595 0.9400743  0.9400425  0.9396834
 0.94002885 0.9396121  0.9401052  0.93969727 0.9399909  0.94010204
 0.9400796  0.93969774 0.94011545 0.9402241  0.93987936 0.94011164
 0.9398551  0.93973625 0.9399407  0.94023776 0.9401517  0.9399581
 0.93914557 0.93992186 0.939913   0.93988246]",2.485467e-11,51.42157506942749,4.034662322425293
SymplecticNNgHMC,0.5,autograd,high_dimensional_gaussian,SynchronousLeapfrog,0.1,"[0.9442724  0.9444747  0.944009   0.944163   0.9444517  0.9440674
 0.9441719  0.9440431  0.9442897  0.94435155 0.94438475 0.94428253
 0.9443285  0.94426    0.9441408  0.94451445 0.94369066 0.9443464
 0.94434184 0.9445088  0.94426286 0.94450176 0.9443793  0.9442341
 0.9441842  0.94380283 0.94420445 0.9444062  0.94445944 0.94376934
 0.9442824  0.9442375  0.94397974 0.94448674 0.94431233 0.9441484
 0.9442934  0.94446254 0.9446286  0.94416916 0.94403887 0.9445936
 0.94433564 0.9443593  0.94374007 0.94441223 0.9446285  0.9442069
 0.9440341  0.9441813  0.9440991  0.9441831  0.94445676 0.94413203
 0.94425744 0.9441366  0.9442594  0.94415486 0.94428015 0.94431156
 0.9444322  0.94432116 0.9441391  0.9444288  0.94386184 0.94443405
 0.9445114  0.94438624 0.9442135  0.94420755 0.9444546  0.9441535
 0.94447035 0.9440589  0.94402933 0.9442708  0.9439704  0.9440143
 0.94438946 0.9437032  0.9441721  0.94418156 0.9442388  0.9442773
 0.9441724  0.9441883  0.94438523 0.94418    0.94407123 0.9443244
 0.94380474 0.9440874  0.94395274 0.9443896  0.9441876  0.9443072
 0.9436468  0.9442533  0.9440133  0.9443552 ]",2731.068,92.88713121414185,59.18259303530977
GSymplecticNNgHMC,0.5,autograd,high_dimensional_gaussian,SynchronousLeapfrog,0.1,"[0.944168   0.94435585 0.9439639  0.94405043 0.9443673  0.9440237
 0.94407463 0.9439656  0.9442183  0.944318   0.94435114 0.9441811
 0.944244   0.9441227  0.9440853  0.9444628  0.9437027  0.94425607
 0.94431674 0.944507   0.944188   0.9443896  0.94433737 0.9441124
 0.94418657 0.94376457 0.9440956  0.94435394 0.9443523  0.94375104
 0.9442035  0.94415087 0.9440269  0.9444021  0.94427216 0.94404936
 0.94423074 0.9443185  0.94451237 0.94407743 0.94397306 0.9444568
 0.9442191  0.944219   0.9437267  0.9442443  0.9444615  0.9441626
 0.9439645  0.94412565 0.9440453  0.9440617  0.9443657  0.9440597
 0.9442339  0.9440672  0.9442247  0.94416827 0.94425267 0.944221
 0.94432104 0.94425964 0.9440422  0.944319   0.94378155 0.9443984
 0.94435644 0.9442315  0.9440932  0.94410104 0.9443581  0.9441015
 0.944425   0.94406796 0.9439377  0.9441492  0.9439235  0.94384706
 0.9443333  0.94365263 0.94418216 0.94405526 0.94424176 0.9442358
 0.9440546  0.9441074  0.9442831  0.9440608  0.9440174  0.944247
 0.9437709  0.9439537  0.943928   0.9442975  0.9441261  0.94422483
 0.94350696 0.9441585  0.944008   0.944257  ]",3366.1472,40.079378843307495,3.514761025002644
HMC,0.5,autograd,high_dimensional_warped_gaussian,SynchronousLeapfrog,0.1,"[0.89295983 0.8969078  0.89330125 0.8941001  0.8992724  0.89699113
 0.8965048  0.89622104 0.8950476  0.89905965 0.89581484 0.8944863
 0.8961792  0.89417624 0.8931572  0.8982109  0.8935919  0.8959551
 0.89602697 0.8961424  0.89572227 0.8987689  0.89856166 0.89564323
 0.89684    0.8917506  0.8960732  0.89728534 0.89620084 0.8949382
 0.8966545  0.8950652  0.8948028  0.89603186 0.8932185  0.89733195
 0.8957111  0.8977353  0.9006524  0.8964685  0.8949248  0.8958281
 0.897694   0.89564943 0.89074653 0.89801997 0.89516276 0.89666295
 0.89544344 0.89789236 0.8979696  0.89512134 0.8988924  0.8970895
 0.8976385  0.89290845 0.89586043 0.89543605 0.8957001  0.8981089
 0.8982421  0.896943   0.89519495 0.89687896 0.8958122  0.89874923
 0.89777076 0.8954536  0.8960366  0.89667654 0.8952087  0.8971798
 0.8948392  0.8961725  0.89427847 0.89460504 0.8930906  0.8941411
 0.898854   0.8934479  0.89689445 0.89623374 0.8981775  0.8966347
 0.89710206 0.89685667 0.89806163 0.8933713  0.89425725 0.8974781
 0.89548343 0.8947526  0.8940587  0.896403   0.8955096  0.8986327
 0.8906603  0.8948876  0.8953675  0.8970846 ]",74.52955,17.922784566879272,4779.551194669957
NNgHMC,0.5,autograd,high_dimensional_warped_gaussian,SynchronousLeapfrog,0.1,"[0.89295983 0.8969078  0.89330125 0.8941001  0.8992724  0.89699113
 0.8965048  0.89622104 0.8950476  0.89905965 0.89581484 0.8944863
 0.8961792  0.89417624 0.8931572  0.8982109  0.8935919  0.8959551
 0.89602697 0.8961424  0.89572227 0.8987689  0.89856166 0.89564323
 0.89684    0.8917506  0.8960732  0.89728534 0.89620084 0.8949382
 0.8966545  0.8950652  0.8948028  0.89603186 0.8932185  0.89733195
 0.8957111  0.8977353  0.9006524  0.8964685  0.8949248  0.8958281
 0.897694   0.89564943 0.89074653 0.89801997 0.89516276 0.89666295
 0.89544344 0.89789236 0.8979696  0.89512134 0.8988924  0.8970895
 0.8976385  0.89290845 0.89586043 0.89543605 0.8957001  0.8981089
 0.8982421  0.896943   0.89519495 0.89687896 0.8958122  0.89874923
 0.89777076 0.8954536  0.8960366  0.89667654 0.8952087  0.8971798
 0.8948392  0.8961725  0.89427847 0.89460504 0.8930906  0.8941411
 0.898854   0.8934479  0.89689445 0.89623374 0.8981775  0.8966347
 0.89710206 0.89685667 0.89806163 0.8933713  0.89425725 0.8974781
 0.89548343 0.8947526  0.8940587  0.896403   0.8955096  0.8986327
 0.8906603  0.8948876  0.8953675  0.8970846 ]",74.52955,39.28284931182861,4391.33903795232
NNODEgHMC,0.5,autograd,high_dimensional_warped_gaussian,SynchronousLeapfrog,0.1,"[0.93813324 0.940803   0.9384831  0.9371065  0.9395048  0.93801427
 0.9379837  0.93968403 0.9373292  0.94033563 0.9374633  0.93721217
 0.9384874  0.9360107  0.9388892  0.94032633 0.933393   0.9391465
 0.93977344 0.9374585  0.93854094 0.9407148  0.9405193  0.93873644
 0.9359095  0.93621844 0.93776006 0.9373778  0.9382442  0.93723106
 0.9396677  0.9378828  0.93712616 0.9377887  0.9376832  0.9379379
 0.9379548  0.93777055 0.9401056  0.9382879  0.9397024  0.93749845
 0.9368924  0.9389639  0.9368207  0.9394078  0.93891263 0.9401722
 0.9367539  0.93703866 0.9383191  0.9383662  0.9398904  0.9397321
 0.93861574 0.9361266  0.9379375  0.9404227  0.94031465 0.93965423
 0.9381304  0.9385538  0.9391742  0.936314   0.9377827  0.9391273
 0.93753326 0.9393007  0.9399819  0.9390273  0.9409622  0.9392892
 0.9379095  0.93762034 0.93716896 0.9388865  0.93850154 0.93700826
 0.937653   0.9379413  0.938508   0.93764156 0.9379923  0.93673015
 0.9379711  0.93802845 0.9393438  0.93954945 0.93910766 0.9368655
 0.93641424 0.93803835 0.9382607  0.9370893  0.9379727  0.93835294
 0.9356555  0.93951833 0.9362852  0.93917054]",2.1890874e-13,32.52980303764343,6.30211705329589
Explicit NNODEgHMC,0.5,autograd,high_dimensional_warped_gaussian,SynchronousLeapfrog,0.1,"[0.935883   0.93795604 0.93704355 0.9365411  0.93781686 0.9369795
 0.9369736  0.93716216 0.93733203 0.93788284 0.935063   0.9370073
 0.9371194  0.93613625 0.9380679  0.938722   0.9332353  0.9382038
 0.93780935 0.9363696  0.937108   0.9386031  0.9379398  0.93755406
 0.93721235 0.93451834 0.93639153 0.93738306 0.93722624 0.93565595
 0.93713224 0.9372007  0.93715876 0.93701506 0.93591404 0.9374978
 0.9372179  0.9372892  0.9383585  0.93735015 0.9373333  0.9374845
 0.9380115  0.9378308  0.93389714 0.9386293  0.93681085 0.93689555
 0.9361671  0.9370589  0.9371376  0.93548954 0.93754566 0.9372034
 0.9370078  0.93583333 0.93793714 0.937657   0.93849885 0.93731964
 0.93707395 0.9376621  0.93659675 0.9363119  0.9357249  0.9378134
 0.93784016 0.93700635 0.9382979  0.93786514 0.93739426 0.9377372
 0.93700314 0.93600667 0.9344777  0.93603265 0.934874   0.934863
 0.93775976 0.93579197 0.93661726 0.9363613  0.9373727  0.9364378
 0.9363054  0.9367716  0.9375498  0.9370033  0.9358455  0.93695927
 0.93604267 0.93602073 0.9361954  0.9377141  0.93767565 0.93693984
 0.93270254 0.93708456 0.9362625  0.93742454]",2.381455e-13,51.291515827178955,4500.0
SymplecticNNgHMC,0.5,autograd,high_dimensional_warped_gaussian,SynchronousLeapfrog,0.1,"[0.9260763  0.9277661  0.9202246  0.91657114 0.92659086 0.9224655
 0.92316437 0.9247917  0.9176578  0.92822254 0.929603   0.9196634
 0.92061925 0.91842866 0.92182064 0.92476845 0.91965884 0.92249984
 0.9276062  0.92107725 0.9232882  0.9264883  0.9291115  0.92125195
 0.9191294  0.9204091  0.9232437  0.9250097  0.92284983 0.92468095
 0.92334247 0.9201819  0.9218569  0.9225316  0.9264811  0.9226276
 0.9236702  0.92084545 0.92713225 0.92035484 0.9222444  0.91797674
 0.9206208  0.9213831  0.9269845  0.9222579  0.9224479  0.9320969
 0.92256    0.9199451  0.92353773 0.92618763 0.9279947  0.9259213
 0.9270376  0.9237727  0.92187566 0.92721796 0.9233017  0.92665374
 0.91903085 0.92140174 0.92889404 0.917094   0.92574805 0.9255249
 0.919137   0.92288774 0.92291546 0.92400545 0.92809314 0.92348266
 0.9226036  0.9274065  0.9262996  0.92729586 0.93151414 0.92266357
 0.9223568  0.91853756 0.9255233  0.9193787  0.9232311  0.9228951
 0.92647874 0.9209199  0.92591375 0.92551565 0.92891026 0.9199742
 0.92010164 0.92239034 0.9241576  0.9201729  0.918966   0.9230599
 0.9214442  0.9237668  0.91858363 0.9230466 ]",1.9483532,92.76733994483948,4500.0
GSymplecticNNgHMC,0.5,autograd,high_dimensional_warped_gaussian,SynchronousLeapfrog,0.1,"[0.92567694 0.9260406  0.9244739  0.9228145  0.9269991  0.92547435
 0.9262802  0.9251541  0.92465615 0.9263458  0.925197   0.9251906
 0.9249539  0.92390126 0.9271922  0.92682856 0.923057   0.92618644
 0.92745554 0.9242358  0.9241745  0.92735857 0.92582315 0.9246151
 0.9264201  0.9221909  0.92484426 0.92671955 0.92498964 0.92463434
 0.9243278  0.92615145 0.9267192  0.925002   0.924375   0.92594975
 0.9251258  0.92401356 0.92613447 0.92557305 0.92465794 0.92469805
 0.9269302  0.9245602  0.9224942  0.9269023  0.9230994  0.9272212
 0.92546546 0.92532396 0.92555207 0.92204845 0.92542505 0.9247462
 0.9265045  0.9252325  0.9261021  0.9268222  0.9262178  0.9257321
 0.9233519  0.92525256 0.9256152  0.92350245 0.9244971  0.92668
 0.92585933 0.92347234 0.92577857 0.9257544  0.9256749  0.9248303
 0.9258267  0.9252187  0.92403495 0.9252566  0.9249629  0.9228198
 0.9256191  0.92230034 0.925846   0.92309827 0.9252367  0.92599833
 0.9258007  0.9231259  0.9259521  0.9261758  0.9238693  0.926126
 0.92435455 0.9231348  0.924438   0.92674804 0.9259924  0.9250103
 0.9188546  0.9242163  0.92462456 0.9242439 ]",39609.156,39.97586131095886,4500.0
HMC,0.6,autograd,high_dimensional_gaussian,SynchronousLeapfrog,0.1,"[0.6761646  0.67364615 0.6692853  0.6693644  0.67592806 0.66645646
 0.66460866 0.6687981  0.68120354 0.6681914  0.6684642  0.6736945
 0.67198884 0.6748122  0.66493064 0.6760955  0.67308116 0.67256397
 0.66380227 0.6648321  0.67821956 0.6685275  0.67426145 0.675588
 0.67223024 0.664492   0.6755407  0.6724424  0.666417   0.6776751
 0.6744971  0.67885655 0.6860075  0.6725892  0.663501   0.6607971
 0.66614985 0.675699   0.672563   0.68009794 0.6689179  0.66316193
 0.66884655 0.6688304  0.6720246  0.66547155 0.6688794  0.670256
 0.6687825  0.6696357  0.66513956 0.66998935 0.6731063  0.67718685
 0.6757235  0.6743287  0.6676628  0.663126   0.6666183  0.67977417
 0.6656933  0.67477417 0.6718874  0.667438   0.6718683  0.68234766
 0.6802068  0.6833686  0.682014   0.67410433 0.6691084  0.6749806
 0.66560817 0.66872454 0.67100954 0.6692666  0.6676798  0.66601574
 0.66391134 0.6665481  0.6728334  0.66888493 0.6737784  0.664209
 0.66362804 0.66944444 0.6667201  0.68136096 0.6751544  0.680985
 0.6758436  0.67269516 0.6744863  0.6634546  0.67854214 0.66452926
 0.66794145 0.6762082  0.6675154  0.6684457 ]",1.2143972e+06,18.356870412826538,4425.419902426042
NNgHMC,0.6,autograd,high_dimensional_gaussian,SynchronousLeapfrog,0.1,"[0.6761646  0.67364615 0.6692853  0.6693644  0.67592806 0.66645646
 0.66460866 0.6687981  0.68120354 0.6681914  0.6684642  0.6736945
 0.67198884 0.6748122  0.66493064 0.6760955  0.67308116 0.67256397
 0.66380227 0.6648321  0.67821956 0.6685275  0.67426145 0.675588
 0.67223024 0.664492   0.6755407  0.6724424  0.666417   0.6776751
 0.6744971  0.67885655 0.6860075  0.6725892  0.663501   0.6607971
 0.66614985 0.675699   0.672563   0.68009794 0.6689179  0.66316193
 0.66884655 0.6688304  0.6720246  0.66547155 0.6688794  0.670256
 0.6687825  0.6696357  0.66513956 0.66998935 0.6731063  0.67718685
 0.6757235  0.6743287  0.6676628  0.663126   0.6666183  0.67977417
 0.6656933  0.67477417 0.6718874  0.667438   0.6718683  0.68234766
 0.6802068  0.6833686  0.682014   0.67410433 0.6691084  0.6749806
 0.66560817 0.66872454 0.67100954 0.6692666  0.6676798  0.66601574
 0.66391134 0.6665481  0.6728334  0.66888493 0.6737784  0.664209
 0.66362804 0.66944444 0.6667201  0.68136096 0.6751544  0.680985
 0.6758436  0.67269516 0.6744863  0.6634546  0.67854214 0.66452926
 0.66794145 0.6762082  0.6675154  0.6684457 ]",1.2143972e+06,38.82886242866516,4111.744989238303
NNODEgHMC,0.6,autograd,high_dimensional_gaussian,SynchronousLeapfrog,0.1,"[0.94104874 0.9410275  0.94130635 0.94109046 0.94096774 0.9413928
 0.941508   0.9413411  0.940714   0.94122744 0.94113445 0.9410567
 0.94104624 0.9409343  0.94164085 0.94091606 0.941142   0.94113487
 0.9415242  0.94108975 0.9407964  0.94126844 0.94096774 0.9409714
 0.9411656  0.9413988  0.9409918  0.9410946  0.94118583 0.941106
 0.9409351  0.94097006 0.9408369  0.9409372  0.9413272  0.9416125
 0.94128203 0.9407663  0.9409186  0.9408965  0.9413121  0.9412152
 0.94130313 0.94114876 0.9411998  0.94141567 0.940911   0.94135445
 0.9413618  0.9411868  0.94141924 0.9410054  0.9409493  0.9409456
 0.9410286  0.94112253 0.94131535 0.9415912  0.9413635  0.9408258
 0.94106424 0.9409482  0.9412402  0.94101495 0.941275   0.9406998
 0.94072884 0.9405467  0.9408606  0.9411197  0.9411904  0.94100213
 0.9412594  0.94127417 0.94119424 0.9412526  0.9414336  0.9413246
 0.9412903  0.9413856  0.9411148  0.94109744 0.94097173 0.94138765
 0.94149894 0.9410464  0.94127005 0.94097805 0.94101083 0.9407854
 0.9411144  0.9410496  0.94112086 0.94145525 0.94097555 0.9412899
 0.94116354 0.94090974 0.9413043  0.94109666]",9.392776e-11,31.569291591644287,4200.0
Explicit NNODEgHMC,0.6,autograd,high_dimensional_gaussian,SynchronousLeapfrog,0.1,"[0.9399257  0.9398999  0.94018686 0.9399595  0.939841   0.9402741
 0.9403925  0.9402232  0.9395813  0.9401026  0.94000435 0.9399306
 0.9399171  0.93980336 0.9405327  0.9397866  0.94001985 0.9400114
 0.94040775 0.9399514  0.9396636  0.9401462  0.93983835 0.9398439
 0.94004345 0.9402768  0.9398655  0.93996876 0.94005555 0.93998945
 0.9398041  0.93984747 0.9397185  0.9398029  0.9401994  0.9404969
 0.94015646 0.9396281  0.93978405 0.9397723  0.94019264 0.9400811
 0.94018334 0.9400201  0.9400786  0.9402966  0.9397694  0.9402394
 0.94024485 0.940062   0.94030017 0.93987095 0.93981713 0.9398196
 0.9399047  0.94000095 0.940194   0.9404777  0.94024295 0.93969744
 0.9399265  0.9398183  0.94012153 0.93987703 0.94015837 0.9395685
 0.9395957  0.9394085  0.9397373  0.93999803 0.9400643  0.9398756
 0.94013155 0.9401525  0.9400716  0.94013023 0.94031847 0.94020116
 0.94016206 0.9402665  0.93999076 0.93996644 0.93984175 0.94026494
 0.9403815  0.9399135  0.9401452  0.9398598  0.93988466 0.93965644
 0.9399955  0.939922   0.93999976 0.9403348  0.9398529  0.94016284
 0.9400343  0.93977976 0.9401822  0.9399649 ]",2.4568483e-11,48.930508613586426,3.3501524516186074
SymplecticNNgHMC,0.6,autograd,high_dimensional_gaussian,SynchronousLeapfrog,0.1,"[0.9448848  0.9449878  0.94506013 0.94517505 0.94490325 0.945145
 0.9451892  0.94504976 0.94473904 0.9451475  0.94519126 0.9450005
 0.94508433 0.9449471  0.94505835 0.9449067  0.94495475 0.94499415
 0.94520825 0.94543594 0.9448575  0.94514173 0.944961   0.94490474
 0.9449929  0.9452273  0.94493556 0.94499177 0.94528574 0.9447135
 0.9450015  0.9447106  0.94443244 0.9451119  0.9453394  0.94535685
 0.9452262  0.9450358  0.9451098  0.9447259  0.9450768  0.9454745
 0.9450709  0.94515586 0.9449634  0.9451789  0.9453594  0.94496936
 0.945038   0.9451129  0.9451575  0.9452097  0.9450895  0.94482553
 0.9448895  0.9448936  0.9451374  0.9451617  0.94510305 0.94477314
 0.9454083  0.9449539  0.9449569  0.9453478  0.94489336 0.94469917
 0.94484556 0.9447106  0.94464827 0.94488066 0.9451703  0.9448854
 0.94528615 0.94506234 0.94504774 0.9450769  0.9450849  0.9452769
 0.94534796 0.94512385 0.944978   0.9452233  0.9449892  0.9452769
 0.9452628  0.9452061  0.9451844  0.9445583  0.9448832  0.9447381
 0.94480747 0.944977   0.94487894 0.94531476 0.9447686  0.94532627
 0.94523656 0.9449467  0.94515467 0.94524306]",178.9577,98.68564367294312,162.73856209643185
GSymplecticNNgHMC,0.6,autograd,high_dimensional_gaussian,SynchronousLeapfrog,0.1,"[0.94383955 0.9439963  0.94404733 0.94421476 0.9438821  0.9441266
 0.94415    0.9440222  0.9437839  0.9441526  0.944236   0.9439782
 0.94408166 0.94400406 0.944036   0.9439254  0.94392705 0.9439753
 0.9442031  0.9444956  0.9438962  0.9441047  0.9439901  0.94391584
 0.9439616  0.9442746  0.9438981  0.9440118  0.94431806 0.94364583
 0.9440093  0.94371784 0.9433648  0.94413793 0.9444062  0.9442959
 0.94425714 0.94406295 0.94412446 0.94368523 0.9440545  0.94450104
 0.9440601  0.9441983  0.94396996 0.9441742  0.9443927  0.9439192
 0.9440093  0.9440955  0.94418085 0.944235   0.94407403 0.94382286
 0.94385195 0.9438905  0.9441349  0.94418776 0.944164   0.9437592
 0.94443953 0.94398403 0.94392073 0.9443804  0.94387597 0.94370574
 0.9438195  0.9437803  0.9435963  0.94388056 0.9441576  0.9439174
 0.9443253  0.94409055 0.9440248  0.94409245 0.9440303  0.94422436
 0.9443698  0.9441389  0.9439646  0.9442229  0.944015   0.94428706
 0.94421554 0.944225   0.9442185  0.94355744 0.94391555 0.9437229
 0.9437611  0.9440316  0.9438616  0.94428265 0.94373006 0.94432944
 0.94424427 0.94393575 0.9441484  0.9442519 ]",1544.5857,43.53381133079529,1.0808403043764185
HMC,0.6,autograd,high_dimensional_warped_gaussian,SynchronousLeapfrog,0.1,"[0.89114416 0.8948157  0.8939866  0.89512676 0.8965017  0.897778
 0.8971349  0.89680696 0.89262    0.89813155 0.8951003  0.89335245
 0.89527607 0.8935897  0.8932915  0.89506674 0.89525837 0.8943764
 0.8954203  0.8959972  0.89413166 0.89708966 0.89656293 0.8946141
 0.8956689  0.89490855 0.89506316 0.89533997 0.8959409  0.89493483
 0.89560366 0.89277184 0.8914501  0.8944634  0.89395165 0.89894915
 0.8958832  0.8963155  0.89837474 0.89442587 0.8955981  0.8959669
 0.8968474  0.89553845 0.892445   0.89765406 0.89472604 0.89553165
 0.8960225  0.8978623  0.8989324  0.8962374  0.8972108  0.89592266
 0.89554226 0.8920495  0.8954164  0.8957242  0.89523935 0.895542
 0.8989662  0.8953682  0.894711   0.8972626  0.8968274  0.8947775
 0.8946728  0.8929295  0.8934307  0.89560497 0.8939704  0.8962738
 0.89412564 0.89647716 0.89494324 0.8943496  0.89402866 0.8965453
 0.8990512  0.8966333  0.89576054 0.8973166  0.8969223  0.89693964
 0.8981911  0.8976587  0.89767265 0.8908452  0.89385146 0.8945521
 0.8958675  0.8953783  0.89391994 0.8962811  0.89337707 0.89925575
 0.8952726  0.8936696  0.89634645 0.8970739 ]",74.01438,18.17947030067444,4425.401708187355
NNgHMC,0.6,autograd,high_dimensional_warped_gaussian,SynchronousLeapfrog,0.1,"[0.89114416 0.8948157  0.8939866  0.89512676 0.8965017  0.897778
 0.8971349  0.89680696 0.89262    0.89813155 0.8951003  0.89335245
 0.89527607 0.8935897  0.8932915  0.89506674 0.89525837 0.8943764
 0.8954203  0.8959972  0.89413166 0.89708966 0.89656293 0.8946141
 0.8956689  0.89490855 0.89506316 0.89533997 0.8959409  0.89493483
 0.89560366 0.89277184 0.8914501  0.8944634  0.89395165 0.89894915
 0.8958832  0.8963155  0.89837474 0.89442587 0.8955981  0.8959669
 0.8968474  0.89553845 0.892445   0.89765406 0.89472604 0.89553165
 0.8960225  0.8978623  0.8989324  0.8962374  0.8972108  0.89592266
 0.89554226 0.8920495  0.8954164  0.8957242  0.89523935 0.895542
 0.8989662  0.8953682  0.894711   0.8972626  0.8968274  0.8947775
 0.8946728  0.8929295  0.8934307  0.89560497 0.8939704  0.8962738
 0.89412564 0.89647716 0.89494324 0.8943496  0.89402866 0.8965453
 0.8990512  0.8966333  0.89576054 0.8973166  0.8969223  0.89693964
 0.8981911  0.8976587  0.89767265 0.8908452  0.89385146 0.8945521
 0.8958675  0.8953783  0.89391994 0.8962811  0.89337707 0.89925575
 0.8952726  0.8936696  0.89634645 0.8970739 ]",74.01438,37.9257071018219,4112.321394126072
NNODEgHMC,0.6,autograd,high_dimensional_warped_gaussian,SynchronousLeapfrog,0.1,"[0.93695754 0.93937206 0.9392029  0.93817186 0.9373987  0.9388775
 0.9386401  0.9404117  0.93552816 0.9398303  0.9371675  0.93664044
 0.93797493 0.93590724 0.9392928  0.93799895 0.9350668  0.9381428
 0.9394683  0.93763494 0.93746746 0.9396598  0.93915224 0.93816566
 0.93501437 0.9390875  0.93719614 0.9360565  0.9383468  0.9374894
 0.93912005 0.93626463 0.9345869  0.9366657  0.9386491  0.93945444
 0.9383851  0.936866   0.93850553 0.9368236  0.9405707  0.9379386
 0.93650526 0.93924797 0.93856466 0.9393663  0.93888617 0.93952084
 0.93753433 0.93723506 0.9393169  0.9395994  0.9387743  0.9390415
 0.9371599  0.9359107  0.9377958  0.9409704  0.940232   0.9377915
 0.9390427  0.9373867  0.93910855 0.93695366 0.93888134 0.9361223
 0.93515915 0.93752086 0.93813556 0.93848646 0.94022745 0.9387933
 0.9376445  0.93820524 0.93801105 0.93897426 0.93959665 0.9393333
 0.9381327  0.94076204 0.9378061  0.9387631  0.937222   0.9373034
 0.9391288  0.9389987  0.93930256 0.9377413  0.93906516 0.9346342
 0.9369577  0.9388269  0.9384214  0.9372308  0.9364742  0.9391031
 0.9397778  0.9388482  0.93740547 0.93947357]",2.2566837e-13,31.449419736862183,131.5129026610184
Explicit NNODEgHMC,0.6,autograd,high_dimensional_warped_gaussian,SynchronousLeapfrog,0.1,"[0.933984   0.93602085 0.9375695  0.9373765  0.9349102  0.93734
 0.93721193 0.93729514 0.9351541  0.9366096  0.9334416  0.93587565
 0.9359369  0.93548506 0.9381899  0.93565595 0.9336683  0.9367881
 0.9370708  0.93590057 0.9354508  0.936922   0.9358468  0.9364948
 0.93610305 0.936979   0.9352071  0.93538    0.93687695 0.9352994
 0.9359782  0.934957   0.9341075  0.935332   0.93596697 0.93851393
 0.93742037 0.9358513  0.93584746 0.9354849  0.93770933 0.9373723
 0.93719983 0.93756455 0.93451643 0.9380568  0.9362652  0.93535376
 0.93639517 0.93669784 0.93746567 0.93603504 0.9356765  0.93588495
 0.93478477 0.93481076 0.93755317 0.9374895  0.9379082  0.93455315
 0.937597   0.93627656 0.93576515 0.9363185  0.93601024 0.9339868
 0.9348717  0.93451774 0.9360876  0.9368426  0.9360444  0.9368312
 0.9359905  0.9355869  0.93440044 0.93554324 0.9350156  0.9365579
 0.93774605 0.9383229  0.93526113 0.9370098  0.93598914 0.9360397
 0.9366087  0.93728036 0.93673867 0.9345047  0.9350227  0.9339769
 0.9360409  0.9361954  0.9357116  0.9374758  0.9358344  0.9371661
 0.93628776 0.935719   0.9368209  0.937107  ]",2.3420908e-13,49.07433533668518,4200.0
SymplecticNNgHMC,0.6,autograd,high_dimensional_warped_gaussian,SynchronousLeapfrog,0.1,"[0.92377394 0.9268839  0.92729425 0.9238445  0.9221551  0.92767805
 0.9280499  0.9253707  0.9240006  0.9258046  0.92581236 0.9253499
 0.92442846 0.92425525 0.9290074  0.9232434  0.92390096 0.9244506
 0.92730045 0.92479205 0.92246675 0.9249306  0.9253963  0.9246005
 0.9220111  0.9288653  0.9230919  0.92223424 0.9236202  0.9250402
 0.9230983  0.9243274  0.9220545  0.9229929  0.92627037 0.9285414
 0.9256643  0.92278457 0.92514265 0.9232251  0.9256813  0.92315376
 0.92719173 0.9244269  0.9246777  0.9272801  0.92216957 0.9284407
 0.9272863  0.9251501  0.9285978  0.9256426  0.92594284 0.92493296
 0.92751503 0.92525995 0.92582506 0.9274587  0.9232377  0.92444336
 0.9253497  0.9223513  0.9243142  0.9235468  0.925629   0.9210698
 0.92322606 0.92027086 0.92343175 0.92690796 0.9235544  0.924206
 0.9258987  0.9261974  0.9277954  0.92665946 0.92796946 0.9272065
 0.9253808  0.92667234 0.9264202  0.9250431  0.92407537 0.9254891
 0.9272771  0.92463005 0.92566025 0.92308736 0.9262514  0.9227122
 0.9239882  0.92392755 0.9241473  0.9251423  0.9230992  0.92663026
 0.9261572  0.92526805 0.9246582  0.9250574 ]",0.347583,98.71348738670349,4200.0
GSymplecticNNgHMC,0.6,autograd,high_dimensional_warped_gaussian,SynchronousLeapfrog,0.1,"[0.92442626 0.92439604 0.92612445 0.9247794  0.9245028  0.92713153
 0.92782277 0.9266333  0.92254895 0.9259984  0.9251222  0.9246158
 0.92466587 0.92393273 0.9282063  0.92388713 0.9256703  0.92514646
 0.9275777  0.92478895 0.9230647  0.926176   0.92425346 0.92418
 0.92577183 0.9266845  0.92444694 0.92517567 0.92543954 0.9254167
 0.9238691  0.92426795 0.9236538  0.923897   0.9260359  0.92854095
 0.9260917  0.9230375  0.9241322  0.9239804  0.9262344  0.9255538
 0.92665195 0.9251672  0.9253389  0.9272086  0.923344   0.9267156
 0.92692655 0.9259593  0.9274003  0.92417467 0.92416525 0.92418164
 0.9248289  0.92504597 0.9263493  0.9279932  0.9264981  0.9235128
 0.92490166 0.9241284  0.92587775 0.92460775 0.9264692  0.9227525
 0.9229106  0.9212978  0.9235806  0.925286   0.9250741  0.9245531
 0.92574805 0.9263052  0.9256166  0.925786   0.9269268  0.9263997
 0.926514   0.9267728  0.9252682  0.9251008  0.92449236 0.9270253
 0.92781293 0.92477465 0.9262271  0.92413557 0.92422503 0.9234073
 0.92552423 0.9246539  0.9251121  0.9272987  0.92432153 0.9264666
 0.9251064  0.92355484 0.9264698  0.9249567 ]",25728.438,43.55034589767456,4200.0
HMC,0.7000000000000001,autograd,high_dimensional_gaussian,SynchronousLeapfrog,0.1,"[0.6714219  0.6759212  0.6649103  0.6717843  0.67089415 0.67132103
 0.6677119  0.6743654  0.67190826 0.668456   0.6713791  0.6700988
 0.66805506 0.66793984 0.66539705 0.670712   0.67328453 0.670011
 0.66448987 0.6722511  0.67219675 0.6658201  0.6742508  0.6651874
 0.67349136 0.6678709  0.67760503 0.67208356 0.671891   0.6761861
 0.669963   0.6678216  0.66882366 0.6701031  0.6680957  0.6711077
 0.6612898  0.67485905 0.665406   0.67814064 0.6713578  0.67719734
 0.66279244 0.6674293  0.6678676  0.6672687  0.6675894  0.6693765
 0.6638424  0.6757959  0.67536134 0.67435944 0.67387235 0.6657457
 0.66727567 0.6722583  0.674875   0.6708212  0.68007326 0.6655308
 0.6697013  0.6744958  0.67244875 0.6774451  0.6725821  0.67365575
 0.66895044 0.6703733  0.672122   0.6735705  0.67009044 0.67075014
 0.6735897  0.67155313 0.66962594 0.67826974 0.6702933  0.6820173
 0.66522145 0.67657757 0.6649295  0.6723225  0.67841995 0.6688122
 0.6790823  0.6674688  0.6738839  0.6790583  0.66740704 0.66757965
 0.67280716 0.67583215 0.6709112  0.6725792  0.6736274  0.67887723
 0.6682231  0.671225   0.6725166  0.6699469 ]",1.3754859e+06,18.12635588645935,4137.519288486582
NNgHMC,0.7000000000000001,autograd,high_dimensional_gaussian,SynchronousLeapfrog,0.1,"[0.6714219  0.6759212  0.6649103  0.6717843  0.67089415 0.67132103
 0.6677119  0.6743654  0.67190826 0.668456   0.6713791  0.6700988
 0.66805506 0.66793984 0.66539705 0.670712   0.67328453 0.670011
 0.66448987 0.6722511  0.67219675 0.6658201  0.6742508  0.6651874
 0.67349136 0.6678709  0.67760503 0.67208356 0.671891   0.6761861
 0.669963   0.6678216  0.66882366 0.6701031  0.6680957  0.6711077
 0.6612898  0.67485905 0.665406   0.67814064 0.6713578  0.67719734
 0.66279244 0.6674293  0.6678676  0.6672687  0.6675894  0.6693765
 0.6638424  0.6757959  0.67536134 0.67435944 0.67387235 0.6657457
 0.66727567 0.6722583  0.674875   0.6708212  0.68007326 0.6655308
 0.6697013  0.6744958  0.67244875 0.6774451  0.6725821  0.67365575
 0.66895044 0.6703733  0.672122   0.6735705  0.67009044 0.67075014
 0.6735897  0.67155313 0.66962594 0.67826974 0.6702933  0.6820173
 0.66522145 0.67657757 0.6649295  0.6723225  0.67841995 0.6688122
 0.6790823  0.6674688  0.6738839  0.6790583  0.66740704 0.66757965
 0.67280716 0.67583215 0.6709112  0.6725792  0.6736274  0.67887723
 0.6682231  0.671225   0.6725166  0.6699469 ]",1.3754859e+06,36.41833209991455,3812.15389742466
NNODEgHMC,0.7000000000000001,autograd,high_dimensional_gaussian,SynchronousLeapfrog,0.1,"[0.9411423  0.9408786  0.9413867  0.94094145 0.9410783  0.9411463
 0.9413211  0.94106764 0.94097936 0.94115055 0.94096726 0.9411148
 0.9411208  0.9411138  0.9415387  0.94104147 0.9410616  0.9411537
 0.94142336 0.94077176 0.94094694 0.9412941  0.9409029  0.9412729
 0.9410481  0.9412079  0.9408488  0.94103813 0.9409288  0.94107854
 0.9410324  0.9412868  0.9413647  0.9409651  0.9410988  0.9411715
 0.941388   0.94073963 0.9411151  0.9408927  0.9411509  0.94065773
 0.9414449  0.9411337  0.9412726  0.9412788  0.94090533 0.94130623
 0.9414605  0.9408994  0.94098365 0.94079083 0.9408604  0.9412827
 0.9412572  0.941121   0.94098663 0.94123906 0.9408121  0.9412643
 0.9408683  0.9408927  0.9411439  0.9406041  0.94117165 0.94094265
 0.9410658  0.94094944 0.94113684 0.9410648  0.94108725 0.9410839
 0.94091004 0.94110197 0.9411714  0.9408604  0.9412615  0.9406861
 0.94118136 0.94095534 0.9413249  0.9409134  0.94074214 0.94115496
 0.9408757  0.9410571  0.940948   0.94097847 0.94121635 0.9411936
 0.9411454  0.94087094 0.94117284 0.9410591  0.94107527 0.9407157
 0.9410894  0.94102067 0.9410554  0.94098246]",1.03216734e-10,30.752912759780884,3900.0
Explicit NNODEgHMC,0.7000000000000001,autograd,high_dimensional_gaussian,SynchronousLeapfrog,0.1,"[0.9400856  0.9398154  0.94033283 0.93987525 0.9400182  0.9400903
 0.9402687  0.9400119  0.9399151  0.94009054 0.9399017  0.9400548
 0.94005823 0.9400506  0.940493   0.93997896 0.94000375 0.94009566
 0.9403708  0.9396975  0.9398817  0.9402373  0.93983877 0.9402139
 0.93999004 0.94014955 0.93978685 0.93997735 0.93986225 0.940026
 0.93996847 0.9402322  0.94031584 0.9398974  0.94003475 0.9401164
 0.94032896 0.93966806 0.9400487  0.93983364 0.94009495 0.9395849
 0.94039154 0.9400708  0.94021726 0.9402236  0.939831   0.94025517
 0.9404091  0.93983734 0.9399254  0.93972087 0.9397936  0.9402253
 0.9402007  0.94006443 0.93992746 0.94018674 0.9397515  0.9402055
 0.9397957  0.9398283  0.940089   0.9395292  0.9401187  0.9398796
 0.94000196 0.93988156 0.9400813  0.9400076  0.940026   0.94002384
 0.9398446  0.9400438  0.940114   0.9397995  0.94020927 0.9396219
 0.9401181  0.93989706 0.9402684  0.9398469  0.93967605 0.9400954
 0.9398173  0.93999064 0.9398858  0.9399246  0.9401578  0.9401342
 0.94009155 0.9398073  0.94011724 0.9400003  0.94001853 0.939649
 0.9400253  0.9399578  0.93999636 0.9399159 ]",2.4961385e-11,47.32571363449097,19.192637940321237
SymplecticNNgHMC,0.7000000000000001,autograd,high_dimensional_gaussian,SynchronousLeapfrog,0.1,"[0.94704294 0.94701165 0.9472522  0.94722694 0.94713116 0.94707555
 0.94713354 0.9469365  0.94721216 0.9472093  0.9472647  0.94717634
 0.94728345 0.9473232  0.94710964 0.9471946  0.9470031  0.94714564
 0.9472711  0.9473559  0.9471688  0.94726294 0.94710016 0.9473486
 0.9469914  0.9472295  0.94690907 0.9471159  0.9472399  0.94677037
 0.9472484  0.94717354 0.947025   0.9473068  0.9473049  0.9470203
 0.9474472  0.94721717 0.94745874 0.94685805 0.94708335 0.94714487
 0.9473331  0.94732666 0.94719875 0.9471771  0.94751394 0.94702977
 0.9472253  0.94697285 0.9469428  0.94720626 0.94715375 0.9472852
 0.94722575 0.9470708  0.94695395 0.94700545 0.9467912  0.94732636
 0.94742155 0.94706076 0.94698954 0.94719    0.9469284  0.9471059
 0.94729376 0.9473046  0.9470247  0.94699955 0.9472269  0.94713086
 0.947191   0.9470898  0.9471582  0.9468751  0.94703406 0.94677794
 0.9473885  0.9468851  0.9473047  0.94717807 0.94698447 0.9471954
 0.9468119  0.9473817  0.9470629  0.9467401  0.9472108  0.9472377
 0.9469373  0.94700396 0.94706917 0.9470509  0.9469826  0.9469738
 0.94732094 0.94719267 0.9470655  0.94731355]",35.44653,104.25782012939453,1.383060004560923
GSymplecticNNgHMC,0.7000000000000001,autograd,high_dimensional_gaussian,SynchronousLeapfrog,0.1,"[0.94404525 0.94384354 0.9442897  0.94402164 0.94400847 0.9440443
 0.9441906  0.9439368  0.94400287 0.94410324 0.9440216  0.9440545
 0.9441282  0.9441365  0.94440174 0.9440378  0.94396436 0.9440769
 0.9442673  0.9441155  0.9439907  0.94420755 0.9439111  0.944215
 0.94397306 0.9441184  0.9438124  0.9439718  0.94401836 0.9439494
 0.94405955 0.9441732  0.94427    0.9440936  0.944139   0.9440639
 0.944345   0.94396114 0.9442401  0.9438381  0.9440311  0.94390124
 0.9442917  0.9441451  0.9441356  0.9441571  0.94431007 0.9441425
 0.9443302  0.9438621  0.9438833  0.9439606  0.9439394  0.944194
 0.94415754 0.9439974  0.9439243  0.9441303  0.9437202  0.9441962
 0.9441742  0.94390523 0.9440012  0.9439167  0.9440247  0.94391906
 0.94409627 0.94408643 0.944015   0.9439459  0.9440641  0.9440231
 0.9439502  0.9439975  0.9440588  0.94379604 0.9441449  0.9436478
 0.9442209  0.9438447  0.9442258  0.94399595 0.9437717  0.9440865
 0.94377184 0.9441697  0.9439157  0.94384474 0.94413424 0.94414496
 0.9440226  0.943849   0.9440483  0.94398403 0.9439963  0.9437558
 0.94412345 0.94401014 0.9439721  0.94408274]",2112.5374,47.23381757736206,3.527365321340814
HMC,0.7000000000000001,autograd,high_dimensional_warped_gaussian,SynchronousLeapfrog,0.1,"[0.89256465 0.8947708  0.8954557  0.8951518  0.8979079  0.8973209
 0.89710253 0.89616    0.89484924 0.8985914  0.8950441  0.89455956
 0.8965668  0.89545286 0.8938632  0.896564   0.89565486 0.89537704
 0.8959407  0.8950719  0.89572513 0.8981804  0.8969554  0.8971828
 0.89585817 0.8948557  0.8950121  0.8958689  0.89538544 0.8955784
 0.89695376 0.89542097 0.89523315 0.8954482  0.89368296 0.8974707
 0.8975023  0.8968503  0.9002804  0.89511603 0.8956227  0.89369583
 0.8986362  0.89637154 0.8938247  0.8978666  0.8955471  0.8962204
 0.8975916  0.89705384 0.89736605 0.89582103 0.89745873 0.89865077
 0.8976841  0.8929411  0.89447373 0.8947872  0.89301634 0.89880025
 0.89868915 0.8958225  0.8950702  0.8957108  0.8971226  0.8968196
 0.8973068  0.8958769  0.8957529  0.8961257  0.89432096 0.8975382
 0.89309233 0.89641136 0.89572847 0.8930089  0.89407146 0.8937825
 0.8993826  0.8951084  0.89785594 0.8971062  0.8963453  0.8966057
 0.8955761  0.89856493 0.8967284  0.8916315  0.8958858  0.8976194
 0.8968663  0.89516723 0.8950948  0.89502764 0.89474154 0.8968338
 0.8957788  0.89510125 0.89585686 0.8972844 ]",74.536224,18.177865982055664,4137.5504832009665
NNgHMC,0.7000000000000001,autograd,high_dimensional_warped_gaussian,SynchronousLeapfrog,0.1,"[0.89256465 0.8947708  0.8954557  0.8951518  0.8979079  0.8973209
 0.89710253 0.89616    0.89484924 0.8985914  0.8950441  0.89455956
 0.8965668  0.89545286 0.8938632  0.896564   0.89565486 0.89537704
 0.8959407  0.8950719  0.89572513 0.8981804  0.8969554  0.8971828
 0.89585817 0.8948557  0.8950121  0.8958689  0.89538544 0.8955784
 0.89695376 0.89542097 0.89523315 0.8954482  0.89368296 0.8974707
 0.8975023  0.8968503  0.9002804  0.89511603 0.8956227  0.89369583
 0.8986362  0.89637154 0.8938247  0.8978666  0.8955471  0.8962204
 0.8975916  0.89705384 0.89736605 0.89582103 0.89745873 0.89865077
 0.8976841  0.8929411  0.89447373 0.8947872  0.89301634 0.89880025
 0.89868915 0.8958225  0.8950702  0.8957108  0.8971226  0.8968196
 0.8973068  0.8958769  0.8957529  0.8961257  0.89432096 0.8975382
 0.89309233 0.89641136 0.89572847 0.8930089  0.89407146 0.8937825
 0.8993826  0.8951084  0.89785594 0.8971062  0.8963453  0.8966057
 0.8955761  0.89856493 0.8967284  0.8916315  0.8958858  0.8976194
 0.8968663  0.89516723 0.8950948  0.89502764 0.89474154 0.8968338
 0.8957788  0.89510125 0.89585686 0.8972844 ]",74.536224,35.941351890563965,3811.773089653255
NNODEgHMC,0.7000000000000001,autograd,high_dimensional_warped_gaussian,SynchronousLeapfrog,0.1,"[0.9360156  0.9379696  0.93768775 0.93528926 0.9365954  0.935903
 0.93577045 0.93804204 0.9345438  0.93888444 0.9361195  0.93472016
 0.93687534 0.93472195 0.9365236  0.93728495 0.93268555 0.9362859
 0.9376828  0.93494195 0.93662596 0.93863344 0.9380881  0.9378722
 0.9311172  0.9368086  0.9347636  0.93346417 0.9355787  0.93537366
 0.9387373  0.935693   0.9342613  0.93512344 0.93644446 0.9353074
 0.9368806  0.93490857 0.9386438  0.93471956 0.93863153 0.9333798
 0.93420094 0.9377128  0.93835586 0.93714905 0.93814147 0.93896353
 0.9357662  0.9336623  0.93566436 0.9383092  0.93772495 0.9397061
 0.9366369  0.9333462  0.93368375 0.93850684 0.9362146  0.9390067
 0.9367465  0.9353188  0.9375319  0.93322456 0.93701047 0.93560666
 0.9345133  0.93846005 0.937642   0.9362768  0.9396693  0.93759763
 0.9343662  0.93625087 0.93726414 0.9362829  0.93847215 0.9351465
 0.9356514  0.93733203 0.9376764  0.93653697 0.9340285  0.93430185
 0.9350405  0.937802   0.936829   0.93627155 0.9398741  0.9343425
 0.9346937  0.93681806 0.9372215  0.9329227  0.9342432  0.9350082
 0.93895864 0.9385396  0.93397987 0.93805015]",2.4685676e-13,30.806812286376953,21.00830941541569
Explicit NNODEgHMC,0.7000000000000001,autograd,high_dimensional_warped_gaussian,SynchronousLeapfrog,0.1,"[0.9357726  0.93642473 0.93902206 0.93775505 0.93676853 0.9374301
 0.93757266 0.9373001  0.9374918  0.9376131  0.9343847  0.9373274
 0.9375743  0.9375181  0.93886983 0.9374661  0.9349904  0.93803144
 0.93797606 0.93569744 0.93730533 0.9382593  0.93671095 0.9390135
 0.9366617  0.9373764  0.93571603 0.9364152  0.9367196  0.93634164
 0.93752384 0.9377257  0.9376687  0.9366685  0.93638074 0.93776464
 0.9390862  0.9367707  0.9381002  0.93649405 0.9381242  0.93576586
 0.93899167 0.9386236  0.9363475  0.93863    0.9374325  0.936602
 0.93803453 0.936561   0.9367231  0.9361906  0.93648386 0.9385495
 0.93715477 0.93606246 0.93699634 0.9372269  0.9365047  0.93793464
 0.9377488  0.9369844  0.9366276  0.935512   0.9368672  0.9364371
 0.9376563  0.93756676 0.9383086  0.9376421  0.936869   0.93826073
 0.93570113 0.9362787  0.93568486 0.9350111  0.93570757 0.93479365
 0.93843126 0.937438   0.9374942  0.93738145 0.9359526  0.9365181
 0.93509495 0.9384512  0.9365572  0.93584096 0.93728733 0.9372791
 0.9373416  0.93653643 0.9372033  0.93676615 0.937251   0.93562067
 0.9372391  0.9374274  0.9368817  0.9377656 ]",2.3418068e-13,47.1332311630249,3900.0
SymplecticNNgHMC,0.7000000000000001,autograd,high_dimensional_warped_gaussian,SynchronousLeapfrog,0.1,"[0.9204604  0.9265121  0.9295668  0.91406745 0.9291086  0.91854537
 0.9308914  0.91753674 0.9239337  0.9281658  0.9277708  0.9275219
 0.9264674  0.91561687 0.9193406  0.92475367 0.923758   0.9252349
 0.93482655 0.9236674  0.9260125  0.9235622  0.9306769  0.9257829
 0.916522   0.933342   0.9227609  0.92019695 0.9204135  0.92578787
 0.92205834 0.9145782  0.92401934 0.9276469  0.9285576  0.9248346
 0.9220475  0.92044514 0.9221308  0.9151987  0.917695   0.9142796
 0.9205844  0.9201824  0.9350106  0.92659307 0.927297   0.9318594
 0.9250571  0.9139484  0.93111557 0.9308881  0.9266442  0.9323718
 0.9266683  0.91779554 0.91498613 0.92172647 0.9141544  0.929959
 0.9176922  0.9271467  0.9314834  0.9120474  0.9261314  0.91322684
 0.92434084 0.9229187  0.923649   0.91714925 0.92136085 0.9261345
 0.9186667  0.9298405  0.93447256 0.92545366 0.93340206 0.91835
 0.9240035  0.9173934  0.9341704  0.92198676 0.9217672  0.92315024
 0.9289869  0.92645806 0.9214872  0.9194145  0.9323282  0.91554135
 0.92722356 0.91797537 0.93126196 0.92004526 0.9215349  0.9234218
 0.9299421  0.92403626 0.915838   0.9237342 ]",46.303875,104.00969195365906,3900.0
GSymplecticNNgHMC,0.7000000000000001,autograd,high_dimensional_warped_gaussian,SynchronousLeapfrog,0.1,"[0.9252944  0.92368627 0.927091   0.9241357  0.92551816 0.92594
 0.9270767  0.925271   0.924452   0.9258825  0.92438376 0.92532986
 0.92549056 0.9254066  0.9281048  0.9249809  0.9254467  0.9255986
 0.9274553  0.9229698  0.9242424  0.9268155  0.92406774 0.9265065
 0.92528534 0.9259033  0.92373085 0.925126   0.92409915 0.9254706
 0.9247984  0.9266038  0.9272537  0.92432517 0.9250073  0.9261644
 0.92724437 0.92303795 0.9257469  0.9241365  0.92564243 0.92219114
 0.9280218  0.9254858  0.9262383  0.92680204 0.9236085  0.92684126
 0.9280218  0.92436385 0.9249534  0.9230353  0.9238357  0.92670524
 0.9266159  0.9253268  0.92453825 0.92620075 0.92329013 0.9266664
 0.9239191  0.92398727 0.92566216 0.9221128  0.9261699  0.9244927
 0.92532843 0.92411363 0.9256333  0.92523944 0.9248449  0.925362
 0.92384064 0.9255664  0.925852   0.9235375  0.9262415  0.9225596
 0.92623967 0.92437565 0.9269937  0.9242105  0.92318475 0.92595
 0.924174   0.92519253 0.9245014  0.9243619  0.9258906  0.9262688
 0.92599785 0.9237565  0.92579496 0.92517316 0.9251952  0.9230187
 0.9250115  0.924572   0.92523545 0.9245583 ]",447.25192,47.26863765716553,3900.0
HMC,0.8,autograd,high_dimensional_gaussian,SynchronousLeapfrog,0.1,"[0.6699242  0.6660835  0.66444415 0.6744865  0.66828454 0.6659218
 0.6687716  0.6662703  0.6782024  0.6750231  0.6703238  0.6740062
 0.67200696 0.66937804 0.6723053  0.68118143 0.6715565  0.6654341
 0.67370725 0.6733297  0.6713955  0.681558   0.6781833  0.6771989
 0.6709454  0.66543734 0.66609585 0.6735381  0.66542643 0.67359877
 0.66733944 0.6706268  0.67107975 0.6733352  0.6644587  0.6745666
 0.67123264 0.6663586  0.681479   0.6756327  0.6747393  0.6815419
 0.6714889  0.6730785  0.66979194 0.67274445 0.66596043 0.66803825
 0.66800404 0.6638963  0.66689795 0.6709487  0.674637   0.66314
 0.67031497 0.6666008  0.6816776  0.6706407  0.66543114 0.6675207
 0.67238474 0.6731345  0.66590816 0.6628774  0.6713598  0.66854894
 0.66880983 0.6764606  0.66858053 0.67161894 0.6744127  0.6710211
 0.6635113  0.667243   0.6683613  0.6715536  0.67425513 0.67864645
 0.67155397 0.669176   0.6776689  0.67371964 0.666808   0.6690173
 0.6717714  0.66510665 0.67274904 0.673588   0.6798722  0.66279054
 0.6775774  0.6701232  0.6673138  0.6754193  0.6741624  0.67370963
 0.67753124 0.6789116  0.6703929  0.6725041 ]",1.3208165e+06,18.033068418502808,3847.703801374461
NNgHMC,0.8,autograd,high_dimensional_gaussian,SynchronousLeapfrog,0.1,"[0.6699242  0.6660835  0.66444415 0.6744865  0.66828454 0.6659218
 0.6687716  0.6662703  0.6782024  0.6750231  0.6703238  0.6740062
 0.67200696 0.66937804 0.6723053  0.68118143 0.6715565  0.6654341
 0.67370725 0.6733297  0.6713955  0.681558   0.6781833  0.6771989
 0.6709454  0.66543734 0.66609585 0.6735381  0.66542643 0.67359877
 0.66733944 0.6706268  0.67107975 0.6733352  0.6644587  0.6745666
 0.67123264 0.6663586  0.681479   0.6756327  0.6747393  0.6815419
 0.6714889  0.6730785  0.66979194 0.67274445 0.66596043 0.66803825
 0.66800404 0.6638963  0.66689795 0.6709487  0.674637   0.66314
 0.67031497 0.6666008  0.6816776  0.6706407  0.66543114 0.6675207
 0.67238474 0.6731345  0.66590816 0.6628774  0.6713598  0.66854894
 0.66880983 0.6764606  0.66858053 0.67161894 0.6744127  0.6710211
 0.6635113  0.667243   0.6683613  0.6715536  0.67425513 0.67864645
 0.67155397 0.669176   0.6776689  0.67371964 0.666808   0.6690173
 0.6717714  0.66510665 0.67274904 0.673588   0.6798722  0.66279054
 0.6775774  0.6701232  0.6673138  0.6754193  0.6741624  0.67370963
 0.67753124 0.6789116  0.6703929  0.6725041 ]",1.3208165e+06,35.36286950111389,3524.418172429231
NNODEgHMC,0.8,autograd,high_dimensional_gaussian,SynchronousLeapfrog,0.1,"[0.94121826 0.94124925 0.941426   0.940864   0.9411918  0.9413605
 0.94130677 0.9413783  0.9407749  0.9409373  0.9410238  0.9409968
 0.94099975 0.9410822  0.94131964 0.9406888  0.9411451  0.94133824
 0.9411189  0.94074917 0.9409946  0.9407557  0.94078255 0.9408662
 0.9411606  0.941316   0.9412793  0.9410073  0.9411776  0.9411949
 0.94114506 0.94121    0.94130963 0.9408681  0.9412478  0.9410713
 0.9410543  0.9410593  0.94056    0.94100416 0.94105333 0.94052
 0.941158   0.94095206 0.9412269  0.94110626 0.9409787  0.941378
 0.94133586 0.9413433  0.9413065  0.9409299  0.94085157 0.9413964
 0.9411708  0.9413449  0.9407667  0.9412696  0.94135493 0.94121397
 0.94078845 0.9409608  0.9413995  0.94113946 0.9412388  0.9411444
 0.94108987 0.9407506  0.9412856  0.94115657 0.9409541  0.94109505
 0.9412885  0.94127697 0.94123816 0.94112104 0.9411448  0.9408269
 0.9409746  0.9412408  0.9408932  0.9408821  0.94117486 0.9411685
 0.9411582  0.9411591  0.94100875 0.9411976  0.9407941  0.9413847
 0.94099927 0.9410943  0.94132364 0.94097984 0.941079   0.9409188
 0.94077724 0.94076705 0.94115245 0.94090956]",7.9002346e-11,29.788498163223267,3600.0
Explicit NNODEgHMC,0.8,autograd,high_dimensional_gaussian,SynchronousLeapfrog,0.1,"[0.9401425  0.9401698  0.9403533  0.9397773  0.94011307 0.940287
 0.9402346  0.9403061  0.9396893  0.9398556  0.939939   0.93991613
 0.9399163  0.9399991  0.94025296 0.9396032  0.9400687  0.9402627
 0.94004416 0.9396547  0.9399101  0.9396741  0.9396975  0.93978393
 0.94008416 0.94023895 0.9402017  0.9399266  0.9400935  0.9401244
 0.9400624  0.9401355  0.94024086 0.93977976 0.94016546 0.9399959
 0.9399726  0.93997085 0.93946856 0.9399266  0.9399769  0.93942595
 0.94008225 0.93986785 0.9401517  0.9400296  0.93988484 0.94030845
 0.940264   0.940266   0.9402318  0.93984145 0.93976474 0.9403207
 0.94009393 0.94027084 0.9396858  0.94019794 0.94027996 0.9401352
 0.939695   0.9398774  0.94032764 0.9400495  0.9401671  0.9400635
 0.9400065  0.939661   0.940212   0.940081   0.93987155 0.9400155
 0.9402072  0.9402008  0.9401617  0.94004315 0.94007224 0.9397446
 0.9398896  0.94016594 0.93981314 0.93979526 0.940093   0.9400894
 0.9400828  0.94007385 0.9399271  0.9401268  0.93971175 0.9403075
 0.9399245  0.9400131  0.9402498  0.9399006  0.9400029  0.93983424
 0.93969077 0.9396819  0.94007444 0.9398224 ]",2.386514e-11,45.47781181335449,5.551128299590674
SymplecticNNgHMC,0.8,autograd,high_dimensional_gaussian,SynchronousLeapfrog,0.1,"[0.9489891  0.94921017 0.94904804 0.9490611  0.94908047 0.9490575
 0.9488816  0.9490101  0.9489402  0.9488946  0.94922924 0.9489915
 0.949064   0.9493027  0.94867915 0.9487959  0.9489559  0.9492389
 0.9488101  0.9493858  0.9491383  0.9486877  0.9488804  0.9488987
 0.9489226  0.9491731  0.94917387 0.94897336 0.9494219  0.9486573
 0.9492788  0.94895095 0.9486718  0.94921577 0.9493263  0.9487791
 0.9491059  0.9494726  0.94895303 0.94880694 0.948779   0.9490416
 0.9489111  0.94910777 0.94894874 0.9489381  0.9496805  0.94894093
 0.9489441  0.94924366 0.94904613 0.94931906 0.94909906 0.94921124
 0.94900453 0.94913054 0.94863605 0.94879055 0.94909656 0.94913787
 0.9494144  0.9490645  0.9490441  0.94968104 0.9488249  0.9491873
 0.94926214 0.949087   0.94894683 0.9489378  0.9489628  0.9490248
 0.9494294  0.9490545  0.94904417 0.94901246 0.94872475 0.9488261
 0.9491838  0.94893646 0.94878674 0.9490887  0.94921815 0.9490902
 0.948949   0.9494168  0.9490471  0.9486439  0.94873416 0.94931054
 0.9485714  0.94909954 0.94900626 0.9488646  0.94881815 0.949105
 0.949026   0.94887483 0.94898385 0.9491962 ]",438.20132,110.16813969612122,1.3985945806208497
GSymplecticNNgHMC,0.8,autograd,high_dimensional_gaussian,SynchronousLeapfrog,0.1,"[0.94413996 0.9443189  0.9443035  0.94408906 0.94421864 0.94424343
 0.944118   0.94420874 0.9439427  0.94400024 0.9442228  0.9440441
 0.9441404  0.94424194 0.94388485 0.9438202  0.9440729  0.9442996
 0.9439753  0.94421697 0.94417596 0.9437479  0.9439218  0.9439348
 0.94409674 0.94432664 0.9442956  0.94404984 0.9443954  0.94389784
 0.94430494 0.9440911  0.9439702  0.94414914 0.9444251  0.94393843
 0.94415444 0.9444001  0.94386184 0.9439286  0.94394994 0.9439074
 0.94406295 0.9441109  0.94413567 0.94401956 0.9444916  0.94410133
 0.9441387  0.9443662  0.9442195  0.9442347  0.9440713  0.9443791
 0.94412106 0.94423485 0.9437515  0.94403934 0.9442893  0.9442457
 0.944226   0.9440999  0.94422126 0.9445442  0.9439985  0.9442339
 0.9442563  0.9440434  0.9441446  0.94405496 0.9440481  0.9441267
 0.94444656 0.9442301  0.94420236 0.9441015  0.94391984 0.94388
 0.944167   0.94414496 0.94389266 0.94410646 0.9443091  0.94420326
 0.94404    0.9444105  0.9440863  0.9439192  0.9438406  0.94440955
 0.94381255 0.94418806 0.9442024  0.9439682  0.943972   0.9440803
 0.9439766  0.94390535 0.9441349  0.9441589 ]",700.639,50.901445150375366,57.33125673199191
HMC,0.8,autograd,high_dimensional_warped_gaussian,SynchronousLeapfrog,0.1,"[0.8927595  0.8966954  0.89539707 0.8945097  0.89834046 0.898319
 0.89676464 0.89772433 0.89348173 0.8971514  0.89515734 0.89365816
 0.8956456  0.895035   0.89231443 0.89434814 0.89592206 0.8961913
 0.89392424 0.89476144 0.895796   0.89486426 0.896091   0.89461124
 0.89629304 0.8952173  0.89728945 0.8954837  0.8965969  0.8960433
 0.8973783  0.894726   0.8946568  0.8946861  0.8942857  0.8966775
 0.8953173  0.8985032  0.8968989  0.8955796  0.8948414  0.89276254
 0.8967189  0.89510167 0.8933028  0.89663494 0.895746   0.896378
 0.89659613 0.89940226 0.8990175  0.89643776 0.897233   0.899042
 0.8969444  0.8939842  0.893027   0.8947183  0.8959402  0.8982614
 0.8980447  0.8960263  0.89630055 0.8986074  0.8972866  0.8977765
 0.8972223  0.8945414  0.8963771  0.8964418  0.893335   0.89738643
 0.89504004 0.8971883  0.8958715  0.8943164  0.8931591  0.8944485
 0.89796555 0.8965477  0.8951372  0.8967385  0.8986551  0.89644784
 0.89701957 0.8989212  0.8968844  0.89268935 0.8932373  0.8984639
 0.8958205  0.89625823 0.8957178  0.89436406 0.89455146 0.8978467
 0.89377445 0.8934476  0.8961982  0.89666295]",74.42522,17.87257218360901,3847.704681072318
NNgHMC,0.8,autograd,high_dimensional_warped_gaussian,SynchronousLeapfrog,0.1,"[0.8927595  0.8966954  0.89539707 0.8945097  0.89834046 0.898319
 0.89676464 0.89772433 0.89348173 0.8971514  0.89515734 0.89365816
 0.8956456  0.895035   0.89231443 0.89434814 0.89592206 0.8961913
 0.89392424 0.89476144 0.895796   0.89486426 0.896091   0.89461124
 0.89629304 0.8952173  0.89728945 0.8954837  0.8965969  0.8960433
 0.8973783  0.894726   0.8946568  0.8946861  0.8942857  0.8966775
 0.8953173  0.8985032  0.8968989  0.8955796  0.8948414  0.89276254
 0.8967189  0.89510167 0.8933028  0.89663494 0.895746   0.896378
 0.89659613 0.89940226 0.8990175  0.89643776 0.897233   0.899042
 0.8969444  0.8939842  0.893027   0.8947183  0.8959402  0.8982614
 0.8980447  0.8960263  0.89630055 0.8986074  0.8972866  0.8977765
 0.8972223  0.8945414  0.8963771  0.8964418  0.893335   0.89738643
 0.89504004 0.8971883  0.8958715  0.8943164  0.8931591  0.8944485
 0.89796555 0.8965477  0.8951372  0.8967385  0.8986551  0.89644784
 0.89701957 0.8989212  0.8968844  0.89268935 0.8932373  0.8984639
 0.8958205  0.89625823 0.8957178  0.89436406 0.89455146 0.8978467
 0.89377445 0.8934476  0.8961982  0.89666295]",74.42522,36.21458959579468,3523.1010591394474
NNODEgHMC,0.8,autograd,high_dimensional_warped_gaussian,SynchronousLeapfrog,0.1,"[0.9362265  0.9397258  0.93782413 0.9349653  0.9370594  0.93682647
 0.93561745 0.9394866  0.9336493  0.9378175  0.9362664  0.9339396
 0.936262   0.93441427 0.9353775  0.93565625 0.93294907 0.937031
 0.93613815 0.93493986 0.936876   0.9358467  0.93751276 0.93582296
 0.931698   0.9372815  0.93671846 0.93312407 0.9366088  0.9359552
 0.9391696  0.9353775  0.93383265 0.9346091  0.93708485 0.9348278
 0.93512034 0.93634003 0.9359087  0.9352934  0.93811226 0.9325077
 0.9325305  0.93669385 0.93794584 0.93601394 0.9383873  0.93915796
 0.93492246 0.9357772  0.9372462  0.9389353  0.9375996  0.94017434
 0.936114   0.93405294 0.9325422  0.9385562  0.93869704 0.9387331
 0.9362747  0.9356383  0.93852824 0.93572414 0.93715113 0.93649644
 0.93448013 0.9375036  0.93816155 0.93656915 0.93896735 0.93749774
 0.9361272  0.93699265 0.93748254 0.93748534 0.9378842  0.93580216
 0.93451667 0.9387523  0.9355626  0.9363486  0.9361169  0.93420315
 0.9361768  0.9380441  0.9370386  0.93734545 0.93780386 0.93513125
 0.9339838  0.9379381  0.93792355 0.9323492  0.93423545 0.936
 0.9374708  0.9372241  0.93427896 0.93759197]",2.6610772e-13,29.903557300567627,1.1751172547984645
Explicit NNODEgHMC,0.8,autograd,high_dimensional_warped_gaussian,SynchronousLeapfrog,0.1,"[0.9356737  0.93772453 0.9386878  0.9368703  0.9368781  0.93794364
 0.9370541  0.93821776 0.9359441  0.9362287  0.9343556  0.93631494
 0.93654203 0.93692964 0.93738365 0.93534845 0.93502855 0.938395
 0.93603206 0.93515813 0.93705934 0.9352654  0.9358244  0.93657637
 0.93670577 0.937421   0.93731165 0.93569756 0.93752    0.93644893
 0.9377068  0.93694276 0.93695897 0.9357464  0.9366223  0.9368323
 0.9368392  0.93786687 0.9350456  0.9365705  0.93721026 0.93460983
 0.9371685  0.93733263 0.9357761  0.93742573 0.9373069  0.9365365
 0.9369688  0.93828154 0.9378316  0.93645114 0.936085   0.9385835
 0.9363145  0.9365829  0.9353899  0.93705815 0.93860567 0.9372387
 0.9369205  0.9368181  0.9372711  0.9378101  0.9366902  0.9369437
 0.9373025  0.9361992  0.9384803  0.9376423  0.9358556  0.937827
 0.9371462  0.9366373  0.9356322  0.935789   0.93473613 0.93501794
 0.9369273  0.9383588  0.93514097 0.9367277  0.9376421  0.93616
 0.93606293 0.93855035 0.93641937 0.9363865  0.93491447 0.9377367
 0.93622255 0.93716705 0.9373476  0.9359622  0.9367713  0.9361862
 0.9353285  0.9357929  0.93698347 0.93698144]",2.3061848e-13,45.03586506843567,3600.0
SymplecticNNgHMC,0.8,autograd,high_dimensional_warped_gaussian,SynchronousLeapfrog,0.1,"[0.92055964 0.9290961  0.9263348  0.9169235  0.92254686 0.9211972
 0.92068285 0.9284539  0.9217696  0.9236287  0.92613786 0.9204546
 0.9236592  0.92662066 0.9350731  0.9229829  0.9221958  0.9323534
 0.9271716  0.9173863  0.9290168  0.9179696  0.92175055 0.922202
 0.91927356 0.9304403  0.92834044 0.92945635 0.9262418  0.93457496
 0.9283182  0.9292476  0.92649627 0.92499465 0.93105805 0.92167014
 0.92924064 0.9231634  0.9192947  0.91941714 0.9235427  0.9189967
 0.9249255  0.9185108  0.92223823 0.9091978  0.92638206 0.9295196
 0.9329977  0.9284544  0.9273356  0.92686814 0.92257774 0.9275159
 0.9275841  0.93483436 0.93261003 0.9289193  0.92978185 0.92171896
 0.9193667  0.91879964 0.92990893 0.91350883 0.9353013  0.92884463
 0.90499467 0.927392   0.9267623  0.93284655 0.9216924  0.9255184
 0.9197887  0.92814684 0.9207734  0.92883897 0.9249214  0.93116
 0.91990626 0.93130827 0.9229881  0.91588056 0.9232416  0.9248233
 0.9185435  0.9193733  0.9175019  0.93008745 0.9236764  0.9190779
 0.92151016 0.9297413  0.9241204  0.92186403 0.92221534 0.92594016
 0.92812794 0.9155459  0.9209346  0.9119928 ]",204.91266,108.76708960533142,3600.0
GSymplecticNNgHMC,0.8,autograd,high_dimensional_warped_gaussian,SynchronousLeapfrog,0.1,"[0.92565084 0.926078   0.92716044 0.9235368  0.9261435  0.9272008
 0.9267807  0.92713594 0.92305034 0.9244     0.92470694 0.9244482
 0.92457885 0.92509055 0.92635286 0.92259425 0.92589605 0.92669314
 0.9252717  0.9228059  0.924483   0.9231137  0.92326015 0.92368984
 0.92591906 0.92647475 0.9265081  0.9248215  0.9256696  0.92607826
 0.92546177 0.9259534  0.9266776  0.9236407  0.92587984 0.925364
 0.9248702  0.9251349  0.9219853  0.92477655 0.92483395 0.92127633
 0.9259348  0.92415714 0.92576325 0.92547226 0.9240331  0.92709845
 0.9269721  0.9272332  0.92697877 0.92393184 0.92374885 0.92730254
 0.9259181  0.9266419  0.9230529  0.9262318  0.92673135 0.92618513
 0.923325   0.92439497 0.9271543  0.9256856  0.9264226  0.9257488
 0.9253771  0.922721   0.92642057 0.9257114  0.92387104 0.9253348
 0.9262778  0.9266173  0.92615783 0.9252089  0.9253435  0.9234681
 0.9247513  0.9261276  0.9240519  0.92393243 0.9260193  0.9259238
 0.92591333 0.92577505 0.9248206  0.9256338  0.92302513 0.9274017
 0.92491806 0.92516696 0.92661685 0.92455673 0.9251107  0.92435634
 0.9228573  0.9228108  0.9257457  0.9239874 ]",94.64721,50.43405294418335,3600.0
HMC,0.9,autograd,high_dimensional_gaussian,SynchronousLeapfrog,0.1,"[0.6654761  0.6668033  0.672554   0.6685623  0.66881794 0.6777353
 0.6741008  0.66745013 0.6709646  0.6694259  0.66347075 0.6802031
 0.66940284 0.67278975 0.67434704 0.6751978  0.6672031  0.6697146
 0.66930723 0.6680249  0.66711015 0.6709131  0.6682396  0.6654178
 0.66388875 0.6682533  0.66700006 0.6664976  0.678388   0.6675898
 0.6681776  0.6675948  0.6742654  0.6829232  0.6742933  0.6841451
 0.671209   0.66457117 0.66466653 0.6793146  0.668705   0.68270445
 0.66490525 0.672002   0.6659163  0.6745429  0.6649526  0.6745248
 0.67406976 0.667386   0.66811603 0.666872   0.67007494 0.67494917
 0.6690414  0.6733936  0.67031854 0.66933936 0.6687422  0.6685192
 0.68028396 0.6691722  0.6718384  0.67188996 0.6793728  0.6676194
 0.6720276  0.6766658  0.67571354 0.6738133  0.6652438  0.66841257
 0.6718718  0.6710639  0.67514217 0.67006063 0.6773491  0.66474867
 0.6666865  0.67212456 0.67632025 0.6772833  0.6670267  0.67590064
 0.6735684  0.66637266 0.67405593 0.6747877  0.67072046 0.6775969
 0.67094725 0.66781944 0.6772834  0.67017984 0.6701058  0.67144156
 0.66958207 0.6639383  0.677413   0.6740188 ]",1.4013771e+06,17.921934604644775,3517.1964892518913
NNgHMC,0.9,autograd,high_dimensional_gaussian,SynchronousLeapfrog,0.1,"[0.6654761  0.6668033  0.672554   0.6685623  0.66881794 0.6777353
 0.6741008  0.66745013 0.6709646  0.6694259  0.66347075 0.6802031
 0.66940284 0.67278975 0.67434704 0.6751978  0.6672031  0.6697146
 0.66930723 0.6680249  0.66711015 0.6709131  0.6682396  0.6654178
 0.66388875 0.6682533  0.66700006 0.6664976  0.678388   0.6675898
 0.6681776  0.6675948  0.6742654  0.6829232  0.6742933  0.6841451
 0.671209   0.66457117 0.66466653 0.6793146  0.668705   0.68270445
 0.66490525 0.672002   0.6659163  0.6745429  0.6649526  0.6745248
 0.67406976 0.667386   0.66811603 0.666872   0.67007494 0.67494917
 0.6690414  0.6733936  0.67031854 0.66933936 0.6687422  0.6685192
 0.68028396 0.6691722  0.6718384  0.67188996 0.6793728  0.6676194
 0.6720276  0.6766658  0.67571354 0.6738133  0.6652438  0.66841257
 0.6718718  0.6710639  0.67514217 0.67006063 0.6773491  0.66474867
 0.6666865  0.67212456 0.67632025 0.6772833  0.6670267  0.67590064
 0.6735684  0.66637266 0.67405593 0.6747877  0.67072046 0.6775969
 0.67094725 0.66781944 0.6772834  0.67017984 0.6701058  0.67144156
 0.66958207 0.6639383  0.677413   0.6740188 ]",1.4013771e+06,34.014267921447754,3244.4784020851957
NNODEgHMC,0.9,autograd,high_dimensional_gaussian,SynchronousLeapfrog,0.1,"[0.9413439  0.9411944  0.941105   0.9410481  0.9411432  0.94090843
 0.9410839  0.94130343 0.94100446 0.9411073  0.94124067 0.940746
 0.94106436 0.94093275 0.9412093  0.94087315 0.9412683  0.9411549
 0.9412421  0.94091576 0.9411198  0.94110364 0.9411084  0.94125575
 0.94138    0.9411852  0.9412171  0.9412279  0.9406893  0.9413733
 0.9410877  0.941285   0.94116044 0.9405006  0.9408697  0.94069827
 0.9410261  0.9410991  0.941134   0.9408414  0.9412354  0.940454
 0.9413602  0.9409625  0.9413321  0.9410105  0.940993   0.94111276
 0.94108677 0.9411897  0.9412317  0.94105005 0.9409876  0.94094604
 0.941185   0.94107056 0.9411392  0.9412813  0.9412055  0.941149
 0.9404843  0.9410738  0.9411554  0.9407953  0.94092    0.94114894
 0.9409479  0.9407176  0.9409994  0.9410464  0.9412509  0.9411582
 0.9409628  0.94111    0.9409658  0.9411429  0.94100016 0.9412916
 0.9411211  0.94110394 0.94091046 0.94072866 0.9411394  0.94089365
 0.9410619  0.9410884  0.94093317 0.9411194  0.94108933 0.9408281
 0.9412014  0.9411473  0.94093645 0.9411351  0.9411906  0.9409722
 0.94103277 0.9412715  0.9408719  0.9408295 ]",8.949913e-11,28.966391801834106,3300.0
Explicit NNODEgHMC,0.9,autograd,high_dimensional_gaussian,SynchronousLeapfrog,0.1,"[0.9402973  0.9401426  0.940057   0.9399915  0.9400922  0.93985856
 0.9400374  0.9402584  0.93994904 0.94005525 0.9401862  0.9396912
 0.94000983 0.9398763  0.9401691  0.9398176  0.94022095 0.9401053
 0.9401962  0.93985164 0.9400648  0.94005346 0.94005466 0.9402051
 0.94033355 0.9401349  0.94016695 0.94017744 0.93962896 0.94033194
 0.94003284 0.94023883 0.94011784 0.93943727 0.9398121  0.9396471
 0.9399723  0.9400394  0.9400765  0.93979025 0.9401886  0.93938816
 0.9403143  0.9399066  0.94028556 0.9399611  0.93992805 0.94006824
 0.9400403  0.94013894 0.9401843  0.9399911  0.93993056 0.9398941
 0.9401362  0.9400219  0.9400897  0.9402375  0.9401571  0.9400977
 0.93941677 0.9400195  0.940109   0.9397309  0.9398731  0.94009626
 0.9398915  0.93965614 0.9399507  0.9399976  0.94019955 0.9401071
 0.9399065  0.9400603  0.9399147  0.94009304 0.9399539  0.9402417
 0.94006586 0.94005555 0.9398583  0.939669   0.9400856  0.9398403
 0.94001365 0.94003093 0.9398792  0.94007516 0.9400379  0.9397739
 0.94015634 0.9400948  0.939887   0.9400853  0.94014347 0.9399164
 0.9399769  0.9402193  0.9398195  0.9397701 ]",2.4258042e-11,43.58559274673462,18.17424638703658
SymplecticNNgHMC,0.9,autograd,high_dimensional_gaussian,SynchronousLeapfrog,0.1,"[0.9379624  0.93841493 0.9375342  0.93838036 0.9381503  0.9375354
 0.93741786 0.93794596 0.9380616  0.93818206 0.9389116  0.9374399
 0.9380376  0.93826884 0.9366839  0.9383974  0.9380259  0.9378821
 0.93769896 0.93940675 0.93862504 0.9378297  0.9386195  0.93857974
 0.93788046 0.9380802  0.9380996  0.9382405  0.9376785  0.9376
 0.9383277  0.9380255  0.93706846 0.9384018  0.9385566  0.93708986
 0.93795747 0.9388461  0.9387989  0.93732953 0.93767804 0.938179
 0.93769777 0.93866557 0.9382019  0.9377715  0.9395416  0.93737215
 0.9375248  0.93831176 0.9383569  0.9386449  0.9383024  0.9375118
 0.93834627 0.9378886  0.93777823 0.9375183  0.9377233  0.9387016
 0.9385602  0.9386488  0.93764824 0.9389715  0.93714976 0.93848634
 0.9384452  0.93839777 0.93726313 0.9373516  0.9381597  0.93812084
 0.938863   0.937909   0.93795395 0.93811435 0.93780553 0.93774384
 0.93834543 0.9374663  0.9378313  0.9381528  0.93844146 0.9375491
 0.9375458  0.93831575 0.9382431  0.93745226 0.93819654 0.9380483
 0.93728375 0.93859446 0.9378068  0.93779534 0.93783283 0.93868583
 0.93807065 0.9385228  0.9374232  0.93806314]",15649.26,116.09469103813171,763.2431718341101
GSymplecticNNgHMC,0.9,autograd,high_dimensional_gaussian,SynchronousLeapfrog,0.1,"[0.94435567 0.94431317 0.9441175  0.9443006  0.944227   0.9439027
 0.944046   0.94423103 0.9441967  0.94420815 0.9444648  0.9438638
 0.9442487  0.94414115 0.9439957  0.9440305  0.944262   0.94418377
 0.9442005  0.9444248  0.94433326 0.9441501  0.9442722  0.9443517
 0.9443859  0.9442624  0.944294   0.9443099  0.94397604 0.944221
 0.9442865  0.94424057 0.94400394 0.9438407  0.9441182  0.94368637
 0.9441786  0.944481   0.9444415  0.9438609  0.94420713 0.94388866
 0.94434637 0.94416285 0.94433683 0.94402647 0.9445571  0.9439968
 0.94404054 0.9442717  0.9442229  0.94438624 0.944236   0.9440195
 0.94420135 0.9440603  0.9441705  0.9441956  0.9442319  0.9442338
 0.94399107 0.94424695 0.94410443 0.9442703  0.9438348  0.94427586
 0.94416463 0.9440539  0.9439806  0.944034   0.94437695 0.9442502
 0.94417953 0.9441366  0.9440195  0.94419765 0.9439275  0.9443698
 0.94434416 0.9440972  0.9439734  0.9440063  0.9443168  0.9439978
 0.9440491  0.94438934 0.9440605  0.94401395 0.9441766  0.94394064
 0.944124   0.9442749  0.9439267  0.9441821  0.94417256 0.944164
 0.94425434 0.9444234  0.94394463 0.944119  ]",1344.5967,54.44594740867615,1.4639012678012426
HMC,0.9,autograd,high_dimensional_warped_gaussian,SynchronousLeapfrog,0.1,"[0.8939487  0.89680547 0.89396286 0.895946   0.89845246 0.8960576
 0.8958597  0.8977272  0.8951591  0.8984944  0.89683807 0.8925257
 0.896398   0.8945428  0.8920962  0.89571637 0.8970504  0.89555466
 0.89504945 0.89607847 0.89691275 0.8972173  0.89832795 0.89726084
 0.89800215 0.8948989  0.8973562  0.8971629  0.8941092  0.8974986
 0.8974433  0.8955922  0.8941945  0.89283276 0.8924918  0.89479727
 0.89553183 0.8991318  0.9005537  0.89494944 0.89629596 0.8926155
 0.89831793 0.89551926 0.8943683  0.8964342  0.896232   0.8952385
 0.895545   0.898931   0.8989959  0.89751124 0.8983598  0.8968107
 0.89742535 0.89281344 0.8955424  0.8952161  0.89551175 0.89828414
 0.8965394  0.8970515  0.8953061  0.89697784 0.89577484 0.8982004
 0.89676356 0.89464843 0.89509314 0.8961719  0.8954704  0.89814013
 0.8935663  0.8966205  0.8946687  0.89484644 0.8926873  0.89753234
 0.8991902  0.8961462  0.89555615 0.89614916 0.89884996 0.8952112
 0.89682853 0.89891195 0.8967866  0.8926322  0.8953034  0.8956027
 0.8973608  0.8969655  0.89385    0.8956442  0.8955938  0.8984921
 0.89560956 0.89676327 0.89491737 0.8965254 ]",74.65434,17.867400884628296,3517.1975353002244
NNgHMC,0.9,autograd,high_dimensional_warped_gaussian,SynchronousLeapfrog,0.1,"[0.8939487  0.89680547 0.89396286 0.895946   0.89845246 0.8960576
 0.8958597  0.8977272  0.8951591  0.8984944  0.89683807 0.8925257
 0.896398   0.8945428  0.8920962  0.89571637 0.8970504  0.89555466
 0.89504945 0.89607847 0.89691275 0.8972173  0.89832795 0.89726084
 0.89800215 0.8948989  0.8973562  0.8971629  0.8941092  0.8974986
 0.8974433  0.8955922  0.8941945  0.89283276 0.8924918  0.89479727
 0.89553183 0.8991318  0.9005537  0.89494944 0.89629596 0.8926155
 0.89831793 0.89551926 0.8943683  0.8964342  0.896232   0.8952385
 0.895545   0.898931   0.8989959  0.89751124 0.8983598  0.8968107
 0.89742535 0.89281344 0.8955424  0.8952161  0.89551175 0.89828414
 0.8965394  0.8970515  0.8953061  0.89697784 0.89577484 0.8982004
 0.89676356 0.89464843 0.89509314 0.8961719  0.8954704  0.89814013
 0.8935663  0.8966205  0.8946687  0.89484644 0.8926873  0.89753234
 0.8991902  0.8961462  0.89555615 0.89614916 0.89884996 0.8952112
 0.89682853 0.89891195 0.8967866  0.8926322  0.8953034  0.8956027
 0.8973608  0.8969655  0.89385    0.8956442  0.8955938  0.8984921
 0.89560956 0.89676327 0.89491737 0.8965254 ]",74.65434,33.64111042022705,3243.401006773574
NNODEgHMC,0.9,autograd,high_dimensional_warped_gaussian,SynchronousLeapfrog,0.1,"[0.93879694 0.9405052  0.93880534 0.93845075 0.93859494 0.9370215
 0.9372175  0.9406991  0.9372618  0.9396569  0.9380951  0.93558824
 0.93848324 0.936217   0.93795127 0.93802726 0.9362068  0.9386939
 0.9386878  0.93720216 0.9393529  0.9393084  0.9401133  0.939851
 0.9366333  0.93860996 0.9386856  0.93723106 0.93634677 0.93920803
 0.9401137  0.9381351  0.93651044 0.93492305 0.9369004  0.9357025
 0.937665   0.9388212  0.9398941  0.9368762  0.94068855 0.93474495
 0.93731374 0.9387897  0.93961143 0.93794346 0.93961465 0.9387247
 0.9367506  0.9377882  0.9389531  0.9401318  0.939258   0.9392888
 0.9382767  0.9360894  0.9375834  0.9400444  0.93998426 0.93959635
 0.936603   0.93840206 0.93911046 0.93624675 0.9375474  0.9385456
 0.936497   0.93846846 0.9390237  0.93854856 0.9409251  0.9398982
 0.93677235 0.9378635  0.9372429  0.93885803 0.93790144 0.9396801
 0.9379348  0.93992364 0.9371691  0.9374262  0.93843126 0.9354154
 0.9375522  0.9396719  0.9380803  0.9387948  0.9397119  0.93512404
 0.9378628  0.9396691  0.9378723  0.9364094  0.93790597 0.93805933
 0.9395494  0.9409127  0.9357486  0.93853176]",2.186482e-13,28.851906299591064,7.959026885715442
Explicit NNODEgHMC,0.9,autograd,high_dimensional_warped_gaussian,SynchronousLeapfrog,0.1,"[0.9357828  0.9370966  0.9369013  0.9375825  0.93608    0.93538475
 0.93552923 0.93753594 0.9367943  0.9364996  0.93472505 0.9346683
 0.9364066  0.9357791  0.9366271  0.9357581  0.93487805 0.9373106
 0.9362067  0.9355027  0.9373603  0.93650264 0.9368228  0.93816537
 0.9375441  0.93635917 0.9367609  0.9364977  0.9347259  0.93691397
 0.9370739  0.9369058  0.9359088  0.9333434  0.934101   0.93452567
 0.9365095  0.9378164  0.9373438  0.9354042  0.93777144 0.93374896
 0.93785733 0.9370223  0.93566644 0.93650055 0.9370753  0.9347283
 0.93537635 0.9371211  0.93702    0.9365985  0.9361772  0.9361672
 0.93583965 0.93490475 0.9370798  0.9366328  0.93766093 0.9363824
 0.93494797 0.93713963 0.9357681  0.9354669  0.93473953 0.936571
 0.93616426 0.9356496  0.9367789  0.93676585 0.9368412  0.9378802
 0.9349839  0.93527955 0.9335941  0.9354614  0.9334245  0.93688154
 0.93737054 0.9374556  0.93454325 0.9354984  0.93716145 0.9341154
 0.9350079  0.93787163 0.93556345 0.93560165 0.9357543  0.9344327
 0.9367568  0.9370334  0.9350594  0.93642414 0.9371389  0.9360758
 0.9361372  0.93784475 0.93507135 0.9361149 ]",2.3122956e-13,43.51809573173523,3300.0
SymplecticNNgHMC,0.9,autograd,high_dimensional_warped_gaussian,SynchronousLeapfrog,0.1,"[0.9246577  0.9298601  0.92342997 0.9173627  0.92402697 0.9215624
 0.9232055  0.9269929  0.9208343  0.9281046  0.9298638  0.9171688
 0.9247906  0.92026824 0.9228171  0.9241537  0.9229714  0.92466706
 0.92743576 0.9221238  0.921563   0.9232776  0.92788476 0.9254502
 0.9193485  0.9249929  0.92278945 0.92236805 0.9174761  0.92694795
 0.92660475 0.92481345 0.91743803 0.9174814  0.92078537 0.9174274
 0.92082286 0.92124575 0.9263618  0.92127573 0.9220619  0.91396224
 0.91961324 0.92203873 0.92834777 0.9212483  0.92356694 0.9297972
 0.9228009  0.9214489  0.9263114  0.9285607  0.9255371  0.924215
 0.92567515 0.9200834  0.92054296 0.92763066 0.9242672  0.9276487
 0.91731787 0.92123574 0.924298   0.91731966 0.92472506 0.92410636
 0.917627   0.9223598  0.9209239  0.9227297  0.9265573  0.9246082
 0.9185715  0.9264827  0.92593515 0.9291558  0.9287143  0.92798066
 0.91847914 0.9219389  0.9241273  0.9193469  0.9219283  0.9171278
 0.9238224  0.92165506 0.9230068  0.9257387  0.92896575 0.9174622
 0.9212116  0.9260547  0.9229881  0.9158087  0.9228927  0.9242048
 0.9267359  0.92614526 0.9154968  0.9219763 ]",21.90763,114.99237871170044,3300.0
GSymplecticNNgHMC,0.9,autograd,high_dimensional_warped_gaussian,SynchronousLeapfrog,0.1,"[0.92661715 0.9257745  0.9250907  0.9248206  0.92589796 0.92424697
 0.9253983  0.92677873 0.92463386 0.9255167  0.9262724  0.9227392
 0.9250674  0.9241756  0.92583483 0.92374897 0.92688316 0.9255532
 0.9261963  0.9239999  0.9254049  0.92540264 0.92540044 0.9263574
 0.9275775  0.92571515 0.9261904  0.9264094  0.9223711  0.9274151
 0.9251053  0.92658985 0.92584753 0.9210662  0.92335767 0.9228395
 0.92472786 0.92554367 0.9258646  0.92365694 0.9260957  0.920716
 0.92750776 0.924222   0.92652225 0.9248903  0.9242166  0.9254219
 0.9254348  0.92635155 0.9266035  0.9247694  0.9246373  0.92428064
 0.9261095  0.92496145 0.92554605 0.9263811  0.9258244  0.9258114
 0.92117393 0.9252007  0.9256077  0.92345214 0.92433083 0.92588794
 0.9245185  0.922385   0.92453694 0.92503345 0.9258441  0.92577493
 0.9241633  0.9255861  0.92437816 0.92537296 0.924325   0.92664737
 0.9258288  0.9252627  0.9241171  0.92285556 0.9258768  0.92415684
 0.92532873 0.92537403 0.92430913 0.9251579  0.9249098  0.92375946
 0.92632955 0.9255823  0.9240448  0.92569005 0.9259285  0.92472523
 0.9245287  0.9262482  0.923941   0.92342323]",7258.3745,54.24382185935974,3300.0
HMC,1.0,autograd,high_dimensional_gaussian,SynchronousLeapfrog,0.1,"[0.6696911  0.6701088  0.6799431  0.6629039  0.6716951  0.66553473
 0.66789025 0.6672284  0.66673493 0.67208266 0.6679858  0.6692108
 0.6659726  0.67200124 0.66720456 0.66803837 0.6732136  0.6697377
 0.6728518  0.6622553  0.6681317  0.67730284 0.67785615 0.672368
 0.66845894 0.6716847  0.66691244 0.67382634 0.6709956  0.67502135
 0.6733551  0.67451465 0.6673889  0.67465824 0.67968816 0.6623181
 0.6751277  0.67577446 0.668357   0.67112035 0.6736516  0.6707901
 0.67419016 0.67285347 0.676006   0.67596024 0.67229337 0.6719917
 0.6660228  0.664376   0.66799545 0.6641203  0.6706065  0.67066324
 0.6656791  0.6691507  0.6747655  0.672359   0.6662822  0.6768443
 0.6663531  0.66412926 0.6661277  0.6721473  0.675437   0.6706114
 0.66900915 0.66550636 0.68382925 0.663807   0.6716646  0.6736325
 0.6726732  0.6727122  0.6699826  0.67963934 0.6633769  0.6778674
 0.67217064 0.6700825  0.675804   0.67025304 0.6795327  0.6765804
 0.6724405  0.67934465 0.6709374  0.6734063  0.6698174  0.6719126
 0.66981554 0.66772765 0.6708821  0.67420286 0.6754703  0.67042255
 0.6832487  0.6659647  0.6765132  0.6674749 ]",1.3385744e+06,17.691765069961548,3214.9352350442164
NNgHMC,1.0,autograd,high_dimensional_gaussian,SynchronousLeapfrog,0.1,"[0.6696911  0.6701088  0.6799431  0.6629039  0.6716951  0.66553473
 0.66789025 0.6672284  0.66673493 0.67208266 0.6679858  0.6692108
 0.6659726  0.67200124 0.66720456 0.66803837 0.6732136  0.6697377
 0.6728518  0.6622553  0.6681317  0.67730284 0.67785615 0.672368
 0.66845894 0.6716847  0.66691244 0.67382634 0.6709956  0.67502135
 0.6733551  0.67451465 0.6673889  0.67465824 0.67968816 0.6623181
 0.6751277  0.67577446 0.668357   0.67112035 0.6736516  0.6707901
 0.67419016 0.67285347 0.676006   0.67596024 0.67229337 0.6719917
 0.6660228  0.664376   0.66799545 0.6641203  0.6706065  0.67066324
 0.6656791  0.6691507  0.6747655  0.672359   0.6662822  0.6768443
 0.6663531  0.66412926 0.6661277  0.6721473  0.675437   0.6706114
 0.66900915 0.66550636 0.68382925 0.663807   0.6716646  0.6736325
 0.6726732  0.6727122  0.6699826  0.67963934 0.6633769  0.6778674
 0.67217064 0.6700825  0.675804   0.67025304 0.6795327  0.6765804
 0.6724405  0.67934465 0.6709374  0.6734063  0.6698174  0.6719126
 0.66981554 0.66772765 0.6708821  0.67420286 0.6754703  0.67042255
 0.6832487  0.6659647  0.6765132  0.6674749 ]",1.3385744e+06,34.00829529762268,2938.638538424873
NNODEgHMC,1.0,autograd,high_dimensional_gaussian,SynchronousLeapfrog,0.1,"[0.9412241  0.9411043  0.94087255 0.9412755  0.94106865 0.9413719
 0.9413354  0.94134176 0.94118166 0.9410402  0.94110584 0.94116545
 0.94121313 0.94098735 0.941497   0.9411551  0.941084   0.9411831
 0.94114673 0.941144   0.94110954 0.940905   0.9407928  0.94103634
 0.94124687 0.9410917  0.9412484  0.9409952  0.9409783  0.9411413
 0.9409296  0.9410693  0.9414374  0.9408201  0.9407041  0.9415042
 0.94091403 0.9407234  0.9410267  0.9411623  0.9410896  0.9409027
 0.94105977 0.94095874 0.9410035  0.9409896  0.94075286 0.94123447
 0.94140357 0.9413246  0.9412652  0.9411725  0.94099414 0.94112694
 0.9413335  0.9412517  0.94101036 0.9412055  0.94132245 0.9408805
 0.9410033  0.9412799  0.941389   0.9408088  0.94109106 0.9410695
 0.9410815  0.94113994 0.94074106 0.94143194 0.94105005 0.94100034
 0.9409609  0.94108033 0.9411783  0.9408313  0.9415283  0.9408528
 0.9409515  0.94120634 0.9409575  0.94100446 0.94072056 0.94089764
 0.94113195 0.94065106 0.9410715  0.9412009  0.94114983 0.94105834
 0.94127244 0.94117796 0.94119424 0.94102097 0.94102997 0.9410345
 0.94057244 0.94122636 0.9409327  0.9410877 ]",3.04038e-11,27.974728107452393,3000.0
Explicit NNODEgHMC,1.0,autograd,high_dimensional_gaussian,SynchronousLeapfrog,0.1,"[0.9401499  0.94002503 0.93979585 0.94019383 0.93999004 0.9402997
 0.9402649  0.9402704  0.94010115 0.93996084 0.9400232  0.9400878
 0.9401333  0.9399046  0.9404332  0.94007516 0.9400083  0.9401072
 0.94007343 0.9400546  0.9400274  0.93982625 0.9397091  0.93995684
 0.94017243 0.94001377 0.9401717  0.93991584 0.9398934  0.94007146
 0.9398463  0.9399945  0.94037104 0.9397327  0.9396178  0.94043416
 0.9398322  0.9396329  0.9399411  0.94008756 0.9400147  0.9398136
 0.9399843  0.9398758  0.9399273  0.9399133  0.93965834 0.9401648
 0.9403336  0.94024825 0.94019145 0.94008756 0.9399101  0.9400498
 0.94025964 0.9401781  0.939933   0.9401347  0.94024837 0.93979996
 0.9399134  0.94020075 0.9403183  0.9397173  0.9400193  0.93998927
 0.93999946 0.9400555  0.9396635  0.94036007 0.93996996 0.9399211
 0.9398777  0.94000375 0.9401027  0.93975204 0.94046056 0.93977225
 0.9398677  0.9401323  0.9398793  0.9399203  0.93963575 0.9398173
 0.9400577  0.9395623  0.93999195 0.94013107 0.94007224 0.93997943
 0.9402015  0.94009876 0.9401206  0.93994343 0.93995476 0.9399525
 0.9394852  0.9401469  0.93985415 0.94000363]",2.446177e-11,41.543638706207275,6.159708903727959
SymplecticNNgHMC,1.0,autograd,high_dimensional_gaussian,SynchronousLeapfrog,0.1,"[0.94535494 0.9454049  0.9450132  0.9457315  0.9453262  0.94548357
 0.9453668  0.9453902  0.9455813  0.9453308  0.94558156 0.9454187
 0.94559    0.94541734 0.94526625 0.9455249  0.94523084 0.94535637
 0.94522107 0.9458895  0.94553083 0.94511914 0.9452202  0.94535303
 0.9453877  0.9453234  0.9454779  0.9452704  0.94548506 0.9450402
 0.9453671  0.94518554 0.94531715 0.94537723 0.9451817  0.94553727
 0.9452357  0.9453926  0.9455816  0.94530284 0.94520754 0.9455575
 0.9452137  0.94537604 0.94516516 0.94512403 0.9455835  0.9451728
 0.9453952  0.9455795  0.94541806 0.94573754 0.94545794 0.9453434
 0.945502   0.9453802  0.94519556 0.9451904  0.9454714  0.9451715
 0.94572943 0.9456422  0.9454331  0.94556737 0.9450612  0.9454171
 0.94549364 0.9457008  0.94486463 0.94552696 0.9453877  0.9452652
 0.9454173  0.94526595 0.9453746  0.9450569  0.945496   0.94511354
 0.94537663 0.9453114  0.9451846  0.9454721  0.945163   0.9451901
 0.94521797 0.9452046  0.9453802  0.9451637  0.94538736 0.9453508
 0.94527864 0.9455112  0.9452836  0.9452534  0.9451465  0.94544935
 0.9449997  0.94558656 0.9451696  0.9455869 ]",167.28586,120.62804746627808,1.478183051518385
GSymplecticNNgHMC,1.0,autograd,high_dimensional_gaussian,SynchronousLeapfrog,0.1,"[0.9441509  0.9442043  0.9437863  0.9445237  0.9441187  0.9442522
 0.944143   0.9441728  0.9443581  0.9441168  0.94434446 0.9442145
 0.94437385 0.9441909  0.94406676 0.944288   0.94402087 0.94416237
 0.9439986  0.94467854 0.9443261  0.9439044  0.94396245 0.9441159
 0.94418097 0.9441242  0.9442827  0.94405365 0.9442584  0.9438529
 0.94414043 0.94395864 0.9441     0.944163   0.94395614 0.9443471
 0.9440469  0.9441582  0.94436044 0.9440817  0.94398534 0.94434214
 0.9439683  0.9441537  0.9439316  0.94391775 0.94437575 0.9439673
 0.9442066  0.9443657  0.94418234 0.9445262  0.9442517  0.94413626
 0.9442808  0.9441501  0.94398963 0.9439783  0.9442661  0.9439528
 0.9445143  0.94443053 0.94421566 0.94432056 0.94386005 0.9441888
 0.9442866  0.944471   0.94363475 0.94431275 0.9441635  0.9440546
 0.9441802  0.94405097 0.944149   0.9438391  0.9442858  0.94392174
 0.94418496 0.9441089  0.94396013 0.9442706  0.94391596 0.9439639
 0.9440195  0.94398975 0.9441678  0.94392097 0.9441894  0.94412035
 0.9440667  0.94429135 0.944083   0.9440164  0.9439294  0.944225
 0.94382703 0.94436836 0.9439366  0.9443792 ]",868.5748,58.18328380584717,3.6445364021256412
HMC,1.0,autograd,high_dimensional_warped_gaussian,SynchronousLeapfrog,0.1,"[0.892785   0.89586157 0.89221686 0.89684916 0.8976276  0.89839065
 0.8969287  0.8975191  0.89578664 0.89772093 0.89561456 0.8946077
 0.896856   0.8944783  0.89333    0.8969893  0.8955579  0.895302
 0.89406776 0.8970002  0.8964405  0.89568365 0.89611554 0.89556026
 0.8967798  0.89392924 0.89711344 0.8953943  0.89544845 0.8957218
 0.89613354 0.8939066  0.8953888  0.89438486 0.89116025 0.8991555
 0.89449537 0.89656484 0.89953774 0.89646834 0.8950304  0.8949113
 0.8961415  0.8951185  0.89200866 0.89594865 0.89443934 0.8955533
 0.8969876  0.8993025  0.89878273 0.8978143  0.89802694 0.8975007
 0.8978738  0.89344966 0.89438915 0.8943434  0.89575803 0.89633864
 0.8992555  0.89784276 0.8962467  0.8967085  0.896428   0.8973386
 0.8971653  0.896747   0.89323676 0.89801824 0.8938637  0.8968291
 0.89316034 0.8960557  0.8955234  0.8926346  0.8953535  0.8945633
 0.89781606 0.8963442  0.89547765 0.89741915 0.8960376  0.89488095
 0.89685816 0.8959982  0.8972285  0.89269435 0.8952482  0.89659566
 0.89737004 0.8967289  0.89497375 0.8945772  0.894251   0.8984914
 0.89256096 0.8960537  0.894923   0.89766693]",74.402084,17.502971649169922,3214.9209672359098
NNgHMC,1.0,autograd,high_dimensional_warped_gaussian,SynchronousLeapfrog,0.1,"[0.892785   0.89586157 0.89221686 0.89684916 0.8976276  0.89839065
 0.8969287  0.8975191  0.89578664 0.89772093 0.89561456 0.8946077
 0.896856   0.8944783  0.89333    0.8969893  0.8955579  0.895302
 0.89406776 0.8970002  0.8964405  0.89568365 0.89611554 0.89556026
 0.8967798  0.89392924 0.89711344 0.8953943  0.89544845 0.8957218
 0.89613354 0.8939066  0.8953888  0.89438486 0.89116025 0.8991555
 0.89449537 0.89656484 0.89953774 0.89646834 0.8950304  0.8949113
 0.8961415  0.8951185  0.89200866 0.89594865 0.89443934 0.8955533
 0.8969876  0.8993025  0.89878273 0.8978143  0.89802694 0.8975007
 0.8978738  0.89344966 0.89438915 0.8943434  0.89575803 0.89633864
 0.8992555  0.89784276 0.8962467  0.8967085  0.896428   0.8973386
 0.8971653  0.896747   0.89323676 0.89801824 0.8938637  0.8968291
 0.89316034 0.8960557  0.8955234  0.8926346  0.8953535  0.8945633
 0.89781606 0.8963442  0.89547765 0.89741915 0.8960376  0.89488095
 0.89685816 0.8959982  0.8972285  0.89269435 0.8952482  0.89659566
 0.89737004 0.8967289  0.89497375 0.8945772  0.894251   0.8984914
 0.89256096 0.8960537  0.894923   0.89766693]",74.402084,31.734763383865356,2937.754060599055
NNODEgHMC,1.0,autograd,high_dimensional_warped_gaussian,SynchronousLeapfrog,0.1,"[0.93806046 0.93993497 0.9377076  0.9394579  0.93814373 0.9393734
 0.93843853 0.940798   0.93827033 0.9392306  0.93728876 0.9375752
 0.9391204  0.93663704 0.93940306 0.9394416  0.9352355  0.9388536
 0.9382622  0.9382895  0.9392349  0.9382384  0.938513   0.9388043
 0.9359139  0.93811595 0.9387478  0.9359498  0.9377927  0.93798435
 0.9392779  0.93719745 0.93800163 0.93656766 0.9360224  0.9396205
 0.93703485 0.9370009  0.93922853 0.9384105  0.9399123  0.93692005
 0.9359612  0.938681   0.9378861  0.9378644  0.9383709  0.93921554
 0.938107   0.9384303  0.93913186 0.9405834  0.9391844  0.9400902
 0.93892026 0.93690085 0.93702984 0.9395555  0.94044304 0.9381813
 0.93910813 0.93941164 0.94009775 0.9364287  0.93834734 0.93808097
 0.9371971  0.940398   0.93787307 0.9403848  0.939785   0.93909264
 0.9367466  0.93762743 0.9382156  0.93724704 0.94034517 0.9374156
 0.936988   0.94036597 0.93742883 0.93870664 0.93636554 0.9353956
 0.93787974 0.93747777 0.9386829  0.93907803 0.9398634  0.9363378
 0.9381385  0.9397354  0.9390337  0.93602103 0.93706536 0.93835485
 0.93721217 0.9405494  0.9361744  0.9397559 ]",2.2006455e-13,27.941204071044922,366.37781890716377
Explicit NNODEgHMC,1.0,autograd,high_dimensional_warped_gaussian,SynchronousLeapfrog,0.1,"[0.9356456  0.9370779  0.93623114 0.9389993  0.93633926 0.93807554
 0.9373166  0.9380902  0.93804806 0.93668807 0.9346682  0.937171
 0.9376423  0.93647146 0.9383105  0.937675   0.9346757  0.93770313
 0.93624496 0.9371319  0.9377558  0.93600744 0.93586206 0.93751234
 0.9371678  0.9364146  0.9371989  0.93568933 0.9365649  0.9362172
 0.93667936 0.9362373  0.937592   0.9355983  0.933984   0.9389202
 0.9362087  0.936322   0.93730927 0.9373735  0.9374889  0.93665045
 0.93676156 0.9373967  0.9346858  0.936927   0.9362904  0.9358171
 0.9373636  0.93815273 0.9377371  0.9376537  0.93674195 0.93747205
 0.9370307  0.9361786  0.93671954 0.93661296 0.93852586 0.93579143
 0.93800277 0.9384415  0.9373583  0.9362029  0.93609893 0.9365865
 0.93734396 0.9381125  0.93604374 0.93891513 0.93622816 0.9374535
 0.9355585  0.9357561  0.9352951  0.9344045  0.93650854 0.935169
 0.93686366 0.938251   0.93535984 0.93742836 0.9355526  0.9348521
 0.93601406 0.9361021  0.9367403  0.93642557 0.93658054 0.9361354
 0.93754405 0.93762386 0.9368974  0.9361498  0.9366355  0.9367451
 0.93431777 0.93799436 0.93589866 0.93791837]",2.471173e-13,41.19332003593445,3000.0
SymplecticNNgHMC,1.0,autograd,high_dimensional_warped_gaussian,SynchronousLeapfrog,0.1,"[0.9272617  0.92662287 0.9224043  0.9232869  0.9244523  0.9258541
 0.92646384 0.9277474  0.919003   0.92484474 0.9245665  0.9227847
 0.92348045 0.91617817 0.9250392  0.92279404 0.91847646 0.9232952
 0.92546177 0.9213473  0.92294073 0.9255802  0.92334104 0.92186475
 0.9216396  0.9249479  0.9257905  0.92202413 0.92140305 0.92524785
 0.9255675  0.91985387 0.9243364  0.91871095 0.9210174  0.9269601
 0.9226765  0.91710913 0.92282104 0.9231784  0.9252473  0.9178963
 0.92038274 0.92158484 0.9251889  0.9221623  0.9227195  0.9272202
 0.92559975 0.9224262  0.92473245 0.92785776 0.9250314  0.92589825
 0.92672145 0.9230406  0.92198277 0.9263295  0.9259934  0.9227726
 0.9219012  0.9238167  0.92819995 0.9168779  0.92669916 0.9230037
 0.9200916  0.92386127 0.9221821  0.92597795 0.9297904  0.92363286
 0.9182846  0.9214665  0.9262268  0.92396045 0.931462   0.9237237
 0.92041767 0.9260143  0.9230442  0.9216255  0.91938007 0.9191105
 0.9246149  0.91918945 0.9245521  0.92451096 0.9289447  0.92130727
 0.92438054 0.9253297  0.9268715  0.9201009  0.9226782  0.92402595
 0.9221288  0.9266023  0.9210407  0.9239747 ]",2.053099,119.95826530456543,3000.0
GSymplecticNNgHMC,1.0,autograd,high_dimensional_warped_gaussian,SynchronousLeapfrog,0.1,"[0.92566746 0.9250104  0.9234266  0.9262406  0.92526186 0.9272873
 0.92697096 0.9268653  0.9256983  0.9249667  0.9251937  0.9255309
 0.925946   0.9244416  0.92758524 0.9255965  0.92549205 0.9256284
 0.9253917  0.9254505  0.9252051  0.9239615  0.92316794 0.92470527
 0.9264916  0.92493    0.9262638  0.9247071  0.9243061  0.92572105
 0.9239208  0.92502284 0.92758226 0.92324966 0.9221932  0.9282272
 0.92387176 0.9228196  0.92500514 0.9257592  0.92499363 0.92375946
 0.92530537 0.9241071  0.9242033  0.9246669  0.92242575 0.92615974
 0.9274359  0.92714167 0.9266871  0.92547053 0.9245841  0.9254176
 0.92699754 0.9260782  0.92456716 0.92572355 0.92646503 0.92387915
 0.9247343  0.9264598  0.9270439  0.9234474  0.92539394 0.9252221
 0.9253151  0.92522645 0.9227456  0.9275238  0.9243374  0.92461324
 0.92409945 0.92526996 0.9257045  0.92314404 0.927825   0.92350817
 0.9245529  0.925842   0.92439497 0.9246747  0.9229288  0.9241127
 0.92571783 0.9222882  0.92516375 0.9256158  0.92522377 0.9252669
 0.92668295 0.92566556 0.92569506 0.924809   0.9247072  0.92506045
 0.92133284 0.92579955 0.92428935 0.9251184 ]",1022.01196,57.80653500556946,3000.0
