model,training_size,sensitivity,distribution,solver,step_size,hamiltonian_error,reversibility_error,time,ess
HMC,0.1,autograd,banana,SynchronousLeapfrog,0.1,"[0.9315841  0.97505283 0.9895402  0.88189495 0.9145527  0.95317006
 0.88885784 0.9277111  0.93437946 0.8675902  0.922449   0.73181057
 0.94769394 0.7256314  0.94378424 0.942289   0.95050704 0.9175948
 0.90937585 0.95226574 0.9857851  0.96298444 0.90701187 0.9011582
 0.94877446 0.971753   0.9518914  0.86306703 0.9212159  0.9241593
 0.9693564  0.92591393 0.87739086 0.95191336 0.8977663  0.9352948
 0.9281346  0.925249   0.96053666 0.9676199  0.9721936  0.9700273
 0.9834647  0.85175145 0.8980441  0.8603572  0.8226694  0.9410335
 0.8845817  0.9604908  0.90224075 0.9031088  0.98338526 0.83377516
 0.9325588  0.9491247  0.9188387  0.8764872  0.93491477 0.9032328
 0.9192444  0.92650336 0.9121436  0.95884025 0.9479832  0.9451167
 0.97579545 0.9724616  0.9596882  0.8499643  0.8900142  0.9613123
 0.95666015 0.8656142  0.9090959  0.8990178  0.9454934  0.98877734
 0.89140546 0.86229897 0.9620111  0.9490273  0.91794765 0.9584629
 0.97280616 0.96417797 0.7731897  0.83827245 0.9985547  0.9474861
 0.92945164 0.93996966 0.9261141  0.84026307 0.8851347  0.9899394
 0.94073075 0.9476875  0.9355185  0.8314795 ]",3.783798e-13,20.719123363494873,1.4962419769826643
NNgHMC,0.1,autograd,banana,SynchronousLeapfrog,0.1,"[0.9378333  0.9159462  0.8892471  0.30792558 0.7153911  0.97152394
 0.26826268 0.79692096 0.9586532  0.1856724  0.91308796 0.38722953
 0.75800216 2.1906219  0.9296907  0.94931984 0.6756675  0.73239654
 0.6415446  0.86378646 0.9662273  0.75790423 0.8815848  0.9040588
 0.86674047 0.9663696  0.8568127  0.8313267  0.879189   0.69427454
 0.95393723 0.5544121  0.44367012 0.6107764  0.88801086 0.5328876
 0.7514894  0.49783656 0.8914224  0.9086081  0.95986795 0.9704156
 0.9840535  0.5669291  0.8880625  0.08586397 0.1665252  0.8329937
 0.9118292  0.5407755  0.5030205  0.28128627 0.98309076 0.5351761
 0.93644047 0.7813112  0.5068211  1.293756   0.47481775 0.7783747
 0.06292488 0.8599911  0.85224473 0.5914543  0.7931098  0.13973923
 0.9631009  0.91725445 0.86357856 0.9578473  0.8848672  0.91584605
 0.95113677 0.8491933  0.1635397  0.8817415  0.85719085 0.9919681
 0.88071966 0.27769077 0.975701   0.94717836 0.9101696  0.75881547
 0.97259486 0.9684064  0.75033396 0.87383497 0.9969041  0.92237484
 0.08185615 0.59097034 0.17615536 0.8458686  0.5530549  0.9963864
 0.9599911  0.37347627 0.9572587  0.0234958 ]",5.647149e-15,16.11799168586731,6.764561299551193
NNODEgHMC,0.1,autograd,banana,SynchronousLeapfrog,0.1,"[0.93707556 0.9551398  0.9368581  0.4675417  0.7994477  0.9584214
 0.03184184 0.70613927 0.9646107  0.31190616 0.91246337 0.3238631
 0.8671133  1.8580875  0.9583721  0.94898355 0.74824715 0.8502988
 0.70722795 0.9099083  0.9836949  0.86758965 0.88528574 0.93219376
 0.77895373 0.9677552  0.8058175  0.8295671  0.85358256 0.5939455
 0.95342416 0.65922004 0.19938819 0.7513591  0.88844955 0.66182965
 0.6383027  0.603668   0.904264   0.9547384  0.9712693  0.97032523
 0.9844467  0.32459915 0.889446   0.0668675  0.256351   0.74652004
 0.92904586 0.70711017 0.5833996  0.49477208 0.98318756 0.6289868
 0.9166064  0.82608485 0.59476644 0.9028408  0.6610666  0.6873943
 0.29427457 0.79953754 0.83414    0.6949536  0.64465344 0.38973945
 0.9645121  0.8589736  0.79002225 0.6861094  0.8853806  0.95268196
 0.9483534  0.8503232  0.3742342  0.9142002  0.7690071  0.99103916
 0.8818134  0.08806058 0.94341993 0.94665194 0.9108138  0.8665382
 0.9727601  0.96751297 0.8181542  0.89972305 0.99833363 0.87500685
 0.13360399 0.74765223 0.38369936 0.7877302  0.41340446 0.993266
 0.9282496  0.5522233  0.9158467  0.34105104]",2.7379219e-11,27.820257425308228,1.4009386937627035
Explicit NNODEgHMC,0.1,autograd,banana,SynchronousLeapfrog,0.1,"[0.9329898  0.9674484  0.94068736 0.29426864 0.8449792  0.91750336
 0.30557883 0.63768715 0.94799656 0.14122874 0.9142631  0.4774775
 0.91948146 1.6245564  0.96557    0.94654363 0.7041247  0.8103328
 0.60013074 0.9205815  0.9845044  0.92400354 0.88250625 0.93548393
 0.71324086 0.9655578  0.9152098  0.832462   0.90901315 0.579329
 0.9569642  0.70254993 0.02332362 0.8335203  0.8836497  0.47478992
 0.5650243  0.6354605  0.8974029  0.8791337  0.9298644  0.9705492
 0.9827142  0.16123901 0.8852379  0.10889014 0.14479664 0.71593595
 0.93013805 0.8086099  0.5218713  0.6338347  0.9828993  0.65008706
 0.93086064 0.7690023  0.56465113 0.6237764  0.77230597 0.61251825
 0.4481505  0.7687868  0.86597097 0.73751324 0.49671912 0.5516923
 0.96412015 0.8239748  0.7762219  0.502399   0.8830776  0.9654232
 0.9520587  0.84762496 0.5117201  0.92510414 0.6887493  0.9899203
 0.8788704  0.0206769  0.90995586 0.94688165 0.9087624  0.9247122
 0.97289    0.966184   0.8450556  0.9021475  0.9948728  0.8232827
 0.2763344  0.840192   0.52041566 0.70444936 0.31608376 0.9971129
 0.90599334 0.6658332  0.8722357  0.6251262 ]",4.175614e-11,49.3595335483551,1.3100741731341237
SymplecticNNgHMC,0.1,autograd,banana,SynchronousLeapfrog,0.1,"[0.93265283 0.96588725 0.96596926 0.51980174 0.87232256 0.78672886
 0.4301238  0.58067644 0.8949911  0.37643278 0.9144256  0.28542924
 0.9063276  1.1309708  0.9362876  0.9509189  0.82343984 0.88720703
 0.7730706  0.9320376  0.967245   0.9298104  0.8902685  0.920757
 0.6778459  0.9667637  0.7690894  0.8310914  0.8156535  0.48953113
 0.963024   0.7809888  0.10072428 0.89597297 0.8906647  0.7311556
 0.55022097 0.7390882  0.92903674 0.96036977 0.9728419  0.96655434
 0.9850577  0.12637529 0.891559   0.29831418 0.31508356 0.67822516
 0.88533306 0.90067804 0.67951953 0.81388295 0.9829049  0.7287831
 0.8640846  0.8521565  0.6988113  0.05759152 0.8744314  0.5091623
 0.6822226  0.69945353 0.814177   0.8198721  0.30792853 0.7790183
 0.96715873 0.76096106 0.7120024  0.1682972  0.8853733  0.9469155
 0.9413805  0.8520586  0.6933694  0.9039321  0.6268805  0.98350763
 0.8821532  0.22651514 0.8657774  0.94148445 0.90955496 0.938187
 0.9709942  0.9655296  0.8318516  0.9049686  0.9960022  0.7220621
 0.50027263 0.899559   0.7034205  0.39059424 0.24893063 0.98959744
 0.8751664  0.7991446  0.83146214 0.8489348 ]",0.5557222,48.488524436950684,1.3406480405594179
GSymplecticNNgHMC,0.1,autograd,banana,SynchronousLeapfrog,0.1,"[0.93414533 0.9763748  0.9710726  0.6001241  0.87101114 0.8964882
 0.4120221  0.5785914  0.93781394 0.42194137 0.9120638  0.2384772
 0.93691206 1.4669231  0.96446437 0.9400956  0.81484044 0.9038614
 0.7695324  0.9441743  0.9843987  0.9419896  0.89544034 0.94345057
 0.6595913  0.9672327  0.7389529  0.82784367 0.8144312  0.4651297
 0.9573476  0.7573928  0.11289166 0.86355823 0.8745874  0.7507083
 0.49431285 0.70393604 0.92532176 0.9715306  0.9739522  0.9687861
 0.9803289  0.0638415  0.8829236  0.22426912 0.34863314 0.6341066
 0.9212254  0.8444929  0.6693749  0.68895024 0.98343205 0.71526897
 0.8714613  0.87602174 0.6840815  0.49045467 0.8161235  0.55842483
 0.5053992  0.7087736  0.8024266  0.78999233 0.43267426 0.61094934
 0.9702541  0.7727833  0.6914336  0.40918216 0.88580626 0.9662863
 0.93942213 0.849722   0.5687571  0.9231806  0.64000946 0.98535943
 0.8784835  0.12401612 0.8830859  0.9428648  0.9080009  0.9407381
 0.9736624  0.9634445  0.85871667 0.9113916  0.99769163 0.7888874
 0.33831844 0.8744917  0.5858065  0.6562592  0.23439352 0.9851126
 0.8719184  0.712135   0.84333724 0.75080395]",0.000991377,13.33454179763794,11.906575018995118
GradSymplecticNNgHMC,0.1,autograd,banana,SynchronousLeapfrog,0.1,"[0.9335665  0.96522856 0.9718728  0.5357078  0.8888837  0.6724693
 0.9471137  0.45299053 0.8408704  0.3892591  0.91539925 0.22569883
 0.883146   1.1913629  0.92928314 0.94889295 0.8339781  0.900936
 0.78516954 0.93595684 0.96130407 0.920807   0.8880447  0.92120385
 0.55130327 0.9666339  0.7191288  0.8307187  0.79749006 0.3787729
 0.96484584 0.8063693  0.5290053  0.916139   0.8873798  0.7483243
 0.38632867 0.7392458  0.93260694 0.9629848  0.9716201  0.9665345
 0.9844486  0.13402727 0.8914441  0.30854753 0.32267103 0.55971956
 0.872646   0.9225265  0.6662883  0.85758203 0.982938   0.7548515
 0.84470505 0.85553473 0.69939536 0.06379989 0.89063376 0.39872593
 0.73245144 0.62225956 0.8033001  0.8356259  0.0354175  0.83693403
 0.9673473  0.68744326 0.62756217 0.13532767 0.8878595  0.93889797
 0.9383365  0.85442775 0.7543125  0.89592713 0.48408994 0.9821285
 0.8824922  0.24739853 0.8011829  0.94101286 0.90950507 0.93648714
 0.9707447  0.96586794 0.8216233  0.90364975 0.99576366 0.63684666
 0.5377807  0.9037012  0.761718   0.1954186  0.07343634 0.9861851
 0.8144078  0.843717   0.74639606 1.3732647 ]",0.698395,61.7273645401001,1.3188743265274563
GradGSymplecticNNgHMC,0.1,autograd,banana,SynchronousLeapfrog,0.1,"[0.9346058  0.95932436 0.9562494  0.6651751  0.80713725 0.94529736
 0.16027854 0.7602868  0.96132207 0.5782019  0.91241926 0.37737915
 0.9247109  1.0256134  0.96518517 0.9508605  0.79713476 0.9252268
 0.74237746 0.943498   0.98612374 0.9066365  0.89691937 0.94174546
 0.81855285 0.9675045  0.83169097 0.84284973 0.8537295  0.63221616
 0.9632344  0.7047512  0.41915044 0.8170223  0.8993882  0.82840484
 0.7304921  0.73802227 0.9388702  0.96940607 0.9698059  0.97003794
 0.9846715  0.12060499 0.8959204  0.22481689 0.49003404 0.8066515
 0.929119   0.79548615 0.709785   0.64801496 0.9827285  0.6721782
 0.88616174 0.9102661  0.70120716 0.43568343 0.83735216 0.68659556
 0.5563022  0.82178247 0.83504456 0.7675637  0.662673   0.620021
 0.9660548  0.8640717  0.80522144 0.32980734 0.8806603  0.9604284
 0.9482925  0.85273254 0.50036454 0.9219873  0.8195416  0.98229146
 0.8838894  0.10926142 0.9464118  0.9455864  0.91159475 0.91738665
 0.96874654 0.96656275 0.8357228  0.8928641  0.9986555  0.872115
 0.38088816 0.80661094 0.49854422 0.71139956 0.48392543 0.99276924
 0.9413573  0.6523731  0.92989576 0.09942894]",0.0019895397,14.387839078903198,28.719646059779
HMC,0.1,autograd,gaussian,SynchronousLeapfrog,0.3,"[0.9295777  0.9480586  0.90053487 0.93221253 0.9545288  0.94226754
 0.8826067  0.95544976 0.9377103  0.9430876  0.9418678  0.947579
 0.93138826 0.9405047  0.9514595  0.93400353 0.9454624  0.92316425
 0.95363176 0.940684   0.959943   0.8467283  0.949753   0.9248292
 0.9091935  0.95776147 0.91827    0.953067   0.94338584 0.93946093
 0.94311017 0.9546461  0.94478273 0.89734185 0.9426106  0.96149063
 0.91903365 0.93462294 0.90937823 0.94596577 0.94409007 0.9288943
 0.9398154  0.9121455  0.93738985 0.9468918  0.9271323  0.9583293
 0.9506954  0.94980997 0.9340304  0.9467532  0.9403877  0.9439618
 0.9565557  0.94238544 0.9306842  0.922086   0.9557309  0.9609653
 0.9504077  0.94316596 0.938924   0.961709   0.93522406 0.94644994
 0.92578    0.93640155 0.9462621  0.9336506  0.9294679  0.9579896
 0.93810767 0.93891066 0.9537193  0.9586641  0.94882905 0.9229078
 0.9026828  0.9450201  0.9350831  0.94388247 0.93987644 0.95585936
 0.9270012  0.9239828  0.9230856  0.9419149  0.95777607 0.91753507
 0.9380516  0.9463259  0.94406265 0.957963   0.9375652  0.958835
 0.9149911  0.9436691  0.93987364 0.96229213]",4.61529e-15,17.464102029800415,2722.399408710577
NNgHMC,0.1,autograd,gaussian,SynchronousLeapfrog,0.3,"[0.92829555 0.94862986 0.8967078  0.93310773 0.9552736  0.9420726
 0.87947226 0.9557743  0.93787116 0.9444601  0.9419946  0.94767565
 0.9311284  0.9412718  0.95149535 0.9342408  0.94517577 0.92362165
 0.954324   0.9409379  0.96036637 0.84084433 0.94970465 0.92453027
 0.9067025  0.9580411  0.9173886  0.95406437 0.9433912  0.94027466
 0.9427339  0.95479715 0.94461477 0.8966832  0.9426421  0.96162766
 0.91647995 0.93427575 0.9071924  0.9466723  0.9437791  0.92934453
 0.9397572  0.91234934 0.9382061  0.94700694 0.9257476  0.9587285
 0.9507375  0.9497446  0.9342269  0.94662565 0.9408385  0.9455284
 0.95660484 0.94240826 0.92949283 0.9208869  0.955557   0.9608365
 0.95087045 0.944368   0.93903625 0.96188563 0.93499005 0.9468233
 0.92544734 0.93638515 0.9461273  0.9332797  0.9296207  0.95792353
 0.9377068  0.9388249  0.95399666 0.9587407  0.948856   0.9231586
 0.9014524  0.94558764 0.9343369  0.94432753 0.9396714  0.95577955
 0.92734516 0.9223547  0.92353964 0.9423419  0.9581604  0.91684836
 0.9389786  0.94674444 0.9442756  0.95794713 0.9381126  0.959064
 0.9158219  0.9435622  0.9395127  0.9624278 ]",5.2696274e-15,16.28749656677246,2707.023161442358
NNODEgHMC,0.1,autograd,gaussian,SynchronousLeapfrog,0.3,"[0.92854065 0.9485949  0.8972349  0.9329561  0.95497465 0.94210047
 0.880476   0.9557144  0.9378357  0.9442207  0.9421271  0.9475061
 0.9309102  0.94100684 0.9514095  0.93413705 0.9451512  0.9238464
 0.95417106 0.94075096 0.9602808  0.8347657  0.9497285  0.9245159
 0.9070109  0.95796174 0.9180009  0.9538671  0.94341254 0.9403628
 0.94317335 0.95469654 0.94469255 0.89550054 0.9428856  0.961631
 0.91643494 0.93428487 0.9073784  0.9466257  0.94409275 0.929163
 0.93991345 0.912152   0.93767834 0.9467251  0.92570984 0.95871943
 0.9509427  0.94976634 0.9341469  0.947062   0.9408924  0.9444437
 0.95666116 0.94246006 0.9294033  0.9220514  0.9555315  0.96076417
 0.95059586 0.9439111  0.9388437  0.9618942  0.9351562  0.9467012
 0.9256693  0.93594885 0.94617575 0.933506   0.9293956  0.95786923
 0.93771493 0.9391694  0.9538988  0.9587282  0.9487214  0.92319334
 0.9019871  0.945474   0.93460405 0.9444406  0.94006085 0.95593834
 0.9275131  0.92299545 0.92323625 0.9422089  0.95804155 0.91553676
 0.9395952  0.94663954 0.9439222  0.95804036 0.9380317  0.958897
 0.9150287  0.94380033 0.9395675  0.9624568 ]",2.4281145e-14,12.889598369598389,2694.8135685350594
Explicit NNODEgHMC,0.1,autograd,gaussian,SynchronousLeapfrog,0.3,"[0.92856574 0.94774836 0.89284503 0.92582035 0.95463526 0.9422021
 0.8810746  0.9554957  0.9375057  0.94353294 0.9412901  0.94761455
 0.93238723 0.93884915 0.9512185  0.93366784 0.9453925  0.9233885
 0.9532909  0.9407846  0.95986855 0.8196842  0.9495715  0.9236902
 0.9060359  0.9581534  0.91757953 0.95346117 0.94294775 0.9396442
 0.94324064 0.95449674 0.94519746 0.8947059  0.94323605 0.96127117
 0.91627395 0.9338939  0.90791386 0.945707   0.94482917 0.9290732
 0.9396834  0.9143371  0.9375822  0.9465119  0.9255662  0.9587032
 0.9509748  0.9498272  0.93459964 0.9466171  0.94083947 0.9431919
 0.9565476  0.9425249  0.9310367  0.920691   0.9556362  0.96090746
 0.950762   0.94324255 0.9388931  0.96169585 0.9349303  0.9470117
 0.92574733 0.93746233 0.9462709  0.9320173  0.92919385 0.95806205
 0.9371991  0.9391922  0.9539885  0.958657   0.94887084 0.9226205
 0.9005176  0.9449414  0.93501127 0.9436451  0.93988657 0.9556936
 0.927478   0.9217899  0.9233982  0.9421651  0.9577389  0.91512156
 0.93798864 0.94567084 0.944057   0.9577577  0.93817824 0.95888305
 0.9156391  0.94365543 0.9396472  0.962263  ]",2.6087038e-14,20.644785404205322,2603.9155383923367
SymplecticNNgHMC,0.1,autograd,gaussian,SynchronousLeapfrog,0.3,"[0.92913604 0.94811296 0.90089405 0.931626   0.95443904 0.9418553
 0.8825571  0.95547074 0.9378561  0.9430782  0.9419116  0.94748545
 0.9319111  0.9409746  0.95155954 0.934128   0.94524276 0.92318356
 0.95368624 0.9405162  0.9599794  0.8450054  0.94975793 0.92517895
 0.9089289  0.95774686 0.9188503  0.95318526 0.9433844  0.939796
 0.9431469  0.954694   0.9447373  0.897773   0.94249487 0.9615021
 0.9191179  0.9346885  0.91021335 0.9462671  0.9440893  0.92903864
 0.93999755 0.912475   0.9371959  0.94691837 0.9273424  0.9582937
 0.95077693 0.949887   0.93426514 0.9464979  0.9403299  0.9438925
 0.95650184 0.94230074 0.93125856 0.92230767 0.9556965  0.9609453
 0.9504827  0.94293404 0.9389663  0.9617249  0.9351286  0.9463942
 0.92584693 0.9359541  0.9462862  0.9340304  0.92956626 0.9579174
 0.9381031  0.93911755 0.95371103 0.9586169  0.9486903  0.92283076
 0.9029074  0.94495416 0.9353038  0.94392097 0.9401126  0.95583093
 0.926906   0.9244741  0.9226296  0.9418299  0.9578321  0.91755456
 0.9380827  0.94631207 0.9438759  0.95793724 0.93758976 0.9588205
 0.9139595  0.9437213  0.93959284 0.96228087]",0.0006485189,26.197385549545288,2694.527530677258
GSymplecticNNgHMC,0.1,autograd,gaussian,SynchronousLeapfrog,0.3,"[0.9296632  0.94850653 0.9014723  0.9324853  0.95450467 0.94201916
 0.88284296 0.9553799  0.9376954  0.943511   0.94259024 0.94763297
 0.93169945 0.9398269  0.9514556  0.9341029  0.9451823  0.92324245
 0.95399094 0.9409195  0.959958   0.8462895  0.9496845  0.92422676
 0.9094021  0.95782614 0.91834974 0.9535384  0.9440648  0.93960834
 0.94284475 0.95469826 0.9447936  0.89782447 0.94246906 0.96156836
 0.91921586 0.93505496 0.91010284 0.9457132  0.9441776  0.9293587
 0.9399365  0.9126043  0.9372263  0.94680727 0.92734855 0.9583967
 0.95057225 0.9494122  0.9340538  0.9466166  0.9403217  0.9444845
 0.9565499  0.94228923 0.9306201  0.9230356  0.95550907 0.96090937
 0.9504411  0.9431767  0.93890923 0.96172416 0.935315   0.94662637
 0.9256231  0.9362923  0.9462639  0.9328625  0.92939377 0.95799035
 0.93836087 0.9392785  0.95363873 0.9586592  0.94885993 0.9232019
 0.9024982  0.9450473  0.9347764  0.94426936 0.9398138  0.9558038
 0.92693317 0.92330563 0.92302024 0.94189185 0.9580654  0.9178399
 0.9386656  0.94679135 0.94436085 0.95796204 0.9375889  0.95890605
 0.9149656  0.94400346 0.93986213 0.96231556]",0.0003645811,9.153313159942627,42.377533068573136
GradSymplecticNNgHMC,0.1,autograd,gaussian,SynchronousLeapfrog,0.3,"[0.9292469  0.9480485  0.9008262  0.9321663  0.9546257  0.9423024
 0.8822937  0.9555509  0.9378536  0.94321334 0.94186723 0.9475045
 0.9313671  0.94107693 0.95157254 0.93406    0.9454929  0.9230396
 0.9536352  0.9406182  0.95998114 0.8457531  0.9496929  0.92528975
 0.909068   0.9577745  0.91875285 0.95315593 0.9434285  0.9398071
 0.9432796  0.9547199  0.94475836 0.8977647  0.9426218  0.96148145
 0.91922414 0.9346852  0.90966606 0.94641244 0.9441705  0.9288808
 0.93983597 0.9121205  0.9373908  0.9469446  0.9272057  0.95832604
 0.9507383  0.9499656  0.93409437 0.94679105 0.94041383 0.94402826
 0.9565515  0.942399   0.9307333  0.92239875 0.95577097 0.96093863
 0.95054454 0.9432373  0.93897694 0.9617645  0.9352522  0.9464574
 0.92606866 0.93631905 0.9462265  0.93418664 0.929584   0.9579293
 0.93818486 0.9390582  0.9537486  0.95862573 0.9486806  0.92294264
 0.9028115  0.945176   0.93517005 0.94397897 0.93989956 0.955861
 0.9269953  0.9244839  0.92277116 0.9418988  0.9578122  0.9175949
 0.938143   0.9462888  0.94405556 0.95794505 0.93759656 0.95881575
 0.9148036  0.9436709  0.9396821  0.96231353]",0.00059413846,51.52239155769348,2692.7935310763773
GradGSymplecticNNgHMC,0.1,autograd,gaussian,SynchronousLeapfrog,0.3,"[0.9296872  0.9483203  0.90107155 0.9333191  0.9548005  0.9424921
 0.88244265 0.95545053 0.93781424 0.9434926  0.9425125  0.9476568
 0.93139863 0.9407374  0.9514739  0.9340431  0.9454648  0.9231328
 0.9538888  0.9408216  0.95996875 0.84627885 0.94965255 0.9248661
 0.9094033  0.9578916  0.9183377  0.95358205 0.9438275  0.9398284
 0.94323415 0.9546522  0.9448628  0.8975245  0.9426998  0.9615598
 0.9194592  0.93487215 0.90944767 0.94638985 0.9442872  0.9292571
 0.9396829  0.9123642  0.9372033  0.9467785  0.9271003  0.95843935
 0.9505695  0.94981855 0.93392086 0.9469538  0.94045323 0.9447441
 0.9565815  0.94233483 0.9305226  0.9226152  0.9556215  0.9608816
 0.95067686 0.9436738  0.93897855 0.9617568  0.93541116 0.94666475
 0.9261372  0.936016   0.9462268  0.93384475 0.92944074 0.9579913
 0.93821687 0.93934095 0.95365393 0.95870125 0.94881284 0.92320603
 0.9025318  0.94532174 0.9348849  0.9443395  0.9397525  0.9558844
 0.92704767 0.92400026 0.92310447 0.94199514 0.95800656 0.9177427
 0.9388647  0.94652957 0.9440721  0.9580044  0.9375969  0.9588423
 0.9143797  0.9436865  0.9398941  0.962351  ]",0.0004380098,13.484182119369507,212.55386248761246
HMC,0.1,autograd,high_dimensional_gaussian,SynchronousLeapfrog,0.1,"[0.9344958  0.94257784 0.92875826 0.9406926  0.942775   0.933475
 0.93336487 0.9348962  0.93058896 0.9438108  0.93694293 0.9281553
 0.937833   0.94231045 0.9317593  0.9465699  0.9343114  0.9383153
 0.9368951  0.9371659  0.9344157  0.9436757  0.9325967  0.93738884
 0.94142693 0.9383888  0.93685883 0.93786305 0.936093   0.9419646
 0.93521035 0.9378869  0.9424421  0.9405875  0.93136966 0.94279337
 0.9383645  0.93439263 0.943011   0.93829817 0.9383794  0.9329599
 0.94268525 0.9299835  0.94075596 0.928936   0.94632185 0.93910444
 0.93801117 0.93968695 0.9365131  0.93579483 0.93409014 0.9407295
 0.9398416  0.9294285  0.9313242  0.93555975 0.9433815  0.9414325
 0.939958   0.931127   0.93162954 0.9410245  0.9392201  0.9383004
 0.942798   0.9300126  0.93169737 0.93826497 0.93658435 0.9373161
 0.94172776 0.9462279  0.93829465 0.9370572  0.93988645 0.9355175
 0.93886185 0.92241454 0.9379379  0.9341115  0.94368184 0.93672824
 0.9297711  0.9381851  0.94120836 0.9415115  0.9378022  0.93797624
 0.93275565 0.93222797 0.9250711  0.92321813 0.9329459  0.9342496
 0.9290241  0.93037075 0.9347019  0.9358448 ]",1.4289015e-15,50.97318243980408,353.77453188826047
NNgHMC,0.1,autograd,high_dimensional_gaussian,SynchronousLeapfrog,0.1,"[0.9343662  0.9425747  0.92859197 0.94059694 0.9427134  0.9333606
 0.9332241  0.93478763 0.9304218  0.94383323 0.93683994 0.9279687
 0.93774956 0.9423237  0.93157136 0.94657516 0.9341892  0.9382516
 0.9368579  0.9371171  0.9343152  0.9436587  0.93228555 0.9372964
 0.9413344  0.93833184 0.93676555 0.93776643 0.9360091  0.9419435
 0.9350106  0.937835   0.9424268  0.94054174 0.93111336 0.94278276
 0.9382572  0.93422335 0.9429573  0.9382388  0.9383602  0.9327563
 0.94265836 0.92979145 0.9407693  0.92875934 0.9463321  0.93901765
 0.93797797 0.93966264 0.9364287  0.935729   0.9339447  0.9406761
 0.9397998  0.92936933 0.93109167 0.9354025  0.94337404 0.9414031
 0.93993807 0.9308642  0.93137264 0.9410061  0.9391664  0.9381697
 0.9427313  0.92974484 0.93157625 0.93824565 0.9365408  0.9372365
 0.94171804 0.94623536 0.93822086 0.9370307  0.93985146 0.9354407
 0.9387528  0.92204285 0.9377951  0.9339251  0.9436679  0.9365996
 0.9295366  0.9380102  0.94117594 0.94150496 0.93768823 0.93792117
 0.93256557 0.9320767  0.9245994  0.92273855 0.93288344 0.9340644
 0.9286338  0.93004817 0.9345383  0.93568486]",1.5291873e-15,47.317731618881226,328.44782437254304
NNODEgHMC,0.1,autograd,high_dimensional_gaussian,SynchronousLeapfrog,0.1,"[0.93432397 0.9425575  0.92862916 0.940639   0.94272935 0.9334054
 0.9332676  0.93481565 0.9303895  0.943789   0.93681735 0.9279438
 0.9377531  0.9423129  0.9316238  0.94660556 0.93414927 0.9382671
 0.9368369  0.9371195  0.93430126 0.94365835 0.93235767 0.9372999
 0.94130695 0.9383081  0.9367118  0.9377925  0.9359839  0.94195163
 0.93500984 0.9377885  0.94244385 0.94056606 0.93113315 0.9427843
 0.93826765 0.9342873  0.94298    0.9381908  0.9383584  0.9327531
 0.9426281  0.92973983 0.94075483 0.92872804 0.94633406 0.93902874
 0.93799484 0.93961    0.93644416 0.93569326 0.93396115 0.9406786
 0.93976545 0.92929685 0.9310734  0.9354073  0.9433675  0.94143057
 0.9399532  0.93079555 0.931422   0.94100094 0.93916243 0.9381895
 0.94275093 0.9298066  0.93156767 0.93819374 0.936536   0.93719405
 0.9416517  0.9462511  0.93820184 0.9370634  0.939854   0.935388
 0.9387754  0.92214555 0.9378125  0.9338977  0.9436785  0.9366018
 0.92958754 0.93802583 0.94115156 0.94150186 0.9377394  0.9379202
 0.93253726 0.9320239  0.92462075 0.9227886  0.9328517  0.9340474
 0.9287035  0.9301383  0.93452823 0.935671  ]",1.3273297e-14,37.65577554702759,321.4380592962923
Explicit NNODEgHMC,0.1,autograd,high_dimensional_gaussian,SynchronousLeapfrog,0.1,"[0.9339944  0.9425386  0.9280585  0.9403013  0.9426099  0.9330162
 0.9327483  0.9343798  0.9299321  0.9437058  0.9364613  0.92737114
 0.93770397 0.9423625  0.93109894 0.946675   0.93393064 0.93804073
 0.93661374 0.9368658  0.9340483  0.94366634 0.93179965 0.93706983
 0.94118106 0.9381477  0.9364222  0.93739295 0.9357891  0.9417555
 0.93460643 0.9377202  0.94253176 0.9404259  0.93056643 0.94273823
 0.93799305 0.9338979  0.9428088  0.9380746  0.93829715 0.9321389
 0.94255847 0.92907494 0.94069046 0.9281508  0.9464614  0.93886346
 0.9378235  0.93955463 0.9361197  0.9352018  0.9334387  0.9406136
 0.93965673 0.9287391  0.9304607  0.9350753  0.9434163  0.94126654
 0.939657   0.9302993  0.9307739  0.9408404  0.9389366  0.93784
 0.9427244  0.92906535 0.9310023  0.93803585 0.93621254 0.9368882
 0.94157714 0.9462495  0.9381036  0.93665266 0.9397073  0.9348484
 0.93855095 0.92100036 0.9375658  0.933304   0.94362724 0.9364114
 0.9289721  0.93778753 0.9410137  0.94146127 0.937376   0.93781376
 0.93203276 0.9316301  0.9237633  0.92195964 0.9326682  0.93358064
 0.9281606  0.92935216 0.93412673 0.9353549 ]",1.32831385e-14,59.69336915016174,236.0443027291137
SymplecticNNgHMC,0.1,autograd,high_dimensional_gaussian,SynchronousLeapfrog,0.1,"[0.93452346 0.9425868  0.9288069  0.9406762  0.9427709  0.9334893
 0.93336487 0.93490046 0.9305867  0.9438014  0.93693155 0.92811203
 0.93782747 0.94232523 0.9317745  0.94657373 0.9342558  0.9383135
 0.93689287 0.937164   0.9344001  0.94367355 0.9325832  0.93743294
 0.9414169  0.9383947  0.93683714 0.9378416  0.93608284 0.9419645
 0.9352257  0.93790007 0.94242734 0.9406142  0.93137646 0.9427767
 0.93839633 0.93441427 0.94302034 0.9383209  0.9383731  0.93289703
 0.9427098  0.9300551  0.94075483 0.92895335 0.9463129  0.9391179
 0.9380511  0.93967247 0.9365773  0.93578947 0.9341001  0.940736
 0.93982047 0.92938495 0.9313195  0.9355612  0.94337213 0.9414052
 0.939933   0.9311147  0.9315855  0.9409845  0.9392499  0.9382919
 0.9427856  0.9299916  0.93169725 0.9382622  0.9365737  0.9373187
 0.941714   0.946216   0.9383292  0.93706626 0.93988913 0.9355444
 0.9388265  0.92243147 0.9379565  0.9340967  0.9436809  0.93675107
 0.9297249  0.9381943  0.9411888  0.9415049  0.93780565 0.9379856
 0.9328356  0.932244   0.92511576 0.92316866 0.9329588  0.93427634
 0.92903376 0.9303264  0.934715   0.93581575]",0.00010787174,65.22027111053467,369.16435174667544
GSymplecticNNgHMC,0.1,autograd,high_dimensional_gaussian,SynchronousLeapfrog,0.1,"[0.934615   0.9425928  0.92858213 0.9405347  0.94275415 0.93333054
 0.9333839  0.93478394 0.9305085  0.9437017  0.93682384 0.9279318
 0.9377159  0.94224787 0.9315914  0.9465605  0.9342868  0.93822
 0.9369127  0.9371773  0.93433285 0.9436304  0.9326061  0.9373654
 0.9413519  0.93827355 0.9366864  0.9377951  0.935987   0.9419314
 0.9351611  0.9378273  0.94246674 0.94057626 0.93127716 0.9427099
 0.93830484 0.93422335 0.94294345 0.9382426  0.9381833  0.93297875
 0.94272774 0.92991877 0.9407308  0.9288564  0.94638383 0.93894756
 0.9379177  0.9396471  0.9363627  0.9356556  0.9340633  0.9406795
 0.9399104  0.9294288  0.9311921  0.9353887  0.94334614 0.9413632
 0.93993044 0.9310805  0.931497   0.940956   0.9391827  0.938224
 0.9427823  0.92991066 0.9317802  0.93825376 0.9365613  0.93716633
 0.9417359  0.9461459  0.938219   0.9371133  0.9398594  0.93536353
 0.93884087 0.92225426 0.93792236 0.93406534 0.94365805 0.93664235
 0.9297392  0.9381242  0.94116086 0.94146585 0.93774194 0.9379041
 0.93268245 0.93225133 0.9248459  0.9230162  0.9331298  0.9342221
 0.9288313  0.93030876 0.9346894  0.9357721 ]",0.0005310548,27.768075466156006,326.3955268266083
GradSymplecticNNgHMC,0.1,autograd,high_dimensional_gaussian,SynchronousLeapfrog,0.1,"[0.93452966 0.9425882  0.928789   0.94069237 0.9427813  0.9335134
 0.9333634  0.9348885  0.9305799  0.9438062  0.9369244  0.9281
 0.9378304  0.9423361  0.9317886  0.9465728  0.93425655 0.9383282
 0.9369097  0.9371495  0.9344062  0.9436803  0.93260545 0.9374145
 0.9414229  0.93839425 0.9368657  0.93785876 0.9360552  0.9419758
 0.9352231  0.93790454 0.942431   0.9406144  0.9313822  0.94278514
 0.9384004  0.9344012  0.9430203  0.93834275 0.93838185 0.9329216
 0.94269294 0.93006754 0.9407303  0.9289366  0.94632596 0.9391283
 0.9380734  0.93968475 0.9365923  0.93579614 0.9340786  0.94072914
 0.9398381  0.92940617 0.93133014 0.9355644  0.94336927 0.941405
 0.93991655 0.9311246  0.9315492  0.94099486 0.9392375  0.93828934
 0.9427918  0.9300171  0.9316718  0.9382409  0.9365673  0.93731445
 0.94171524 0.9462055  0.93834436 0.9370501  0.9398947  0.93553054
 0.93885016 0.9224422  0.9379672  0.9341221  0.9436852  0.93676925
 0.9297117  0.93819493 0.94117373 0.94151676 0.9378144  0.93798465
 0.9328394  0.9322404  0.925128   0.92314947 0.93296355 0.9342803
 0.9290554  0.93033016 0.9346844  0.93582606]",9.368852e-05,98.43307137489319,370.0822196492231
GradGSymplecticNNgHMC,0.1,autograd,high_dimensional_gaussian,SynchronousLeapfrog,0.1,"[0.9344686  0.9425672  0.9286048  0.9405633  0.9427869  0.93345326
 0.9334239  0.93479604 0.9305134  0.94371367 0.9369048  0.9281551
 0.93775266 0.94228673 0.9315963  0.94653654 0.9340942  0.9383192
 0.93689173 0.9371848  0.9343063  0.9436102  0.93268985 0.9372985
 0.94133854 0.93829554 0.9367353  0.9378904  0.9359927  0.9419273
 0.93525887 0.9379189  0.94243884 0.9406128  0.93132925 0.94273794
 0.93834436 0.93421984 0.94295806 0.93822527 0.9382825  0.93304276
 0.94266737 0.9299587  0.9406902  0.9289284  0.9463099  0.9389242
 0.93793505 0.939655   0.93645155 0.93564886 0.93399113 0.9406573
 0.9398443  0.92938375 0.93129367 0.9354571  0.94331616 0.94142693
 0.9399855  0.9311627  0.931524   0.94094795 0.9392023  0.9382343
 0.9427415  0.9300456  0.9317051  0.9382067  0.93665665 0.9371566
 0.9416644  0.9461638  0.93819976 0.9369716  0.93987674 0.9354304
 0.93892    0.92227715 0.9379109  0.9340968  0.94364065 0.9367566
 0.9298122  0.9381647  0.941214   0.94152975 0.93777835 0.9378551
 0.9327075  0.9321834  0.9248786  0.92321444 0.9330716  0.9341909
 0.9288987  0.9302983  0.9346632  0.935848  ]",0.00033212602,50.37704396247864,333.76497799409685
HMC,0.1,autograd,normal_normal,SynchronousLeapfrog,0.1,"[0.9419713  0.93967456 0.9297793  0.93966806 0.9120389  0.94961715
 0.95286006 0.94392747 0.928661   0.9400296  0.9522556  0.90814567
 0.9358915  0.9382409  0.94075763 0.94707745 0.9514103  0.928864
 0.95425737 0.9398617  0.9500806  0.9427699  0.9479529  0.9448103
 0.952114   0.938122   0.92938346 0.94952023 0.9384546  0.9219648
 0.9410369  0.9463192  0.9443313  0.95074797 0.9262359  0.95028126
 0.93458486 0.906227   0.9493997  0.90439355 0.9482479  0.93533945
 0.9467602  0.9411778  0.9477942  0.9494464  0.9495179  0.9448967
 0.91986406 0.9210528  0.9065296  0.94962597 0.94067955 0.93173236
 0.9495758  0.952697   0.904899   0.94624233 0.9224054  0.9217474
 0.9360646  0.9477781  0.90530133 0.94730234 0.95116585 0.94848585
 0.9545746  0.95482016 0.8825302  0.9385737  0.94016826 0.9375528
 0.9362115  0.93187875 0.9513957  0.9452853  0.9120536  0.94755507
 0.9426249  0.9365138  0.9555475  0.93730056 0.94025326 0.9488938
 0.94893116 0.9233715  0.9179621  0.94286406 0.95062006 0.95458287
 0.951983   0.93314475 0.93711394 0.9110489  0.9174875  0.95367014
 0.9087423  0.9364151  0.93878764 0.9188821 ]",2.13312e-15,83.30023550987244,469.8560873380105
NNgHMC,0.1,autograd,normal_normal,SynchronousLeapfrog,0.1,"[0.94150466 0.93974864 0.92989033 0.9398048  0.9023379  0.94973946
 0.9528856  0.9433273  0.9285879  0.93990266 0.9525361  0.9057827
 0.9358109  0.9383657  0.93993175 0.9472267  0.95141315 0.9280846
 0.95424974 0.9398634  0.95000243 0.94286555 0.9477962  0.94458693
 0.9522545  0.93808836 0.9271528  0.94969976 0.9385583  0.92208767
 0.94106215 0.94637144 0.94404244 0.950786   0.9265408  0.9509834
 0.93254125 0.9061109  0.94933987 0.903454   0.94871616 0.93541545
 0.9468756  0.9411063  0.94796675 0.94939464 0.9495896  0.9447764
 0.91874164 0.9211534  0.90662706 0.9498409  0.94073814 0.93163633
 0.9495748  0.9523756  0.9048624  0.94723463 0.92274964 0.92208433
 0.93593526 0.94775933 0.9066988  0.94722646 0.95128006 0.94842947
 0.9545741  0.95472217 0.8832194  0.93855953 0.9404887  0.9374275
 0.9350113  0.9315933  0.95139134 0.9464223  0.9091906  0.94768417
 0.9427117  0.93623847 0.9555259  0.93728036 0.9403281  0.9489357
 0.94930613 0.9256055  0.91774434 0.94315326 0.95069546 0.9545908
 0.9519891  0.93046343 0.93698525 0.9112374  0.91728485 0.9536106
 0.9086458  0.93666637 0.93948114 0.91951275]",1.0160622e-15,66.29292392730713,451.3047438771429
NNODEgHMC,0.1,autograd,normal_normal,SynchronousLeapfrog,0.1,"[0.9416051  0.939738   0.9298841  0.9398645  0.90514064 0.9498088
 0.9528575  0.94323707 0.92855346 0.9399345  0.95248574 0.9069967
 0.9357978  0.9384181  0.93989915 0.9472748  0.95143795 0.92810833
 0.9542505  0.9399226  0.9500453  0.94285524 0.947804   0.94459623
 0.952227   0.93807906 0.9277     0.9496557  0.9385557  0.9220128
 0.94106054 0.946388   0.9438796  0.9508003  0.92651737 0.9509125
 0.9330336  0.9060092  0.94935197 0.9033572  0.9486841  0.9353789
 0.9469093  0.94118404 0.94805825 0.9493537  0.94951934 0.9447648
 0.91881645 0.92102623 0.9064364  0.9497911  0.9407205  0.93173885
 0.9496455  0.9524192  0.9044652  0.94718313 0.9225497  0.92220473
 0.9359201  0.947684   0.9067565  0.94718826 0.9513341  0.9484401
 0.9545886  0.9547348  0.883342   0.93849486 0.94052947 0.9374747
 0.9355127  0.93169445 0.9513668  0.9463177  0.91081274 0.9477353
 0.94273233 0.9365942  0.9555113  0.9372866  0.9403116  0.9489305
 0.94927996 0.92527294 0.9181932  0.94315237 0.9507197  0.9545657
 0.95202017 0.9309397  0.9369668  0.9112002  0.91726846 0.9535848
 0.90865946 0.9368488  0.9395902  0.92015284]",1.847836e-14,43.0384840965271,411.4541510961841
Explicit NNODEgHMC,0.1,autograd,normal_normal,SynchronousLeapfrog,0.1,"[0.94185424 0.9396715  0.9298138  0.9398674  0.9064481  0.94963276
 0.95286167 0.9435017  0.9288084  0.94010776 0.9523012  0.90589654
 0.9360084  0.93839824 0.94036436 0.94725883 0.9514092  0.929028
 0.954246   0.9397769  0.9500818  0.94285    0.947904   0.9446847
 0.95215404 0.93822193 0.92797184 0.9496023  0.9384459  0.92203856
 0.94109535 0.94640774 0.9439039  0.9507383  0.92638147 0.950593
 0.93385834 0.90589756 0.9494189  0.9044864  0.94863796 0.9353308
 0.94681996 0.9412942  0.9479523  0.94939804 0.9494052  0.94513243
 0.9193439  0.92103523 0.9061209  0.94952774 0.9407058  0.9318392
 0.94966066 0.9526024  0.90487194 0.9470482  0.9223458  0.9215703
 0.9360962  0.9477234  0.9048599  0.9472649  0.95125043 0.9484309
 0.9546131  0.9547887  0.88103503 0.9385225  0.9401304  0.93806195
 0.93594146 0.93201816 0.95135546 0.94582695 0.91126645 0.94752026
 0.9425627  0.9368028  0.9555383  0.9373181  0.9402087  0.9489163
 0.9493162  0.924812   0.9180883  0.94294995 0.95062846 0.9545449
 0.9520042  0.9322243  0.9371249  0.9097306  0.9175541  0.9536597
 0.90866184 0.9368142  0.93916273 0.91984165]",1.6100861e-14,65.6872296333313,457.8502494072647
SymplecticNNgHMC,0.1,autograd,normal_normal,SynchronousLeapfrog,0.1,"[0.9416584  0.9398321  0.9295683  0.9398632  0.86803424 0.9488041
 0.95288134 0.9397993  0.9281992  0.9400236  0.95256394 0.89641
 0.9346635  0.9382205  0.93734014 0.9467498  0.95085514 0.9248071
 0.95409644 0.9387767  0.9487564  0.9420416  0.9479549  0.944445
 0.9520639  0.9369525  0.91605705 0.9487967  0.938585   0.9216439
 0.941179   0.94482815 0.94251984 0.95024633 0.92530704 0.9508705
 0.92034954 0.9070427  0.9481491  0.90517443 0.94892234 0.9348785
 0.94583094 0.93951243 0.9471396  0.94979024 0.9495894  0.94098794
 0.9144816  0.920979   0.9076631  0.9491451  0.9401049  0.93112886
 0.94823045 0.9520588  0.90552044 0.9461745  0.921741   0.9187683
 0.9352778  0.9452685  0.90475726 0.94751704 0.95028305 0.9485792
 0.954442   0.9544539  0.8845625  0.937922   0.9392099  0.9358753
 0.9263317  0.9314153  0.95105666 0.9461479  0.89593387 0.94645476
 0.9419729  0.9308879  0.95538986 0.93710315 0.9395933  0.94875497
 0.948435   0.92686415 0.9180794  0.94180524 0.94989    0.9547064
 0.95129776 0.91585225 0.9379196  0.9115441  0.9174541  0.9531131
 0.90883374 0.933833   0.9375559  0.91301   ]",0.0071096322,64.45031380653381,1.3562027828618963
GSymplecticNNgHMC,0.1,autograd,normal_normal,SynchronousLeapfrog,0.1,"[0.94211006 0.9397527  0.92966986 0.9403474  0.9069643  0.949759
 0.9528718  0.9424232  0.9289608  0.9398742  0.9526396  0.90990925
 0.93593585 0.93859816 0.93951863 0.9473216  0.95147896 0.9274289
 0.9542688  0.9402124  0.9500202  0.9424922  0.9480297  0.9450588
 0.9520376  0.93822527 0.92580783 0.94910806 0.93859947 0.922513
 0.94092166 0.9456605  0.9437628  0.9508095  0.92695636 0.95102185
 0.93040556 0.9052639  0.9487621  0.90327585 0.94857544 0.93542117
 0.9470226  0.94115055 0.9480189  0.94937253 0.94979894 0.9445013
 0.91844547 0.92126155 0.905369   0.9494564  0.9409072  0.93140614
 0.9495958  0.9525873  0.9049699  0.94676346 0.92265266 0.9216959
 0.935861   0.94726264 0.90251607 0.9472542  0.9513253  0.94882154
 0.95458114 0.9547989  0.8820059  0.93867433 0.940537   0.9367268
 0.933498   0.93138784 0.95104825 0.94647896 0.9163542  0.94773245
 0.94271153 0.9353473  0.95550907 0.9372439  0.94034326 0.9488393
 0.949171   0.92619437 0.9160673  0.94270706 0.95072955 0.95458114
 0.9519824  0.9292969  0.9369688  0.9068791  0.91775465 0.9534816
 0.9089986  0.9365835  0.93926466 0.9231102 ]",0.0017668592,29.530455350875854,306.6447840431718
GradSymplecticNNgHMC,0.1,autograd,normal_normal,SynchronousLeapfrog,0.1,"[0.94166416 0.93980265 0.9297066  0.9398012  0.87009585 0.94878787
 0.9528141  0.9400139  0.92820233 0.94008416 0.9525732  0.8969126
 0.9347953  0.9382591  0.93752384 0.94668317 0.95087355 0.9252026
 0.9541     0.93884706 0.9488305  0.9421665  0.9480094  0.9444882
 0.9520154  0.93706506 0.916379   0.9487986  0.9385616  0.92155856
 0.9412297  0.94493854 0.9426734  0.95024455 0.92524165 0.95092887
 0.92084026 0.907321   0.9481777  0.905359   0.9489905  0.9348349
 0.94579685 0.9396693  0.9470564  0.9498234  0.9495735  0.9411063
 0.9147493  0.9208797  0.90797424 0.949229   0.9400916  0.93109435
 0.9483279  0.9520192  0.90566385 0.9462112  0.9218112  0.91890574
 0.9354335  0.9453813  0.9048693  0.94750404 0.9502524  0.948604
 0.95445096 0.95444775 0.88431346 0.9379678  0.93913615 0.9360516
 0.9266081  0.931368   0.95108485 0.94628036 0.8967652  0.9464768
 0.94191337 0.93124676 0.9553559  0.93706596 0.9395522  0.9487977
 0.9485395  0.9268594  0.9180081  0.9418224  0.9498943  0.95467997
 0.95135826 0.9164393  0.9378904  0.9115266  0.9174077  0.9530951
 0.9088173  0.93396986 0.9376282  0.913502  ]",0.0065078903,80.57886147499084,1.7115069708742023
GradGSymplecticNNgHMC,0.1,autograd,normal_normal,SynchronousLeapfrog,0.1,"[0.9420232  0.9397234  0.9296891  0.9402501  0.90884846 0.94970226
 0.9528761  0.9428794  0.9289465  0.93972176 0.9526509  0.91028166
 0.9360754  0.93852663 0.93967956 0.94730777 0.9514785  0.9269067
 0.9542725  0.940048   0.9500842  0.94248295 0.94807434 0.94493455
 0.95207214 0.9383329  0.9265709  0.9492638  0.9385748  0.9223734
 0.94089675 0.945814   0.9441441  0.9508041  0.926929   0.95097244
 0.9314469  0.9057399  0.9488589  0.90368    0.94841194 0.93541306
 0.94698733 0.94121426 0.94797754 0.9493897  0.94990337 0.94487274
 0.9187195  0.9212507  0.90588015 0.9494194  0.9408878  0.9314078
 0.94965136 0.9526304  0.9050913  0.9466817  0.92260426 0.92174435
 0.9360466  0.94748735 0.90241575 0.94728076 0.9513     0.94874406
 0.954579   0.9548019  0.882272   0.93877935 0.9404129  0.9365537
 0.9340744  0.9313533  0.95109546 0.9463177  0.9169594  0.9476935
 0.94261634 0.9355658  0.95553005 0.9372174  0.940287   0.94883317
 0.9491477  0.9259466  0.91621226 0.94281167 0.9507265  0.95456576
 0.95203304 0.9298155  0.9369244  0.90700674 0.9176316  0.9535488
 0.9087845  0.93669355 0.93942726 0.9234562 ]",0.0019819834,32.797444581985474,364.9391014685269
HMC,0.2,autograd,banana,SynchronousLeapfrog,0.1,"[0.89994586 0.9878437  0.97337806 0.8446676  0.91158295 0.9336479
 0.9321239  0.8708029  0.92938435 0.8757543  0.9346585  0.8474938
 0.9331012  0.69238394 0.99288243 0.86061424 0.9929959  0.9076747
 0.9344348  0.9213337  0.68678826 0.985417   0.71429336 0.9551825
 0.95811194 0.9768531  0.92182225 0.9223994  0.97510326 0.9752509
 0.9626877  0.94302547 0.8069617  0.9938315  0.51961476 0.95255965
 0.9077492  0.89749897 0.98808575 0.9538092  0.9674656  0.9142585
 0.9146453  0.8209171  0.8163449  0.9402336  0.77308    0.9387965
 0.9607054  0.95817804 0.83442706 0.91745895 0.8659152  0.9808151
 0.89758384 0.89804244 0.89776456 0.870644   0.9342418  0.97472155
 0.9431486  0.91048    0.9491207  0.8272288  0.913465   0.95978594
 0.9621401  0.97792834 0.93163514 0.72562957 0.8553271  0.9518652
 0.9744619  0.8913397  0.9310033  0.9498719  0.9450791  0.98259485
 0.97377646 0.9267213  0.95820034 0.9746541  0.9757999  0.970153
 0.98668945 0.8966052  0.9499334  0.9365601  0.9783053  0.92793286
 0.9249534  0.8792596  0.944462   0.9632251  0.9276599  0.9610564
 0.9763281  0.9900793  0.94551516 0.8554327 ]",8.657519e-14,21.92403221130371,1.507038188710227
NNgHMC,0.2,autograd,banana,SynchronousLeapfrog,0.1,"[0.8570425  0.95050806 0.8889622  0.5563454  0.68604344 0.90889
 0.7882773  0.5956278  0.9236846  0.4068211  0.4257471  0.8458919
 0.87650096 2.2548258  0.997777   0.21231699 0.99357104 0.63849354
 0.83929384 0.8468746  0.7287769  0.98315847 2.030447   0.7146956
 0.91397566 0.98672646 0.932927   0.920164   0.9722957  0.9552574
 0.5195176  0.38628662 0.24029271 0.97785896 0.5245347  0.8851409
 0.6821102  0.85147893 0.92947817 0.964863   0.962523   0.82284594
 0.786198   0.57163894 0.3267923  0.8548374  0.45402083 0.88852775
 0.21286768 0.5106248  0.7941556  0.53854054 0.64627767 0.9774121
 0.03045838 0.5104121  0.81776595 0.6079544  0.34467447 0.9678942
 0.822371   0.86866224 0.9134735  0.76488626 0.72852015 0.7608042
 0.54722214 0.79337454 0.7584232  0.6675984  0.9348172  0.66828024
 0.90001667 0.89160514 0.8747298  0.87332284 0.911438   0.85770106
 0.84509677 0.92927194 0.92103374 0.9732558  0.91475093 0.8153783
 0.9552617  0.73487806 0.9437894  0.97155714 0.78933334 0.9130429
 0.37978286 0.88253397 0.48824453 0.8159138  0.7820146  0.92944616
 0.97574604 0.98993015 0.85358286 0.80690163]",6.4903637e-15,16.486894607543945,13.112285149510308
NNODEgHMC,0.2,autograd,banana,SynchronousLeapfrog,0.1,"[0.8606455  0.97284544 0.9485806  0.37004566 0.78482485 0.813887
 0.68325555 0.35756797 0.954918   0.41648862 0.43528032 0.6889466
 0.9370014  1.8386278  0.99781024 0.0666713  0.9931462  0.74998367
 0.9203819  0.905398   0.67689514 0.98351586 1.6831155  0.82592934
 0.91401815 0.98757935 0.93291616 0.92093945 0.97059983 0.954668
 0.664032   0.65649915 0.7607543  0.97991276 0.51290476 0.93960464
 0.5582363  0.84563565 0.9679885  0.945261   0.962407   0.8272823
 0.5616821  0.5849514  0.02899532 0.85015094 0.88420427 0.83233523
 0.5388129  0.66436815 0.7956624  0.68880415 0.76059175 0.97796744
 0.22172725 0.22215569 0.36241874 0.31587097 0.5756893  0.92769784
 0.8352632  0.79375935 0.8278796  0.7649237  0.5853946  0.86109376
 0.759601   0.7999653  0.6157787  0.66844004 0.9179872  0.849391
 0.95628995 0.9283724  0.87890863 0.87684125 0.8423908  0.94118476
 0.85080063 0.9289001  0.9203815  0.9730558  0.97381544 0.9022748
 0.9583496  0.8572778  0.9228787  0.95161855 0.92666197 0.85945356
 0.5511067  0.8818078  0.63980126 0.93317306 0.6712319  0.83285064
 0.9757949  0.9896595  0.6894936  0.81218827]",2.2970027e-10,27.55463194847107,1.4248812858368813
Explicit NNODEgHMC,0.2,autograd,banana,SynchronousLeapfrog,0.1,"[0.7643968  0.7077699  0.89814305 0.3868646  0.740514   0.5981021
 0.9583868  0.03798036 0.73058146 0.25431833 0.25242922 0.47144312
 0.9270321  1.5091257  0.9974575  0.2380906  0.9941697  0.7308043
 0.95290804 0.8755951  0.5071572  0.98161364 1.5983537  0.8362589
 0.9207751  0.9630145  0.9346366  0.91950935 0.9033475  0.95932186
 0.60977066 0.8402318  1.3906941  0.9711351  0.62911355 0.9246492
 0.88211    0.9316653  0.66160345 0.9467238  0.96369445 0.8178576
 0.24172585 0.5412041  0.27097064 0.70498073 1.3405132  0.949574
 0.7708782  0.68356836 0.78717655 0.7368204  0.75667447 0.9575061
 0.09460424 0.13820174 0.01865928 0.16081749 0.74455786 0.89877784
 0.7921485  0.7749777  0.67415    0.75581545 0.5271994  0.85557604
 0.89499617 0.6689334  0.55260277 0.6635606  0.95412797 0.94315594
 0.95734155 0.842049   0.78584826 0.84582055 0.871515   0.9743346
 0.78336    0.9301619  0.92632264 0.97415465 0.94154686 0.88796395
 0.9299809  0.9124799  0.804122   0.86938834 0.97784775 0.7408921
 0.56989664 0.87729776 0.6366495  0.9637596  0.82088375 0.6535472
 0.9765951  0.9905716  0.44193977 0.75925386]",6.12544e-11,48.634093046188354,1.9616084228431214
SymplecticNNgHMC,0.2,autograd,banana,SynchronousLeapfrog,0.1,"[0.9021658  0.9799837  0.9630414  0.06872992 0.9039463  0.06208041
 0.45717746 0.6229626  0.9436366  0.54612696 0.5927138  0.16769665
 0.73366857 1.2415404  0.9946189  0.5513538  0.9930357  0.89706326
 0.90716314 0.9228799  0.17141443 0.9793984  1.0860448  0.94839954
 0.9229288  0.97753215 0.9377338  0.92060757 0.86689985 0.95694274
 0.89659107 0.9123909  2.3334417  0.9929167  0.33802843 0.92986834
 0.26706684 0.5784147  0.9789294  0.7911705  0.9646615  0.8728665
 0.2867486  0.6162758  0.4741795  0.55476284 1.7709928  0.6829521
 0.922778   0.90424675 0.77729595 0.91874456 0.88669413 0.94508207
 0.5435812  0.5371188  0.4757124  0.28592846 0.8782724  0.6804322
 0.87925196 0.45874685 0.29435864 0.73578376 0.17225127 0.9621515
 0.9238728  0.8813812  0.22770295 0.66482353 0.8719337  0.8264631
 0.93785405 0.91423124 0.9478878  0.93165725 0.5676249  0.942786
 0.90686625 0.93239045 0.9247235  0.96406716 0.6330935  0.970988
 0.97883785 0.8570025  0.39120907 0.6369133  0.8202638  0.36919725
 0.82977957 0.8412153  0.891006   0.79228127 0.3571703  0.19674397
 0.9740753  0.98995185 0.0675843  0.8537916 ]",0.5239849,49.203994035720825,1.283887438533831
GSymplecticNNgHMC,0.2,autograd,banana,SynchronousLeapfrog,0.1,"[0.9072281  0.9836542  0.96865416 0.7023408  0.8823451  0.78124666
 0.19748315 0.28003478 0.93145466 0.64425653 0.7181071  0.00391917
 0.811766   1.2452968  0.9896657  1.482795   0.99328876 0.865808
 0.9300257  0.91092414 0.63272375 0.98155916 1.2006222  0.94052976
 0.934073   0.95809525 0.94025624 0.92107916 0.8745955  0.96288824
 0.8416011  0.9170135  1.0335729  0.9935526  0.31430817 0.94326437
 0.07899208 0.5509383  0.98216486 0.64725184 0.96249044 0.88958263
 0.19704466 0.62372035 1.3429005  0.55047524 2.4775414  0.5865214
 0.8454582  0.85282516 0.7810709  0.8508624  0.8922417  0.8934664
 0.49932957 0.7067792  0.28442547 0.07873645 0.8816682  0.5962149
 0.87045777 0.45761126 0.33295923 0.72175825 0.13824645 0.9534106
 0.9531056  0.93187493 0.1540586  0.66370815 0.7933183  0.9540822
 0.95094085 0.87721336 0.9547619  0.9449123  0.5247922  0.9436836
 0.94084036 0.9312563  0.93427724 0.9548731  0.8958348  0.9676308
 0.9846492  0.87855244 0.82255113 0.6079991  0.96388406 0.4779243
 0.7593558  0.8128505  0.8189844  0.94654465 0.1953501  0.43161806
 0.9741448  0.9898194  0.18434958 0.88992727]",0.3635192,15.160109519958496,1.2929609888326339
GradSymplecticNNgHMC,0.2,autograd,banana,SynchronousLeapfrog,0.1,"[0.89974326 0.9804102  0.9575555  0.0411007  0.90638864 0.38997385
 0.4335619  0.7794387  0.9418645  0.58596563 0.62987137 0.06002609
 0.64170647 1.1551793  0.9942176  0.6928336  0.99302375 0.8995976
 0.8899697  0.9126563  0.4797411  0.97870845 1.0523278  0.9532727
 0.9266976  0.9766402  0.9392063  0.91969633 0.85848904 0.9587009
 0.90622634 0.89677286 2.6788127  0.99314344 0.3242853  0.92955464
 0.25637278 0.5728333  0.9768356  0.75106657 0.96420956 0.8753958
 0.55996114 0.62782645 0.64180076 0.50375104 1.9384401  0.6782501
 0.9164807  0.91433495 0.7861709  0.92054504 0.8965944  0.9410739
 0.582247   0.77793014 0.5770844  0.30423927 0.9004843  0.6387367
 0.88579476 0.4360633  0.15808742 0.73144794 0.09736244 0.963289
 0.905091   0.8928232  0.14702396 0.6651217  0.8653304  0.7807002
 0.9337647  0.90791965 0.9491757  0.9397528  0.5553696  0.92555016
 0.9142461  0.9325067  0.92684305 0.9628047  0.50635666 0.9688673
 0.98172134 0.81399363 0.16653603 0.55703926 0.74563617 0.2728785
 0.8453951  0.83013123 0.89586914 0.69295394 0.3288538  0.02936137
 0.9738624  0.99005    0.23626147 0.86923426]",0.58759177,72.65511870384216,1.3144724049960597
GradGSymplecticNNgHMC,0.2,autograd,banana,SynchronousLeapfrog,0.1,"[0.889925   0.9806348  0.95215404 0.23475926 0.8104941  0.53886515
 0.60023105 0.2573862  0.9616035  0.5287683  0.57557786 0.62822175
 0.93054056 1.892782   0.9955227  0.23709677 0.9932246  0.7779505
 0.9143092  0.9003753  0.47612926 0.9831275  1.6362141  0.823431
 0.9226994  0.9832942  0.9376783  0.9200114  0.95893204 0.95725095
 0.6884539  0.7607839  1.3265575  0.99278665 0.43141526 0.94824946
 0.4782259  0.70817745 0.97452295 0.92508954 0.96195173 0.8680186
 0.35355887 0.58989346 0.1498214  0.7201551  1.0580529  0.78095233
 0.70500416 0.68623114 0.79146093 0.70572555 0.7825076  0.9630232
 0.23461807 0.07261076 0.28992188 0.27795005 0.55963886 0.9043753
 0.84377    0.7616713  0.79693574 0.7403989  0.5192417  0.86127776
 0.79103744 0.8705103  0.54552925 0.6690981  0.8923992  0.9050002
 0.96180487 0.933236   0.9373014  0.9315569  0.80994356 0.93641347
 0.8985957  0.931221   0.92530054 0.965574   0.96650666 0.9090511
 0.98021567 0.86197174 0.8455957  0.93633544 0.9539695  0.8394103
 0.5566057  0.8532119  0.6696142  0.95331526 0.6079061  0.7749691
 0.97418565 0.9897041  0.60054404 0.8602133 ]",0.10086414,19.306986808776855,1.3023146598451012
HMC,0.2,autograd,gaussian,SynchronousLeapfrog,0.3,"[0.920089   0.9400114  0.92478174 0.92970484 0.9468883  0.94083035
 0.9256928  0.9505341  0.88760155 0.9232726  0.9372374  0.9425452
 0.9549799  0.94436157 0.9450077  0.93503374 0.94992125 0.95413244
 0.95716953 0.93967617 0.89833915 0.930154   0.9524466  0.9221909
 0.9459201  0.94649386 0.94497013 0.9519359  0.9527739  0.9192736
 0.9418678  0.9014114  0.93731534 0.92920065 0.9550783  0.94421875
 0.94737387 0.93675625 0.9396221  0.93663394 0.92558944 0.9494187
 0.9391427  0.9334859  0.9539002  0.94433784 0.94298875 0.92430013
 0.8915104  0.9516975  0.93827486 0.9463209  0.88107985 0.92881525
 0.9437229  0.9545665  0.953067   0.9032062  0.9512805  0.95441675
 0.9571663  0.9300374  0.9494416  0.9497565  0.94970006 0.9514164
 0.9445734  0.93785757 0.9444895  0.94315267 0.94792736 0.9338109
 0.95458925 0.9172648  0.9488673  0.94310844 0.94500875 0.94312036
 0.9514092  0.9135334  0.9175872  0.9475732  0.90565366 0.93662894
 0.95269144 0.93562806 0.94353235 0.934029   0.9283063  0.9461055
 0.9242565  0.94683397 0.95522475 0.93656564 0.9476888  0.93835896
 0.9518191  0.9290279  0.9420544  0.9426009 ]",3.3682432e-15,17.845560550689697,2564.2805654765284
NNgHMC,0.2,autograd,gaussian,SynchronousLeapfrog,0.3,"[0.91901684 0.93994606 0.92357653 0.93098533 0.9476327  0.9413228
 0.9250342  0.9504425  0.88342017 0.9202246  0.9371128  0.942016
 0.9547919  0.94526803 0.9446064  0.9341321  0.94972265 0.95444983
 0.95761025 0.93893945 0.8985702  0.92939156 0.95259666 0.9218609
 0.94676566 0.94694084 0.9453518  0.9523854  0.9530873  0.9189989
 0.9421716  0.8984865  0.93720454 0.928477   0.95551395 0.9440808
 0.9475759  0.9371905  0.9401919  0.9364877  0.92599964 0.9501111
 0.93981516 0.93302596 0.9539026  0.9449942  0.9433786  0.9245803
 0.88937205 0.95192623 0.9386913  0.9465499  0.8751344  0.9297962
 0.94395393 0.9542068  0.95324945 0.8993453  0.95126593 0.9544654
 0.95782125 0.9294437  0.9492609  0.94950217 0.9500162  0.9516759
 0.9448991  0.9377829  0.9445785  0.9429695  0.948061   0.9342825
 0.95539796 0.91602516 0.94910944 0.94315374 0.9450654  0.9433274
 0.95145833 0.9156145  0.9181019  0.9485154  0.90791315 0.9369812
 0.9528569  0.93524635 0.94362134 0.93386555 0.9280313  0.94584215
 0.9241495  0.9472369  0.9552867  0.9368366  0.94768655 0.9382099
 0.9515945  0.92907834 0.94267315 0.9424161 ]",7.126059e-15,16.62419557571411,2555.3269179117583
NNODEgHMC,0.2,autograd,gaussian,SynchronousLeapfrog,0.3,"[0.91898155 0.9397999  0.92364824 0.9313594  0.94767094 0.9414792
 0.9250695  0.9502963  0.8814923  0.91984224 0.9372007  0.94195527
 0.9547183  0.94527787 0.94454116 0.9338794  0.94965905 0.95437115
 0.95760953 0.9394027  0.8983474  0.92906094 0.95262504 0.92189395
 0.9467863  0.94686747 0.9452362  0.9524294  0.953164   0.91964376
 0.9420233  0.89967    0.9372017  0.9285251  0.9555112  0.94419277
 0.94752324 0.9370434  0.9401846  0.93649405 0.926092   0.95021677
 0.9394836  0.93307185 0.9539188  0.9451522  0.94329965 0.92443323
 0.89114344 0.95191    0.93887395 0.9464216  0.87506855 0.92987007
 0.94406426 0.95428723 0.953357   0.89869964 0.9513793  0.95444345
 0.95779294 0.929032   0.9492693  0.9494418  0.95009434 0.9518594
 0.94487333 0.93772125 0.94467896 0.9429945  0.9480666  0.9345042
 0.9554126  0.9158058  0.9490483  0.94318455 0.94520795 0.9433651
 0.9514758  0.91583866 0.9181992  0.9485396  0.9083004  0.9366574
 0.95286655 0.93514395 0.94377583 0.93334043 0.9282484  0.9457977
 0.92374384 0.9472538  0.95526123 0.9368648  0.9476592  0.938329
 0.95152676 0.92915076 0.9428152  0.94245577]",2.7432932e-14,13.316527366638184,2538.7336534680867
Explicit NNODEgHMC,0.2,autograd,gaussian,SynchronousLeapfrog,0.3,"[0.91813153 0.93974656 0.9228861  0.9265324  0.9482617  0.94159096
 0.92210615 0.95017165 0.8723254  0.9194534  0.9372345  0.94206065
 0.954672   0.9459101  0.94452715 0.93451756 0.9496247  0.9543931
 0.95802563 0.9398121  0.8965513  0.9301948  0.9528407  0.9211406
 0.94753975 0.94713664 0.9461667  0.9524658  0.9533145  0.9186753
 0.94287896 0.89290166 0.9369623  0.9295828  0.95585847 0.9439863
 0.94835997 0.9371165  0.9400697  0.93660635 0.9254869  0.95042723
 0.9400694  0.93293357 0.9537858  0.945132   0.94428825 0.9249246
 0.882444   0.95261043 0.93989515 0.9474115  0.86274827 0.92928123
 0.9435002  0.95407456 0.95398444 0.8965869  0.95107114 0.95464456
 0.9583022  0.9300248  0.9492981  0.94925857 0.9502406  0.95236385
 0.94524974 0.9375557  0.9441912  0.94335216 0.9483444  0.93405217
 0.9558193  0.91320866 0.949607   0.9429981  0.94464463 0.9435983
 0.9514782  0.91514796 0.91777605 0.9491267  0.90350366 0.936705
 0.95287985 0.9358901  0.9443321  0.9333117  0.9266688  0.9460101
 0.9243855  0.94771135 0.9552049  0.93663704 0.9474679  0.9379267
 0.95140696 0.9286511  0.94264066 0.94213426]",1.8825809e-14,20.746047735214233,2444.430623441234
SymplecticNNgHMC,0.2,autograd,gaussian,SynchronousLeapfrog,0.3,"[0.92007726 0.9397905  0.92497015 0.9282303  0.947018   0.94129515
 0.9253571  0.950745   0.88768363 0.9228631  0.93719184 0.9428729
 0.9548664  0.9445388  0.9449985  0.93511677 0.9499027  0.9540701
 0.95733106 0.9396323  0.8989102  0.93027943 0.9527221  0.9220991
 0.9460319  0.9463207  0.94527805 0.9517357  0.952655   0.918856
 0.94197816 0.9000861  0.93695295 0.9287909  0.955127   0.9442482
 0.947525   0.93679446 0.9393231  0.93616503 0.92494094 0.94982284
 0.9389157  0.93298143 0.95386493 0.94423693 0.9430996  0.9242544
 0.8898114  0.9517328  0.9382514  0.9464654  0.88041276 0.92945427
 0.9435534  0.95451784 0.9529959  0.9024935  0.9515397  0.9543502
 0.9570699  0.92982304 0.949387   0.949907   0.94999737 0.95156854
 0.9449116  0.9375863  0.94458425 0.9433402  0.948223   0.93405855
 0.9547026  0.91734284 0.94896954 0.9427924  0.94497323 0.9430896
 0.9515347  0.914406   0.9170796  0.9473692  0.90591323 0.93652815
 0.9529809  0.9353167  0.9434454  0.9338776  0.9277643  0.94640446
 0.92375505 0.9468999  0.95525897 0.9363343  0.9478966  0.9379196
 0.95194644 0.92905015 0.94229716 0.9427888 ]",0.0057917223,26.462769508361816,2556.1498784420314
GSymplecticNNgHMC,0.2,autograd,gaussian,SynchronousLeapfrog,0.3,"[0.9201676  0.93967676 0.92520046 0.92917335 0.9473772  0.9415064
 0.92472935 0.95016897 0.8873291  0.9229719  0.9370591  0.94292617
 0.95506096 0.9442932  0.9448576  0.93451786 0.9492893  0.95437187
 0.9573376  0.9397944  0.8978395  0.9305333  0.95237255 0.92173433
 0.94639367 0.94671506 0.9448348  0.95147085 0.9526404  0.91880643
 0.94209766 0.9011569  0.93718433 0.9292471  0.9550923  0.9441879
 0.9475643  0.9370371  0.9403024  0.93717384 0.9249624  0.9498892
 0.9392532  0.93311274 0.95387316 0.94436973 0.94313973 0.9245305
 0.8915148  0.95185995 0.9382703  0.946685   0.88125706 0.9299618
 0.9436624  0.954534   0.95308465 0.9024147  0.951591   0.9544098
 0.9573752  0.9298583  0.949489   0.949304   0.95013016 0.9517018
 0.94484127 0.9379088  0.9443363  0.9429045  0.94771546 0.9336624
 0.95458573 0.91634595 0.94896555 0.9431016  0.9447691  0.94258153
 0.95148563 0.91515565 0.917941   0.9476758  0.9055705  0.93665546
 0.9528297  0.9364454  0.94375753 0.93374777 0.9278548  0.9460478
 0.92423075 0.946994   0.95503706 0.9365897  0.94744366 0.9378699
 0.9516065  0.92858076 0.9424154  0.94202226]",0.00038013488,9.932633876800537,53.47962104468934
GradSymplecticNNgHMC,0.2,autograd,gaussian,SynchronousLeapfrog,0.3,"[0.9202235  0.9400611  0.9250206  0.92937505 0.94702834 0.94114006
 0.9261966  0.95077604 0.8875267  0.92344666 0.93752515 0.9426818
 0.9548278  0.9449002  0.9450457  0.93533695 0.95030665 0.953952
 0.9573051  0.93978107 0.89867353 0.93023014 0.95260537 0.92269886
 0.94598806 0.9463128  0.94528407 0.9521785  0.95287746 0.91958785
 0.94178474 0.9007424  0.93714476 0.9289343  0.9550769  0.94431007
 0.94737756 0.9365376  0.93905085 0.93620104 0.9255838  0.9496689
 0.9389967  0.9333458  0.95387167 0.9442909  0.94314563 0.9240238
 0.8905053  0.95170134 0.9381846  0.9464666  0.8803372  0.92916745
 0.9435816  0.954555   0.9530165  0.90355873 0.95141673 0.9543707
 0.95708954 0.9302319  0.9493737  0.9500713  0.94980466 0.9514815
 0.9447405  0.9376218  0.94459194 0.94375455 0.9481246  0.93402207
 0.954858   0.91787595 0.9489608  0.94287753 0.94504607 0.9434864
 0.9514327  0.9139267  0.9172353  0.94762886 0.9060768  0.9366398
 0.95286864 0.93518925 0.9435129  0.93411106 0.928211   0.946418
 0.9243281  0.94687593 0.95535254 0.9364607  0.9479093  0.9381974
 0.95194954 0.9291978  0.9421563  0.9430172 ]",0.0022467398,52.107177734375,2563.7979658588943
GradGSymplecticNNgHMC,0.2,autograd,gaussian,SynchronousLeapfrog,0.3,"[0.92070603 0.9399843  0.92554414 0.93058765 0.94744885 0.94157124
 0.9254822  0.95035714 0.8872365  0.9236802  0.93749636 0.9432174
 0.955225   0.9451175  0.9450426  0.9348749  0.949856   0.95444554
 0.9572989  0.93983287 0.898426   0.9306048  0.9523618  0.9229664
 0.94658583 0.94680786 0.9450209  0.95193684 0.9528556  0.9200961
 0.94207877 0.9014238  0.9377521  0.9293127  0.9552567  0.9442464
 0.94764084 0.9369811  0.9404001  0.9373894  0.9262371  0.9498881
 0.93938756 0.9339876  0.953938   0.94455546 0.94346964 0.92413676
 0.8917217  0.9520221  0.9383628  0.9467859  0.88157004 0.9303248
 0.9437679  0.95467687 0.95310104 0.9040298  0.95158577 0.9543933
 0.957602   0.9304363  0.94953793 0.94967556 0.9501718  0.95164555
 0.9450177  0.9378657  0.94460726 0.94375056 0.94774306 0.9338348
 0.9550544  0.91687787 0.9489929  0.9431464  0.9449402  0.9434955
 0.95146704 0.9157394  0.91818523 0.947946   0.9059128  0.93677235
 0.95282334 0.93654746 0.9438512  0.9340479  0.9282179  0.9462824
 0.9248104  0.9469943  0.9552128  0.93685436 0.94768906 0.9386736
 0.9518131  0.9291854  0.94254196 0.94249964]",0.0011269914,14.36218523979187,2558.616156688033
HMC,0.2,autograd,high_dimensional_gaussian,SynchronousLeapfrog,0.1,"[0.93328583 0.931637   0.9334663  0.9345139  0.9372945  0.9358043
 0.931551   0.9383558  0.9352759  0.94580054 0.9266348  0.93327785
 0.9441484  0.93924755 0.92713726 0.9406101  0.9381347  0.9381653
 0.9401622  0.9335908  0.9302927  0.930563   0.92887485 0.942979
 0.93170106 0.9323896  0.9363734  0.93965805 0.94545114 0.9402043
 0.94237506 0.9425669  0.9353377  0.9393365  0.9192718  0.9368229
 0.9397688  0.939072   0.93977714 0.94349706 0.93567276 0.9295761
 0.9436302  0.9443924  0.9363439  0.94699955 0.9263682  0.93637705
 0.9395652  0.94296694 0.9485631  0.94303817 0.9366169  0.93613183
 0.93591917 0.9400171  0.9320223  0.9368679  0.93331456 0.935801
 0.9408617  0.9421215  0.9399662  0.9441377  0.9427082  0.9380803
 0.93724984 0.933983   0.93382424 0.9284234  0.9378335  0.9322157
 0.94094265 0.9348442  0.93326586 0.9353578  0.9311279  0.93527544
 0.93448246 0.93898    0.93657684 0.9334366  0.93155396 0.9431882
 0.9355     0.9343135  0.9332327  0.9400982  0.9268646  0.9388634
 0.93879527 0.9318905  0.92207164 0.9331602  0.9413025  0.9377236
 0.9424278  0.929173   0.93409026 0.9312482 ]",1.3558543e-15,51.046149015426636,329.4186311660649
NNgHMC,0.2,autograd,high_dimensional_gaussian,SynchronousLeapfrog,0.1,"[0.9332222  0.9315649  0.9333779  0.9344505  0.93724126 0.93572253
 0.93141687 0.93829834 0.9352085  0.9457946  0.9265455  0.9332306
 0.9441626  0.939235   0.92699045 0.9406066  0.9381188  0.93813485
 0.94015396 0.93349427 0.9301934  0.9303173  0.92866343 0.94298404
 0.9316737  0.9322429  0.9362723  0.93958396 0.9454619  0.94022
 0.9423666  0.94258755 0.93526495 0.9393352  0.9189439  0.93673944
 0.9397912  0.9390216  0.9397352  0.94349194 0.9355799  0.9293879
 0.9436202  0.944402   0.9363178  0.94701326 0.92616594 0.9363484
 0.93954635 0.9429933  0.9486189  0.94303083 0.9365646  0.93609303
 0.9358438  0.9399931  0.9319116  0.936785   0.9331906  0.9357196
 0.9408021  0.9421245  0.9399252  0.9441627  0.9426999  0.9380542
 0.9372182  0.93387383 0.9337446  0.9282453  0.9378376  0.932121
 0.94097656 0.9348389  0.9331686  0.93525517 0.9310416  0.9352336
 0.9344074  0.938904   0.93651026 0.9333231  0.9314275  0.94320154
 0.9354636  0.9342393  0.93309844 0.9401101  0.9267273  0.9388288
 0.93877715 0.9317961  0.92171115 0.9330436  0.9413282  0.9377133
 0.9424162  0.9290476  0.9340452  0.93109596]",1.7218261e-15,47.62165427207947,310.1461331032844
NNODEgHMC,0.2,autograd,high_dimensional_gaussian,SynchronousLeapfrog,0.1,"[0.93321824 0.9315138  0.93335617 0.93441534 0.93730915 0.93572366
 0.93136334 0.93830574 0.93520516 0.94580793 0.9264964  0.9331946
 0.944147   0.93923223 0.9268922  0.9405665  0.9381563  0.93813366
 0.94013107 0.933476   0.930197   0.93034023 0.92867744 0.9429738
 0.9316449  0.9322727  0.93630093 0.9396202  0.9454631  0.9402263
 0.9423729  0.94258565 0.9352317  0.93929756 0.91893095 0.9366867
 0.9397807  0.9390298  0.93976784 0.94352186 0.9355897  0.92932546
 0.9436361  0.94440174 0.93631685 0.9470307  0.92620504 0.9363389
 0.9395613  0.9429712  0.9485965  0.9429972  0.9365895  0.93607634
 0.9358597  0.93999755 0.9319215  0.9367852  0.93319345 0.9357528
 0.94083726 0.94212997 0.9399263  0.9441581  0.942706   0.9380344
 0.93721867 0.933833   0.9337551  0.9282361  0.9378333  0.9321174
 0.94098663 0.93478465 0.9331502  0.9352561  0.93098944 0.9352385
 0.93443125 0.9389496  0.93650424 0.9333624  0.93140525 0.94318616
 0.93542576 0.93419266 0.9330911  0.9401325  0.92675054 0.93879926
 0.9387867  0.93177646 0.9216651  0.9330028  0.941316   0.9377135
 0.9424175  0.92908496 0.9339783  0.9310922 ]",1.3209577e-14,38.054725885391235,308.50751125306937
Explicit NNODEgHMC,0.2,autograd,high_dimensional_gaussian,SynchronousLeapfrog,0.1,"[0.9331459  0.93126863 0.93293065 0.93396205 0.93698347 0.9354746
 0.9307903  0.93818355 0.93503803 0.94592726 0.92593974 0.93295354
 0.94417965 0.93913954 0.92599344 0.9404683  0.93780994 0.93803215
 0.94021547 0.9330622  0.9297967  0.92961043 0.92808264 0.9430345
 0.9311616  0.9317178  0.9359252  0.9394878  0.94545    0.9400214
 0.94226325 0.94266266 0.9347889  0.9393568  0.91800547 0.93656063
 0.9395788  0.9388294  0.93958735 0.9435131  0.93515605 0.92893904
 0.9437396  0.94446415 0.93597627 0.9470328  0.925218   0.93606347
 0.93949556 0.9429077  0.9487316  0.94300807 0.93634766 0.93576956
 0.9357049  0.9401616  0.9314584  0.9365427  0.9327831  0.9352557
 0.94072336 0.94228065 0.9397855  0.94410866 0.9425949  0.9377572
 0.9369466  0.9335364  0.93344253 0.9275624  0.93756676 0.93163794
 0.9409275  0.9343993  0.93268156 0.93490505 0.9306528  0.93504083
 0.9341483  0.9388205  0.9363251  0.93287134 0.93094987 0.9431437
 0.93500584 0.9338478  0.93246996 0.9401373  0.92568576 0.9386873
 0.93875855 0.93139124 0.9206718  0.9326574  0.9412242  0.9375286
 0.94254446 0.9286944  0.9336828  0.9304962 ]",1.4143603e-14,60.332823038101196,242.39551573527012
SymplecticNNgHMC,0.2,autograd,high_dimensional_gaussian,SynchronousLeapfrog,0.1,"[0.9332777  0.93162644 0.9334404  0.934519   0.9372977  0.9358051
 0.9315729  0.9383577  0.9352741  0.94580495 0.926641   0.93327177
 0.944149   0.93923944 0.9271475  0.94061726 0.93814105 0.9381689
 0.94016683 0.9336073  0.93027514 0.93055266 0.9288665  0.94297874
 0.93170595 0.9324113  0.9363763  0.939669   0.9454496  0.94020265
 0.94238156 0.942578   0.93533623 0.93934345 0.9192891  0.93682766
 0.9397633  0.9390756  0.93976325 0.9434826  0.9356593  0.9295756
 0.94362587 0.94439024 0.9363482  0.94700336 0.9263414  0.93636286
 0.9395675  0.9429649  0.9485644  0.94304717 0.9366206  0.93614817
 0.9359285  0.94001216 0.93201804 0.9368763  0.9333229  0.9358014
 0.94085854 0.942124   0.9399662  0.9441387  0.9426956  0.9380819
 0.937247   0.9339768  0.93384004 0.9284093  0.93784475 0.93223184
 0.94093835 0.9348497  0.9332557  0.93536794 0.9311451  0.9352681
 0.93447846 0.93899035 0.93657845 0.9334239  0.93154824 0.94317997
 0.9354998  0.93431205 0.9332335  0.94009876 0.92688817 0.93887126
 0.9387983  0.93189734 0.92207164 0.93316185 0.9412999  0.9376976
 0.94242585 0.9291724  0.93409216 0.93124837]",9.411782e-06,78.93163967132568,347.27162043616084
GSymplecticNNgHMC,0.2,autograd,high_dimensional_gaussian,SynchronousLeapfrog,0.1,"[0.93333834 0.9316394  0.9334674  0.93454134 0.93727636 0.9357721
 0.93148875 0.9383308  0.93524593 0.9458169  0.9266615  0.933301
 0.9441535  0.9392602  0.9271555  0.94061565 0.9380993  0.93812275
 0.94018483 0.9335419  0.93026394 0.9305303  0.9288289  0.9430072
 0.9316977  0.9324211  0.9364108  0.93973327 0.94545573 0.9401912
 0.942393   0.94257325 0.9353353  0.9393527  0.91916865 0.9368465
 0.9397914  0.9390836  0.93973964 0.9434616  0.9356841  0.9296001
 0.9436471  0.94442177 0.9362957  0.9470048  0.92640305 0.9363734
 0.93955946 0.9429566  0.94855547 0.9430342  0.93660295 0.93611497
 0.93590343 0.93999857 0.9321126  0.93687844 0.93330526 0.935744
 0.9408714  0.9421401  0.93995523 0.94415116 0.94270456 0.93811023
 0.9372519  0.9339878  0.93381536 0.92848647 0.9377939  0.93224335
 0.9409374  0.93484306 0.9332719  0.93537366 0.931126   0.93531626
 0.934482   0.93896663 0.9365505  0.9334156  0.9315752  0.94315195
 0.9355086  0.93426085 0.9332361  0.9400801  0.92678785 0.9388684
 0.93879104 0.931905   0.92203254 0.93323517 0.94130087 0.9377405
 0.9424447  0.92915356 0.93407536 0.93120193]",0.00010172427,33.09460783004761,340.1139189354966
GradSymplecticNNgHMC,0.2,autograd,high_dimensional_gaussian,SynchronousLeapfrog,0.1,"[0.9332582  0.93162096 0.9334256  0.93451804 0.93729085 0.9358077
 0.9315839  0.9383666  0.93527335 0.9458124  0.92662966 0.93327844
 0.9441483  0.9392371  0.9271564  0.940626   0.93814963 0.9381814
 0.9401765  0.9336168  0.9302689  0.93055624 0.9288725  0.9429747
 0.9317117  0.9324353  0.9363842  0.93967235 0.9454462  0.9402108
 0.9423827  0.94258255 0.9353359  0.93934363 0.91926014 0.9368346
 0.9397561  0.93907756 0.93975186 0.9434807  0.9356611  0.92958564
 0.9436172  0.94438505 0.93636084 0.94700897 0.92633456 0.93635106
 0.9395775  0.9429631  0.94856805 0.9430512  0.9366285  0.9361662
 0.9359255  0.94001424 0.9320194  0.9368801  0.93334264 0.9358134
 0.9408571  0.942119   0.93996143 0.9441406  0.94268435 0.93808556
 0.93724555 0.9339819  0.9338516  0.928411   0.9378419  0.9322399
 0.9409327  0.9348502  0.9332434  0.9353895  0.93116105 0.9352669
 0.93447053 0.9390001  0.9365711  0.93340826 0.9315445  0.943174
 0.93550825 0.9343108  0.9332379  0.9401058  0.92689836 0.9388722
 0.9388026  0.9318985  0.92207354 0.9331588  0.9413063  0.93767726
 0.94243    0.92917055 0.9340865  0.93124545]",3.092294e-05,157.35917711257935,344.4799860196385
GradGSymplecticNNgHMC,0.2,autograd,high_dimensional_gaussian,SynchronousLeapfrog,0.1,"[0.9333285  0.9316566  0.93345356 0.93450546 0.9373032  0.9357991
 0.9315027  0.9383807  0.9352321  0.9457907  0.9267119  0.93331563
 0.94414985 0.9392489  0.9271309  0.94058645 0.93814826 0.93815386
 0.94020003 0.93360156 0.9302761  0.9305689  0.9288317  0.94299126
 0.9317297  0.9324349  0.9364044  0.9396634  0.9454655  0.9401791
 0.94238234 0.9425634  0.9353328  0.93933225 0.9191651  0.9368366
 0.9397914  0.9390844  0.939748   0.9434681  0.93568295 0.92960393
 0.94363    0.9443612  0.93631375 0.9470053  0.92637086 0.9363908
 0.9395501  0.9429567  0.94856167 0.94303817 0.93660164 0.9361043
 0.9358773  0.9400306  0.9320632  0.93688774 0.9333183  0.9357411
 0.9408938  0.9421425  0.9399872  0.9441484  0.9427247  0.9380827
 0.9372737  0.93399805 0.9338569  0.92844677 0.93783987 0.9322722
 0.9409437  0.93482065 0.93324137 0.9353471  0.9311588  0.9353408
 0.9344783  0.9389663  0.9365913  0.93344057 0.9316239  0.94318956
 0.9355155  0.9343146  0.93329287 0.94006604 0.92685145 0.9388647
 0.9387723  0.93189114 0.9220691  0.93322134 0.9413289  0.9377165
 0.94241446 0.9291794  0.9340776  0.93122596]",9.286781e-05,72.85198879241943,341.1790903204354
HMC,0.2,autograd,normal_normal,SynchronousLeapfrog,0.1,"[0.91706055 0.951941   0.9504241  0.9410907  0.9308572  0.9106091
 0.9136283  0.94205606 0.9254648  0.93893254 0.9029722  0.94448507
 0.9507108  0.9383847  0.9524249  0.92022055 0.93262166 0.9198464
 0.94451827 0.8918356  0.9074766  0.9384465  0.944378   0.9415211
 0.95093334 0.95224273 0.9537396  0.94281787 0.9499728  0.94790447
 0.9115855  0.94654596 0.9252741  0.9543373  0.83922976 0.95066535
 0.94404685 0.94834983 0.95385265 0.9378536  0.92474383 0.9417356
 0.9483665  0.9235463  0.909506   0.9514693  0.9469477  0.95123017
 0.9006218  0.9449102  0.9275309  0.9418726  0.9559089  0.93744516
 0.9480963  0.9525114  0.9483401  0.9373064  0.9101491  0.9544977
 0.94506776 0.9420643  0.9523277  0.94666505 0.9521642  0.94501925
 0.94787896 0.89043176 0.9509115  0.9295422  0.9201076  0.9387538
 0.94339514 0.94049597 0.95481867 0.9320804  0.9182276  0.94924706
 0.9523319  0.9472722  0.95416915 0.94985074 0.955595   0.94523585
 0.95095366 0.93974435 0.9492556  0.9434385  0.93913126 0.9388056
 0.9363743  0.94255996 0.92956686 0.94747174 0.9435841  0.9515268
 0.9467697  0.9336462  0.94178504 0.941133  ]",1.6460617e-15,81.51118421554565,431.5996875516771
NNgHMC,0.2,autograd,normal_normal,SynchronousLeapfrog,0.1,"[0.9172063  0.95193744 0.95053005 0.94129515 0.9302033  0.91029495
 0.91370314 0.9421317  0.92574334 0.93887234 0.90273666 0.944571
 0.9503731  0.93848747 0.95247126 0.9195716  0.9326962  0.92218155
 0.9444739  0.89141816 0.9070353  0.93836015 0.9446146  0.9413959
 0.95085853 0.9523834  0.95368004 0.9428827  0.950014   0.9479797
 0.9115534  0.9464935  0.9255983  0.95433587 0.8440982  0.95100296
 0.94392896 0.9484017  0.9538552  0.9380538  0.92556477 0.9414069
 0.948462   0.923982   0.90916556 0.9514122  0.94684637 0.9511506
 0.9003869  0.9451461  0.92735404 0.94223875 0.95592594 0.937498
 0.94820994 0.95248836 0.9484756  0.93726814 0.9102351  0.95445967
 0.94489616 0.9420295  0.95227164 0.9465809  0.9520108  0.94515693
 0.94789886 0.88917065 0.951091   0.9292773  0.91973376 0.93796873
 0.9438672  0.9404365  0.9548054  0.9302549  0.91839236 0.94907326
 0.95226115 0.947499   0.95419633 0.9502456  0.95560455 0.9452375
 0.95092285 0.9399225  0.949495   0.94355667 0.93900096 0.9372128
 0.93656635 0.942781   0.92962897 0.9475384  0.94329405 0.9515979
 0.9468206  0.9333525  0.94180036 0.9409196 ]",1.1128771e-15,67.32485318183899,382.99749000416995
NNODEgHMC,0.2,autograd,normal_normal,SynchronousLeapfrog,0.1,"[0.917186   0.95196164 0.9505136  0.941255   0.9299785  0.91023844
 0.9135622  0.9420879  0.92585576 0.93886006 0.9027957  0.94461745
 0.9502945  0.93841064 0.95243764 0.9195859  0.93265796 0.9218637
 0.9444735  0.89100856 0.9070262  0.93836206 0.94455564 0.9414805
 0.9508812  0.9523331  0.9537281  0.94290036 0.950037   0.94804466
 0.91165626 0.9464742  0.92520565 0.9543435  0.8437642  0.9510793
 0.94395244 0.94836414 0.95385206 0.93809927 0.9254178  0.941277
 0.94854325 0.9242395  0.9092473  0.9514157  0.9469015  0.9512577
 0.9003927  0.94509095 0.92735314 0.9421701  0.95595044 0.9375209
 0.94813603 0.95246565 0.9483666  0.93729323 0.9103546  0.9544616
 0.9448952  0.942033   0.95226276 0.9465661  0.95198554 0.9451252
 0.94792235 0.88924307 0.9510987  0.92929876 0.9198472  0.93777627
 0.94380903 0.9404687  0.95483065 0.92983836 0.9184014  0.9490418
 0.95225    0.9476055  0.95421064 0.9502431  0.95560426 0.9452363
 0.9509379  0.93998003 0.9494643  0.94361544 0.93901384 0.9369707
 0.93649    0.9426807  0.92974246 0.9474915  0.943257   0.9516441
 0.946823   0.93311846 0.9417882  0.94090176]",1.1573437e-14,44.98391532897949,383.46813573731185
Explicit NNODEgHMC,0.2,autograd,normal_normal,SynchronousLeapfrog,0.1,"[0.9171457  0.951935   0.9505247  0.941105   0.9304476  0.9094434
 0.91337174 0.9423356  0.9255347  0.9389836  0.90272856 0.9445595
 0.9505577  0.93852186 0.95244044 0.9203593  0.93273896 0.92173547
 0.94454765 0.8893231  0.9058591  0.9384348  0.9445944  0.9414117
 0.95085895 0.9522666  0.95363873 0.9428207  0.9500145  0.94794893
 0.9113271  0.9465618  0.92532706 0.9543237  0.8359534  0.95086116
 0.9439475  0.94846475 0.9538483  0.9378524  0.92541784 0.9415978
 0.9484024  0.9240017  0.90836036 0.95138496 0.94686574 0.9511167
 0.9001638  0.9450416  0.92767334 0.9420365  0.95587486 0.9374587
 0.9481088  0.9525844  0.9484281  0.9373841  0.909867   0.9544525
 0.9450211  0.94209766 0.95225525 0.946665   0.9520526  0.9450079
 0.9478637  0.8897456  0.950932   0.92965144 0.91951466 0.9385222
 0.9440892  0.9405323  0.95477533 0.9312668  0.91815853 0.9491985
 0.95225877 0.9473175  0.9541812  0.9502789  0.9556131  0.9452263
 0.9509441  0.9397084  0.94928205 0.94346064 0.93917704 0.9374728
 0.93639696 0.9431106  0.9293953  0.94747895 0.9433631  0.9515559
 0.94694316 0.93351954 0.94183624 0.94106495]",1.6683459e-14,67.11986923217773,387.16530199633894
SymplecticNNgHMC,0.2,autograd,normal_normal,SynchronousLeapfrog,0.1,"[0.91723144 0.95230293 0.9501691  0.93932664 0.9251373  0.9105398
 0.9043467  0.9421747  0.92485416 0.9388315  0.9024365  0.9448689
 0.9501133  0.93717974 0.951705   0.92016995 0.931993   0.90944767
 0.9441823  0.8913746  0.9078862  0.93824446 0.9438469  0.9421382
 0.9510295  0.9511158  0.954117   0.94256604 0.95025957 0.94787586
 0.91185874 0.9472105  0.9117109  0.9542822  0.84073484 0.9515475
 0.9409587  0.9482126  0.95369565 0.9366591  0.91403973 0.9376968
 0.94804853 0.9272202  0.90993977 0.95200294 0.9475805  0.95187366
 0.9014842  0.9437704  0.9271064  0.94065464 0.9560504  0.93673897
 0.9467847  0.95185566 0.9469082  0.9376659  0.91095656 0.9544333
 0.944466   0.94255185 0.95191526 0.9468691  0.9520049  0.9438466
 0.9472183  0.8914682  0.949926   0.929674   0.920506   0.9286398
 0.9393325  0.9395808  0.9551711  0.9138212  0.9177308  0.948693
 0.95173854 0.94870156 0.9538724  0.94949245 0.9553442  0.944922
 0.95109415 0.9383227  0.9477968  0.9432477  0.9387969  0.93453014
 0.9351356  0.94133323 0.92976713 0.9461554  0.94276065 0.9513283
 0.94685626 0.9264831  0.9420886  0.93585813]",0.00583395,65.74461245536804,67.39203733948115
GSymplecticNNgHMC,0.2,autograd,normal_normal,SynchronousLeapfrog,0.1,"[0.9167417  0.95192593 0.9503333  0.94084805 0.9306213  0.9102191
 0.9140614  0.941785   0.9257941  0.93910253 0.9029484  0.94460964
 0.95071316 0.93814135 0.9525325  0.9202199  0.9325067  0.9227561
 0.9446124  0.893047   0.90701866 0.9384548  0.9443406  0.94157594
 0.95094436 0.9523255  0.95363    0.94284904 0.95000684 0.9479284
 0.9119147  0.9465501  0.9261348  0.95427907 0.82865846 0.9503921
 0.94352645 0.9486208  0.953901   0.9374668  0.92612123 0.94122696
 0.94830674 0.9239019  0.90868187 0.9513663  0.94684565 0.9509895
 0.9009208  0.9450299  0.92756546 0.94217634 0.95583713 0.9374234
 0.94822645 0.95252836 0.9485018  0.9372341  0.91050565 0.9544246
 0.94482493 0.9420783  0.9523405  0.94677466 0.952121   0.94508266
 0.9478086  0.89046425 0.9508623  0.92964804 0.9197745  0.9374876
 0.9432162  0.9401448  0.9547682  0.9305207  0.9183874  0.94917005
 0.9524131  0.94708776 0.954168   0.9497697  0.9555976  0.9452853
 0.95098424 0.93935    0.949212   0.943638   0.93919635 0.93809843
 0.93601596 0.9418003  0.92974246 0.94753426 0.9434433  0.95151556
 0.9464941  0.93361497 0.94191736 0.94056004]",0.002204895,32.843740940093994,643.2561870312215
GradSymplecticNNgHMC,0.2,autograd,normal_normal,SynchronousLeapfrog,0.1,"[0.91730356 0.95228904 0.9501617  0.9394376  0.92651665 0.9104799
 0.90473664 0.94219464 0.9249537  0.9388344  0.9023826  0.94491357
 0.9501481  0.9373522  0.9517491  0.9203173  0.9319388  0.9104833
 0.94420564 0.8911768  0.9078576  0.9382371  0.9438512  0.94215477
 0.95104396 0.9511768  0.9541325  0.94255483 0.9502985  0.94790405
 0.9116842  0.94721293 0.9130158  0.95428246 0.840394   0.95159054
 0.9412441  0.94822407 0.95370126 0.9367074  0.91499346 0.9377593
 0.94807875 0.9272394  0.90984225 0.9519898  0.9475965  0.95195866
 0.90136623 0.94389856 0.92729604 0.9408504  0.9560474  0.9367374
 0.9468841  0.9518976  0.947018   0.9376105  0.91096085 0.95441383
 0.9444706  0.9425101  0.95193374 0.94680965 0.95197475 0.9439289
 0.9472291  0.8915453  0.9499833  0.92969394 0.92047703 0.92894906
 0.9393598  0.93959445 0.9551616  0.9148161  0.9176144  0.9486345
 0.95179147 0.9487648  0.9539012  0.94941664 0.9553618  0.944889
 0.9510783  0.9383793  0.947876   0.9432945  0.9388517  0.9343402
 0.93510383 0.94143784 0.9298749  0.94626415 0.9426972  0.9513515
 0.9468686  0.92674446 0.94210005 0.93635964]",0.0053238845,81.11103391647339,63.25289891240206
GradGSymplecticNNgHMC,0.2,autograd,normal_normal,SynchronousLeapfrog,0.1,"[0.91694725 0.9519372  0.95041895 0.94109094 0.9317821  0.91118455
 0.9135527  0.94187987 0.925584   0.93906295 0.90291345 0.9445845
 0.9508073  0.9389396  0.95252323 0.9201565  0.9326019  0.92309463
 0.9445585  0.89429486 0.9076872  0.93837357 0.94455385 0.9413847
 0.95090437 0.9523601  0.95355964 0.9428257  0.9500352  0.94792175
 0.9117963  0.94656837 0.92496395 0.95428634 0.8357022  0.95034975
 0.94385433 0.9486744  0.9538855  0.93758273 0.92479146 0.9414104
 0.9483347  0.9231917  0.9109556  0.9513211  0.94670284 0.9510123
 0.90102637 0.9451121  0.9277944  0.9422468  0.95581913 0.9373555
 0.9482991  0.9525857  0.94867504 0.93728304 0.9105131  0.954406
 0.94494474 0.9420743  0.9523736  0.94672126 0.95210075 0.94503134
 0.947822   0.89069223 0.95090616 0.92955774 0.920654   0.93799925
 0.94343656 0.9402301  0.95475477 0.93119067 0.9183682  0.94922876
 0.95240945 0.94700754 0.9541615  0.94976866 0.9556     0.9452261
 0.9509656  0.93954635 0.9492981  0.9434601  0.93912333 0.9381806
 0.9362159  0.94195884 0.9297077  0.94752616 0.94332874 0.95153046
 0.946424   0.9335901  0.9418447  0.9410143 ]",0.00068945397,41.12334847450256,514.4846669594533
HMC,0.30000000000000004,autograd,banana,SynchronousLeapfrog,0.1,"[0.9105239  0.96603084 0.98421717 0.8513107  0.7843075  0.9648504
 0.94202983 0.93994445 0.9858195  0.83621347 0.9475522  0.9256451
 0.9652513  0.74571407 0.9841118  0.9049654  0.9574779  0.85758084
 0.970798   0.8997075  0.97487664 0.9981405  0.7815192  0.927269
 0.9752202  0.98348224 0.95919836 0.95372313 0.966714   0.95003796
 0.9089422  0.7255081  0.9144758  0.9661864  0.84959555 0.9619726
 0.9299325  0.9316759  0.96602076 0.90951765 0.9583516  0.9707699
 0.961801   0.94739556 0.81294644 0.8965827  0.8883254  0.90906847
 0.9886362  0.88105696 0.8732156  0.872445   0.98034894 0.9782709
 0.9336392  0.92061853 0.9260168  0.9475977  0.94783795 0.9493799
 0.9359306  0.942995   0.96975136 0.9030685  0.96977377 0.97576594
 0.97010535 0.93311137 0.933994   0.87045956 0.92127794 0.8574273
 0.8308811  0.97414225 0.9727764  0.9296428  0.8584108  0.97684526
 0.9045588  0.7188368  0.81764305 0.94342375 0.9471798  0.9621258
 0.9546255  0.95168436 0.9729253  0.97687453 0.9903164  0.9782302
 0.92180955 0.9362283  0.9628768  0.9770379  0.8823513  0.9770837
 0.9630927  0.90395373 0.94973576 0.84481096]",1.4281909e-14,21.697028398513794,1.5362688374089846
NNgHMC,0.30000000000000004,autograd,banana,SynchronousLeapfrog,0.1,"[0.897805   0.95976734 0.91583717 0.09378084 0.5256778  0.8315879
 0.56290877 0.6920309  0.93766975 0.34951216 0.72452736 0.2385261
 0.93575215 2.1114132  0.9923973  0.28366092 0.75171125 0.65132356
 0.77585834 0.66030234 0.97590846 0.9969408  1.5922693  0.94394654
 0.98179424 0.9637079  0.8971523  0.7302792  0.92476165 0.6789403
 0.5600591  0.5817541  0.89351046 0.97232455 0.42201644 0.86488503
 0.5263181  0.7427069  0.9656498  0.82472724 0.8875972  0.9321291
 0.7289793  0.94714516 1.9744809  0.29087842 0.36709294 0.19633627
 0.98001975 0.42974877 0.61446834 0.40445024 0.96366954 0.9188077
 0.32897174 0.12025469 0.4299037  0.92210567 0.87799567 0.9489516
 0.63030165 0.9632338  0.9644729  0.04970237 0.9067272  0.8560637
 0.9484265  0.7628986  0.7190873  0.82260704 0.4909382  0.8060693
 0.7283671  0.90619993 0.9235384  0.87778556 0.8010008  0.96529686
 0.66403973 0.70370436 0.89478874 0.93979204 0.94739354 0.71059656
 0.92318666 0.9575059  0.9617135  0.9347831  0.9908199  0.9847336
 0.05488523 0.88633096 0.9449253  0.9774744  0.93580914 0.88962907
 0.90634835 0.94350696 0.6895198  0.878154  ]",3.4638957e-15,16.8203604221344,2.2206557415422834
NNODEgHMC,0.30000000000000004,autograd,banana,SynchronousLeapfrog,0.1,"[0.9008891  0.9668924  0.8911461  0.00306638 0.48479208 0.87132454
 0.62418455 0.75791997 0.9559218  0.27451682 0.76682484 0.3500533
 0.9107115  2.2921624  0.9893868  0.36466655 0.7114835  0.61079425
 0.7172861  0.61409104 0.973258   0.99538535 1.7315277  0.9315457
 0.98284763 0.98423517 0.8614063  0.65710545 0.9432745  0.5890548
 0.50936055 0.5010228  0.8968236  0.96250594 0.30360556 0.82264584
 0.5947963  0.7082676  0.9684458  0.77714014 0.9193567  0.95794225
 0.7743758  0.9457544  1.7170753  0.23160431 0.2262663  0.29029357
 0.9780493  0.36159143 0.56789637 0.35438085 0.97143865 0.88388956
 0.23615906 0.23687685 0.36006102 0.9541309  0.86011255 0.9660241
 0.7338332  0.9626608  0.9766965  0.07545751 0.92810667 0.8256509
 0.9598992  0.7072506  0.7768454  0.7977601  0.5623263  0.83615065
 0.70793056 0.9271407  0.89844173 0.86494434 0.8058727  0.9724938
 0.5945639  0.6638955  0.8896374  0.91345304 0.9307377  0.6461855
 0.8979746  0.9519423  0.9700357  0.88079566 0.9878862  0.98172826
 0.04316645 0.84368753 0.9602423  0.973511   0.9430317  0.912101
 0.92925847 0.93617237 0.7599878  0.8974809 ]",1.8640892e-10,27.14068603515625,1.8182049699694858
Explicit NNODEgHMC,0.30000000000000004,autograd,banana,SynchronousLeapfrog,0.1,"[0.8941525  0.9679885  0.8798172  0.04903864 0.28525507 0.7911718
 0.6398501  0.62728226 0.9671962  0.13039134 0.79154956 0.13310868
 0.95092046 1.9610137  0.9255123  0.34212625 0.6924364  0.58949846
 0.8204238  0.6543121  0.97271866 0.99059665 1.5095594  0.9053569
 0.9821613  0.9830889  0.7974709  0.4571961  0.9121771  0.39576125
 0.47381037 0.2569017  0.8927614  0.9755928  0.35603437 0.7300958
 0.5161706  0.5291227  0.9469265  0.63062197 0.8530749  0.95636845
 0.7985616  0.94637126 2.194402   0.09524693 0.48922956 0.13890609
 0.97977895 0.4604897  0.5569292  0.10390114 0.9161134  0.9424562
 0.40306228 0.01053491 0.4641049  0.9793007  0.5967108  0.9266548
 0.85159916 0.9319205  0.95339215 0.14782667 0.985703   0.78657025
 0.9619893  0.57210076 0.66659844 0.5390526  0.48349032 0.8626121
 0.45333585 0.9492802  0.91731614 0.8722386  0.8010192  0.9702194
 0.4070412  0.7119295  0.8629669  0.9549047  0.9554877  0.76044357
 0.9384517  0.95583194 0.9306973  0.8245473  0.9874105  0.9797985
 0.12513874 0.6880753  0.961285   0.97541225 0.9366743  0.9708397
 0.9576213  0.92910546 0.62099713 0.87878084]",5.5244236e-11,46.762675285339355,64.91757097070018
SymplecticNNgHMC,0.30000000000000004,autograd,banana,SynchronousLeapfrog,0.1,"[0.88736147 0.86274946 0.97219914 0.46800336 0.66661245 0.3821547
 0.29966372 0.00944088 0.80658865 0.42278147 0.4995408  0.61617637
 0.8982004  1.3620508  0.9752111  0.05818693 0.87912965 0.7916658
 0.9461322  0.8198859  0.8230667  0.9968912  1.088638   0.9446745
 0.9824211  0.8996867  0.91885686 0.7879392  0.7066717  0.75183105
 0.7364706  0.6565832  0.89106196 0.9004121  0.8529153  0.89594686
 0.17831348 0.8263668  0.94455516 0.85324275 0.33377117 0.8832698
 0.50439227 0.94929236 3.7703092  0.4828012  1.1519754  0.33181682
 0.98323154 0.704543   0.7441926  0.5664463  0.9151547  0.9210887
 0.7275195  0.74996156 0.70005596 0.8690152  0.9180133  0.5905747
 0.4599908  0.9346592  0.77914476 0.65900886 0.814018   0.9382204
 0.93222636 0.80127037 0.25065196 0.8703635  0.1275137  0.7583558
 0.78301305 0.7666215  0.9711894  0.8956377  0.7882894  0.95413685
 0.71503675 0.81200165 0.8659641  0.8168936  0.9087164  0.92910194
 0.92744195 0.79898757 0.90792775 0.9623698  0.9408571  0.94322646
 0.47673267 0.91981834 0.89338493 0.840021   0.88555527 0.7729306
 0.780224   0.91531885 0.06872499 0.736058  ]",0.614832,47.78762674331665,1.3107673588601556
GSymplecticNNgHMC,0.30000000000000004,autograd,banana,SynchronousLeapfrog,0.1,"[ 0.8904818   0.75921035  0.95653856  0.64989203  0.75887126  0.49827918
  0.17738502  2.8044114   0.6995559   0.37813172  0.358279    4.3915176
  0.4863639   2.0884604   0.97719824  0.27094573  0.92945546  0.8454871
  0.63081735  0.8378832   0.71092033  0.9956144   0.57205427  0.88531685
  0.9814619   0.9074491   0.90906256  0.76536024  0.7912992   0.7185333
  0.8488755   0.6619847   0.8875877   0.9558649   1.425361    0.8966853
  0.09729692  0.9123832   0.9243666   0.84798306  2.5566452   0.8827476
  0.39538988  0.94841594 17.992552    0.72029686  3.7511413   0.7277888
  0.9844734   0.6651522   0.87226903  0.73483074  0.84375095  0.38001794
  0.5839988   4.5307155   0.67588127  0.8824538   0.92724514  1.180514
  0.46342418  0.85358065  0.7538616   0.48704988  0.6872627   0.95395565
  0.93013895  0.7933132   0.82370496  0.92781967  0.1067916   0.75660586
  0.81032264  0.6566756   0.9589836   0.8954608   0.7851434   0.9526609
  0.696105    0.85127103  0.875647    0.56834936  0.86062384  0.7260599
  0.8763522   0.26757044  0.8373085   0.95364517  0.8735091   0.8837046
  0.25298497  0.9219259   0.89955544  0.71196246  0.7962582   0.61800575
  0.65579176  0.8111178   4.1281486   0.74198145]",1.5995575,15.62749719619751,1.297803967253036
GradSymplecticNNgHMC,0.30000000000000004,autograd,banana,SynchronousLeapfrog,0.1,"[0.8862011  0.8421404  0.97445315 0.5398463  0.6770177  0.28209406
 0.24811411 0.12856875 0.78563136 0.39937818 0.4686935  0.7867712
 0.8465835  0.8314831  0.9743906  0.13182998 0.9013917  0.80289906
 0.9315979  0.8466655  0.761341   0.99682105 0.7349801  0.9373822
 0.98268217 0.89658916 0.91492593 0.7781632  0.65889865 0.74009097
 0.77096546 0.6628326  0.8908919  0.86250114 0.98702735 0.895656
 0.11056464 0.86597365 0.94208926 0.8545756  0.19114785 0.8791908
 0.4702699  0.9493221  4.2005076  0.5522213  1.339333   0.42974803
 0.98332834 0.74811685 0.8103973  0.60699666 0.90897834 0.86930215
 0.8285467  0.9156663  0.7761223  0.86958784 0.92533207 0.49436116
 0.44991216 0.92858475 0.7356135  0.7594389  0.8026297  0.9522431
 0.9298563  0.8002531  0.16485164 0.89605856 0.05909415 0.7553603
 0.7847235  0.7452258  0.96964407 0.89588785 0.7898941  0.9524317
 0.7110553  0.8384687  0.8680482  0.7166804  0.87873113 0.9303948
 0.901921   0.7321441  0.90050954 0.95915985 0.9242265  0.930941
 0.6086035  0.9217104  0.8908755  0.78476965 0.8766154  0.75846434
 0.7618779  0.9015836  0.22568256 0.7087678 ]",0.6952835,66.71328139305115,1.423610320624444
GradGSymplecticNNgHMC,0.30000000000000004,autograd,banana,SynchronousLeapfrog,0.1,"[0.88778484 0.75218916 0.96617335 0.7939123  0.7187704  0.4438475
 0.01042615 2.02903    0.62195724 0.42171788 0.19883434 0.88766706
 0.24998903 2.4878404  0.97081256 0.11045536 0.9130014  0.8296375
 1.408694   0.85377425 0.73186624 0.9962106  0.7838479  0.9155358
 0.9799403  0.8831746  0.9231004  0.80086124 0.86416316 0.7682845
 0.7954825  0.66902924 0.88482016 0.96988666 0.62307626 0.9058349
 0.42151377 0.8553014  0.9320552  0.8638227  3.9282932  0.87280893
 0.19652626 0.94893146 5.6036963  0.5605195  0.51943856 0.45741647
 0.98367155 0.71311134 0.79106945 0.62812835 0.8562144  1.245162
 0.48594284 0.47660822 0.73374116 0.8878495  0.9257374  1.4514502
 0.4698879  0.84732914 0.9533566  5.632383   0.6134533  0.9511461
 0.9270959  0.8137535  0.6749241  0.889884   0.40428048 0.74589294
 0.809803   0.5687139  0.9629299  0.89605135 0.7816345  0.950837
 0.72820723 0.83851784 0.8589405  3.4417539  0.79493284 1.0760673
 0.66420776 0.19190931 0.8183842  0.9711687  0.86269635 0.8569468
 0.3232291  0.92433757 0.8915062  0.7403407  0.73209333 0.58139384
 0.5532397  0.8685813  3.263353   0.7828585 ]",5.761761,21.083221197128296,1.2975992014347766
HMC,0.30000000000000004,autograd,gaussian,SynchronousLeapfrog,0.3,"[0.93499464 0.9561032  0.93088806 0.9327382  0.93709946 0.9472968
 0.9346856  0.9321176  0.9348036  0.93265367 0.9453304  0.9388949
 0.95575017 0.93775034 0.94046354 0.95104575 0.9523654  0.94597447
 0.9305896  0.9379082  0.9307782  0.9351441  0.9299206  0.92916363
 0.91632104 0.9564158  0.94876593 0.9422077  0.9503422  0.93110055
 0.9378922  0.9398438  0.95569843 0.9351141  0.94777095 0.9608981
 0.9324081  0.92676187 0.9222038  0.91476774 0.9453418  0.9376348
 0.91543746 0.9373805  0.93488497 0.9581103  0.94910544 0.94979066
 0.92559874 0.9406921  0.91379    0.9356489  0.9357783  0.92416763
 0.9538474  0.9438216  0.9485941  0.91929364 0.941662   0.95562166
 0.9559671  0.9401509  0.9515343  0.95552754 0.9480483  0.93861234
 0.92094463 0.9117732  0.9278504  0.8965861  0.9568901  0.9540162
 0.9233908  0.94385165 0.9237153  0.9431059  0.95228505 0.9428271
 0.9406148  0.91086334 0.936541   0.9369377  0.94618815 0.94200766
 0.9407283  0.94685495 0.9405     0.9163009  0.9171242  0.9495699
 0.9294478  0.9510392  0.95527744 0.9581411  0.9442935  0.9392478
 0.9420899  0.91565096 0.9479313  0.9485264 ]",6.11423e-15,17.538293600082397,2399.722665049648
NNgHMC,0.30000000000000004,autograd,gaussian,SynchronousLeapfrog,0.3,"[0.9345955  0.9565265  0.93125314 0.9354741  0.9367458  0.9484944
 0.9345379  0.9314338  0.9350936  0.93347    0.9462358  0.938866
 0.9554095  0.9382567  0.9406338  0.9511546  0.9525263  0.9456808
 0.93161964 0.9382652  0.9311751  0.93528056 0.92963445 0.93017197
 0.9160733  0.9565363  0.94882905 0.9427978  0.9509356  0.9316003
 0.9374486  0.93970793 0.955718   0.9355597  0.947557   0.96073806
 0.93222094 0.92575234 0.92234504 0.9139787  0.94518423 0.9375264
 0.91393995 0.937395   0.9350783  0.9579169  0.9496697  0.9498805
 0.92656744 0.94067943 0.9130375  0.935106   0.9353174  0.92098874
 0.95379007 0.94384617 0.94795054 0.9186353  0.94125026 0.9555788
 0.9563894  0.941949   0.9512559  0.95575905 0.9485862  0.93909234
 0.9202501  0.9127474  0.92854613 0.8977264  0.95700777 0.9539134
 0.92360306 0.94398344 0.92423403 0.9431486  0.95230436 0.94308347
 0.94112253 0.9087583  0.937107   0.9367199  0.9457287  0.9417019
 0.94043034 0.9476409  0.94073856 0.9157691  0.9176054  0.9496684
 0.93007463 0.9510724  0.95549107 0.95820683 0.9441471  0.93952847
 0.941621   0.91721046 0.94804066 0.9488133 ]",6.341698e-15,16.311878442764282,2386.2665194275114
NNODEgHMC,0.30000000000000004,autograd,gaussian,SynchronousLeapfrog,0.3,"[0.9344298  0.9564287  0.9313507  0.93544805 0.9367126  0.9485574
 0.9345445  0.9315836  0.93501234 0.9333949  0.9462597  0.93899673
 0.9555542  0.9381885  0.9407475  0.9510788  0.95253915 0.945697
 0.93173385 0.93817973 0.93123215 0.93516827 0.92993844 0.93036115
 0.91632533 0.95668423 0.9488575  0.942603   0.9509144  0.93154734
 0.93756217 0.9395141  0.95581627 0.935653   0.94767064 0.96077275
 0.9323232  0.9258677  0.92255354 0.913675   0.94525576 0.93760484
 0.9139826  0.93758744 0.9351138  0.9580359  0.9499246  0.9500011
 0.9264512  0.94075286 0.9127628  0.93515056 0.9354377  0.9205197
 0.9537999  0.9438328  0.9481766  0.91903275 0.94136614 0.95559645
 0.9565344  0.94176805 0.9511487  0.9558469  0.94861907 0.9389771
 0.91952467 0.9130733  0.9286363  0.8970706  0.95698565 0.95384043
 0.92358845 0.9440307  0.92422605 0.94320744 0.9522383  0.94315445
 0.94090605 0.9079417  0.9372201  0.9368446  0.94575644 0.9418132
 0.9407617  0.94766873 0.9405102  0.91589725 0.91748667 0.949671
 0.93006325 0.9511622  0.9554132  0.95816684 0.94414604 0.93968976
 0.9416186  0.91702247 0.9480636  0.9488516 ]",1.9561274e-14,13.505050420761108,2275.9120116136583
Explicit NNODEgHMC,0.30000000000000004,autograd,gaussian,SynchronousLeapfrog,0.3,"[0.9339316  0.95698404 0.932172   0.9338367  0.9366951  0.9496106
 0.93446463 0.93085575 0.93521667 0.9338066  0.94814837 0.93899935
 0.9553026  0.9381628  0.94073486 0.9513099  0.9529145  0.94619024
 0.9314305  0.9380311  0.93074787 0.9358291  0.9283116  0.92991704
 0.9143073  0.95693266 0.9489169  0.94318193 0.9518204  0.9312491
 0.9383807  0.9390626  0.9561266  0.93570745 0.94759053 0.96052873
 0.9332323  0.9256377  0.9215159  0.9120004  0.94655645 0.93826663
 0.9095475  0.93749964 0.9348571  0.95802975 0.95067614 0.9499936
 0.92473525 0.9405633  0.9090251  0.9350047  0.9350233  0.9214002
 0.95341605 0.9435649  0.94804114 0.9188459  0.94133663 0.95545506
 0.9572019  0.9424772  0.950539   0.956295   0.9487246  0.9387836
 0.9187293  0.9098794  0.9279337  0.8934354  0.95724076 0.95402193
 0.9225799  0.9447317  0.9241769  0.9432411  0.9522104  0.94343156
 0.9412379  0.9061669  0.9381995  0.93791723 0.94512165 0.9418792
 0.9404728  0.94834006 0.9406276  0.914921   0.91698635 0.94975996
 0.9302499  0.9516201  0.95565414 0.95836276 0.9436741  0.9391591
 0.9410996  0.91613483 0.9481055  0.9491886 ]",3.0766886e-14,20.577603101730347,2281.6935480946267
SymplecticNNgHMC,0.30000000000000004,autograd,gaussian,SynchronousLeapfrog,0.3,"[0.9356574  0.95618665 0.93093014 0.93317646 0.9370464  0.947612
 0.9344357  0.93221045 0.93456006 0.9323208  0.9456645  0.9390912
 0.9557816  0.9378375  0.94052815 0.95109487 0.9523164  0.9459177
 0.9308576  0.93817115 0.93076533 0.93490666 0.9299907  0.928585
 0.9168365  0.9563508  0.9488864  0.94274175 0.95048    0.9304776
 0.9378244  0.9396886  0.9557353  0.9356782  0.94764876 0.96091473
 0.93229616 0.92651415 0.92194885 0.91477466 0.94522285 0.93757284
 0.9152705  0.9372921  0.9349208  0.95811003 0.94895595 0.949691
 0.9255256  0.94040316 0.9143796  0.93561286 0.9360527  0.92416275
 0.95380706 0.94360816 0.94880736 0.9193114  0.94167536 0.9556359
 0.95591086 0.9408177  0.95169926 0.95550525 0.9481411  0.9386697
 0.92102    0.9122186  0.9277348  0.89601386 0.9569266  0.9540833
 0.92310464 0.94381785 0.92431563 0.9431059  0.9522292  0.942445
 0.9408075  0.9111943  0.9365902  0.9367795  0.94623494 0.94205827
 0.9406946  0.94693255 0.94072294 0.91631734 0.9172784  0.9494997
 0.9303138  0.95106524 0.95529383 0.9581577  0.94443107 0.93910396
 0.9421152  0.9157054  0.94795483 0.94851506]",0.0010656923,27.304567098617554,2342.1989385400548
GSymplecticNNgHMC,0.30000000000000004,autograd,gaussian,SynchronousLeapfrog,0.3,"[0.9347324  0.9563618  0.93088365 0.93347263 0.93637383 0.94789433
 0.93340147 0.9321747  0.93495274 0.933382   0.9457566  0.93884313
 0.9557993  0.936897   0.94030416 0.9510757  0.95220566 0.9458728
 0.93120307 0.9371626  0.9305997  0.9347195  0.929759   0.93005025
 0.91712415 0.95671916 0.948629   0.94300556 0.9506744  0.93207544
 0.9379007  0.9400538  0.95577    0.9352784  0.94731367 0.9607741
 0.9329871  0.92736423 0.92129743 0.91418064 0.9456763  0.93762386
 0.91555995 0.9369461  0.9348272  0.9580836  0.94953346 0.95012
 0.9256009  0.94128317 0.9136175  0.93478477 0.93514    0.92401886
 0.95387876 0.9439351  0.9482454  0.9189346  0.941682   0.95563066
 0.9562728  0.94122213 0.95134723 0.9554355  0.9484081  0.93827814
 0.9204552  0.91108245 0.9277955  0.8977275  0.95689505 0.953912
 0.92402494 0.94358575 0.9232316  0.943006   0.9522629  0.94354177
 0.940431   0.9107574  0.93662846 0.93693584 0.9460098  0.94201136
 0.940623   0.9465398  0.940057   0.91629195 0.91738695 0.9493436
 0.93043536 0.9510627  0.9554107  0.9581591  0.94390917 0.93881464
 0.9415479  0.91619456 0.94803923 0.94856215]",0.00036087574,9.707791328430176,609.1806720685535
GradSymplecticNNgHMC,0.30000000000000004,autograd,gaussian,SynchronousLeapfrog,0.3,"[0.93573415 0.9562575  0.9311787  0.933463   0.9373821  0.94771594
 0.93500435 0.93229806 0.9346794  0.93213314 0.9456768  0.93902606
 0.9556398  0.9381108  0.94058865 0.95114964 0.9525194  0.9458426
 0.9305483  0.93836087 0.9309273  0.9351174  0.92982626 0.928542
 0.91657513 0.95619553 0.9489266  0.94251275 0.95052516 0.93023014
 0.93772936 0.93963164 0.9556281  0.93571204 0.94770736 0.96091413
 0.9321588  0.9263878  0.92231816 0.9151225  0.9451126  0.937806
 0.91561854 0.9372616  0.9349243  0.95801896 0.9488589  0.9495516
 0.9255096  0.9403151  0.91449517 0.93604517 0.9361054  0.92450446
 0.95371103 0.9437343  0.9487828  0.91959035 0.941735   0.955609
 0.9558026  0.9406953  0.9516319  0.95561635 0.9481323  0.9388561
 0.92137325 0.9122092  0.92766684 0.89584225 0.9569506  0.9540334
 0.92295045 0.9439933  0.924117   0.94305634 0.9522874  0.94234174
 0.9409089  0.91153085 0.93652046 0.9370381  0.94612265 0.9420092
 0.9407362  0.947091   0.9409212  0.9165146  0.91731346 0.94967216
 0.93012226 0.95113695 0.95535445 0.95815223 0.9444481  0.93922997
 0.94208527 0.9154202  0.9479836  0.94862   ]",0.0011246622,60.832772970199585,2343.559249040021
GradGSymplecticNNgHMC,0.30000000000000004,autograd,gaussian,SynchronousLeapfrog,0.3,"[0.9345422  0.9564085  0.93122023 0.93439984 0.9367765  0.94807684
 0.93379056 0.93220246 0.93500537 0.9334258  0.9460777  0.93880653
 0.9557974  0.937477   0.940289   0.9510584  0.9524267  0.94597924
 0.9311377  0.93735695 0.9305769  0.93496656 0.92969435 0.9300599
 0.91691494 0.9567733  0.94865453 0.9430814  0.95079964 0.93225765
 0.93809974 0.94003534 0.9557742  0.93540525 0.9474033  0.9608077
 0.9331109  0.92736596 0.9215646  0.91456336 0.94584954 0.93785274
 0.9156654  0.9369235  0.93482584 0.958076   0.9496739  0.9501151
 0.9255552  0.94132566 0.91373986 0.93516684 0.93527997 0.92455596
 0.95387006 0.9437932  0.9482689  0.91939515 0.941748   0.9556419
 0.95641845 0.94160575 0.9512954  0.9555006  0.9484169  0.938475
 0.92076254 0.91100854 0.9277498  0.89767647 0.95690525 0.95391285
 0.9240672  0.9438765  0.9231679  0.94300145 0.95220137 0.9436752
 0.940506   0.9111511  0.9367447  0.9373335  0.9459764  0.9420599
 0.94073045 0.9469601  0.94016683 0.9164556  0.9174589  0.9495009
 0.9309718  0.9511466  0.9553379  0.95815384 0.94391984 0.9387867
 0.94151944 0.9160638  0.947941   0.9485992 ]",0.0003818001,13.052037477493286,621.2160044197501
HMC,0.30000000000000004,autograd,high_dimensional_gaussian,SynchronousLeapfrog,0.1,"[0.9324452  0.9395833  0.9362916  0.94863546 0.9467077  0.9426929
 0.9278258  0.93812084 0.9322574  0.93106604 0.9301872  0.93588626
 0.9312493  0.9349551  0.9360398  0.9327914  0.93535614 0.9401084
 0.93372697 0.9349453  0.93709457 0.9381583  0.9366269  0.93527645
 0.9394082  0.93718433 0.93593585 0.93668485 0.93345994 0.93480766
 0.9406263  0.9396713  0.9283106  0.9230164  0.93314743 0.93795204
 0.9306239  0.9296522  0.9402884  0.9386358  0.94462365 0.9379982
 0.92514575 0.9406821  0.93011874 0.9450266  0.92691433 0.93699545
 0.9310707  0.9363095  0.9369743  0.9359864  0.9387026  0.93095374
 0.94287777 0.92940843 0.93305635 0.93380725 0.9354048  0.9270648
 0.94335306 0.9413308  0.9354243  0.9301729  0.94251895 0.9375237
 0.93053126 0.9473252  0.93925184 0.9472221  0.93557566 0.94340503
 0.940348   0.9384861  0.9292121  0.9356251  0.9288478  0.940725
 0.93034685 0.9267707  0.9358748  0.94017756 0.94498914 0.93863124
 0.945106   0.9423814  0.9404682  0.93920374 0.94302607 0.94613636
 0.9429773  0.93782115 0.92816293 0.9406795  0.93849826 0.93603456
 0.93212605 0.9355879  0.93838996 0.94701755]",1.3540546e-15,50.81842613220215,307.3118546710494
NNgHMC,0.30000000000000004,autograd,high_dimensional_gaussian,SynchronousLeapfrog,0.1,"[0.93236816 0.9395828  0.9362544  0.9486687  0.9467199  0.9426884
 0.92762727 0.9381032  0.9321627  0.93097734 0.9300687  0.9358456
 0.931167   0.9349495  0.9360323  0.93272775 0.93532014 0.9400613
 0.9336624  0.9349146  0.93709445 0.93814516 0.93663776 0.93525237
 0.939408   0.93718493 0.935884   0.93667    0.933452   0.93474615
 0.9406265  0.9396833  0.92819166 0.9227249  0.93303525 0.93796504
 0.93048906 0.9295701  0.9402744  0.9386294  0.9446515  0.9379463
 0.9249959  0.940681   0.93000877 0.9450478  0.9267935  0.93697405
 0.93098754 0.93629    0.93693924 0.93597746 0.9386972  0.930879
 0.9429203  0.92937326 0.93303126 0.93372077 0.93542624 0.9269065
 0.9433602  0.9413559  0.93534106 0.9300954  0.9425182  0.9374861
 0.9304408  0.94735336 0.9392666  0.9472413  0.9355607  0.94345343
 0.9403431  0.9384618  0.9291441  0.935601   0.928741   0.9407244
 0.9301919  0.9266275  0.9357454  0.9401698  0.9450134  0.938626
 0.94510573 0.9423844  0.9404553  0.9392249  0.9430896  0.9461421
 0.94299555 0.9378133  0.9279983  0.9406616  0.93845767 0.9360169
 0.9320798  0.93560904 0.9383888  0.9470439 ]",1.3551619e-15,46.6811158657074,294.4320407475037
NNODEgHMC,0.30000000000000004,autograd,high_dimensional_gaussian,SynchronousLeapfrog,0.1,"[0.93237865 0.93957585 0.9362477  0.94867325 0.94672316 0.9426784
 0.9276282  0.93811625 0.9322704  0.93101645 0.93010044 0.93582624
 0.9311232  0.9349241  0.93602294 0.9327532  0.935292   0.9400784
 0.9336869  0.9349116  0.9370591  0.9381479  0.93657434 0.93529195
 0.9393897  0.93715763 0.93589777 0.93665683 0.93341726 0.9347538
 0.94062114 0.9396937  0.92821777 0.92275095 0.93302983 0.93794125
 0.9305007  0.9294812  0.940231   0.9386238  0.94463825 0.93795866
 0.9249548  0.94071877 0.9300848  0.9450264  0.9267745  0.93699276
 0.93093634 0.93628186 0.9369542  0.93596447 0.9386368  0.930906
 0.9428789  0.9293736  0.9329566  0.9337692  0.9353595  0.9269072
 0.9433915  0.94131994 0.9353658  0.93006074 0.9425151  0.9375097
 0.9304825  0.9473666  0.93924755 0.94722575 0.93553746 0.94340605
 0.94034374 0.9384701  0.92909527 0.93559456 0.92873496 0.9406942
 0.93024606 0.92665786 0.93575263 0.9401957  0.9450059  0.9385829
 0.9451034  0.9423806  0.9404758  0.93921006 0.9430701  0.94614065
 0.9429843  0.93777955 0.92803234 0.940647   0.9385389  0.935948
 0.932054   0.9355469  0.93835443 0.94703746]",1.3257666e-14,38.53823161125183,296.38943955807855
Explicit NNODEgHMC,0.30000000000000004,autograd,high_dimensional_gaussian,SynchronousLeapfrog,0.1,"[0.9321312  0.93954605 0.9361102  0.9488143  0.94677055 0.94264114
 0.92701    0.93791044 0.93168133 0.9302585  0.92967975 0.93572444
 0.93079746 0.93489444 0.9359085  0.9322435  0.9352044  0.94012785
 0.9334903  0.9345838  0.93694186 0.93799865 0.9362943  0.93488467
 0.93917716 0.936928   0.9355972  0.93647945 0.93311787 0.9344754
 0.9405712  0.9396755  0.92768323 0.921565   0.9328005  0.93773526
 0.9300415  0.9289071  0.94009006 0.93852293 0.9446685  0.93794507
 0.92421126 0.940781   0.9296018  0.9451673  0.92629516 0.9368421
 0.9304428  0.93592215 0.9366348  0.93568575 0.93850154 0.93037456
 0.94291294 0.92886317 0.93272275 0.93351215 0.93514776 0.92626137
 0.9434204  0.9413047  0.93514895 0.9296607  0.94246674 0.93733597
 0.9298266  0.9474932  0.9391475  0.94725674 0.93541944 0.9434737
 0.9403752  0.93841237 0.9286828  0.9354605  0.92826885 0.9406552
 0.92972934 0.92599773 0.9355558  0.9401538  0.9450733  0.9385306
 0.94514215 0.9423246  0.9404704  0.93922013 0.9432868  0.94622505
 0.9430596  0.9377403  0.92750454 0.94075716 0.93845665 0.9356823
 0.9316883  0.9353303  0.9383154  0.94707143]",1.2730219e-14,58.69756817817688,234.93378531694995
SymplecticNNgHMC,0.30000000000000004,autograd,high_dimensional_gaussian,SynchronousLeapfrog,0.1,"[0.932454   0.9395835  0.9362871  0.94863784 0.9467071  0.9426904
 0.92782784 0.93812865 0.9322618  0.9310713  0.93019044 0.9358899
 0.931246   0.9349536  0.9360458  0.93279433 0.9353549  0.94009817
 0.9337308  0.9349413  0.93710256 0.9381584  0.93662643 0.9352671
 0.93940365 0.9371826  0.9359406  0.93668497 0.93345916 0.9348077
 0.94062346 0.9396807  0.92831135 0.92302895 0.93315333 0.93795
 0.93063724 0.9296539  0.9402861  0.93862957 0.9446223  0.9380053
 0.9251496  0.9406826  0.9301319  0.94502896 0.9269074  0.93701065
 0.9310691  0.9363117  0.9369766  0.93599546 0.93869543 0.93094385
 0.9428791  0.9294065  0.9330505  0.93380755 0.9354066  0.9270575
 0.94335383 0.941332   0.93542457 0.93017566 0.9425168  0.93752563
 0.93053305 0.9473283  0.9392549  0.9472171  0.93556917 0.94340444
 0.94035447 0.9384896  0.92920274 0.93562645 0.92885274 0.9407264
 0.93033457 0.9267578  0.9358777  0.9401791  0.9449873  0.93863314
 0.9451064  0.94238275 0.9404699  0.9392063  0.94302785 0.9461412
 0.94298124 0.9378171  0.92815745 0.94067323 0.9384867  0.93602884
 0.9321339  0.93558407 0.9383949  0.9470207 ]",3.7524592e-06,85.25444507598877,325.06052886835204
GSymplecticNNgHMC,0.30000000000000004,autograd,high_dimensional_gaussian,SynchronousLeapfrog,0.1,"[0.93248624 0.9395852  0.9362626  0.9486313  0.9466964  0.94268966
 0.9278401  0.93811435 0.9322562  0.9310385  0.93018615 0.9358977
 0.93122816 0.93497443 0.9360303  0.9327835  0.9353516  0.94010794
 0.9337148  0.9349446  0.9371192  0.938118   0.9366282  0.93528986
 0.93941057 0.9371836  0.9359269  0.9366951  0.93349385 0.93481827
 0.940624   0.93965614 0.92824906 0.9229853  0.93313265 0.937936
 0.9306288  0.92967224 0.94029206 0.9386324  0.94462717 0.93798375
 0.92518973 0.9406848  0.9301034  0.94501466 0.92692345 0.93698585
 0.93105805 0.93627375 0.9370047  0.9359584  0.9387306  0.9309458
 0.9428653  0.9294009  0.93305176 0.9337958  0.9353859  0.92706275
 0.94335365 0.9413308  0.9353835  0.9301667  0.9424984  0.93748105
 0.9305233  0.94730276 0.93926656 0.9472182  0.93556356 0.9433923
 0.9403609  0.938476   0.929228   0.9355824  0.9288095  0.9406971
 0.9303228  0.92676234 0.9358816  0.94020694 0.94498444 0.9386134
 0.945105   0.9423909  0.94047534 0.9392349  0.9430442  0.94613665
 0.9429731  0.93781203 0.9281522  0.94070023 0.9385335  0.9360802
 0.9321457  0.9355992  0.93840456 0.94701403]",4.9629063e-05,37.69536304473877,325.072823967064
GradSymplecticNNgHMC,0.30000000000000004,autograd,high_dimensional_gaussian,SynchronousLeapfrog,0.1,"[0.93245983 0.93959284 0.936289   0.94863737 0.9467106  0.9426993
 0.92784643 0.93813753 0.93227094 0.93108815 0.9301831  0.93589735
 0.93124884 0.9349367  0.9360468  0.93280077 0.93536425 0.9400961
 0.9337343  0.9349407  0.937104   0.9381397  0.9366288  0.93526334
 0.9393999  0.93718785 0.935936   0.936684   0.9334568  0.93479633
 0.94062614 0.9396919  0.9283172  0.9230396  0.9331534  0.9379441
 0.93064755 0.92966175 0.9402849  0.9386263  0.94462365 0.93800724
 0.92518014 0.94067514 0.9301299  0.9450311  0.9268813  0.93702304
 0.9310672  0.9363065  0.93698263 0.93600154 0.9386942  0.93093765
 0.94287723 0.92940706 0.9330485  0.933815   0.9354067  0.9270605
 0.9433521  0.941329   0.93542403 0.9301738  0.9425057  0.9375245
 0.93054026 0.94732493 0.939268   0.94721454 0.9355663  0.94339883
 0.94035697 0.9385008  0.92921066 0.9356283  0.92887354 0.9407326
 0.93033046 0.926734   0.9358816  0.94018954 0.9449791  0.9386398
 0.9451122  0.9423787  0.94046706 0.93920803 0.94303674 0.94613945
 0.9429876  0.93781084 0.9281561  0.9406664  0.9384817  0.9360242
 0.9321275  0.9355919  0.9383999  0.9470186 ]",8.8375955e-06,188.10986995697021,324.6759631400779
GradGSymplecticNNgHMC,0.30000000000000004,autograd,high_dimensional_gaussian,SynchronousLeapfrog,0.1,"[0.93250364 0.9396095  0.93630266 0.9486326  0.94669807 0.9427158
 0.9278223  0.93810815 0.9322697  0.9310565  0.9302125  0.93589926
 0.931245   0.9349694  0.93601084 0.9327533  0.9353548  0.9400643
 0.9336939  0.9349532  0.93715084 0.93814343 0.93667185 0.93530464
 0.9394207  0.93718565 0.9359114  0.93667305 0.9335189  0.93480706
 0.94060916 0.9396493  0.92827815 0.92301244 0.93315053 0.93792
 0.93060815 0.92968506 0.94031876 0.9386379  0.9446206  0.9379818
 0.9251696  0.9406454  0.9300916  0.9450172  0.9269721  0.9369639
 0.93104553 0.9362583  0.9370192  0.9359474  0.9387369  0.9309656
 0.94287586 0.92942923 0.9330636  0.93380487 0.935395   0.9270711
 0.94336116 0.94134426 0.9354291  0.9301692  0.94251204 0.9375223
 0.9305624  0.9473011  0.9392521  0.94721335 0.9356003  0.943386
 0.9403523  0.9384923  0.92925584 0.9356007  0.92881536 0.94073176
 0.9303414  0.926814   0.935867   0.9402043  0.94498646 0.93863356
 0.9450908  0.94239604 0.940495   0.93922085 0.943016   0.9461082
 0.94297236 0.9378214  0.92815816 0.94067895 0.9385516  0.936064
 0.93212926 0.93558353 0.9383975  0.94701284]",6.448461e-05,95.74065113067627,324.8379258099365
HMC,0.30000000000000004,autograd,normal_normal,SynchronousLeapfrog,0.1,"[0.9222624  0.94089293 0.94565475 0.94154584 0.92004204 0.944222
 0.9464604  0.946692   0.94666255 0.8830066  0.9367651  0.9335465
 0.9353974  0.93169963 0.9490874  0.9198081  0.9362413  0.90926
 0.94787997 0.92509955 0.94895124 0.9511911  0.9463872  0.92733383
 0.9485769  0.9254195  0.9508976  0.93788373 0.9162955  0.9498398
 0.93428755 0.9372525  0.9132675  0.94079244 0.92230356 0.9496309
 0.93289375 0.9338212  0.9373025  0.9234058  0.94022965 0.9520476
 0.94836366 0.89288473 0.93953484 0.9401209  0.94476455 0.9491307
 0.9484748  0.9437155  0.9387417  0.9406103  0.94354266 0.9521657
 0.9324536  0.9497558  0.94700575 0.94496775 0.9041867  0.9504607
 0.94776857 0.9284367  0.93151057 0.93600243 0.9521782  0.94255924
 0.9476261  0.95203245 0.9332525  0.94957733 0.9354038  0.94888103
 0.92880476 0.9429803  0.9311466  0.9349496  0.91866654 0.9481493
 0.94896543 0.91807884 0.9331526  0.93939435 0.93861127 0.9456872
 0.93317485 0.92656326 0.93359464 0.95032775 0.94199693 0.94001245
 0.9508649  0.9418828  0.8991143  0.9246869  0.9438534  0.9018747
 0.94440264 0.9457719  0.94871974 0.9321499 ]",1.5555785e-15,80.91995477676392,406.0216649236694
NNgHMC,0.30000000000000004,autograd,normal_normal,SynchronousLeapfrog,0.1,"[0.9227494  0.9408986  0.94564486 0.9410607  0.9201739  0.9442309
 0.9466747  0.9468274  0.9467739  0.88475794 0.9377701  0.9337022
 0.9357216  0.93168736 0.949114   0.92000616 0.9360978  0.8913541
 0.9479078  0.924698   0.9490465  0.951225   0.9465517  0.92700005
 0.9486286  0.92500347 0.9509475  0.9371691  0.91715145 0.94976157
 0.93371403 0.93812907 0.9135121  0.94068277 0.9222216  0.9497673
 0.9312598  0.9336952  0.9375595  0.92297065 0.94008917 0.9521932
 0.9484037  0.8923291  0.9397092  0.94024676 0.9448352  0.9492342
 0.94849885 0.94363415 0.93874526 0.9407275  0.9436564  0.9521688
 0.93270445 0.9493952  0.9467939  0.9450187  0.9049517  0.95052046
 0.9477841  0.92871225 0.9316007  0.9335027  0.9519739  0.94264746
 0.94762516 0.95193493 0.9329159  0.9497604  0.93532085 0.9492089
 0.92886055 0.9432491  0.93070436 0.9340092  0.91951704 0.9482667
 0.94885254 0.91721743 0.9333584  0.93968934 0.9385866  0.9457518
 0.933668   0.92709607 0.93326443 0.95042485 0.9421295  0.94004
 0.9509077  0.94285154 0.87913483 0.9246836  0.9439275  0.90221906
 0.945234   0.9458151  0.9487178  0.9320256 ]",1.794901e-15,67.59566617012024,378.4091688423924
NNODEgHMC,0.30000000000000004,autograd,normal_normal,SynchronousLeapfrog,0.1,"[0.9229609  0.9409458  0.94557804 0.9408226  0.92019594 0.944147
 0.94685495 0.94715255 0.94677985 0.88517463 0.93687075 0.9337532
 0.9357554  0.931539   0.94902897 0.9202304  0.93604416 0.8857136
 0.9479083  0.92485976 0.94882095 0.95124197 0.9464201  0.92720383
 0.9485287  0.9251617  0.9511118  0.9371238  0.9172888  0.9498074
 0.93332386 0.9375421  0.9139244  0.94060224 0.92240953 0.95006454
 0.9311421  0.9337714  0.9375145  0.923115   0.9398937  0.9522623
 0.9483664  0.89100647 0.9397464  0.94026655 0.94495237 0.9494362
 0.9485059  0.9434206  0.93848455 0.94081724 0.9437369  0.9520798
 0.93289983 0.9493288  0.94657135 0.9451198  0.906072   0.9505281
 0.94754493 0.92813945 0.93160045 0.9329111  0.9519531  0.9424933
 0.94755715 0.9519421  0.9329666  0.9496967  0.93542117 0.9493515
 0.9289546  0.943125   0.9305912  0.9336516  0.9198735  0.94808817
 0.9487652  0.917102   0.9334876  0.9397575  0.9386233  0.9458051
 0.93347406 0.9274235  0.93323326 0.9504578  0.9421381  0.9400661
 0.9507476  0.942759   0.87698746 0.92499566 0.94401854 0.90259
 0.94497526 0.94585437 0.9488201  0.93205345]",1.8348e-14,46.214789628982544,390.4292032494745
Explicit NNODEgHMC,0.30000000000000004,autograd,normal_normal,SynchronousLeapfrog,0.1,"[0.92258203 0.94086945 0.9458593  0.94155025 0.91970843 0.94433725
 0.9464533  0.94653934 0.9466342  0.8843949  0.93771005 0.9335165
 0.93552774 0.9318299  0.94913995 0.919652   0.9363122  0.89821756
 0.94793004 0.92531216 0.9490449  0.9512156  0.94634914 0.9274912
 0.9487028  0.925447   0.9509313  0.93768877 0.9169552  0.9497633
 0.9343428  0.9384395  0.9131133  0.9408757  0.92269933 0.9494989
 0.9324123  0.9339131  0.93751943 0.9236016  0.9404806  0.9519941
 0.9485151  0.8919546  0.9394077  0.9402303  0.94477355 0.9490866
 0.9484508  0.94370955 0.9389298  0.94061196 0.94354004 0.95220125
 0.93237877 0.94974744 0.9470722  0.94504154 0.9039714  0.9505414
 0.94778526 0.92912185 0.93145645 0.9352163  0.9520995  0.9426047
 0.94768167 0.9519686  0.9331775  0.94957864 0.9353015  0.948964
 0.9288186  0.9429606  0.9312274  0.935233   0.9188522  0.94815725
 0.9490051  0.9177825  0.9330847  0.9395382  0.93868756 0.9457283
 0.93369544 0.92654437 0.933747   0.9503786  0.94201577 0.94002193
 0.95087934 0.94275373 0.88743496 0.9245819  0.9438318  0.9017315
 0.94497526 0.9457473  0.9487066  0.93210936]",1.08395586e-14,66.78883004188538,341.53498273772516
SymplecticNNgHMC,0.30000000000000004,autograd,normal_normal,SynchronousLeapfrog,0.1,"[0.9214859  0.94079065 0.94494146 0.940295   0.9193591  0.9435774
 0.94669366 0.947735   0.94651604 0.881057   0.9352734  0.93340147
 0.93460673 0.93105954 0.9485623  0.9197887  0.9359304  0.8304167
 0.9472436  0.9255681  0.94811934 0.9509878  0.94629145 0.9275305
 0.9479035  0.92608756 0.95096576 0.93675935 0.9146018  0.94994295
 0.9268937  0.9355797  0.9136548  0.939806   0.9221238  0.9503557
 0.9306504  0.9337095  0.9352393  0.92392254 0.933987   0.95208204
 0.9478369  0.89264214 0.9396793  0.93980634 0.94521046 0.94975126
 0.94837093 0.94030356 0.9376519  0.9411843  0.943519   0.9517221
 0.93155897 0.949298   0.9462363  0.9444089  0.90474737 0.95016885
 0.94707227 0.91655576 0.9307758  0.9306139  0.95191336 0.94183797
 0.94713354 0.9519266  0.9334208  0.9494373  0.9356677  0.9498889
 0.92846    0.94227207 0.92957276 0.9322525  0.91803324 0.9474919
 0.9485054  0.916656   0.9325647  0.93883723 0.9383804  0.9455652
 0.92803895 0.9260458  0.9333493  0.9501904  0.94147986 0.9400777
 0.9503667  0.94215393 0.86791104 0.92457885 0.9441638  0.9012655
 0.9439658  0.9458332  0.94910073 0.933254  ]",0.0073891515,70.90953516960144,34.30165960291144
GSymplecticNNgHMC,0.30000000000000004,autograd,normal_normal,SynchronousLeapfrog,0.1,"[0.9218043  0.94096804 0.94548655 0.94120306 0.92081547 0.94417495
 0.94657725 0.9463575  0.9467137  0.88533753 0.9375841  0.9337039
 0.9352312  0.9317496  0.9491477  0.9194278  0.9361516  0.9068582
 0.9478299  0.92509604 0.9489767  0.95114076 0.9465754  0.9273267
 0.9483735  0.9253139  0.9507972  0.9377987  0.9173298  0.9498329
 0.9342391  0.93836546 0.9135816  0.94061124 0.9219307  0.9493395
 0.9327091  0.9338538  0.93733615 0.92319715 0.9402275  0.9519326
 0.94828737 0.8961315  0.9394417  0.9402455  0.94484186 0.9489484
 0.9485277  0.9436113  0.93886054 0.9404811  0.94353676 0.9522009
 0.93253565 0.9496461  0.9472064  0.94497776 0.9043519  0.95041156
 0.9478943  0.92889214 0.93120635 0.9356843  0.9521612  0.94252294
 0.947659   0.9520206  0.9327369  0.9496778  0.93501395 0.94872206
 0.92894936 0.94287825 0.9311031  0.93521655 0.9195768  0.94818586
 0.94896066 0.91842765 0.9332077  0.93950355 0.93855536 0.9456878
 0.9334396  0.9263835  0.93311876 0.9503145  0.9420625  0.9399966
 0.9510274  0.94217    0.89953244 0.92460334 0.9439496  0.9022964
 0.9445173  0.9457787  0.94871235 0.9322163 ]",0.0033765342,37.44814395904541,387.69123872497846
GradSymplecticNNgHMC,0.30000000000000004,autograd,normal_normal,SynchronousLeapfrog,0.1,"[0.92186594 0.94070953 0.9448802  0.9408474  0.91922253 0.9435228
 0.9466752  0.94775313 0.94647264 0.8815524  0.934904   0.93337554
 0.93460274 0.93098754 0.9484899  0.9197748  0.93586445 0.8352655
 0.9473259  0.9254464  0.94812286 0.951024   0.94631755 0.92737645
 0.9478171  0.9259093  0.95097804 0.9367194  0.9149922  0.9499404
 0.92749214 0.9357585  0.9135269  0.93971527 0.92233825 0.9503889
 0.9306985  0.9335432  0.9354819  0.9237852  0.93456334 0.95214933
 0.9478125  0.892601   0.93981    0.93982387 0.9451313  0.9497987
 0.9482931  0.9406251  0.9376764  0.9410223  0.94351745 0.9516877
 0.9315025  0.94936293 0.9463959  0.9445979  0.90470934 0.9501885
 0.9470274  0.91763103 0.930925   0.93059754 0.95194805 0.94179296
 0.94705665 0.9519324  0.93353343 0.9493998  0.93578565 0.94986194
 0.9284329  0.94230163 0.9294168  0.93266726 0.9181323  0.9474699
 0.948487   0.91618884 0.93260497 0.93891734 0.93833655 0.9455754
 0.92857265 0.92607105 0.93345964 0.95020616 0.94143903 0.93998134
 0.950325   0.9424839  0.86762017 0.9245181  0.9440702  0.90156794
 0.944061   0.9457385  0.94902056 0.9329669 ]",0.0065635806,101.08579301834106,64.2451927153305
GradGSymplecticNNgHMC,0.30000000000000004,autograd,normal_normal,SynchronousLeapfrog,0.1,"[0.922251   0.94091815 0.9456457  0.941251   0.92062587 0.9440962
 0.94675255 0.946574   0.9467207  0.88423336 0.9370982  0.93367803
 0.9353522  0.93159723 0.9490749  0.91961277 0.9360856  0.90873975
 0.9478037  0.9251728  0.9488996  0.95119184 0.94644994 0.92742074
 0.94836205 0.92556906 0.9509255  0.93785083 0.91716003 0.94981956
 0.93391263 0.9382483  0.9135103  0.9408278  0.92235917 0.9496112
 0.9326552  0.9338405  0.9368496  0.92336345 0.94054455 0.95203376
 0.94840646 0.8966894  0.9397346  0.9399597  0.9448425  0.9489583
 0.9484825  0.94370985 0.93872947 0.9405927  0.9433734  0.9521672
 0.93246907 0.949653   0.9470868  0.94504356 0.90421695 0.9504892
 0.9478487  0.92858064 0.9308335  0.9358635  0.9521097  0.9425863
 0.94761074 0.95200574 0.932687   0.9495543  0.93497753 0.9488939
 0.9288532  0.9429304  0.9313735  0.9354045  0.9194204  0.94813764
 0.94885385 0.918365   0.9331634  0.9391111  0.93849814 0.94554687
 0.9329591  0.92650557 0.9333596  0.9503981  0.94199646 0.9401398
 0.95090055 0.9423339  0.90038824 0.9246987  0.9439993  0.901845
 0.9443485  0.9457922  0.94872326 0.9323632 ]",0.004863042,48.97600865364075,335.65145437748765
HMC,0.4,autograd,banana,SynchronousLeapfrog,0.1,"[0.9124753  0.9882964  0.9749631  0.8650049  0.80481356 0.9750751
 0.89414024 0.9254141  0.46655664 0.92593634 0.8879835  0.9327053
 0.98055506 0.79907477 0.9549377  0.9004624  0.95983374 0.928561
 0.98060364 0.94283503 0.9587443  0.94272125 0.72115517 0.9773337
 0.9535507  0.95940924 0.9626794  0.94034094 0.9874326  0.8764273
 0.95423114 0.89612854 0.9172616  0.988382   0.8647055  0.9379133
 0.9020494  0.87979406 0.99171436 0.9486035  0.9659686  0.96913767
 0.920784   0.85977906 0.8636106  0.9635493  0.85318774 0.9254541
 0.9705757  0.93654364 0.8651595  0.8988975  0.79450417 0.9788663
 0.948548   0.93749416 0.93190384 0.75861275 0.9444375  0.92795384
 0.9159683  0.92336273 0.9643516  0.97962564 0.9762246  0.94906163
 0.9887681  0.9782232  0.94924563 0.9264342  0.93535966 0.9528939
 0.99068713 0.9766302  0.9702934  0.9457077  0.796003   0.91241163
 0.9074118  0.88527    0.9543375  0.9710304  0.9817109  0.9857461
 0.97541153 0.9488174  0.9738803  0.948679   0.71284187 0.9891016
 0.9224636  0.96186465 0.9409083  0.9387016  0.87925303 0.9651532
 0.9274926  0.97239816 0.96314996 0.9353125 ]",2.2524204e-14,21.891868352890015,1.546060003902192
NNgHMC,0.4,autograd,banana,SynchronousLeapfrog,0.1,"[0.9271449  0.98152256 0.8295397  0.05531267 0.5331424  0.90657127
 0.18552065 0.9414773  0.17003939 0.45903277 0.8822593  0.27744693
 0.9816799  0.44218224 0.78006357 0.44450352 0.5401572  0.85715455
 0.84446114 0.91329426 0.9033952  0.8635544  0.39177474 0.95987153
 0.83423495 0.9758005  0.8610451  0.89356726 0.98382133 0.9429034
 0.89092815 0.8889529  0.51433575 0.9796437  0.10570916 0.92898357
 0.71288145 0.45400628 0.9872057  0.828689   0.97096825 0.7084173
 0.51420355 0.91374916 0.85712624 0.97655964 0.07313731 0.83085364
 0.84924877 0.67593706 0.8394623  0.02054913 0.7019433  0.9550311
 0.72390366 0.5306843  0.25911316 0.03139522 0.82090396 0.95960295
 0.17944166 0.76549405 0.8775401  0.97735727 0.8325128  0.7182154
 0.9850761  0.9264841  0.67859316 0.46328104 0.60996306 0.9553145
 0.990543   0.98406875 0.97613657 0.9514505  0.04436622 0.8237752
 0.9004361  0.42741808 0.85991144 0.80178964 0.98303735 0.8993032
 0.9694704  0.9213692  0.9536668  0.6435978  0.49315667 0.9914392
 0.16208735 0.8542714  0.67579687 0.91271806 0.37415668 0.9161579
 0.94388103 0.82923    0.91818017 0.6840811 ]",6.536993e-15,17.113708019256592,1.6426790341981583
NNODEgHMC,0.4,autograd,banana,SynchronousLeapfrog,0.1,"[0.9321865  0.94696176 0.6623234  0.28188193 0.38428983 0.9678842
 0.44063795 0.95469964 0.18307817 0.6400987  0.9513199  0.5886437
 0.9818504  0.66938657 0.6399473  0.58776104 0.19047296 0.7017516
 0.6573822  0.9310565  0.7401967  0.7769227  0.40787515 0.93407124
 0.7680511  0.96646166 0.94247866 0.89272875 0.9787945  0.93486375
 0.9306694  0.7402091  0.6845783  0.9348213  0.20267598 0.8639535
 0.6914754  0.35849258 0.9564196  0.9048564  0.9412155  0.4170124
 0.6822097  1.4381675  0.31259558 0.97833145 0.45486718 0.9252004
 0.7641363  0.523947   1.3869013  0.4609697  0.4663     0.8332147
 0.8355191  0.7004241  0.12651359 0.0767742  0.7181953  0.93966985
 0.65914655 0.8681588  0.9394381  0.9785716  0.7408042  0.43212217
 0.9455128  0.98027986 0.8063538  0.25932476 0.7731608  0.8977625
 0.99082327 0.9865376  0.95781136 0.9444052  0.3539221  0.7536105
 0.9634254  0.8832378  0.96429586 0.55271494 0.9384397  0.80346555
 0.9721712  0.945081   0.9761175  0.8520478  0.44370008 0.9767162
 0.6804411  0.75114125 0.5294374  0.9413566  0.58987796 0.97707963
 0.9641509  0.7282276  0.9740323  0.8476201 ]",7.375123e-11,27.742018699645996,1.3476967549929628
Explicit NNODEgHMC,0.4,autograd,banana,SynchronousLeapfrog,0.1,"[0.93102455 0.9034332  0.8821806  0.2230261  0.4252841  0.8491448
 0.14050148 0.94352424 0.1572987  0.64214194 0.81158656 0.10223483
 0.98049355 0.6637666  0.7870821  0.85930705 0.66576004 0.9011445
 0.90368074 0.9198923  0.9427428  0.7177644  0.3955973  0.85143745
 0.7149233  0.96476144 0.9157306  0.894503   0.9874012  0.771341
 0.94760525 0.92544526 0.6007511  0.9343171  0.1028502  0.92795897
 0.7061256  0.05726216 0.97098863 0.85618514 0.9723322  0.80676603
 0.57290685 0.6960885  1.1420487  0.97825646 0.13826525 0.8450985
 0.55482376 0.63614523 0.613464   0.15429834 0.77307355 0.9781016
 0.76460904 0.6180567  0.40684232 0.3797811  0.744374   0.9337055
 0.01201667 0.728369   0.90894043 0.9785859  0.75395316 0.81365776
 0.9673619  0.899699   0.76826155 0.47117633 0.63719255 0.9627823
 0.9909913  0.9854757  0.942148   0.9445779  0.12497333 0.45498952
 0.84195364 0.23946115 0.7720038  0.8795763  0.96933615 0.863343
 0.9704814  0.89174575 0.9561059  0.502181   0.45851707 0.96807694
 0.04423654 0.8150072  0.60934085 0.893006   0.29019699 0.8506221
 0.94618654 0.6527264  0.90667415 0.5927107 ]",5.8715345e-11,45.74222779273987,1.376052566143608
SymplecticNNgHMC,0.4,autograd,banana,SynchronousLeapfrog,0.1,"[0.83638144 0.9688581  0.95732915 0.6231653  0.727523   0.5308887
 0.25492877 0.8258513  0.07952901 0.17006521 0.39162368 0.45229352
 0.9788019  0.24433284 0.9184979  0.24774705 0.9122635  0.8735727
 0.9617974  0.84313935 0.8799467  0.9392907  0.24696705 0.97587705
 0.92404145 0.9669877  0.6717421  0.9014602  0.8934134  0.92005223
 0.70895433 0.8374052  0.20744666 0.97311497 0.49777633 0.93741024
 0.7632143  0.5665998  0.94842094 0.617105   0.9140658  0.94284797
 0.19210403 0.20700774 1.7714603  0.96493167 0.70304245 0.61923456
 0.9369418  0.8545972  0.08128509 0.6193418  0.80970544 0.86617076
 0.1963565  0.23637132 0.7430004  0.19010136 0.9113568  0.6709951
 0.50212204 0.45363963 0.68579686 0.9678267  0.949355   0.94072646
 0.96045196 0.7074227  0.42149305 0.70572186 0.32243395 0.88300484
 0.98918235 0.9677436  0.9698906  0.9306265  0.7568811  0.8955631
 0.5589961  0.27189028 0.27554017 0.9276191  0.7299236  0.9744959
 0.95038074 0.7025198  0.8162303  0.2646956  0.59328485 0.9402417
 0.5799532  0.94828355 0.85323286 0.71818995 0.09773674 0.43520212
 0.8194179  0.93409693 0.7242334  0.26224887]",0.74318284,54.65507245063782,1.2955754487043047
GSymplecticNNgHMC,0.4,autograd,banana,SynchronousLeapfrog,0.1,"[0.8716301  0.9754572  0.95103633 0.6123229  0.71847695 0.69704926
 0.29472995 0.83228576 0.09735843 0.14478025 0.70411205 0.2266576
 0.97970605 0.3544413  0.899487   0.1974554  0.76385754 0.9217774
 0.9623787  0.8261305  0.95943415 0.9349804  0.25307125 0.9727554
 0.96558684 0.9344239  0.66414285 0.90503275 0.90855026 0.92271584
 0.20903441 0.9246801  0.20623294 0.98204064 0.63546836 0.94365567
 0.79696405 0.52339566 0.57952476 0.6571095  0.9242629  0.8884778
 0.1769002  0.6321267  1.6091497  0.95960826 0.40595138 0.6094297
 0.9271525  0.83594364 0.5620469  0.41551623 0.82945883 0.9686446
 0.10405733 0.2024715  0.48259133 0.16598132 0.88681304 0.85732925
 0.15647498 0.482018   0.7105149  0.9649029  0.9238612  0.86266726
 0.9746915  0.73911977 0.41660318 0.6488474  0.28543636 0.9125428
 0.98972356 0.9719173  0.87215275 0.8465457  0.5333375  0.88585776
 0.69027567 0.13162458 0.6391541  0.9366228  0.9048955  0.9699137
 0.95579815 0.8007886  0.8526795  0.37238765 0.6442051  0.9502926
 0.17339268 0.9454564  0.84023094 0.7852852  0.07910393 0.72489536
 0.8242197  0.92323196 0.7331058  0.33069977]",0.3859697,16.645761251449585,1.2987880892637225
GradSymplecticNNgHMC,0.4,autograd,banana,SynchronousLeapfrog,0.1,"[0.8184077  0.9650984  0.9570935  0.775928   0.73225635 0.4567082
 0.3358985  0.8103179  0.0752655  0.12841667 0.28301895 0.6099056
 0.97895813 0.19612724 0.9261626  0.21636662 0.92151093 0.8546634
 0.9546591  0.8502482  0.8429941  0.94286466 0.26625526 0.97666615
 0.921893   0.9693036  0.6441913  0.9008271  0.8802153  0.9181153
 0.7294105  0.8050067  0.16838312 0.9686258  0.5982264  0.93332195
 0.76023245 0.57933205 0.95619553 0.58279145 0.90408677 0.9332297
 0.1399853  0.09139584 2.0419128  0.96794796 0.902187   0.58701205
 0.9413618  0.86421084 0.03662769 0.66213596 0.78827494 0.8256239
 0.25844118 0.18330583 0.7883913  0.19821495 0.9181401  0.6015438
 0.5699423  0.4140014  0.6581829  0.9696748  0.9464625  0.9324159
 0.9531161  0.6702908  0.38030705 0.73003167 0.26756293 0.8670306
 0.9893433  0.96630496 0.97344387 0.93438125 0.88476914 0.90074956
 0.4865067  0.32777584 0.14896388 0.9036624  0.6672902  0.9766075
 0.94999826 0.6588406  0.7922404  0.45553368 0.5868683  0.9322252
 0.6514227  0.9507698  0.86114204 0.6845257  0.17273185 0.3322204
 0.80124635 0.9392211  0.69460046 0.19124055]",0.8494291,75.12080311775208,1.2919220517961203
GradGSymplecticNNgHMC,0.4,autograd,banana,SynchronousLeapfrog,0.1,"[0.87693787 0.9795425  0.9237825  0.36543107 0.68864346 0.80061424
 0.14676611 0.8704261  0.0931833  0.21418384 0.8312947  0.05119317
 0.9777102  0.34170437 0.88127315 0.23868768 0.6295577  0.9156889
 0.9284708  0.81225985 0.9362421  0.9267332  0.2327044  0.972527
 0.95597935 0.9377631  0.712249   0.9055378  0.929856   0.9269004
 0.42009503 0.92494977 0.28212023 0.9835757  0.4518126  0.94916034
 0.7868341  0.52920675 0.7744748  0.6867728  0.9450326  0.7863693
 0.2578026  0.73860776 1.1654633  0.95740736 0.10909954 0.67443657
 0.91889614 0.8104493  0.694433   0.21706223 0.7595612  0.97445667
 0.15864179 0.28224766 0.37529907 0.15712124 0.88379234 0.9281299
 0.01664236 0.575607   0.7447064  0.9625758  0.9583265  0.7732657
 0.9781022  0.79994226 0.47261184 0.6219739  0.37523326 0.9404906
 0.9897752  0.97132874 0.9089553  0.87792826 0.2445238  0.8815118
 0.8006698  0.0631752  0.7926302  0.86118937 0.96097267 0.96102494
 0.95547307 0.8352698  0.8720111  0.5882109  0.6445279  0.96066356
 0.04385173 0.933318   0.8140037  0.8153464  0.07422461 0.85201645
 0.8637251  0.9116529  0.7924174  0.4877225 ]",0.32929146,24.63700819015503,1.4026958797905111
HMC,0.4,autograd,gaussian,SynchronousLeapfrog,0.3,"[0.93311185 0.948617   0.9144496  0.9209604  0.94907254 0.9317969
 0.9453389  0.9419049  0.93423223 0.927664   0.90454596 0.9353579
 0.940223   0.93765914 0.95479333 0.92749345 0.9325025  0.9464338
 0.94640464 0.9311711  0.9381179  0.93249243 0.88330495 0.91735643
 0.93143654 0.938862   0.9210371  0.936674   0.93804955 0.9285573
 0.8886137  0.92461175 0.92567945 0.92553705 0.94661415 0.94051456
 0.94098186 0.9445631  0.94615126 0.92094505 0.94577396 0.94853824
 0.9373428  0.93200314 0.9532938  0.94604367 0.94151294 0.95455194
 0.94644403 0.9501542  0.9366807  0.95232904 0.94856787 0.9458911
 0.9533572  0.955506   0.93982255 0.9345104  0.9498923  0.9611243
 0.9283016  0.93374026 0.92525357 0.93654794 0.9433798  0.9537991
 0.9405718  0.9322335  0.9086237  0.9484706  0.9504084  0.947927
 0.94543374 0.95249844 0.94640195 0.95379937 0.9532012  0.92393076
 0.9490015  0.9123683  0.92340386 0.9171261  0.9511751  0.95931005
 0.9436433  0.9451052  0.9379132  0.9348406  0.93501973 0.9380379
 0.8983094  0.95730466 0.9234829  0.95634305 0.9389047  0.94391155
 0.9355685  0.9313706  0.930556   0.94865227]",4.7488055e-15,17.55811309814453,2241.3569324231626
NNgHMC,0.4,autograd,gaussian,SynchronousLeapfrog,0.3,"[0.9331809  0.9488971  0.9146304  0.9207253  0.9491514  0.92987776
 0.9466795  0.94216    0.93376756 0.925697   0.90093917 0.93422335
 0.9402871  0.9379837  0.9547178  0.92820925 0.9329181  0.9464571
 0.9463059  0.93151844 0.93857735 0.9314374  0.8843008  0.9111797
 0.9322077  0.9384754  0.9225162  0.93587875 0.9373349  0.9292423
 0.8842343  0.92479646 0.9265334  0.9253251  0.94648904 0.9410898
 0.9414749  0.9451138  0.9466495  0.92106223 0.94570136 0.9487264
 0.9375131  0.93176645 0.95310754 0.94570065 0.9413066  0.95492935
 0.9465419  0.9505095  0.93693656 0.9529106  0.9487709  0.9473506
 0.9537611  0.95521945 0.9399175  0.934046   0.9500971  0.9611516
 0.9275777  0.9339768  0.924288   0.93677276 0.9437377  0.9541351
 0.9407222  0.93219155 0.910752   0.9495723  0.9505409  0.94732237
 0.94585794 0.9532175  0.9462732  0.9542097  0.9531951  0.9253251
 0.9489886  0.9088197  0.92312855 0.91511405 0.95115364 0.95932436
 0.94381654 0.9457227  0.9383806  0.9355821  0.9350669  0.93824804
 0.88924754 0.95732325 0.9225625  0.95621586 0.93889797 0.9442269
 0.9356837  0.9312508  0.930323   0.9488663 ]",3.9137327e-15,17.075653076171875,2220.863842235077
NNODEgHMC,0.4,autograd,gaussian,SynchronousLeapfrog,0.3,"[0.9338831  0.9487011  0.91503    0.92085737 0.9491769  0.92983043
 0.94673413 0.94177496 0.93395865 0.9251923  0.90034187 0.934112
 0.94054496 0.9381881  0.9547651  0.92829955 0.93313116 0.94673634
 0.94648826 0.9310373  0.9387578  0.93154097 0.8844948  0.91218376
 0.9316329  0.9381927  0.922135   0.9357628  0.9371393  0.92946196
 0.885987   0.92507833 0.9262973  0.92546415 0.9465364  0.94110197
 0.94134665 0.94509923 0.94666326 0.9197241  0.94564193 0.9488268
 0.9371524  0.93184423 0.95306575 0.9458393  0.9411713  0.954883
 0.9466669  0.9503056  0.9367761  0.9528386  0.9485856  0.9475436
 0.9535906  0.955152   0.9401283  0.9341699  0.9501364  0.96117806
 0.9274618  0.93410033 0.92483664 0.93667793 0.94352436 0.95421094
 0.9408053  0.9321684  0.91143465 0.9496349  0.95052785 0.9474114
 0.94554967 0.953352   0.94635934 0.9543098  0.9531457  0.9253477
 0.94893825 0.90936774 0.92318624 0.9152622  0.9510559  0.95936126
 0.9440087  0.94589555 0.938523   0.9349939  0.9352433  0.93860453
 0.8886968  0.9572956  0.92276645 0.95620966 0.938791   0.944175
 0.93570244 0.9314283  0.93016833 0.9488267 ]",4.6329714e-14,13.595389604568481,2173.4037871700407
Explicit NNODEgHMC,0.4,autograd,gaussian,SynchronousLeapfrog,0.3,"[0.93425703 0.9492543  0.9130711  0.9163279  0.9495052  0.93011945
 0.9474635  0.942023   0.9337343  0.92677253 0.89600486 0.93382835
 0.94041014 0.9386511  0.9545517  0.9266825  0.9327148  0.94665354
 0.9469263  0.93073297 0.9382814  0.9319629  0.8758285  0.9109801
 0.9316775  0.938502   0.9197222  0.9359708  0.9376456  0.9297831
 0.879218   0.9238431  0.9266286  0.9261342  0.94685495 0.9404213
 0.94138813 0.9452903  0.9477924  0.91942406 0.9456847  0.9491965
 0.9377059  0.93186665 0.9528618  0.9450387  0.94201916 0.9553436
 0.9467897  0.95108104 0.9369631  0.95361555 0.94877267 0.94808626
 0.9542451  0.955191   0.94006777 0.9349818  0.9502636  0.96127975
 0.92757785 0.9345509  0.9227101  0.93611896 0.94402045 0.9544522
 0.9408598  0.93074936 0.908695   0.95009696 0.9508135  0.9469589
 0.9467114  0.95389533 0.9459362  0.9549607  0.9531102  0.92447156
 0.9491695  0.9077975  0.9228934  0.9127897  0.95106524 0.9592821
 0.9441702  0.94688416 0.9400921  0.9349865  0.9344661  0.93880796
 0.8819891  0.95728207 0.92171645 0.9562019  0.9385712  0.9441745
 0.9356693  0.9307313  0.9299964  0.94892204]",2.6312518e-14,20.197137117385864,2169.083965917418
SymplecticNNgHMC,0.4,autograd,gaussian,SynchronousLeapfrog,0.3,"[0.9333369  0.9486642  0.91466427 0.9206916  0.94903517 0.93180007
 0.9453658  0.9419696  0.9341628  0.92767024 0.9046143  0.93538207
 0.94021106 0.9377267  0.95480347 0.92750424 0.9327053  0.9463935
 0.94641083 0.93126595 0.93807316 0.9324677  0.8832733  0.9173789
 0.93148583 0.9389279  0.9211465  0.93662345 0.9380201  0.9285207
 0.88836783 0.92466015 0.92565554 0.9255837  0.9466295  0.94056433
 0.9409678  0.94452286 0.94613636 0.920843   0.9457142  0.9485197
 0.93732584 0.9318886  0.9532856  0.9460343  0.9414474  0.95452756
 0.9464547  0.9500985  0.9365834  0.9522907  0.9485835  0.9458038
 0.9533702  0.95550627 0.9398291  0.93437314 0.9498825  0.9611281
 0.9280669  0.93361557 0.92521846 0.9366502  0.9433931  0.9538536
 0.9405571  0.93220186 0.9086522  0.94854563 0.95041156 0.9478855
 0.945426   0.95246315 0.946417   0.95379543 0.9532181  0.9237269
 0.94902724 0.91231364 0.9233586  0.91727614 0.95117295 0.9593072
 0.9436144  0.9451641  0.93797684 0.934879   0.93507946 0.9381131
 0.8982436  0.9573072  0.9234793  0.95633936 0.9389738  0.9438357
 0.93558633 0.9312777  0.93064874 0.9487142 ]",8.957748e-05,33.47786235809326,2185.088070056801
GSymplecticNNgHMC,0.4,autograd,gaussian,SynchronousLeapfrog,0.3,"[0.93306017 0.9488852  0.91362464 0.91968626 0.94875944 0.93202925
 0.9459543  0.9414053  0.9342944  0.9276824  0.90556496 0.935239
 0.9401442  0.9382386  0.954806   0.9273453  0.9330884  0.945961
 0.9465275  0.9306593  0.93785346 0.9320814  0.88305235 0.9173856
 0.93058145 0.9388623  0.92110884 0.93665236 0.93770576 0.9279108
 0.88892573 0.92483723 0.9257368  0.9258436  0.946479   0.940541
 0.9406308  0.9448158  0.94662523 0.9217025  0.94523036 0.94849676
 0.9375824  0.93134344 0.9531158  0.94589806 0.9419143  0.9547011
 0.9463942  0.9504136  0.93682116 0.9523172  0.94819355 0.94618654
 0.9534092  0.9553951  0.93981713 0.9355773  0.9499983  0.96111727
 0.92719376 0.9334626  0.9251728  0.93670833 0.9431323  0.9540663
 0.94034165 0.93214387 0.9083745  0.94819516 0.95031    0.94786614
 0.9456949  0.95257586 0.9463997  0.9538115  0.9532436  0.9249586
 0.94905376 0.9124336  0.92386407 0.9180267  0.95114255 0.9593684
 0.9435749  0.9453513  0.9382056  0.93433917 0.934402   0.9385061
 0.89896107 0.9571251  0.9234109  0.9562565  0.93889254 0.94417846
 0.93558204 0.9308064  0.929774   0.94883776]",0.0002228499,10.651308298110962,1958.4390695878549
GradSymplecticNNgHMC,0.4,autograd,gaussian,SynchronousLeapfrog,0.3,"[0.9335325  0.9486515  0.9150335  0.92130244 0.949193   0.93184656
 0.9454349  0.94205165 0.93409    0.9278221  0.9047555  0.9354088
 0.940246   0.9378881  0.95481265 0.9275044  0.9326935  0.9463956
 0.94644254 0.9313625  0.9380926  0.9326463  0.88322204 0.91756165
 0.9316994  0.9390113  0.9211426  0.9367048  0.93807507 0.92860955
 0.88844466 0.92466974 0.9255657  0.92558956 0.94664425 0.94053924
 0.94100064 0.944503   0.94616497 0.9208724  0.94571805 0.9485895
 0.93726134 0.9318496  0.9532582  0.94598264 0.9415271  0.9545431
 0.94647974 0.9501294  0.936538   0.9523627  0.94862956 0.9459312
 0.9533698  0.9554853  0.9398416  0.9344186  0.94990206 0.96113014
 0.92800945 0.9338719  0.9252765  0.9366325  0.94347227 0.95386
 0.94060314 0.93225145 0.9086727  0.94872016 0.95043516 0.94783926
 0.9455236  0.9525236  0.94640434 0.95380443 0.95321536 0.9236431
 0.94901705 0.91239727 0.92330337 0.91736126 0.95116013 0.95930785
 0.94362515 0.9453188  0.9380784  0.9349983  0.93522424 0.93813324
 0.8984146  0.9573371  0.9235313  0.95632005 0.9390215  0.9437656
 0.9355687  0.9312727  0.93074214 0.9487014 ]",0.00016881808,86.0940158367157,2175.00632554485
GradGSymplecticNNgHMC,0.4,autograd,gaussian,SynchronousLeapfrog,0.3,"[0.93310916 0.94893205 0.9138621  0.9207891  0.94904184 0.932343
 0.946238   0.9414959  0.93414754 0.9279389  0.90598476 0.9350853
 0.94016695 0.93862265 0.9548044  0.9273831  0.9331646  0.94600904
 0.9466566  0.9307577  0.9378757  0.9323427  0.8829581  0.91779995
 0.93089485 0.9389898  0.92093885 0.9369558  0.9378176  0.92831755
 0.8887372  0.9248156  0.9255978  0.9259782  0.94654655 0.94044685
 0.94082564 0.94482553 0.94678515 0.9217889  0.94535017 0.9487339
 0.937531   0.9311177  0.9530472  0.94586897 0.94201106 0.9547488
 0.9464246  0.95048714 0.93674123 0.9525978  0.9483179  0.94668186
 0.95340955 0.9553251  0.9398035  0.9358701  0.9500495  0.9611203
 0.9271951  0.9340372  0.92515695 0.9366255  0.9432676  0.9540855
 0.9405436  0.9321825  0.9082105  0.9486464  0.9503171  0.9477843
 0.94589895 0.9528003  0.9463124  0.95383877 0.95323724 0.924823
 0.9490425  0.91281426 0.92397135 0.9182951  0.9511561  0.9593787
 0.9436404  0.9457018  0.9383461  0.93451536 0.9345111  0.93862456
 0.899711   0.95721805 0.92346686 0.9562356  0.9389707  0.9441236
 0.93557566 0.9308312  0.92992413 0.9488196 ]",0.00027752662,16.16874647140503,1715.7161857757558
HMC,0.4,autograd,high_dimensional_gaussian,SynchronousLeapfrog,0.1,"[0.9288273  0.9355251  0.93696856 0.9450242  0.9388013  0.9358222
 0.93572176 0.9371438  0.9195242  0.9338902  0.92682314 0.9381797
 0.9419481  0.9425316  0.9357259  0.9364373  0.93392646 0.93428516
 0.9382336  0.93630004 0.94048953 0.93691534 0.9458457  0.94068706
 0.9407887  0.9338152  0.93266857 0.93437135 0.9471053  0.93952245
 0.938501   0.9304344  0.93893087 0.93393755 0.9400245  0.9383325
 0.94520867 0.9398209  0.93894625 0.9445691  0.93043435 0.943279
 0.9336339  0.942605   0.93798846 0.937021   0.94047374 0.9311101
 0.9417058  0.9380705  0.93321824 0.94126225 0.9329016  0.94253457
 0.9378152  0.9232885  0.93850636 0.93735933 0.936458   0.93297356
 0.93858266 0.92856777 0.93644536 0.94068325 0.94791424 0.940829
 0.9386163  0.9371769  0.9340312  0.9421646  0.93396366 0.9407169
 0.9380455  0.94020104 0.9337311  0.9323876  0.9350683  0.93398225
 0.9352269  0.93771875 0.9325585  0.9421371  0.93282616 0.9327301
 0.9400128  0.9337487  0.9341375  0.94054365 0.91886586 0.94418424
 0.94294024 0.93756855 0.93646806 0.93531466 0.9310314  0.937055
 0.94042313 0.9186863  0.9423079  0.9428851 ]",1.3391024e-15,52.099740743637085,293.590944977919
NNgHMC,0.4,autograd,high_dimensional_gaussian,SynchronousLeapfrog,0.1,"[0.9287647  0.9354891  0.9369504  0.94504035 0.938753   0.93580216
 0.9356872  0.93712085 0.91934437 0.93378985 0.9266967  0.93815076
 0.94197774 0.9425491  0.9356913  0.936437   0.933843   0.93424165
 0.93822277 0.936283   0.9404871  0.9369356  0.9458597  0.94068646
 0.94077206 0.9337856  0.93260443 0.9343471  0.947134   0.93950593
 0.9384739  0.93033993 0.9389739  0.93391913 0.94002855 0.9383132
 0.9452596  0.93981504 0.93893754 0.9445882  0.9303733  0.9432839
 0.9336151  0.9426593  0.93799675 0.9369377  0.9404752  0.9309926
 0.94167536 0.93808794 0.933133   0.9413365  0.9328682  0.94252795
 0.9377985  0.9231175  0.9385499  0.9373802  0.93648714 0.9328682
 0.9385247  0.9284668  0.93643683 0.9406671  0.94792545 0.94081485
 0.9385767  0.9371826  0.93403447 0.9421625  0.9339387  0.9407274
 0.93807    0.9401994  0.9336771  0.93236446 0.93500394 0.933942
 0.9351799  0.9377302  0.93249655 0.94214666 0.9327431  0.93262094
 0.94006604 0.9336733  0.93405104 0.9405419  0.91859245 0.9442031
 0.94295025 0.93755686 0.936505   0.935285   0.93092525 0.9370154
 0.9404386  0.91845435 0.9423062  0.9429177 ]",1.5976676e-15,47.74006175994873,282.6914457969273
NNODEgHMC,0.4,autograd,high_dimensional_gaussian,SynchronousLeapfrog,0.1,"[0.92872113 0.9354471  0.9370079  0.9450431  0.93883646 0.9357871
 0.93567216 0.93712914 0.9192796  0.9337429  0.9267544  0.93819684
 0.941988   0.9425456  0.93570936 0.93640006 0.9338495  0.9341978
 0.93824065 0.9362773  0.94049424 0.9368577  0.94586015 0.9406749
 0.94080293 0.9337427  0.93266785 0.934345   0.9471326  0.9395369
 0.9385091  0.93037033 0.93892944 0.933839   0.94006765 0.93829525
 0.9452364  0.9398246  0.9389316  0.94458723 0.93037605 0.9432777
 0.9336003  0.94260633 0.9379706  0.936985   0.9404611  0.9310667
 0.94169426 0.9380509  0.9331206  0.9413066  0.9328283  0.94252795
 0.93780535 0.9231119  0.9385216  0.93735474 0.9364227  0.93290985
 0.9385461  0.9284856  0.9364204  0.9406604  0.94794774 0.9408469
 0.93858135 0.9371567  0.93397284 0.9421611  0.93393385 0.94072723
 0.93806404 0.9401819  0.9337095  0.9323324  0.93503374 0.93394226
 0.935188   0.9376862  0.9325342  0.9421357  0.93275917 0.93259895
 0.9400325  0.93366194 0.93409646 0.94055057 0.9186289  0.9442215
 0.9429463  0.93756574 0.93646085 0.9352853  0.9309246  0.93699884
 0.94041014 0.9183984  0.9423236  0.9428886 ]",1.3385414e-14,39.44072914123535,279.432522989825
Explicit NNODEgHMC,0.4,autograd,high_dimensional_gaussian,SynchronousLeapfrog,0.1,"[0.9284813  0.93528545 0.93680084 0.94507396 0.93871224 0.93557996
 0.93544143 0.9370092  0.9182848  0.93343616 0.92610043 0.93814296
 0.9420101  0.942753   0.9355528  0.93611944 0.93361366 0.9340211
 0.9381126  0.9361366  0.940484   0.9367153  0.94586277 0.9405775
 0.94084376 0.93345404 0.9322657  0.9340881  0.94723976 0.93952036
 0.93846935 0.9297447  0.9388968  0.93351305 0.9401084  0.9382021
 0.94542855 0.93976134 0.9387564  0.94465774 0.92999494 0.9434559
 0.9333044  0.9425959  0.937946   0.936789   0.94056743 0.9305689
 0.94177914 0.93792987 0.9327047  0.941221   0.9325573  0.9425316
 0.93757486 0.9224534  0.9383948  0.9370524  0.93626183 0.93252146
 0.9384413  0.9279267  0.9362373  0.9406761  0.9479539  0.94072485
 0.93849504 0.9369432  0.93375176 0.94210356 0.9336702  0.94068086
 0.93791056 0.94029    0.93340915 0.93203485 0.934837   0.9336771
 0.93489426 0.93755865 0.9320849  0.942067   0.93245745 0.9321868
 0.9399497  0.9333894  0.9337591  0.9404706  0.91731405 0.94439316
 0.9430413  0.9374623  0.93636024 0.93511283 0.93055    0.9367344
 0.9403562  0.91704845 0.94230664 0.94291866]",1.2917856e-14,59.00168180465698,222.66321950737924
SymplecticNNgHMC,0.4,autograd,high_dimensional_gaussian,SynchronousLeapfrog,0.1,"[0.9288227  0.9355247  0.9369613  0.9450245  0.93879765 0.93582106
 0.9357226  0.93714494 0.9195301  0.93389094 0.92682433 0.9381816
 0.9419514  0.94251984 0.9357292  0.9364354  0.933932   0.9342902
 0.9382369  0.9362998  0.9404928  0.93691206 0.9458456  0.9406862
 0.94079083 0.9338212  0.93266153 0.93436813 0.94710624 0.9395224
 0.9384987  0.9304325  0.9389364  0.9339339  0.9400255  0.93833447
 0.9452119  0.9398214  0.9389464  0.9445702  0.9304316  0.94328034
 0.93362397 0.9426042  0.9379945  0.9370219  0.9404754  0.93111813
 0.941702   0.9380705  0.9332242  0.9412627  0.93290985 0.9425404
 0.93780947 0.92328846 0.9385109  0.93735355 0.93645906 0.9329767
 0.9385893  0.9285729  0.93644994 0.94068307 0.94791317 0.9408293
 0.9386109  0.93718386 0.9340309  0.9421638  0.9339611  0.9407257
 0.9380441  0.9402036  0.9337222  0.9323966  0.935065   0.9339788
 0.9352211  0.9377243  0.93255603 0.9421374  0.93282956 0.93273306
 0.9400146  0.9337467  0.9341351  0.9405416  0.918884   0.94418395
 0.94293964 0.937566   0.9364709  0.9353186  0.9310355  0.93705577
 0.94042265 0.91868204 0.94231033 0.9428873 ]",2.1755263e-06,92.98851084709167,297.9608788488916
GSymplecticNNgHMC,0.4,autograd,high_dimensional_gaussian,SynchronousLeapfrog,0.1,"[0.9288415  0.9355063  0.9369671  0.9450234  0.9387922  0.93583
 0.9357137  0.9371512  0.919536   0.93387914 0.92678475 0.93817234
 0.94196147 0.9425281  0.9357395  0.9364381  0.9338956  0.9342646
 0.93820894 0.9362773  0.9404801  0.93688697 0.9458374  0.94067335
 0.9407672  0.9338125  0.93266195 0.93434787 0.9471035  0.93953705
 0.93850553 0.9304131  0.9389364  0.9338943  0.9400108  0.9383361
 0.94519794 0.93986124 0.93894446 0.944576   0.9304303  0.94327754
 0.93362176 0.9426056  0.9379901  0.93701875 0.9404596  0.93109083
 0.9417197  0.9380754  0.9332153  0.9412715  0.93290997 0.94253033
 0.93780565 0.9233079  0.93850374 0.9373373  0.9364687  0.9329494
 0.9385946  0.92856026 0.9364666  0.94067734 0.9479226  0.9408175
 0.9386152  0.9371753  0.9340497  0.9421525  0.93396854 0.94071865
 0.93806666 0.9402056  0.9337258  0.93243897 0.9350531  0.9339757
 0.93521345 0.93774724 0.9325479  0.9421209  0.93283033 0.93272084
 0.9400232  0.9337298  0.93415135 0.94052047 0.91888446 0.9441923
 0.9429287  0.93755454 0.9364635  0.93531656 0.931015   0.9370541
 0.94044507 0.9186703  0.9423014  0.9429059 ]",4.139117e-05,42.829087018966675,298.00849828164354
GradSymplecticNNgHMC,0.4,autograd,high_dimensional_gaussian,SynchronousLeapfrog,0.1,"[0.92879355 0.9355234  0.93695897 0.9450266  0.93878955 0.9358196
 0.9357276  0.9371497  0.91954917 0.93388575 0.92682064 0.93818223
 0.9419521  0.9425063  0.93573684 0.93642825 0.9339192  0.93429756
 0.9382396  0.9362874  0.94049776 0.93689317 0.9458458  0.9406931
 0.94078684 0.933836   0.9326726  0.9343537  0.9471023  0.9395102
 0.9384905  0.9304352  0.9389221  0.93393034 0.9400302  0.9383272
 0.9452132  0.93981904 0.9389472  0.9445693  0.9304137  0.9432955
 0.9336264  0.94260263 0.9380064  0.93702257 0.94046944 0.9311309
 0.9417031  0.93805873 0.9332218  0.9412583  0.93292546 0.9425359
 0.93780583 0.92325723 0.9385122  0.93734163 0.93646854 0.9329774
 0.9385853  0.9285791  0.9364451  0.94068146 0.9479176  0.94083804
 0.9386014  0.9371881  0.9340226  0.942163   0.93395084 0.9407315
 0.93804854 0.94020796 0.9337179  0.9323977  0.9350764  0.93395084
 0.9352064  0.93772334 0.93256676 0.94213295 0.9328272  0.9327485
 0.9400109  0.9337497  0.93413085 0.9405383  0.91892385 0.94418925
 0.94293714 0.93755114 0.9364562  0.93531865 0.93103456 0.93705195
 0.9404172  0.9186907  0.94231606 0.94288206]",7.3582664e-06,221.34107661247253,297.2388728370889
GradGSymplecticNNgHMC,0.4,autograd,high_dimensional_gaussian,SynchronousLeapfrog,0.1,"[0.92885435 0.93551826 0.9369671  0.9450099  0.9388193  0.9358313
 0.93573225 0.9371575  0.9195363  0.93386716 0.9267924  0.9381835
 0.94195765 0.9425487  0.9357526  0.93644285 0.9338976  0.9342925
 0.9382361  0.93628716 0.9404621  0.93692064 0.9458412  0.940684
 0.94077635 0.9338107  0.93269825 0.9343445  0.94710577 0.93951464
 0.938527   0.9304122  0.93892    0.93395466 0.9400282  0.938338
 0.94520086 0.9398419  0.93894356 0.9445686  0.930429   0.94329965
 0.9336466  0.94260156 0.93798035 0.93702114 0.94047606 0.93107337
 0.9417068  0.9380827  0.93322337 0.94128245 0.9329126  0.9425386
 0.937813   0.9232921  0.9385098  0.93732166 0.9364492  0.9329493
 0.938612   0.928607   0.93646646 0.94066274 0.9479183  0.94083565
 0.93863314 0.9371728  0.9340515  0.94214964 0.93395853 0.9407275
 0.93806016 0.9402021  0.9337225  0.9323993  0.93505067 0.9339878
 0.9352244  0.9377257  0.9325544  0.94214773 0.9328193  0.9327623
 0.9400368  0.93373895 0.9341306  0.9405397  0.9188804  0.94418925
 0.9429369  0.9375252  0.9364504  0.9353074  0.9310505  0.937045
 0.940454   0.91868323 0.9422978  0.94292057]",4.3214717e-05,118.73440217971802,299.0475187248181
HMC,0.4,autograd,normal_normal,SynchronousLeapfrog,0.1,"[0.93623036 0.9423935  0.9326613  0.91481805 0.923279   0.95217097
 0.9445491  0.9335576  0.9007556  0.89454937 0.94820774 0.94524163
 0.95089746 0.93476117 0.95030355 0.9464927  0.94927216 0.9260618
 0.95263517 0.9383806  0.936898   0.95442    0.9362828  0.9420745
 0.95293665 0.9061594  0.9504738  0.9438863  0.95139456 0.95134276
 0.9296173  0.91174746 0.9411127  0.95182705 0.93436337 0.9486868
 0.93897927 0.937904   0.9553516  0.9339099  0.94493127 0.93742645
 0.95061177 0.9340712  0.94068974 0.9316063  0.9406961  0.93605345
 0.92343324 0.9513774  0.93966377 0.90143335 0.94597334 0.9483566
 0.94787014 0.9484519  0.9470102  0.9374074  0.9406364  0.95423406
 0.9460706  0.9115634  0.9457041  0.93850803 0.9488883  0.9314096
 0.94260275 0.9448482  0.9459661  0.946741   0.9446676  0.950528
 0.943299   0.9266433  0.9364263  0.92655253 0.9327197  0.95354646
 0.9433907  0.9263999  0.9540162  0.9403507  0.95483685 0.9423103
 0.9349983  0.92894363 0.94021165 0.9532118  0.8565962  0.950528
 0.9449496  0.90680254 0.9447088  0.95205784 0.9331994  0.9536338
 0.94767135 0.9380204  0.937189   0.93754065]",1.3242922e-15,80.41032266616821,387.44245426214786
NNgHMC,0.4,autograd,normal_normal,SynchronousLeapfrog,0.1,"[0.93530893 0.9425644  0.9319844  0.9149345  0.9237227  0.9519173
 0.9449886  0.93271935 0.90131474 0.894225   0.9482155  0.9453515
 0.9509338  0.9348513  0.9503865  0.94653577 0.94931805 0.9263166
 0.9526574  0.93870485 0.9368619  0.95443887 0.9362235  0.94224083
 0.9528515  0.9061202  0.95067847 0.94407403 0.9516287  0.9513682
 0.92895377 0.9111096  0.94117135 0.95186174 0.9345557  0.94915885
 0.9388027  0.93774384 0.95540464 0.93430805 0.9450187  0.9375223
 0.9504814  0.9347617  0.9409997  0.93166006 0.94008625 0.9360126
 0.9235364  0.9518795  0.93966526 0.8730911  0.9459804  0.9484841
 0.94791573 0.9486666  0.9467284  0.938553   0.94065535 0.9541925
 0.9462465  0.90187037 0.9458494  0.93851066 0.9490306  0.93103063
 0.9426415  0.9450399  0.9460726  0.9465868  0.94479144 0.9505889
 0.9431157  0.9260408  0.9363885  0.9264137  0.9328493  0.9535719
 0.9434053  0.9232313  0.9540043  0.9407565  0.9548142  0.9425416
 0.9355477  0.9289774  0.94013613 0.95317686 0.856486   0.9505538
 0.94539213 0.90688705 0.94486284 0.9517478  0.93311167 0.9536421
 0.9476924  0.93671197 0.9376389  0.937418  ]",1.3358064e-15,69.65737867355347,363.4311687476255
NNODEgHMC,0.4,autograd,normal_normal,SynchronousLeapfrog,0.1,"[0.935382   0.9425766  0.9316448  0.9148957  0.9236023  0.9518942
 0.94506615 0.93243444 0.90093774 0.8942275  0.9482176  0.94539595
 0.9507904  0.9348272  0.9503438  0.946406   0.9493085  0.9259261
 0.95267457 0.93859243 0.9369067  0.9544489  0.9362213  0.942228
 0.95284957 0.905513   0.95069194 0.9441227  0.951664   0.95133436
 0.92877567 0.91056347 0.9411721  0.9518611  0.9346142  0.94921875
 0.9387414  0.937737   0.9554331  0.9343704  0.9449972  0.9375253
 0.95046127 0.9349033  0.94100285 0.9316782  0.93988883 0.93604344
 0.92354524 0.9519342  0.93965787 0.87125415 0.94597334 0.9484541
 0.94789493 0.94860333 0.9466919  0.93837965 0.9405396  0.95419073
 0.9462613  0.90100354 0.9458653  0.9385145  0.9490348  0.93093604
 0.94267434 0.94502354 0.9460799  0.9465561  0.94480443 0.95068717
 0.94304246 0.925831   0.9364095  0.9262986  0.932822   0.9534811
 0.94345033 0.9225747  0.95397943 0.9407584  0.95478785 0.94254535
 0.93550843 0.92889476 0.94006777 0.95317245 0.8560438  0.95056504
 0.945388   0.9069087  0.9449382  0.95168436 0.93308866 0.9536476
 0.94771624 0.9364276  0.9375733  0.93738604]",1.6487652e-14,48.25427961349487,350.9460491666527
Explicit NNODEgHMC,0.4,autograd,normal_normal,SynchronousLeapfrog,0.1,"[0.93565434 0.94238377 0.9327025  0.9151044  0.9232074  0.95206726
 0.9445221  0.9338662  0.9004721  0.8944272  0.94829893 0.94524777
 0.95109487 0.93481994 0.9502579  0.94655555 0.949269   0.9263691
 0.95257366 0.9383197  0.9367942  0.9543866  0.93623227 0.94186366
 0.95288706 0.9060621  0.9504142  0.9438566  0.95134485 0.9514104
 0.92952585 0.9126015  0.9412226  0.9518134  0.9342801  0.94867086
 0.93917406 0.93779457 0.9552846  0.9337014  0.94537973 0.93740624
 0.95045465 0.9342684  0.9405774  0.9315889  0.94090384 0.9361018
 0.92339796 0.9514097  0.9395931  0.86878264 0.94606864 0.94827574
 0.9479463  0.94850993 0.94698274 0.9385774  0.94070673 0.95417917
 0.9461238  0.90549564 0.9455714  0.93852854 0.9488348  0.9316342
 0.94255084 0.9448056  0.94584984 0.9467695  0.94455385 0.95046824
 0.9434792  0.92690885 0.93648577 0.92650145 0.93283355 0.95365775
 0.9433102  0.925817   0.95406455 0.9405379  0.9548513  0.9424054
 0.9354395  0.9291557  0.94021606 0.9532064  0.8539599  0.9505355
 0.9454318  0.90668714 0.94473016 0.951997   0.9332673  0.9535791
 0.9476945  0.937628   0.9376439  0.93773645]",9.941778e-15,67.47398686408997,356.0083126007148
SymplecticNNgHMC,0.4,autograd,normal_normal,SynchronousLeapfrog,0.1,"[0.9350459  0.94246006 0.9297444  0.9151661  0.9216337  0.9518134
 0.94403046 0.91911304 0.90114975 0.8927414  0.9485154  0.945553
 0.9503269  0.9340502  0.94978064 0.94568205 0.9488615  0.92421883
 0.9524354  0.9377006  0.9371268  0.9543538  0.93550634 0.94151354
 0.95307225 0.90681434 0.950598   0.9441676  0.95085096 0.95121926
 0.92725676 0.8933384  0.94181937 0.95149153 0.9346239  0.9480521
 0.9309187  0.9358413  0.95547986 0.9335167  0.94526553 0.93718475
 0.95046014 0.9356283  0.94043493 0.93065137 0.933936   0.93655175
 0.923664   0.95168847 0.9386007  0.86794186 0.9456363  0.9478266
 0.9468211  0.94817793 0.94637096 0.9366223  0.9399876  0.95423114
 0.945332   0.8964611  0.9454211  0.93802947 0.94892645 0.93164337
 0.9421789  0.94440913 0.9459731  0.9465386  0.9447565  0.9513397
 0.93794024 0.92723054 0.936396   0.9269955  0.9329211  0.9530751
 0.9434471  0.9088124  0.95391726 0.9384512  0.9546288  0.94121325
 0.9300987  0.928952   0.9398584  0.9528982  0.8431963  0.9504913
 0.94494265 0.9062747  0.9446533  0.9512371  0.93277645 0.9535753
 0.9481834  0.9317233  0.93077576 0.9294274 ]",0.009219592,76.67478919029236,9.06484760404686
GSymplecticNNgHMC,0.4,autograd,normal_normal,SynchronousLeapfrog,0.1,"[0.9356427  0.94233865 0.93311906 0.9148402  0.92255116 0.9521798
 0.94454145 0.9333941  0.9014613  0.8938958  0.9482182  0.9453818
 0.95089674 0.9345833  0.95035577 0.9463973  0.94931    0.92824805
 0.952587   0.93854994 0.93694067 0.954405   0.9364656  0.9421186
 0.9528793  0.9069721  0.9505384  0.9438647  0.9513237  0.9513353
 0.9298255  0.9125979  0.9411844  0.9518057  0.9343965  0.94856536
 0.93890476 0.93736905 0.95533645 0.93412054 0.9450424  0.9374344
 0.95058846 0.9344102  0.9408549  0.93156195 0.9408733  0.9361825
 0.9231057  0.9513024  0.9394834  0.89586616 0.94598174 0.94842327
 0.9477769  0.94855356 0.9469943  0.93812126 0.9407643  0.95423794
 0.94594806 0.91281843 0.94581366 0.93850505 0.94896597 0.93130016
 0.94266623 0.9449314  0.9460799  0.9467211  0.9447789  0.9505038
 0.94314307 0.9266385  0.93632096 0.926573   0.9328896  0.95356935
 0.94337356 0.92635953 0.9540059  0.9404535  0.9548299  0.9423591
 0.9352702  0.929265   0.9402935  0.9532181  0.8545345  0.95057434
 0.9452194  0.90649796 0.94454163 0.9520141  0.93311274 0.95364493
 0.94764346 0.9376912  0.9372544  0.937302  ]",0.0010526184,43.41198134422302,402.1377534548262
GradSymplecticNNgHMC,0.4,autograd,normal_normal,SynchronousLeapfrog,0.1,"[0.9355394  0.94248104 0.92956513 0.91446686 0.9214958  0.9517927
 0.94408846 0.9200995  0.90045303 0.89265263 0.9485027  0.9454479
 0.95027924 0.93389004 0.949698   0.94583386 0.9487301  0.92526054
 0.9525269  0.93752694 0.9369418  0.9543929  0.93546337 0.9412977
 0.9530648  0.9059505  0.9506272  0.9441311  0.9510271  0.9511577
 0.9272574  0.89550257 0.9418129  0.95157236 0.9349264  0.94838715
 0.9314372  0.93562025 0.955503   0.9332634  0.9453385  0.93723583
 0.95047784 0.93573475 0.9403548  0.9307499  0.93392056 0.9364096
 0.92344797 0.95189416 0.93845403 0.86612225 0.9455506  0.94773424
 0.946692   0.9481475  0.94637144 0.9371942  0.9398556  0.95422316
 0.94516826 0.89640653 0.94528955 0.938084   0.9488899  0.93127537
 0.9420651  0.9442987  0.9458631  0.9466049  0.94467723 0.9513277
 0.93841857 0.9267373  0.936228   0.9269433  0.9328145  0.953002
 0.9434659  0.9094359  0.9538774  0.93873787 0.9545743  0.94141555
 0.93069136 0.9287287  0.93977404 0.95291805 0.84638685 0.950436
 0.94495934 0.9063587  0.944741   0.95123357 0.93267983 0.9535894
 0.9481416  0.93204725 0.93135595 0.9300644 ]",0.0070534656,132.21911096572876,337.0321868369456
GradGSymplecticNNgHMC,0.4,autograd,normal_normal,SynchronousLeapfrog,0.1,"[0.9347527  0.9424968  0.9328755  0.9151919  0.92444324 0.9520936
 0.9447252  0.9344435  0.90154994 0.8945471  0.9482398  0.9451984
 0.9510519  0.93490756 0.950281   0.9464768  0.94929826 0.92624825
 0.95260525 0.9386756  0.9369339  0.95442295 0.93636787 0.9421402
 0.952916   0.906289   0.9507491  0.9440443  0.9515597  0.9512855
 0.9296514  0.9119281  0.94114053 0.9517808  0.93449914 0.94898355
 0.9397974  0.9376106  0.9553752  0.93407106 0.94510686 0.9374096
 0.9505787  0.9341124  0.9407234  0.9313368  0.94124067 0.9359562
 0.92328095 0.95144355 0.9396429  0.8976621  0.9459772  0.948306
 0.9478445  0.9485389  0.946864   0.9376863  0.94081235 0.9542632
 0.9460489  0.9134099  0.945642   0.9382385  0.94898796 0.93149984
 0.94245    0.9447564  0.94605815 0.9466982  0.94479036 0.9505893
 0.9433767  0.92694235 0.93641865 0.92646503 0.93281543 0.9535948
 0.943467   0.9264058  0.95399374 0.9403285  0.9548206  0.9423022
 0.9348106  0.92917395 0.9402811  0.95323455 0.8592739  0.950468
 0.94523144 0.906424   0.9451361  0.9519183  0.9331762  0.9537028
 0.94765425 0.9375071  0.93702507 0.9386562 ]",0.001068625,58.851823568344116,436.08257413731917
HMC,0.5,autograd,banana,SynchronousLeapfrog,0.1,"[0.9150983  0.97892904 0.9689677  0.8577608  0.8901807  0.9627354
 0.92077035 0.95176905 0.9850626  0.88681996 0.85459965 0.9113993
 0.890488   0.73745793 0.97327393 0.87927294 0.8873185  0.8483199
 0.97002333 0.9335785  0.97498196 0.9898553  0.8119871  0.95041007
 0.93732977 0.9839238  0.87727684 0.9314023  0.9470615  0.89438176
 0.90227115 0.931823   0.8234326  0.8765678  0.8029563  0.96771973
 0.81875867 0.92407525 0.98666203 0.9599556  0.9316491  0.9060168
 0.94792974 0.8149693  0.8123182  0.7490423  0.85551405 0.8953642
 0.9117591  0.9470309  0.8503324  0.9051363  0.95476675 0.96901053
 0.9439578  0.9118268  0.84396124 0.88080776 0.95249796 0.9807336
 0.93981475 0.9759244  0.9458884  0.94175005 0.8301241  0.86225814
 0.9782042  0.83815384 0.8307055  0.93129414 0.92921865 0.96401966
 0.91423863 0.94386786 0.848848   0.933331   0.91334724 0.92798513
 0.9597961  0.8875145  0.8838822  0.9339522  0.96407676 0.95514715
 0.98459506 0.94488275 0.94020414 0.9320659  0.98867357 0.9662072
 0.8972682  0.94609904 0.9498312  0.96887326 0.93237734 0.9248364
 0.9037694  0.9765903  0.9613799  0.929394  ]",6.2783557e-13,21.810222387313843,1.4861452741048964
NNgHMC,0.5,autograd,banana,SynchronousLeapfrog,0.1,"[0.92082596 0.8540205  0.43752703 0.58919924 0.7386872  0.91011417
 0.92150563 0.95240843 0.9140372  0.6095275  0.9067883  0.645318
 0.8899061  1.6652263  0.7352674  0.5372514  0.48063135 0.12895362
 0.14836898 0.80181694 0.7185596  0.8278624  0.35340056 0.67566824
 0.9023193  0.9830718  0.64617383 0.84904134 0.9306423  0.9453678
 0.14589942 0.36095095 0.91901815 0.85806006 0.683788   0.89295024
 0.6331548  0.06987962 0.97829217 0.9649061  0.789472   0.6129482
 0.9420737  2.3944545  0.28482074 0.85473365 0.0319837  0.9493916
 0.01504575 0.4393533  1.2229037  1.0736189  0.6781606  0.8249829
 0.2710638  0.8588819  0.64909834 1.6866974  0.6717067  0.9671905
 0.8497147  0.9732647  0.9264514  0.2364621  0.8674487  0.13458517
 0.70542693 0.787724   0.9387506  0.7356977  0.90029854 0.9440204
 0.93162    0.9263072  0.11157475 0.20638493 0.9333746  0.69935334
 0.9818031  0.22551644 0.9016527  0.81484187 0.7228991  0.95468634
 0.8558316  0.7498967  0.88274336 0.9260763  0.8045682  0.9246685
 1.309845   0.4535361  0.5406338  0.8859813  0.97332233 0.8812663
 0.8249606  0.62110853 0.97746336 0.88680285]",2.877698e-15,17.29732656478882,5.747057236519513
NNODEgHMC,0.5,autograd,banana,SynchronousLeapfrog,0.1,"[0.92245626 0.8856276  0.5011865  0.5332404  0.77456415 0.9311277
 0.8966352  0.9474063  0.91988057 0.55002093 0.9208138  0.59467006
 0.9002155  1.5553033  0.77966136 0.47021493 0.53795993 0.04569024
 0.22628975 0.7897805  0.76206195 0.8637454  0.3820274  0.7210471
 0.9029021  0.9831468  0.5967572  0.81979746 0.9401066  0.9543289
 0.21678615 0.42623162 0.9141959  0.87816113 0.6453023  0.91651213
 0.6471511  0.14028095 0.9780711  0.9647505  0.8257474  0.6616138
 0.9217126  2.2526627  0.39197    0.85575193 0.12679353 0.9359282
 0.09448956 0.4955933  1.1125125  0.95663977 0.724367   0.84319013
 0.33545107 0.8237828  0.5486716  1.5576462  0.71446484 0.979074
 0.8444146  0.97316855 0.92898506 0.30351913 0.8871441  0.20249426
 0.75116587 0.81865394 0.9381301  0.7281835  0.90205336 0.94452524
 0.9313717  0.9297737  0.18031347 0.27768362 0.9269706  0.7430024
 0.97906256 0.14041603 0.92058694 0.8483546  0.7671218  0.95468295
 0.88515425 0.7886855  0.9073148  0.94383395 0.8435235  0.9393195
 1.1843786  0.5157599  0.59293956 0.9109198  0.975994   0.8683413
 0.79654855 0.6720771  0.9751575  0.86250913]",4.4638106e-11,26.441458225250244,1.7586545799569793
Explicit NNODEgHMC,0.5,autograd,banana,SynchronousLeapfrog,0.1,"[0.9034157  0.9773463  0.92591256 0.63163257 0.8711232  0.888114
 0.9484513  0.92996323 0.7772362  0.07790792 0.76632917 0.13286474
 0.897568   1.2586315  0.9051136  0.19981739 0.8936731  0.65834785
 0.80190325 0.9312994  0.9606328  0.93371105 0.10683694 0.7778084
 0.89709485 0.9818224  0.2405356  0.8155236  0.9191117  0.94961774
 0.12142923 0.8734859  0.87034833 0.91211146 0.86899745 0.96233666
 0.18162358 0.06314059 0.980024   0.95207334 0.89352816 0.9210291
 0.81910485 0.91728467 1.968483   0.85717916 1.4606066  0.8670327
 0.5127214  0.28339967 0.34962583 0.06430145 0.9625165  0.68554324
 0.28066993 0.5927063  0.0803498  0.42430067 0.6909102  0.9879931
 0.86819077 0.974425   0.65414894 0.19014291 0.9102971  0.05909526
 0.8011192  0.81156486 0.65954226 0.77736855 0.9110273  0.94065905
 0.9291811  0.67384124 0.04552906 0.788546   0.5370846  0.94398516
 0.9618577  0.04656217 0.8722219  0.93077725 0.9711997  0.9546715
 0.7557971  0.9404861  0.958311   0.94543284 0.95751446 0.8969984
 0.00261054 0.7907001  0.48570943 0.9660606  0.9057883  0.53297055
 0.7512826  0.6807127  0.9553437  0.78135014]",4.7499907e-11,43.77489972114563,6.468822970645472
SymplecticNNgHMC,0.5,autograd,banana,SynchronousLeapfrog,0.1,"[0.04981553 0.13273564 0.6488666  0.83264893 0.3979089  1.9982922
 0.033666   0.3973157  0.97717446 2.2786033  2.8687952  4.0308433
 0.05935234 0.18315761 0.58395123 1.6640843  0.32091975 0.7557501
 0.19911437 0.1560096  0.01956999 0.5883446  2.034408   0.770839
 0.88110584 0.98280895 1.934318   0.42238316 0.23876941 0.43804878
 0.8947456  0.3831998  0.08147812 0.04356366 0.02738173 0.18538904
 0.908452   0.9064426  0.98799217 0.35351557 0.59017015 0.2005099
 0.44880432 0.745268   8.893286   0.8281433  7.429263   0.22757183
 0.7362777  0.9336357  0.82176733 0.4330593  0.5231077  0.9634854
 0.9383738  1.046042   0.7922055  0.744919   0.8246233  0.33264765
 0.46985227 0.97779024 3.503263   0.9307883  0.40464732 0.86153
 0.78524196 0.65509623 2.5511346  0.21252081 0.956701   0.9551228
 0.8608799  3.2608504  0.8513133  0.11454065 3.922401   1.7804039
 0.08325082 0.8749134  1.533678   0.39500353 1.4302295  0.9495623
 0.80293167 1.515332   0.15238051 0.52159494 0.4568265  1.0756619
 0.30413067 0.5862983  0.9094721  0.0689875  0.57421035 2.5956144
 0.564007   0.8661642  0.04395063 0.5010661 ]",2.0388236,48.77227449417114,1.2893325482378692
GSymplecticNNgHMC,0.5,autograd,banana,SynchronousLeapfrog,0.1,"[0.6406342  0.19922869 2.0768085  0.6566224  0.24816042 1.5219839
 0.9222812  0.9184542  0.6193969  0.78800964 2.579106   0.3287866
 0.52354974 0.99472797 0.22469306 0.7915821  1.011149   4.6069603
 2.4187286  0.890413   0.5797486  0.3958364  1.2202652  0.29234523
 0.89622986 0.98368776 0.73688406 0.8601953  0.48234102 0.7896766
 0.10738402 1.6786054  0.7198798  0.46055168 0.41977686 0.17090034
 1.1065366  0.10158353 0.9812937  0.85822266 0.34942898 0.49589723
 0.81719434 5.8972526  0.492599   0.7643541  0.27264515 0.80479383
 1.060108   0.27395904 1.7391847  3.703509   1.2679236  0.85929847
 0.09111786 0.79234093 1.4369335  3.2670438  0.33864427 0.69775695
 0.38399848 0.9731168  1.8286676  0.07287394 0.5226821  0.14125979
 0.29735446 0.5090024  1.306215   0.11913192 0.9498415  0.9329261
 0.8453293  1.6835964  0.08090912 1.9157238  2.1997347  2.288882
 0.79202783 0.3734668  1.1929729  0.3773204  2.2809     0.9562106
 0.7085597  2.1457176  0.19399308 0.6910958  0.20309769 0.19589442
 6.146968   0.35643956 0.341864   0.18863851 0.9340863  0.22734539
 0.82467335 0.31534922 0.784738   0.8377177 ]",3.7471862,21.736618280410767,17.465574938724096
GradSymplecticNNgHMC,0.5,autograd,banana,SynchronousLeapfrog,0.1,"[5.50238155e-02 1.77109718e-01 4.79267776e-01 9.38553214e-01
 4.37777221e-01 1.92038512e+00 9.95650887e-02 3.79540175e-01
 9.75018919e-01 2.46889281e+00 2.90935087e+00 4.22374487e+00
 7.15021696e-03 1.84798390e-01 6.34620309e-01 1.81104326e+00
 1.57467425e-01 6.12749815e-01 5.02067730e-02 1.53362036e-01
 6.03232197e-02 6.22870326e-01 1.78154600e+00 8.06057870e-01
 8.77658546e-01 9.82805133e-01 2.01611090e+00 4.62519974e-01
 2.02196211e-01 4.14053053e-01 8.90936852e-01 2.27918074e-01
 1.59965485e-01 1.13140076e-01 1.10019624e-01 1.56007454e-01
 9.09264326e-01 8.98260117e-01 9.87193227e-01 3.59522790e-01
 5.95837355e-01 7.11254627e-02 4.99406099e-01 7.83874214e-01
 9.42665482e+00 8.29319894e-01 7.85565281e+00 3.02244633e-01
 7.69390702e-01 9.36296642e-01 8.24272871e-01 5.44632673e-01
 4.46206927e-01 9.64782894e-01 9.39434290e-01 1.13875628e+00
 7.91633129e-01 8.02811027e-01 8.47820699e-01 3.38473409e-01
 4.86542791e-01 9.77459610e-01 3.40720534e+00 9.29326892e-01
 3.84739220e-01 8.56607676e-01 8.08877945e-01 6.49278641e-01
 2.62287378e+00 2.55095035e-01 9.56946850e-01 9.55398321e-01
 8.55983853e-01 3.16668582e+00 8.43588471e-01 8.89371894e-03
 3.99868822e+00 1.56207299e+00 6.56560957e-02 8.62023950e-01
 1.53919256e+00 4.49862123e-01 1.31245542e+00 9.50233579e-01
 8.15301120e-01 1.38044333e+00 1.75524935e-01 5.15844703e-01
 4.97380346e-01 1.01451397e+00 4.72715557e-01 6.37940407e-01
 9.22088981e-01 6.09342102e-03 5.53517282e-01 2.56520820e+00
 5.99282086e-01 8.87798488e-01 1.75333060e-02 5.64417541e-01]",2.123868,82.85602259635925,1.3554458952548174
GradGSymplecticNNgHMC,0.5,autograd,banana,SynchronousLeapfrog,0.1,"[2.66616046e-01 1.94727111e+00 1.37015045e+00 8.83721292e-01
 1.60893512e+00 5.71635580e+00 9.15882111e-01 8.33665967e-01
 8.29118133e-01 1.62069350e-01 3.43362732e+01 9.11520004e+00
 4.19834137e-01 4.36056805e+00 1.58905542e+00 7.56305397e-01
 4.29119682e+00 7.70295906e+00 1.55678558e+00 9.20235515e-01
 2.38965249e+00 9.60362673e-01 1.87939239e+00 9.36015487e-01
 8.90834451e-01 9.82830286e-01 8.99594873e-02 6.95993602e-01
 1.00618589e+00 3.98992389e-01 1.67921805e+00 2.92917705e+00
 1.67394847e-01 1.06982183e+00 4.87624884e-01 1.85503435e+00
 1.03669906e+00 1.57328105e+00 9.80726898e-01 6.01673841e-01
 9.03346539e-01 3.89931870e+00 3.87484908e-01 7.53105640e+00
 1.09519859e+02 5.90298831e-01 5.69928703e+01 3.38427871e-01
 4.61386299e+00 8.79802227e-01 7.32429409e+00 3.39207029e+00
 9.84434009e-01 7.54417896e-01 1.33788753e+00 4.03654516e-01
 4.67071056e+00 9.47746181e+00 5.20250797e-01 2.40822993e-02
 3.11697572e-02 9.74667728e-01 1.71112556e+01 1.51198483e+00
 1.20766602e-01 1.36783695e+00 9.52137232e-01 1.49760604e-01
 1.54844284e+01 4.20257092e-01 9.62430596e-01 9.33294415e-01
 8.52293909e-01 1.42932682e+01 1.39424133e+00 2.56450248e+00
 4.06274376e+01 3.52657962e+00 3.13611031e-01 2.81146693e+00
 3.77582502e+00 1.34117103e+00 5.05840397e+00 9.56569374e-01
 3.98412980e-02 4.23267889e+00 9.00457621e-01 1.01099476e-01
 1.55263615e+00 1.80772662e+00 2.00748014e+00 3.66845298e+00
 9.57923055e-01 1.45636487e+00 8.35948825e-01 1.38120937e+00
 5.28307855e-01 1.11293912e+00 1.95326850e-01 4.20251966e-01]",11.812319,39.82492399215698,26.48486719640831
HMC,0.5,autograd,gaussian,SynchronousLeapfrog,0.3,"[0.92820835 0.94440794 0.91463614 0.9163012  0.94538784 0.9499469
 0.9240469  0.94992006 0.9376828  0.9431639  0.931863   0.949079
 0.95141834 0.9455236  0.94834375 0.95357704 0.920145   0.9229321
 0.9439182  0.9547161  0.9452211  0.9290144  0.94097084 0.94681835
 0.9428517  0.9462463  0.9478984  0.9142234  0.933139   0.87863576
 0.93019265 0.9421154  0.9483175  0.94048464 0.9534925  0.957052
 0.937175   0.93198746 0.9258231  0.936639   0.9472448  0.9335
 0.9554101  0.92717236 0.89295596 0.94891477 0.9359638  0.9035778
 0.94838417 0.9371072  0.91242754 0.9395334  0.9459487  0.9317538
 0.93888277 0.94180024 0.91996825 0.9295138  0.9552711  0.94216955
 0.94503117 0.92834175 0.9536561  0.9460868  0.9446697  0.93119633
 0.9414849  0.9503478  0.9449197  0.9341954  0.8760719  0.9443612
 0.9302961  0.9507675  0.9272284  0.94246936 0.9520863  0.95108
 0.9475168  0.92056954 0.93329036 0.9281432  0.94395113 0.95031184
 0.93806255 0.92388654 0.940969   0.9559436  0.94563794 0.9320442
 0.9290797  0.9308567  0.9591901  0.93372715 0.956071   0.95065206
 0.9459084  0.9519717  0.9505062  0.93386877]",5.4536005e-15,17.911544799804688,2059.0784329836033
NNgHMC,0.5,autograd,gaussian,SynchronousLeapfrog,0.3,"[0.9283452  0.944436   0.91457164 0.9159744  0.9456577  0.95098084
 0.92266595 0.9501867  0.93808365 0.9437766  0.9322788  0.9491071
 0.9515481  0.946813   0.94844604 0.9534761  0.9191124  0.92323613
 0.94407195 0.9550812  0.94545984 0.9293747  0.9407586  0.94744295
 0.94369483 0.94622445 0.9478072  0.91319096 0.933198   0.872262
 0.93053985 0.9421133  0.948013   0.94038695 0.95367837 0.95715845
 0.9377691  0.93140733 0.9254062  0.9370944  0.9474802  0.93267477
 0.95559    0.9274098  0.89088976 0.9491446  0.93629074 0.90009874
 0.94808614 0.9371767  0.9128008  0.9398138  0.9463236  0.93237466
 0.9391836  0.94180954 0.92133594 0.9282712  0.9552841  0.94226444
 0.9449414  0.92728806 0.95392674 0.9461505  0.9444232  0.93128175
 0.9419012  0.95021915 0.9453355  0.9337718  0.8713074  0.9443145
 0.9298606  0.95138013 0.9274726  0.9422438  0.9520279  0.9517087
 0.94685954 0.9185211  0.93368626 0.9263713  0.9444804  0.95024824
 0.93776387 0.92451847 0.9407939  0.9561492  0.9463265  0.93174493
 0.9297888  0.9310481  0.959308   0.9334806  0.9557675  0.9508683
 0.9459071  0.9519231  0.95074004 0.9329339 ]",6.9672975e-15,16.72412610054016,2056.1922023103148
NNODEgHMC,0.5,autograd,gaussian,SynchronousLeapfrog,0.3,"[0.92813253 0.9444221  0.9147312  0.9159006  0.94570553 0.9510107
 0.92295074 0.95025814 0.93797463 0.94362915 0.9322467  0.9490058
 0.95154065 0.9468205  0.94840515 0.95350885 0.91952467 0.9234616
 0.94397515 0.9550323  0.94545364 0.9297013  0.9406419  0.947494
 0.94360447 0.9461864  0.9477851  0.9139706  0.9332522  0.87354964
 0.9304069  0.94221276 0.94799155 0.940312   0.9537058  0.95712173
 0.9375705  0.931626   0.92585695 0.93705165 0.9474184  0.9326153
 0.95554626 0.9273833  0.89171374 0.9491681  0.9365244  0.9004642
 0.94809234 0.9370322  0.9128894  0.93963325 0.9464761  0.9323146
 0.93927383 0.94195247 0.92132604 0.92859    0.95529526 0.9422638
 0.9449482  0.92726016 0.9538145  0.94617534 0.9444865  0.9312245
 0.9419031  0.9503069  0.9453062  0.9337222  0.8728706  0.9442479
 0.92990303 0.9514555  0.9277096  0.9424404  0.95198077 0.9517379
 0.94686365 0.9184424  0.9335663  0.92656636 0.9444344  0.950154
 0.93764275 0.9245595  0.9406998  0.9561145  0.9463433  0.9317087
 0.9299265  0.93103075 0.95930624 0.9332471  0.95572937 0.9508976
 0.9457493  0.9519455  0.9507704  0.93283147]",2.2286848e-14,13.86193299293518,2006.0509866103046
Explicit NNODEgHMC,0.5,autograd,gaussian,SynchronousLeapfrog,0.3,"[0.92848    0.9443225  0.91295594 0.9102328  0.94604874 0.9516381
 0.9221492  0.950529   0.938401   0.94427633 0.932467   0.94930077
 0.95148706 0.9471005  0.94828534 0.95347357 0.9184731  0.9223356
 0.94448966 0.955637   0.94544756 0.92879105 0.9406926  0.94862497
 0.944668   0.9463471  0.9482794  0.91205406 0.93343323 0.8661289
 0.9303622  0.94212925 0.94769716 0.94048965 0.9539927  0.95721316
 0.9373416  0.9315116  0.92543334 0.93646526 0.9473742  0.93273926
 0.9558306  0.9267765  0.8861575  0.9491743  0.93670785 0.8975954
 0.9476495  0.9367862  0.9103126  0.94028413 0.9470451  0.9313859
 0.9388692  0.9417669  0.9207298  0.92809045 0.9554223  0.9419813
 0.9452521  0.9275135  0.9544076  0.94623107 0.94412756 0.9310359
 0.94265354 0.9499897  0.945413   0.9331257  0.8624112  0.9442843
 0.92967737 0.9521739  0.9263824  0.9421884  0.9520351  0.9528613
 0.94656706 0.9166722  0.9335309  0.9263169  0.94473284 0.94989794
 0.937538   0.9240679  0.94082534 0.95623535 0.9459352  0.93215793
 0.92820454 0.93077374 0.9595033  0.93335027 0.95548606 0.9510657
 0.9459795  0.9518651  0.9509783  0.93345296]",2.5430272e-14,20.156489849090576,1964.2924574069687
SymplecticNNgHMC,0.5,autograd,gaussian,SynchronousLeapfrog,0.3,"[0.92805237 0.94435966 0.9143662  0.9155876  0.94526166 0.9500083
 0.9238477  0.94990456 0.9377649  0.9431531  0.9319192  0.9491264
 0.95139617 0.9455061  0.9483671  0.95357215 0.9200616  0.9228818
 0.943932   0.9546954  0.94519997 0.9288707  0.9410555  0.94680774
 0.9428425  0.9462595  0.94789094 0.9142949  0.93311524 0.87861174
 0.9303036  0.94208497 0.94830346 0.94041604 0.95347893 0.9570521
 0.937294   0.9320929  0.9258241  0.9366056  0.94723797 0.93341035
 0.95538443 0.92716205 0.8930706  0.94890344 0.93591297 0.9035182
 0.9483391  0.93721193 0.91244024 0.9395985  0.94596785 0.93181705
 0.9388554  0.941796   0.9199033  0.9295549  0.955259   0.9421487
 0.9450178  0.9283004  0.95365566 0.9460851  0.94456244 0.9310392
 0.9414635  0.9503461  0.9449174  0.9344191  0.8759111  0.94435346
 0.93053234 0.9507661  0.9272466  0.9424142  0.9520941  0.9510645
 0.9474524  0.9206227  0.93337023 0.9281785  0.94393814 0.95027363
 0.9379848  0.9239308  0.9409404  0.9559258  0.9456773  0.9321104
 0.9291148  0.930858   0.9591784  0.9337864  0.9560628  0.9506337
 0.9459459  0.95200515 0.9504778  0.93374085]",7.545308e-05,33.85732293128967,2074.286720960074
GSymplecticNNgHMC,0.5,autograd,gaussian,SynchronousLeapfrog,0.3,"[0.9281068  0.9440918  0.9137831  0.9150647  0.9450021  0.9504576
 0.923512   0.94973487 0.93788385 0.9437875  0.9325522  0.94902265
 0.95154536 0.94621384 0.9482528  0.953551   0.9204836  0.9231875
 0.94422424 0.9545913  0.9450462  0.9284915  0.9407939  0.9471518
 0.94290036 0.9460331  0.94801795 0.9147396  0.9331621  0.8792898
 0.9296402  0.94202185 0.9479637  0.9402189  0.9536427  0.9570795
 0.93660676 0.93125    0.92585933 0.9376099  0.9477644  0.93326426
 0.955577   0.9268912  0.89280593 0.9489368  0.9364586  0.90379447
 0.9482126  0.93651927 0.91222763 0.94020003 0.9460923  0.9328146
 0.9389577  0.9417609  0.91998625 0.9295103  0.95520943 0.94214594
 0.9453951  0.9285959  0.95360535 0.94607276 0.9441682  0.93036574
 0.9413905  0.9503418  0.94491243 0.9334053  0.876078   0.9443183
 0.92912143 0.9510347  0.9271385  0.94255006 0.9520361  0.9513857
 0.947207   0.9211391  0.9327204  0.92860365 0.94393986 0.9504112
 0.9377005  0.92507803 0.9407048  0.9557924  0.94598913 0.9324106
 0.9302921  0.93111515 0.9591011  0.93338394 0.9559741  0.9505603
 0.94596356 0.95154876 0.95039815 0.9331125 ]",0.00020352114,12.548155069351196,340.92271069932644
GradSymplecticNNgHMC,0.5,autograd,gaussian,SynchronousLeapfrog,0.3,"[0.92798686 0.944385   0.9143975  0.91639555 0.94541806 0.94988817
 0.92406213 0.94992656 0.93763995 0.94343185 0.93168354 0.94909406
 0.9513941  0.9458677  0.9483285  0.9536094  0.92008173 0.9230418
 0.9438884  0.9547491  0.9452547  0.9290321  0.9410228  0.94698346
 0.9429668  0.9462778  0.94784355 0.91410196 0.9332439  0.8789961
 0.93040764 0.9420413  0.9483534  0.94045377 0.95353067 0.9570576
 0.9373569  0.93229055 0.92592    0.9371098  0.9474427  0.93349886
 0.9554247  0.92720383 0.89310235 0.94889927 0.9361577  0.9036182
 0.94824046 0.9372901  0.9124996  0.9393401  0.9459686  0.9313981
 0.9387727  0.9417256  0.91992325 0.929675   0.9552978  0.942109
 0.9451586  0.9283969  0.95365226 0.9461131  0.9445114  0.93077105
 0.9416065  0.9503344  0.94491357 0.9344551  0.87596005 0.9443774
 0.9307253  0.950801   0.9271432  0.94242895 0.95207995 0.9512311
 0.9473071  0.92045164 0.93353033 0.9280398  0.943947   0.9502691
 0.93782943 0.9244691  0.9410659  0.9559969  0.9455371  0.932011
 0.9286823  0.9307189  0.95919883 0.9339236  0.9560274  0.9506623
 0.9459119  0.9520532  0.9505235  0.9333557 ]",0.00041664197,84.50481104850769,283.2694074058093
GradGSymplecticNNgHMC,0.5,autograd,gaussian,SynchronousLeapfrog,0.3,"[0.9281613  0.9441547  0.9140863  0.91611004 0.94528264 0.95063466
 0.92390174 0.9497954  0.9378948  0.94404316 0.93265694 0.9490306
 0.95150775 0.9465575  0.9482311  0.953557   0.9206294  0.92307794
 0.94428873 0.9546637  0.9450928  0.92882204 0.94073695 0.9474112
 0.9431248  0.9461354  0.94798535 0.9147954  0.9333658  0.8796023
 0.929759   0.9420644  0.9479426  0.94031847 0.95368266 0.95708513
 0.93676823 0.93129337 0.92611694 0.93781364 0.9477711  0.93345475
 0.95560974 0.9268374  0.8928644  0.9489336  0.9365965  0.9039008
 0.9481597  0.93664217 0.91221046 0.9402684  0.9461589  0.93299305
 0.9388737  0.94172144 0.9199526  0.92982817 0.95526075 0.9420902
 0.94551176 0.9290527  0.95359707 0.9460937  0.9442264  0.93039894
 0.9415657  0.95027053 0.94492143 0.9338056  0.8761551  0.94425887
 0.92928934 0.95124185 0.9271416  0.94247866 0.951985   0.9516021
 0.9471492  0.9211774  0.9328739  0.9287677  0.9439597  0.9503454
 0.9377011  0.92508554 0.94077253 0.9558805  0.9459286  0.9324411
 0.9305705  0.93102396 0.959136   0.93329066 0.95595837 0.9506335
 0.9459004  0.9516496  0.9504427  0.93302906]",0.00027457433,20.16677236557007,162.75333806238214
HMC,0.5,autograd,high_dimensional_gaussian,SynchronousLeapfrog,0.1,"[0.9358357  0.92824304 0.93705356 0.9328078  0.9480337  0.9360192
 0.9399476  0.94035995 0.933201   0.94178617 0.939125   0.92685986
 0.93000436 0.93267024 0.9341184  0.94993246 0.9338016  0.92666245
 0.9408282  0.9321522  0.938354   0.93732876 0.9426334  0.94398373
 0.9328272  0.928069   0.9406885  0.94413203 0.93373024 0.9356413
 0.9315715  0.94096565 0.93696326 0.9364042  0.92810917 0.9284381
 0.9399058  0.9422239  0.9425057  0.93070793 0.93789613 0.9420258
 0.9406082  0.94030035 0.9361286  0.9384235  0.93691534 0.94012237
 0.9292692  0.93604517 0.9451789  0.9376911  0.95056313 0.9397089
 0.9441565  0.93172973 0.9395503  0.9415771  0.9455487  0.9332573
 0.9336332  0.94370544 0.93363464 0.93985    0.93672055 0.93585443
 0.942383   0.93665576 0.9369721  0.94224024 0.9371402  0.9372176
 0.9444463  0.9414686  0.9333334  0.94161624 0.9300065  0.9312091
 0.94733083 0.93009746 0.93812776 0.931641   0.94187665 0.92730445
 0.9398688  0.9421579  0.9323468  0.9318156  0.9367115  0.93892395
 0.9160619  0.9330938  0.94052494 0.9410574  0.9420693  0.9398148
 0.93230534 0.93440735 0.9327423  0.93847317]",1.4984802e-15,50.725006103515625,274.45768328952494
NNgHMC,0.5,autograd,high_dimensional_gaussian,SynchronousLeapfrog,0.1,"[0.93581486 0.9281182  0.937024   0.93266237 0.9480497  0.9359673
 0.939953   0.9403449  0.9331641  0.9417965  0.9391098  0.9267761
 0.9299314  0.93260634 0.93402785 0.94996035 0.9337699  0.926531
 0.9408431  0.93215656 0.9383563  0.93728924 0.94265604 0.9439909
 0.9327698  0.9279164  0.94068563 0.9441447  0.933701   0.9356424
 0.9314491  0.9409673  0.93693304 0.93635434 0.9280038  0.9282923
 0.9398991  0.942235   0.9425297  0.93060696 0.9378648  0.9420614
 0.9406042  0.9403118  0.9361272  0.9384054  0.9369075  0.94013965
 0.9291035  0.93596905 0.94523084 0.93765557 0.9506086  0.9396961
 0.9441699  0.9316754  0.93955916 0.9416296  0.9455905  0.9332101
 0.9335985  0.94372153 0.9336009  0.9398505  0.9366702  0.93580127
 0.9423911  0.9366247  0.93697035 0.9422545  0.93712777 0.93720126
 0.944472   0.9414756  0.93339443 0.941642   0.92991877 0.93116444
 0.9473494  0.93005264 0.93814707 0.93157476 0.94191563 0.92709434
 0.93984336 0.94219154 0.93227285 0.9316907  0.93667746 0.9389082
 0.9157523  0.93304294 0.9405605  0.9411167  0.94210684 0.9398005
 0.9322604  0.9343621  0.9326601  0.93846023]",1.7445645e-15,47.51242923736572,268.4113182302257
NNODEgHMC,0.5,autograd,high_dimensional_gaussian,SynchronousLeapfrog,0.1,"[0.93584096 0.92818946 0.9370166  0.93271255 0.948038   0.93600786
 0.93993616 0.9403598  0.93315554 0.94179964 0.9391367  0.9267429
 0.92982787 0.9326081  0.9340838  0.94995487 0.9338044  0.9264414
 0.94083273 0.93212223 0.9383291  0.9373016  0.9426898  0.9439988
 0.9327401  0.9279336  0.9406883  0.9441441  0.93365526 0.93560934
 0.93153405 0.94095457 0.9369387  0.936388   0.92794675 0.92832994
 0.939885   0.94224584 0.94251317 0.93065804 0.93784904 0.94205797
 0.940571   0.9403042  0.9361517  0.9384471  0.936913   0.9401336
 0.9291191  0.93593013 0.9452078  0.93766403 0.950603   0.93971133
 0.9441843  0.9316179  0.93955755 0.9415722  0.94560623 0.9332408
 0.93354166 0.94372195 0.9335798  0.9398484  0.93674743 0.93579453
 0.94237626 0.9366611  0.9369792  0.9422485  0.9371397  0.93717384
 0.9444674  0.9414734  0.9332978  0.94162405 0.92989635 0.93112606
 0.9473833  0.9299989  0.9380884  0.9315869  0.9418882  0.927122
 0.93982786 0.9421673  0.9322979  0.9316847  0.9366689  0.9388833
 0.91577756 0.9330629  0.9405445  0.9411067  0.9421109  0.939834
 0.9322077  0.9343836  0.93266743 0.93846625]",1.3517969e-14,40.28770303726196,261.9539262258785
Explicit NNODEgHMC,0.5,autograd,high_dimensional_gaussian,SynchronousLeapfrog,0.1,"[0.9357986  0.92755574 0.93687    0.93226206 0.94811714 0.93584156
 0.93984854 0.9403135  0.93274534 0.9417724  0.9390806  0.9262136
 0.92944145 0.93227494 0.93386555 0.9500732  0.93343544 0.92549866
 0.9408743  0.9316999  0.9382472  0.9370551  0.942778   0.94398487
 0.9324242  0.92737997 0.94064844 0.9442487  0.93333983 0.9353721
 0.9310352  0.940948   0.9368099  0.93626565 0.9275204  0.9278234
 0.9397378  0.9422312  0.9425027  0.9300531  0.9377456  0.94216394
 0.940503   0.9402679  0.9359627  0.93822825 0.9367477  0.94004965
 0.9285345  0.93579924 0.9452345  0.93738544 0.9508695  0.93959475
 0.94420695 0.9313518  0.9394878  0.9416996  0.9457841  0.9328879
 0.9331807  0.94381654 0.933392   0.9398155  0.9365001  0.93543243
 0.94232434 0.9365126  0.9367722  0.94218564 0.9370634  0.9370215
 0.9446311  0.9414897  0.9328772  0.94159746 0.929394   0.9306752
 0.9475395  0.929574   0.93800354 0.9311937  0.941765   0.92630404
 0.93978405 0.94210804 0.9319042  0.93133986 0.93661296 0.93879694
 0.91447514 0.9326868  0.94054526 0.94096535 0.94222564 0.93968856
 0.93174165 0.93405867 0.93226975 0.93832624]",1.4249935e-14,59.07808566093445,221.37676439485412
SymplecticNNgHMC,0.5,autograd,high_dimensional_gaussian,SynchronousLeapfrog,0.1,"[0.93582475 0.92824477 0.9370534  0.93280745 0.9480344  0.93601865
 0.9399378  0.9403604  0.9331999  0.94179046 0.93913126 0.92686003
 0.93000925 0.9326741  0.9341215  0.9499316  0.93379784 0.926665
 0.9408288  0.93214893 0.93835086 0.9373328  0.942634   0.9439863
 0.9328329  0.92807263 0.9406872  0.9441376  0.9337327  0.93564457
 0.9315709  0.9409704  0.93696594 0.93640393 0.9281079  0.92843425
 0.9399068  0.9422227  0.94250715 0.93071127 0.9378974  0.942029
 0.94060624 0.9402994  0.93612975 0.93842196 0.9369178  0.9401273
 0.92926836 0.93604505 0.9451765  0.9376854  0.9505639  0.93970937
 0.9441606  0.9317295  0.9395542  0.9415777  0.94554746 0.9332592
 0.9336378  0.94370484 0.93363905 0.93984985 0.936717   0.9358565
 0.94238126 0.9366538  0.9369712  0.9422436  0.9371368  0.9372198
 0.9444461  0.94147253 0.9333253  0.94161147 0.93001    0.93120754
 0.94733214 0.9300968  0.9381272  0.9316459  0.9418756  0.927309
 0.93986416 0.9421557  0.9323485  0.93182266 0.9367131  0.9389261
 0.9160702  0.9330931  0.94052374 0.94105816 0.94206685 0.93981147
 0.932304   0.93440974 0.9327439  0.938471  ]",1.4670906e-06,100.82300734519958,281.6422257965096
GSymplecticNNgHMC,0.5,autograd,high_dimensional_gaussian,SynchronousLeapfrog,0.1,"[0.93585205 0.9282679  0.9370887  0.9328016  0.94803596 0.93601334
 0.93994373 0.940366   0.9332012  0.9417845  0.9391246  0.92684746
 0.93001556 0.93267    0.93409765 0.94993067 0.9337904  0.9266424
 0.94082564 0.93214196 0.93835115 0.93732584 0.942636   0.94397706
 0.93281686 0.92811143 0.9406752  0.9441389  0.93373275 0.935655
 0.93157196 0.9409709  0.9369587  0.9363839  0.9281219  0.92844534
 0.9399055  0.9422247  0.9424981  0.9307181  0.93792045 0.9420315
 0.94060725 0.9402871  0.93610907 0.9384281  0.93689936 0.9401304
 0.9292554  0.9360212  0.94517183 0.937688   0.95055807 0.9396915
 0.9441612  0.93171537 0.93953276 0.9415773  0.9455306  0.93327045
 0.93363494 0.9437119  0.93365145 0.93984926 0.93672633 0.9358444
 0.9423935  0.93665266 0.936978   0.942242   0.93715036 0.9372282
 0.9444484  0.9414775  0.93334645 0.9416282  0.93002814 0.93123627
 0.9473175  0.9300798  0.9381188  0.93164873 0.94187033 0.92729425
 0.93984526 0.94214594 0.9323497  0.9318373  0.93671036 0.9389257
 0.9160797  0.9331013  0.940516   0.9410553  0.9420611  0.9398214
 0.932299   0.93438476 0.9327662  0.93847513]",2.292949e-05,48.571486711502075,276.7940167054651
GradSymplecticNNgHMC,0.5,autograd,high_dimensional_gaussian,SynchronousLeapfrog,0.1,"[0.93582225 0.928255   0.9370675  0.93281305 0.94803476 0.9360099
 0.93993616 0.94035786 0.93319154 0.9417958  0.9391355  0.92686576
 0.93001366 0.93267643 0.9341341  0.94992876 0.93380165 0.92666835
 0.9408242  0.9321451  0.93835706 0.9373407  0.94263494 0.94398296
 0.9328367  0.9280895  0.9406822  0.94413847 0.9337308  0.935647
 0.93157184 0.9409703  0.93697184 0.93640804 0.92810524 0.9284336
 0.93990153 0.94221705 0.94251126 0.9307076  0.93789953 0.9420353
 0.94059914 0.94029653 0.93613017 0.9384185  0.9369155  0.94012606
 0.92926735 0.9360511  0.9451835  0.9376788  0.95056665 0.93970585
 0.9441662  0.9317306  0.939548   0.9415778  0.94554627 0.9332611
 0.9336444  0.9436984  0.93364155 0.9398502  0.9367156  0.9358613
 0.9423806  0.93665314 0.93697256 0.9422476  0.9371366  0.9372252
 0.94445175 0.94148123 0.9333395  0.94160956 0.93002415 0.93120503
 0.9473299  0.93010044 0.93813884 0.9316518  0.9418804  0.92733145
 0.93986416 0.94215393 0.93236274 0.931828   0.93671215 0.93893594
 0.91608226 0.9330982  0.94051933 0.9410631  0.9420761  0.93981624
 0.9323022  0.9344098  0.9327425  0.93847126]",4.9730647e-06,257.449419260025,278.89351718426934
GradGSymplecticNNgHMC,0.5,autograd,high_dimensional_gaussian,SynchronousLeapfrog,0.1,"[0.9358591  0.9282691  0.9370743  0.9328319  0.94804025 0.936018
 0.9399333  0.94036984 0.93320227 0.9417726  0.9391142  0.92683256
 0.9300163  0.93268335 0.9341013  0.94993055 0.9337896  0.9266564
 0.9408333  0.93214595 0.93835205 0.9373274  0.94263643 0.94398916
 0.93282557 0.9280642  0.9406556  0.9441328  0.93373764 0.9356531
 0.93157387 0.94098634 0.93695223 0.9364065  0.9281246  0.9284315
 0.9398973  0.94222367 0.94250906 0.93073434 0.93791646 0.9420287
 0.940613   0.94028986 0.9361164  0.9384231  0.9368951  0.94013834
 0.9292669  0.93601835 0.9451945  0.9376931  0.9505557  0.9397117
 0.9441511  0.9317219  0.9395517  0.94157207 0.94552994 0.9332566
 0.9336419  0.9437132  0.9336494  0.93984556 0.93671036 0.9358357
 0.9424016  0.9366621  0.93698186 0.94225407 0.93714285 0.9372368
 0.9444603  0.9414856  0.9333471  0.94163215 0.9300088  0.9312154
 0.94731843 0.930083   0.93812835 0.9316459  0.94186866 0.92730325
 0.9398572  0.9421514  0.93232363 0.9317853  0.93673104 0.9389319
 0.9160812  0.9330858  0.94052684 0.9410688  0.9420519  0.93981624
 0.93229425 0.934399   0.9327604  0.9384629 ]",2.8829976e-05,143.7908546924591,276.9795884170813
HMC,0.5,autograd,normal_normal,SynchronousLeapfrog,0.1,"[0.9363717  0.9388478  0.94002175 0.928596   0.9169776  0.95323294
 0.94292706 0.9323344  0.9488098  0.9224776  0.94104946 0.9203006
 0.9448384  0.9101548  0.94978523 0.9483583  0.9498757  0.90789384
 0.952629   0.9423933  0.910361   0.95336646 0.9458775  0.9470432
 0.9272337  0.93444246 0.94892645 0.9522319  0.94715357 0.9496221
 0.9477303  0.9500944  0.94293755 0.9369916  0.94364023 0.94196147
 0.9357914  0.9461945  0.91354847 0.86960304 0.9493593  0.9400565
 0.9524025  0.93845546 0.94732654 0.9406244  0.9350381  0.9352727
 0.9327172  0.93880576 0.9410264  0.93553865 0.93913305 0.9509443
 0.943697   0.9511344  0.91103363 0.9445292  0.929162   0.95210475
 0.9404572  0.89784    0.9514105  0.9464458  0.93402064 0.9388608
 0.94935673 0.9337587  0.9431078  0.9452696  0.94648284 0.9408013
 0.9151466  0.9516386  0.948379   0.940613   0.9452795  0.94678485
 0.9465186  0.93003607 0.94542253 0.952978   0.93044627 0.92160225
 0.8849764  0.8990294  0.9391913  0.94108963 0.9430547  0.92729616
 0.92124796 0.9410709  0.94140685 0.9492587  0.9231167  0.93098414
 0.94687    0.94104403 0.9516337  0.9428468 ]",1.000467e-15,82.51369428634644,429.776053413101
NNgHMC,0.5,autograd,normal_normal,SynchronousLeapfrog,0.1,"[0.9362607  0.9393775  0.9400727  0.9285145  0.91095006 0.9528619
 0.9431543  0.933288   0.9489454  0.91852015 0.94047916 0.91035616
 0.9447496  0.9092506  0.9496908  0.947845   0.9499215  0.90254056
 0.9527931  0.94200295 0.9114437  0.9534187  0.94566846 0.9468025
 0.9277045  0.9345061  0.94918174 0.95245636 0.94731045 0.9497058
 0.9480375  0.9508238  0.9432839  0.93709725 0.9433265  0.9414317
 0.93479294 0.9460368  0.91308373 0.8723564  0.95016164 0.93997806
 0.9522042  0.9380375  0.9470029  0.9406237  0.93596333 0.9327072
 0.93302155 0.9382011  0.94084895 0.9348032  0.93918467 0.9509134
 0.94340503 0.9506652  0.91109204 0.9449929  0.929813   0.95199084
 0.9401603  0.8994117  0.9511672  0.9468168  0.9343273  0.9383644
 0.9492756  0.9339442  0.9433012  0.94538    0.946125   0.9412834
 0.9150872  0.9511436  0.9484334  0.94089645 0.9458356  0.94675225
 0.9465668  0.92988056 0.9457478  0.95318115 0.9304568  0.9215593
 0.8852293  0.90071714 0.93888843 0.9401223  0.943056   0.92732763
 0.9210919  0.9417283  0.9427001  0.9488363  0.92031735 0.93094313
 0.94725466 0.9411151  0.95199627 0.94313926]",1.3241664e-15,70.34874963760376,369.4326809703129
NNODEgHMC,0.5,autograd,normal_normal,SynchronousLeapfrog,0.1,"[0.9367187  0.93922305 0.9400143  0.9284258  0.9146025  0.9531441
 0.9430749  0.933105   0.9490029  0.9213669  0.94059896 0.91605824
 0.9451269  0.9097078  0.9498067  0.9483619  0.94999504 0.90949297
 0.9527569  0.94253576 0.91008914 0.9534205  0.94578093 0.94728315
 0.927577   0.9342787  0.9491329  0.952192   0.94722843 0.9497361
 0.94801855 0.9502711  0.94272935 0.93707645 0.94386786 0.94221115
 0.9354433  0.94630164 0.9135925  0.8702475  0.94962776 0.9401369
 0.95241445 0.93850577 0.9473666  0.9405526  0.9356925  0.9342381
 0.93295693 0.9387065  0.9411539  0.93628776 0.93914765 0.9509828
 0.9436672  0.9510262  0.9114455  0.9447538  0.9293752  0.9520657
 0.94044304 0.89861786 0.951296   0.94659793 0.9341042  0.93852615
 0.94941187 0.93390715 0.9433369  0.9453001  0.94642365 0.9410447
 0.91497934 0.9516109  0.94838095 0.9403832  0.94539726 0.9469826
 0.9467391  0.9299735  0.9456425  0.9529945  0.9301674  0.9216341
 0.8842468  0.89861554 0.939011   0.94080293 0.9430291  0.9270889
 0.9213664  0.94203824 0.9430081  0.9492213  0.9223436  0.9307221
 0.94702935 0.94101405 0.9516586  0.94294584]",1.4438832e-14,51.616514682769775,358.04724668882113
Explicit NNODEgHMC,0.5,autograd,normal_normal,SynchronousLeapfrog,0.1,"[0.9365508  0.9388634  0.9399954  0.9285798  0.9154412  0.95324653
 0.94296277 0.9324457  0.94890726 0.9220657  0.940947   0.9174444
 0.9449023  0.9099199  0.9498104  0.9483874  0.9500673  0.906394
 0.9527952  0.94252795 0.9104671  0.95343274 0.9458634  0.94715613
 0.927461   0.93431115 0.94895285 0.9521033  0.9472499  0.9496705
 0.9479083  0.9500216  0.94284475 0.9370421  0.94385517 0.94245875
 0.9359536  0.9462919  0.91359186 0.8672089  0.94936776 0.9402373
 0.9524207  0.9384556  0.9474268  0.94059634 0.9351888  0.9351973
 0.9328073  0.9389719  0.94111794 0.9362857  0.9391279  0.9510486
 0.9437725  0.9510829  0.9113598  0.945066   0.929011   0.9520494
 0.9404378  0.8984484  0.95138204 0.9466531  0.93414897 0.93888843
 0.9493944  0.9338492  0.94312906 0.94528854 0.94634986 0.9407906
 0.9150393  0.9517445  0.94838446 0.94048566 0.94523525 0.94680643
 0.9465809  0.93001974 0.9454688  0.95296717 0.930549   0.92164916
 0.88440216 0.89898103 0.93923396 0.9411384  0.9430952  0.9273149
 0.92147017 0.9418215  0.94260037 0.9491838  0.9227475  0.9310302
 0.9470415  0.94104815 0.9515008  0.9431175 ]",1.2227311e-14,69.41912174224854,389.37295049323313
SymplecticNNgHMC,0.5,autograd,normal_normal,SynchronousLeapfrog,0.1,"[0.93626803 0.9386573  0.9392681  0.92919123 0.89253426 0.95279455
 0.94271505 0.9315846  0.9491336  0.9031013  0.9403254  0.90706605
 0.94403446 0.9116446  0.949685   0.9473332  0.94929427 0.90125036
 0.9525207  0.9413185  0.9099512  0.95326364 0.9452674  0.94609994
 0.9258262  0.93518734 0.9492866  0.95263976 0.94728607 0.9494626
 0.9474014  0.9508991  0.94382834 0.9363395  0.9425151  0.9387351
 0.9277539  0.9452313  0.906361   0.8713349  0.9503362  0.9389984
 0.95207334 0.9385326  0.9466711  0.94012547 0.93430036 0.925215
 0.932016   0.93444556 0.9411086  0.9325003  0.93915033 0.95075095
 0.94223726 0.95048    0.91124004 0.9441189  0.92848766 0.95191336
 0.9387121  0.89247054 0.95121115 0.9466621  0.93308663 0.938825
 0.94915044 0.9321126  0.94255036 0.9448707  0.9457852  0.9410116
 0.91571903 0.950964   0.94770396 0.9390828  0.9445774  0.9459866
 0.9457917  0.92993164 0.94524497 0.9532294  0.9301908  0.9212928
 0.88429374 0.8999256  0.9392401  0.9397878  0.9425785  0.92709196
 0.9206734  0.93992746 0.94179153 0.94834745 0.9085431  0.93072927
 0.9475739  0.94052285 0.9520504  0.9435507 ]",0.009314136,81.9293155670166,77.68090795552779
GSymplecticNNgHMC,0.5,autograd,normal_normal,SynchronousLeapfrog,0.1,"[0.9358506  0.93893087 0.9399519  0.9277804  0.91870725 0.9532194
 0.942928   0.9326562  0.948771   0.92210424 0.9410988  0.92062396
 0.94480866 0.91015613 0.9497738  0.9483239  0.9498844  0.91103953
 0.952635   0.9423355  0.91056204 0.9533719  0.94586986 0.94701874
 0.9273779  0.93445057 0.94882536 0.9521844  0.94720095 0.9496411
 0.94762194 0.9498482  0.94277257 0.9370152  0.9434651  0.94183767
 0.9362085  0.9461767  0.9134692  0.8692746  0.9490509  0.940094
 0.9524183  0.9382123  0.9473032  0.9406612  0.93533325 0.9353819
 0.93275464 0.9390051  0.94095314 0.93556845 0.9391322  0.950936
 0.9436321  0.95112514 0.91125935 0.9444256  0.92925334 0.95211077
 0.940361   0.8980001  0.9514019  0.9464258  0.93408954 0.938795
 0.9493325  0.93373156 0.9430946  0.94530237 0.9464204  0.94086826
 0.9153049  0.9515926  0.94833505 0.9404084  0.94484293 0.9467888
 0.9465618  0.9300289  0.94544256 0.9529805  0.9303762  0.9216454
 0.884417   0.8993139  0.93902016 0.9411584  0.94306827 0.92711985
 0.92132586 0.94064987 0.94110173 0.9492346  0.9225712  0.93083405
 0.9467311  0.94107264 0.95152044 0.94283426]",0.0003751442,49.51165056228638,436.61752754911856
GradSymplecticNNgHMC,0.5,autograd,normal_normal,SynchronousLeapfrog,0.1,"[0.93665683 0.93866324 0.93925655 0.9295087  0.8927659  0.95282364
 0.9426669  0.9316341  0.94906414 0.90273046 0.9404621  0.9068872
 0.94413084 0.9115735  0.94971657 0.9475993  0.9492601  0.90296364
 0.95251846 0.94154024 0.9098513  0.9532666  0.9452667  0.94620025
 0.92591256 0.9352089  0.9491643  0.95256877 0.9473094  0.949454
 0.94763446 0.9509837  0.9437103  0.93639183 0.94286245 0.9389319
 0.92744005 0.94512004 0.9066155  0.8700635  0.95034975 0.9390652
 0.95212495 0.93861735 0.9467778  0.939993   0.934303   0.924828
 0.93207616 0.9346306  0.94109595 0.93336934 0.93912315 0.9506899
 0.94200003 0.9506073  0.91077864 0.94433326 0.9284816  0.95195884
 0.9385051  0.89301157 0.95116466 0.94663596 0.93309915 0.938802
 0.9491706  0.932119   0.9425539  0.944765   0.9460362  0.9409729
 0.9156655  0.95105743 0.94785446 0.9391548  0.944489   0.9460332
 0.94584906 0.9297316  0.9452116  0.9532145  0.9301578  0.9212124
 0.8836753  0.8997278  0.9392378  0.9396503  0.9425792  0.92698324
 0.9205812  0.9404144  0.94231546 0.94847846 0.9084691  0.93074656
 0.94763774 0.9404082  0.9519675  0.94367117]",0.008621592,166.96412110328674,6.517737229756751
GradGSymplecticNNgHMC,0.5,autograd,normal_normal,SynchronousLeapfrog,0.1,"[0.93562007 0.9388272  0.93999755 0.92784643 0.91833276 0.9532024
 0.9429413  0.93227714 0.9487008  0.9225286  0.9409561  0.92115366
 0.944838   0.91079587 0.9497661  0.9482686  0.9498798  0.91113174
 0.9526458  0.94221056 0.91030395 0.953362   0.9458262  0.94705695
 0.92726505 0.93441075 0.9488969  0.9523317  0.94710004 0.9496349
 0.9475597  0.9500467  0.9431302  0.9370422  0.9434406  0.94181556
 0.93598735 0.9462724  0.91371715 0.86858416 0.9494033  0.9399452
 0.95239913 0.93797505 0.94732714 0.94063926 0.9348339  0.9354117
 0.9327643  0.9390096  0.9408638  0.9353094  0.93911743 0.95092046
 0.94373053 0.9511067  0.91106236 0.9446887  0.92956495 0.95205396
 0.9404545  0.8972323  0.9513685  0.946484   0.93414396 0.93887943
 0.949337   0.9338047  0.9430989  0.94536895 0.9463257  0.94082534
 0.91525304 0.9515609  0.9482781  0.9405416  0.9453683  0.9468632
 0.9465696  0.93004984 0.9453909  0.95299786 0.93035364 0.9214908
 0.88327706 0.8991191  0.9390804  0.9409112  0.9430566  0.9270939
 0.92119926 0.9408965  0.9413252  0.9491246  0.9232947  0.93081903
 0.9468648  0.9410442  0.9517168  0.94284695]",0.0005502267,74.47997975349426,451.83058008830386
HMC,0.6,autograd,banana,SynchronousLeapfrog,0.1,"[0.9272749  0.8919028  0.9780284  0.8534821  0.83968055 0.8860013
 0.93371695 0.9221775  0.9676517  0.8709039  0.94449306 0.92272633
 0.9717204  0.8109245  0.967059   0.87233037 0.9843113  0.91112506
 0.9517932  0.78518295 0.8804722  0.9919602  0.8568864  0.9659974
 0.9084298  0.9785286  0.9576726  0.96082866 0.98031276 0.96142054
 0.948462   0.9312475  0.90604913 0.9903855  0.85312223 0.94979954
 0.9164795  0.9025421  0.93048096 0.9599852  0.92286956 0.9197587
 0.8689146  0.87339276 0.888958   0.9309912  0.8855386  0.92095757
 0.93675965 0.97570837 0.8963771  0.93807936 0.9799161  0.9905082
 0.9331589  0.93179786 0.93126905 0.91612977 0.89890087 0.9446923
 0.93592536 0.95890784 0.968438   0.75194234 0.9601563  0.9397111
 0.9785274  0.74684334 0.95440215 0.86247176 0.89986706 0.9743883
 0.97452056 0.79646254 0.95514125 0.9198606  0.95444226 0.9867581
 0.96884096 0.88066757 0.96636313 0.7851801  0.9847206  0.8701817
 0.8998784  0.92589283 0.9690191  0.9181077  0.9793617  0.9577519
 0.9555723  0.95824194 0.9500264  0.94510525 0.9614725  0.96824074
 0.9471227  0.91530174 0.947941   0.92281246]",7.691625e-15,22.808592557907104,1.4629550561710511
NNgHMC,0.6,autograd,banana,SynchronousLeapfrog,0.1,"[0.92188597 0.6127834  0.57870865 0.28594625 0.28907847 0.8208828
 0.7024924  0.84947604 0.9700335  0.03715313 0.867294   0.5640512
 0.93837446 0.06725892 0.70140785 0.00706635 0.97908354 0.47775412
 0.8075385  0.47405922 0.9005758  0.9108733  0.2483264  0.6101532
 0.96622884 0.7237352  0.8753954  0.8880843  0.9319295  0.912811
 0.394806   0.51096904 0.64873195 0.96989524 0.20323035 0.8674922
 0.66764235 0.19028884 0.41322565 0.95787275 0.83945507 0.9258628
 0.9442327  0.42895383 0.61099994 0.21162245 0.11621972 0.5700994
 0.8777084  0.6909976  0.23921452 0.2580799  0.95061845 0.9803405
 0.23237741 0.95069027 0.36131796 0.03758939 0.33769673 0.91116923
 0.8955425  0.94639176 0.96599483 0.8461065  0.73150176 0.57264435
 0.8549234  0.73658913 0.9482469  0.74921155 0.5167006  0.821115
 0.89712286 0.7082701  0.89157414 0.46981716 0.9291959  0.8677198
 0.9427564  0.8514821  0.9764385  0.10748459 0.92883873 0.02729018
 0.64311546 0.78351974 0.9710134  0.82955015 0.8652913  0.9490247
 0.70752305 0.87393683 0.6606585  0.9060843  0.97212315 0.94891024
 0.88471496 0.01726617 0.97672653 0.76673955]",4.2810197e-15,19.738823652267456,4.594310915886689
NNODEgHMC,0.6,autograd,banana,SynchronousLeapfrog,0.1,"[0.9280948  0.5486177  0.49243912 0.37390646 0.20139246 0.7804967
 0.7579042  0.8743035  0.9549451  0.18979296 0.8945422  0.6520597
 0.91562116 0.12299888 0.62773466 0.1326537  0.97965544 0.38373744
 0.7549895  0.43935794 0.90064704 0.8777733  0.13228416 0.5457615
 0.96779937 0.65818256 0.90687215 0.9140588  0.8980745  0.93826663
 0.3149597  0.4440826  0.7167894  0.97109765 0.30171573 0.8306086
 0.72308826 0.11986504 0.3103065  0.9610617  0.7914657  0.90760106
 0.95528436 0.367329   0.6753253  0.1212855  0.23829257 0.6467726
 0.84373796 0.63289356 0.16187994 0.41748285 0.9254355  0.9717044
 0.1364603  0.9520707  0.28801915 0.05053823 0.25515133 0.92642546
 0.8784776  0.9509392  0.9443667  0.8325712  0.69432014 0.5147171
 0.8198017  0.686275   0.9649986  0.92911786 0.58284014 0.77506244
 0.85003066 0.6613976  0.9093908  0.3945603  0.9440541  0.82638013
 0.9600955  1.035188   0.9792751  0.2258855  0.89769554 0.14820677
 0.5836298  0.7255478  0.96018016 0.85787266 0.82731694 0.9544098
 0.76345587 0.86155957 0.60038954 0.8698606  0.9805629  0.959227
 0.9164926  0.15152751 0.97260064 0.8104757 ]",4.2845016e-11,26.24457812309265,7.8652062745421425
Explicit NNODEgHMC,0.6,autograd,banana,SynchronousLeapfrog,0.1,"[0.86546504 0.80195206 0.89860123 0.12528679 0.61945343 0.91467917
 0.50344634 0.8965696  0.8133782  1.0507917  0.7196409  0.15071183
 0.9677726  0.431767   0.9516305  0.904158   0.9806329  0.82784677
 0.9631412  0.237944   0.86616635 0.95087355 0.367943   0.78160834
 0.959392   0.94509    0.7424822  0.95437396 0.9633573  0.7030069
 0.60932064 0.49430725 0.10103973 0.9742193  0.0893917  0.937854
 0.4806698  0.20539324 0.8114392  0.84013575 0.9461951  0.7493329
 0.7262661  0.2755797  0.7208071  0.4978772  0.74419045 0.0260025
 0.9428586  0.7954713  0.33708736 0.43768442 0.9465103  0.8980772
 0.61497533 0.9588382  0.41284785 0.02617448 0.6307397  0.7712016
 0.77843714 0.7934252  0.8842346  0.6912726  0.49555692 0.30870834
 0.5588529  0.8584377  0.9031681  0.07725657 0.600438   0.93545794
 0.95641375 0.818871   0.95039624 0.7068573  0.86558646 0.96963596
 0.8295571  0.00587928 0.81589365 0.39111298 0.9878669  0.48758492
 0.7689693  0.93969935 0.97228146 0.8275938  0.8374607  0.8937706
 0.95227814 0.82581687 0.80969447 0.90347373 0.9849881  0.8286451
 0.49049562 0.55585575 0.97508496 0.47006997]",5.8636346e-11,43.100008726119995,20.892702963542344
SymplecticNNgHMC,0.6,autograd,banana,SynchronousLeapfrog,0.1,"[3.6559097e-02 7.7706015e-01 4.7547954e-01 2.0764236e+00 7.7805042e-01
 5.5812752e-01 9.6272463e-01 1.5656902e-03 7.6633239e-01 7.5860624e+00
 4.7019374e-01 4.5671005e+00 5.6514376e-01 4.3709263e-01 2.7271584e-01
 5.0260448e+00 9.8291242e-01 3.1987885e-01 4.2406875e-01 7.5399250e-01
 9.1091499e-02 7.3808944e-01 2.0055723e+00 9.0900248e-01 4.4393790e-01
 5.0752449e-01 4.4357571e-01 7.7903114e-02 2.0586455e-01 6.5750450e-01
 9.3620729e-01 9.2945111e-01 2.6869240e+00 9.9214315e-01 2.0049696e+00
 6.7764604e-01 9.6025181e-01 7.7760094e-01 4.1223091e-01 3.2556948e-01
 1.2162591e-02 7.9714894e-01 1.0802195e+00 9.0094090e-01 7.2418565e-01
 9.4715631e-01 4.5362787e+00 3.0246482e+00 6.5348756e-01 9.1530788e-01
 8.9796394e-01 7.0249861e-01 1.9385052e-01 9.1493958e-01 9.3242282e-01
 9.5428562e-01 9.2343473e-01 8.2347769e-01 8.5941410e-01 3.8935137e-01
 9.6432251e-01 5.9815335e-01 1.3813680e+00 7.0865977e-01 9.4623649e-01
 9.4039345e-01 9.4425315e-01 4.5797616e-02 1.7446116e-02 8.8243043e-01
 9.2755413e-01 7.4158525e-01 8.7601537e-01 6.2466276e-01 4.6552789e-01
 8.7160146e-01 5.5738173e-02 6.5459174e-01 2.3561490e-01 8.6885589e-01
 7.5591421e-01 7.5139463e-01 5.0519979e-01 7.7694607e-01 8.3267391e-01
 1.1878139e-01 4.0655541e-01 2.0964509e-01 8.4924269e-01 6.0895568e-01
 2.8065667e-01 9.6290767e-01 8.8794625e-01 1.3181686e+00 3.4299046e-01
 2.6394928e-01 2.8563612e+00 6.6547215e-01 3.7458587e-01 1.0899775e+00]",2.1001997,57.281617403030396,1.3583344646961883
GSymplecticNNgHMC,0.6,autograd,banana,SynchronousLeapfrog,0.1,"[5.5259869e+01 1.1049807e+02 7.2636877e+02 1.3708269e+02 3.2345157e+02
 1.0034000e+02 9.1835625e+01 2.6258682e+01 4.6919307e-01 3.5671882e+03
 1.1158523e+02 2.1363218e+03 3.5063026e+01 2.8544587e-01 7.7261475e+02
 1.1760369e+03 9.7839516e-01 1.3373962e+03 3.4156308e+02 7.3046935e-01
 5.2285339e+01 3.1558163e+01 1.9889316e-01 4.3738586e+01 1.1169344e+01
 3.8778610e+02 8.6896118e+01 1.0226261e+01 6.7223364e+02 2.0382964e+02
 6.3029812e+01 2.1121021e+01 9.4319617e+02 9.8560226e-01 9.1566101e+01
 7.4510956e+01 9.9152267e+01 6.3262975e-01 1.0183948e+03 2.2021823e+02
 7.0430688e+02 5.9812582e-01 6.4766888e+02 6.8823087e-01 2.0737202e+01
 8.2706596e+01 1.1022019e+03 9.3514691e+02 6.0050896e+01 4.4316113e+01
 5.1679974e+00 1.6577158e+03 5.0399521e+02 9.2383873e-01 1.6579727e+02
 9.6998686e-01 6.7688918e+00 1.3066553e+01 9.5190392e+01 1.4507642e+02
 9.5303887e-01 4.4204907e+02 1.5966107e+03 8.3330357e-01 3.5289645e-01
 5.1993263e-01 8.8551039e-01 5.3085193e+02 4.3871567e+01 1.3725726e+03
 2.1421356e+01 1.0182076e+02 1.6974358e+03 6.8382835e+01 8.8939685e-01
 1.4225400e+02 8.4557022e+01 8.7239952e+01 9.4334435e+01 1.5494296e+03
 5.3377808e+02 4.0210495e+02 1.0699370e+02 5.3591077e+02 5.3851776e+01
 8.7293262e+02 3.8121918e+01 2.5758018e+01 1.1519820e+01 8.6568534e-01
 9.1900861e-01 9.4398975e-01 8.2962082e+01 1.8140771e+03 1.4650023e+01
 1.4790198e+02 1.9686278e+03 1.0947992e+03 3.9411987e+01 2.5563231e+02]",46.57534,27.113723754882812,33.643579525858634
GradSymplecticNNgHMC,0.6,autograd,banana,SynchronousLeapfrog,0.1,"[0.18536738 0.8296947  0.6795497  1.8826447  0.8077524  0.6562092
 0.8101597  0.09754702 0.80951357 6.454622   0.2881914  3.778257
 0.6756339  0.34147298 0.5372482  4.434286   0.9811482  0.5532173
 0.61611736 0.7201513  0.26088175 0.81739044 1.8907493  0.9434632
 0.5044584  0.686363   0.28869364 0.16311848 0.09331857 0.43807024
 0.9318119  0.9201281  2.2499197  0.98988676 1.8968866  0.7546177
 0.81112456 0.70559597 0.63077176 0.09041981 0.26135838 0.8485495
 0.7496144  0.86031115 0.66168296 0.9150974  4.010156   2.5445478
 0.75797653 0.94918156 0.84542704 0.84957063 0.09230795 0.9374854
 0.9450505  0.95587575 0.89190817 0.74265355 0.87768954 0.17290092
 0.9677825  0.31744748 0.83389163 0.7625992  0.93801343 0.9232552
 0.9601676  0.25295502 0.10416636 0.9064259  0.8186282  0.82563543
 0.37688679 0.6929569  0.5219165  0.89453435 0.07607389 0.7645127
 0.06695765 0.8682639  0.4383962  0.76927847 0.6313174  0.8253519
 0.86769456 0.1978159  0.52097785 0.07147806 0.8956331  0.6634284
 0.1732655  0.95801485 0.92949784 0.7162442  0.4179717  0.06174334
 2.17274    0.7983761  0.46472046 0.8639035 ]",1.833808,78.00172805786133,1.3180954180085989
GradGSymplecticNNgHMC,0.6,autograd,banana,SynchronousLeapfrog,0.1,"[  5.7899547    5.960443    20.875011     5.6546354   10.690773
   6.373687     3.369615     0.7706672    0.6519232  148.85013
   3.904967    87.50836      2.8363285    0.3216496   24.96156
  58.01187      0.9790136   25.72401     11.756766     0.604975
   3.0836034    1.6846399    0.24432985   4.226377     0.69568586
  13.734825     3.3792853    0.5460505   17.018982     7.0487347
   3.8072047    1.0690775   20.96907      0.98019063   3.4631145
   3.4416082    3.3375196    0.58114094  31.222494     8.815924
  17.844229     0.93181103  18.633522     0.67204326   1.048061
   4.4396715   29.296852    22.342194     2.53026      2.061102
   0.50835764  44.033737    14.156927     0.93804586  17.35807
   0.96441287   0.674014     0.68079746  15.176605     5.529176
   0.9400546   11.631561    83.51959      0.8384999    0.39572605
   0.4990632    0.85031956  16.944593     2.3517308   59.51843
   1.0050943    3.9412484   54.87465      5.667398     0.8352771
   5.6857853    2.9821792    5.5765395    4.2419963   32.652374
  14.6751995   15.942196     5.521099    18.207848     3.4142873
  74.91899      2.9933803    1.0032564    0.64843524   0.9390949
   0.8627395    0.9345881    2.975829   163.16957      0.72625995
   5.68309     67.02544     30.49482      1.886834     7.36643   ]",4699.5547,51.41840124130249,3.067093579522229
HMC,0.6,autograd,gaussian,SynchronousLeapfrog,0.3,"[0.9107496  0.9337141  0.90721023 0.92941254 0.90348184 0.9388337
 0.9447252  0.95008725 0.9420929  0.9523982  0.9394585  0.9245512
 0.9446582  0.9412319  0.94098395 0.92615724 0.9506461  0.9409498
 0.9185132  0.9469061  0.9510951  0.93676347 0.9500661  0.9288552
 0.9287321  0.95964515 0.93497026 0.9459278  0.9434401  0.9243885
 0.94606465 0.92490244 0.958624   0.9175582  0.93033636 0.9430014
 0.9489662  0.95238394 0.9525089  0.9329437  0.95267344 0.94914293
 0.951743   0.95633334 0.95593214 0.95352525 0.9170475  0.92613
 0.95881855 0.9491455  0.9351921  0.9348256  0.9404928  0.9410893
 0.95813507 0.95563257 0.95173144 0.94295806 0.9502051  0.93920916
 0.9358659  0.88376    0.9519033  0.953776   0.9347205  0.9339254
 0.9358506  0.9383191  0.9449584  0.91560555 0.9421954  0.9552187
 0.92596483 0.95461786 0.941111   0.95945823 0.9272892  0.9453966
 0.94026965 0.90461934 0.9200224  0.91121185 0.9311732  0.94858706
 0.9430706  0.91094685 0.92724323 0.93839073 0.93626404 0.9405221
 0.93236107 0.95227855 0.93771553 0.94751596 0.95556897 0.95456666
 0.95186347 0.9444046  0.9444288  0.94426   ]",6.316059e-15,18.28465247154236,1884.4178586704893
NNgHMC,0.6,autograd,gaussian,SynchronousLeapfrog,0.3,"[0.9099531  0.93421113 0.90155697 0.9298556  0.9004725  0.93924606
 0.94525    0.95057887 0.9426662  0.95305717 0.93939775 0.92402524
 0.9446358  0.9420003  0.9407322  0.92632455 0.9507812  0.94051427
 0.91762817 0.94707346 0.9512028  0.9371699  0.95018995 0.9284228
 0.92886245 0.9598632  0.93517435 0.94588774 0.94311184 0.9229576
 0.9461588  0.92503184 0.95884866 0.9171827  0.9302287  0.9433985
 0.94920456 0.9527974  0.9530823  0.93305707 0.95284224 0.9496523
 0.95179987 0.9564166  0.956036   0.953448   0.9149318  0.92677605
 0.95899904 0.94944537 0.9344491  0.9337052  0.9400853  0.9421765
 0.9581069  0.9553492  0.95197475 0.9426981  0.950271   0.9397539
 0.9359704  0.88145816 0.95207286 0.9539051  0.93464744 0.9334089
 0.93645775 0.93833447 0.9446799  0.9148981  0.94210863 0.9554674
 0.92680854 0.95525026 0.94105816 0.95934856 0.92807424 0.9453392
 0.94030344 0.9028145  0.91947985 0.9115578  0.9308336  0.9484066
 0.943176   0.90738    0.9271108  0.93826765 0.9358696  0.9401499
 0.9332553  0.95263165 0.9375452  0.9476463  0.9555721  0.95479774
 0.9519886  0.9445691  0.9445753  0.94456244]",7.254059e-15,17.03441572189331,1874.7291732576602
NNODEgHMC,0.6,autograd,gaussian,SynchronousLeapfrog,0.3,"[0.91029906 0.93452233 0.9033859  0.9299854  0.8983793  0.9395363
 0.94545287 0.9505741  0.9425709  0.9531836  0.93919724 0.9239501
 0.9447541  0.94213605 0.9404533  0.9264312  0.9506506  0.9405686
 0.91695964 0.94715285 0.95123214 0.93710876 0.95035684 0.92852855
 0.92874014 0.95987034 0.9354377  0.94575876 0.94312763 0.9218651
 0.94634056 0.92488337 0.95888126 0.9170141  0.92989624 0.9438442
 0.9488549  0.95281684 0.9532277  0.9331829  0.95274365 0.94981027
 0.95188445 0.9563729  0.9559139  0.9534139  0.9151597  0.92724514
 0.9591284  0.94951886 0.9344505  0.9330718  0.9398052  0.9425324
 0.95820653 0.9553175  0.9519979  0.9426993  0.95018405 0.9397044
 0.9357316  0.87856215 0.95207185 0.9539226  0.93481827 0.9336037
 0.9365007  0.93804646 0.9445664  0.9139878  0.94217366 0.95548934
 0.9270877  0.955405   0.94098055 0.9592562  0.928473   0.9452545
 0.94047356 0.9027018  0.919326   0.9114081  0.93145597 0.9482979
 0.9429454  0.90635717 0.9269203  0.9387716  0.93567127 0.9400691
 0.933012   0.95257497 0.93758965 0.947781   0.95560807 0.95480716
 0.9519844  0.94436234 0.9443841  0.94454646]",1.8894623e-14,14.465662956237793,1834.7344301868918
Explicit NNODEgHMC,0.6,autograd,gaussian,SynchronousLeapfrog,0.3,"[0.9082255  0.93397903 0.8978288  0.92731094 0.895539   0.93933505
 0.9458693  0.95112693 0.94312406 0.9535853  0.9395797  0.92380846
 0.94430673 0.9424046  0.94094944 0.92620915 0.9507383  0.94038796
 0.91556287 0.94728506 0.951622   0.9374237  0.9505533  0.9278146
 0.9285579  0.96002996 0.9348592  0.9466946  0.9431528  0.9217628
 0.9463026  0.9240341  0.9591915  0.9168782  0.9298272  0.9431143
 0.94952965 0.9531824  0.95373267 0.93264806 0.95309925 0.9497138
 0.9518895  0.9564006  0.9561902  0.9532504  0.9124176  0.9261233
 0.9592788  0.94951594 0.9345533  0.93394697 0.93996704 0.94143164
 0.95825785 0.9552373  0.9520566  0.9431729  0.950127   0.93912125
 0.9357462  0.86992544 0.9520383  0.9540608  0.934026   0.9329157
 0.9365748  0.9379639  0.9443132  0.9134612  0.9422211  0.95600843
 0.9257798  0.95556325 0.94075775 0.9591591  0.9275068  0.94551533
 0.9402852  0.899783   0.9197775  0.90609634 0.9307956  0.94866526
 0.94281024 0.903561   0.9267533  0.93836355 0.93554926 0.94077635
 0.9323834  0.9528203  0.9371523  0.9475163  0.95545983 0.955095
 0.952104   0.9445797  0.9443848  0.9447001 ]",2.950669e-14,20.497488498687744,1785.8017800328444
SymplecticNNgHMC,0.6,autograd,gaussian,SynchronousLeapfrog,0.3,"[0.91085786 0.9337756  0.90723836 0.9292676  0.9034437  0.9389049
 0.94468784 0.9500732  0.94206065 0.95243645 0.9393942  0.92462367
 0.94467396 0.9412038  0.94094896 0.92616796 0.9506092  0.9409776
 0.91847867 0.94689286 0.95107746 0.936761   0.95008564 0.9289292
 0.92865866 0.9596516  0.934997   0.94593877 0.9434122  0.92441815
 0.94609517 0.9248974  0.9586263  0.91761273 0.9302796  0.9430399
 0.9489586  0.95237064 0.95250857 0.9330458  0.9526655  0.949183
 0.95172685 0.9563098  0.95591486 0.95351833 0.91706026 0.9261633
 0.95882595 0.94911325 0.9352044  0.9347694  0.94047374 0.9411132
 0.9581436  0.95565116 0.9517145  0.9430262  0.95018137 0.9392184
 0.93591136 0.88360465 0.9519169  0.95377004 0.9347323  0.9339511
 0.93579835 0.9383099  0.94493616 0.91571325 0.94218963 0.9552335
 0.9259238  0.9546194  0.9411     0.9594418  0.9272975  0.9454605
 0.94026417 0.90461636 0.9200234  0.9111233  0.9312059  0.9485647
 0.94303465 0.91098136 0.92732465 0.93836534 0.9362788  0.9405076
 0.9322216  0.952268   0.9377305  0.94750226 0.9555782  0.954565
 0.9518547  0.9443423  0.9444288  0.9442799 ]",2.5128047e-05,41.459616899490356,1940.237991598543
GSymplecticNNgHMC,0.6,autograd,gaussian,SynchronousLeapfrog,0.3,"[0.9100752  0.9339945  0.9075858  0.9301238  0.90313125 0.9394243
 0.94475996 0.95003885 0.9420823  0.9521917  0.9388849  0.9245204
 0.94433975 0.9419934  0.9409356  0.9259229  0.95033664 0.9406791
 0.91834474 0.9465656  0.95123285 0.93703794 0.9500661  0.92828244
 0.92798424 0.95954096 0.93452424 0.9460618  0.94322103 0.92439735
 0.9458884  0.9249681  0.95860404 0.91799736 0.9305761  0.9429927
 0.94926566 0.9526765  0.9527056  0.9319236  0.9528433  0.9495677
 0.9519579  0.9564748  0.95597214 0.9535488  0.9166503  0.9255311
 0.9588307  0.9496729  0.93510073 0.93460655 0.93993247 0.9418807
 0.9580821  0.9554779  0.9516405  0.9427904  0.95002306 0.9391545
 0.9352719  0.882403   0.95185053 0.95362806 0.9350974  0.9339897
 0.9355396  0.9383955  0.94492805 0.91445863 0.94227207 0.95518625
 0.92698574 0.95478666 0.9409827  0.95947045 0.9272172  0.9449196
 0.9401991  0.9050791  0.91939825 0.91001546 0.93087626 0.948686
 0.9427494  0.91070294 0.92748106 0.93808144 0.93636644 0.94057196
 0.9314259  0.952177   0.93745935 0.9476325  0.95557725 0.95450824
 0.9517449  0.94485515 0.94447297 0.9443698 ]",0.00030041338,12.254277467727661,1816.1292084988174
GradSymplecticNNgHMC,0.6,autograd,gaussian,SynchronousLeapfrog,0.3,"[0.9107546  0.9337189  0.9074132  0.9293553  0.9035499  0.9387951
 0.9448099  0.95010376 0.9420967  0.9524883  0.9394789  0.92447627
 0.9447192  0.94156075 0.9408893  0.9259901  0.95063585 0.94094944
 0.91849256 0.9468409  0.9510884  0.9367676  0.95008886 0.9289471
 0.9286207  0.95967245 0.93491733 0.94600314 0.9434351  0.9245118
 0.94609356 0.9249058  0.958635   0.91752595 0.9303281  0.94305265
 0.9490491  0.952439   0.9526242  0.9330372  0.9527213  0.9491283
 0.9517778  0.9563119  0.9559063  0.95349026 0.9169656  0.92624474
 0.95883465 0.94925785 0.9351311  0.9348602  0.94036067 0.9409944
 0.95815104 0.9556624  0.9516715  0.94308364 0.9501718  0.939235
 0.9359247  0.88364667 0.9519204  0.9537541  0.9346788  0.9339945
 0.93584585 0.9382396  0.94481564 0.9157088  0.9421658  0.95524853
 0.92620677 0.95465297 0.94098675 0.95941734 0.92737883 0.9454567
 0.9402431  0.90454596 0.9201123  0.91107976 0.93124723 0.94855547
 0.94297385 0.91102016 0.9273831  0.9384031  0.9363124  0.94052
 0.9324562  0.95228577 0.9376721  0.9474527  0.9555744  0.9545705
 0.9518339  0.94444454 0.94446295 0.9442868 ]",0.00014344795,117.29199528694153,1921.3707608153418
GradGSymplecticNNgHMC,0.6,autograd,gaussian,SynchronousLeapfrog,0.3,"[0.90978926 0.9339769  0.9079164  0.9309799  0.90343845 0.9395608
 0.945088   0.95011365 0.94208884 0.95252883 0.9391476  0.9244851
 0.9443183  0.9423076  0.9409391  0.9258547  0.9504951  0.9407837
 0.9184866  0.94658935 0.95119685 0.93709326 0.9500885  0.92870486
 0.9281572  0.9596466  0.9344381  0.9462956  0.943351   0.9248266
 0.94604367 0.92494476 0.9586371  0.9180481  0.9304208  0.94292724
 0.9493556  0.9527227  0.9528543  0.93244284 0.9529433  0.9496524
 0.9519107  0.9564394  0.95595855 0.95355165 0.91708416 0.92566603
 0.95883846 0.9496565  0.93495166 0.93484324 0.9399475  0.9421882
 0.95809126 0.9554732  0.9516015  0.9432394  0.95005435 0.93911
 0.9354992  0.8827981  0.951858   0.9536525  0.9350072  0.9340484
 0.9356936  0.93843955 0.94484663 0.9149761  0.94225997 0.9551851
 0.9270053  0.954962   0.9409134  0.95943534 0.927087   0.94526994
 0.9401773  0.9051813  0.9195587  0.91030836 0.9308095  0.9486248
 0.94280136 0.911312   0.92758405 0.9381878  0.9364238  0.9406322
 0.9319681  0.95225924 0.9374474  0.94760007 0.95555115 0.9545733
 0.9517362  0.9448268  0.9445138  0.94438994]",0.00045618482,16.68536686897278,1816.1407757330069
HMC,0.6,autograd,high_dimensional_gaussian,SynchronousLeapfrog,0.1,"[0.92261684 0.9265202  0.9400978  0.9420449  0.9368536  0.9377796
 0.94958353 0.9335207  0.9339439  0.9388685  0.9377963  0.9343295
 0.94223636 0.9347911  0.93588996 0.93466747 0.93829584 0.9385817
 0.93451655 0.93874574 0.9283012  0.94370306 0.93150425 0.93322176
 0.9367704  0.93480146 0.93777275 0.93884397 0.9382455  0.94076276
 0.929013   0.9326134  0.932106   0.93901384 0.9382197  0.93011355
 0.9369916  0.94153416 0.9361801  0.9280068  0.9390103  0.9392593
 0.9377245  0.9359368  0.9370738  0.94264936 0.93725574 0.9450067
 0.9364721  0.9413079  0.93887615 0.926806   0.9456408  0.9260699
 0.934587   0.9401804  0.9288413  0.9367223  0.9410617  0.93203133
 0.94062394 0.9421096  0.9403731  0.9436625  0.9319481  0.935565
 0.93750334 0.93996334 0.9432858  0.94076675 0.9349882  0.93910044
 0.9344715  0.9329654  0.9381304  0.9327232  0.94191396 0.93192375
 0.94201297 0.93547887 0.9388351  0.9355871  0.9368715  0.93431586
 0.9454832  0.9316799  0.94224286 0.93618166 0.931396   0.9353833
 0.94065034 0.9372425  0.94480866 0.9380368  0.9218065  0.93374085
 0.9326471  0.9367201  0.93442523 0.9432909 ]",1.3535559e-15,51.54375433921814,253.5159431168258
NNgHMC,0.6,autograd,high_dimensional_gaussian,SynchronousLeapfrog,0.1,"[0.9225689  0.9263498  0.9401393  0.9421255  0.9368081  0.9377672
 0.949623   0.93352175 0.9339572  0.9388356  0.93781865 0.9342917
 0.9422609  0.9347247  0.9359045  0.93464816 0.9383205  0.93858355
 0.93452585 0.9387392  0.92819786 0.9437215  0.9314134  0.9331101
 0.93680805 0.93479955 0.93777025 0.93884706 0.93822706 0.94078434
 0.9289365  0.9325795  0.93211496 0.93902934 0.9381982  0.9300585
 0.93697095 0.941579   0.9361328  0.9278938  0.9390008  0.93928975
 0.93770504 0.9359274  0.93706894 0.94266385 0.937251   0.94501704
 0.9364745  0.941292   0.938872   0.926619   0.9456541  0.92590463
 0.9345741  0.9401864  0.9287666  0.93670845 0.94111013 0.9320018
 0.94061136 0.9421362  0.9403908  0.9436883  0.9318983  0.9355563
 0.93751687 0.9399993  0.9433093  0.94076335 0.93501043 0.939075
 0.93450856 0.9328572  0.93812764 0.93262565 0.9419696  0.9318576
 0.9420233  0.9354645  0.9388415  0.9355666  0.9368335  0.9342818
 0.94550276 0.9315934  0.94227594 0.9361911  0.9313339  0.93534416
 0.9406287  0.9372244  0.94483346 0.93803644 0.92155695 0.9337249
 0.9326121  0.9367223  0.9344017  0.9432882 ]",1.6978195e-15,48.095099687576294,246.77724927403358
NNODEgHMC,0.6,autograd,high_dimensional_gaussian,SynchronousLeapfrog,0.1,"[0.9224024  0.9264459  0.94013774 0.94205797 0.9368739  0.9377744
 0.9496352  0.93348426 0.9338595  0.93889225 0.93780136 0.9343507
 0.94225395 0.9347386  0.9358856  0.93463105 0.9383191  0.93855
 0.93447274 0.9387774  0.9281906  0.9437642  0.93144673 0.9331479
 0.93679225 0.9347579  0.9377202  0.938852   0.9382396  0.940741
 0.9289278  0.932546   0.93203604 0.93903583 0.9382086  0.93006074
 0.9370185  0.94156927 0.93615043 0.9279175  0.93902415 0.9392433
 0.9377469  0.93591225 0.93708533 0.94268197 0.93724656 0.9450215
 0.93645716 0.94130874 0.93887186 0.9266287  0.94568527 0.9259817
 0.9345126  0.9401962  0.92876977 0.93669164 0.9410783  0.93198
 0.94065034 0.94212455 0.9403689  0.9436817  0.931895   0.93551636
 0.93748164 0.9399797  0.94330883 0.94077605 0.93498266 0.93908644
 0.93445104 0.9329564  0.9381458  0.9326838  0.9419656  0.9318482
 0.9420023  0.93545806 0.9388479  0.9355361  0.93688214 0.9343189
 0.94548553 0.9315628  0.9422385  0.93616503 0.9313835  0.93534327
 0.9406676  0.93728393 0.9448342  0.9379493  0.92150676 0.93370366
 0.9325752  0.93673325 0.9343704  0.94332266]",1.4031076e-14,41.26159739494324,240.84881996479908
Explicit NNODEgHMC,0.6,autograd,high_dimensional_gaussian,SynchronousLeapfrog,0.1,"[0.92197454 0.92585325 0.9402232  0.9422094  0.93668973 0.937576
 0.9499149  0.9332576  0.93370235 0.9386982  0.9377489  0.9341241
 0.94223756 0.93450344 0.9357192  0.9343035  0.93831086 0.93859935
 0.93424433 0.93860924 0.92767614 0.9437994  0.9308398  0.9326017
 0.93653965 0.93460405 0.9376261  0.93885297 0.9382094  0.940853
 0.92849433 0.9323642  0.931555   0.9389705  0.93812674 0.9296326
 0.93691367 0.9415881  0.93595713 0.927505   0.9389517  0.9392845
 0.93750095 0.935703   0.9368693  0.94259846 0.9372457  0.9451736
 0.9363053  0.9412713  0.9387867  0.9259566  0.9457582  0.92539144
 0.93432534 0.9401797  0.9281372  0.93661326 0.9412805  0.93157923
 0.9405837  0.9422025  0.94034183 0.9437704  0.9315021  0.935275
 0.9374012  0.93999594 0.9435026  0.94079614 0.93486893 0.939113
 0.93431723 0.9325255  0.93809956 0.93246377 0.94207704 0.9316057
 0.9420614  0.9351654  0.93878496 0.93536705 0.93656015 0.933915
 0.9455041  0.9311042  0.9422548  0.93606746 0.9310965  0.9352015
 0.9405724  0.9371766  0.945019   0.9378823  0.92051077 0.93337655
 0.93226624 0.93665665 0.9341748  0.94335616]",1.261017e-14,58.58858633041382,200.96856238981584
SymplecticNNgHMC,0.6,autograd,high_dimensional_gaussian,SynchronousLeapfrog,0.1,"[0.9226138  0.9265191  0.9401013  0.9420452  0.93685377 0.93777955
 0.94958305 0.93351907 0.9339422  0.9388733  0.93779564 0.93433064
 0.94223446 0.9347929  0.9358878  0.9346668  0.938295   0.93858135
 0.9345171  0.9387478  0.92829466 0.9437024  0.93150777 0.93321884
 0.9367708  0.9347987  0.937773   0.93884486 0.9382467  0.94075936
 0.92900336 0.9326099  0.9320973  0.9390141  0.9382183  0.93011427
 0.9369898  0.9415333  0.9361827  0.9280109  0.93901    0.939263
 0.9377235  0.93594086 0.9370731  0.94264984 0.93725795 0.9450073
 0.93647337 0.9413065  0.9388771  0.926811   0.94564164 0.92606914
 0.93459004 0.9401843  0.92884135 0.93672246 0.941059   0.93203324
 0.9406239  0.9421108  0.9403728  0.9436628  0.9319458  0.93556327
 0.9375059  0.9399617  0.94328606 0.9407634  0.9349899  0.9391026
 0.93447506 0.93296593 0.93813276 0.9327233  0.94191206 0.9319258
 0.94201183 0.9354798  0.93883365 0.9355933  0.936876   0.9343146
 0.94548273 0.9316834  0.9422433  0.93617916 0.9313986  0.9353858
 0.94065046 0.9372462  0.94481033 0.9380352  0.92181826 0.93374205
 0.93264866 0.93671626 0.9344257  0.9432882 ]",1.1700018e-06,108.17816162109375,278.0254979732633
GSymplecticNNgHMC,0.6,autograd,high_dimensional_gaussian,SynchronousLeapfrog,0.1,"[0.9226148  0.9265312  0.94010055 0.94203657 0.9368477  0.93777484
 0.94958305 0.9335203  0.9339417  0.938861   0.93778056 0.93430895
 0.9422275  0.93479127 0.9358842  0.93466663 0.93829316 0.93857753
 0.9345225  0.9387522  0.92830294 0.9437043  0.9315103  0.93320465
 0.93678105 0.9348259  0.93778336 0.93883693 0.93822783 0.940761
 0.92901915 0.9326118  0.9320883  0.93902385 0.9382037  0.9301192
 0.93698263 0.9415221  0.9361917  0.92799175 0.93901986 0.939245
 0.9377324  0.9359495  0.937073   0.942651   0.9372363  0.94500196
 0.93646616 0.9413103  0.9388735  0.9267963  0.94563425 0.9260732
 0.93457973 0.9401803  0.9288103  0.9366819  0.9410628  0.93203175
 0.94061077 0.9421027  0.94037354 0.94365823 0.9319514  0.9355639
 0.9375045  0.93995845 0.94328564 0.9407668  0.9349911  0.9390993
 0.9344717  0.93296164 0.9381322  0.9327337  0.9419006  0.9319152
 0.9419997  0.9354805  0.9388269  0.9355974  0.9368756  0.9343087
 0.94548607 0.9316726  0.94224536 0.9361772  0.93136203 0.93538016
 0.9406494  0.9372524  0.94481254 0.93802446 0.92179126 0.9337454
 0.93266076 0.9367134  0.9344199  0.9432921 ]",1.8598936e-05,53.42819619178772,278.1545837331858
GradSymplecticNNgHMC,0.6,autograd,high_dimensional_gaussian,SynchronousLeapfrog,0.1,"[0.9226205  0.92651814 0.9401027  0.9420409  0.93685454 0.9377816
 0.9495878  0.9335171  0.9339487  0.93888015 0.93779325 0.9343383
 0.94223875 0.9347896  0.9358854  0.9346684  0.9383038  0.93857974
 0.9345201  0.9387468  0.92828816 0.94370127 0.9315089  0.93321395
 0.93678284 0.93480414 0.9377661  0.93884563 0.93824404 0.94075936
 0.9289932  0.93261594 0.9320868  0.93902385 0.9382143  0.9301195
 0.9369869  0.9415287  0.93618476 0.92802    0.93901634 0.9392669
 0.9377274  0.9359373  0.9370729  0.94265425 0.9372594  0.94500697
 0.9364738  0.94131005 0.9388752  0.926816   0.94564295 0.92605484
 0.93459535 0.94019413 0.9288453  0.9367237  0.9410617  0.93203735
 0.9406227  0.9421153  0.94036806 0.94366926 0.9319479  0.93556094
 0.93750894 0.9399605  0.9432868  0.94076365 0.9349861  0.93910277
 0.9344801  0.9329649  0.93813604 0.93271923 0.94191897 0.9319308
 0.94201374 0.93547744 0.9388332  0.9355936  0.93687934 0.9343133
 0.94548    0.9316846  0.94224596 0.93617576 0.9314116  0.93538857
 0.94065374 0.9372432  0.9448112  0.93802905 0.9218342  0.9337513
 0.9326476  0.93671834 0.9344225  0.9432998 ]",3.1115023e-06,293.85048484802246,278.9694030882868
GradGSymplecticNNgHMC,0.6,autograd,high_dimensional_gaussian,SynchronousLeapfrog,0.1,"[0.9226303  0.92653453 0.94009304 0.9420423  0.9368508  0.9377834
 0.9495733  0.9335324  0.93393886 0.9388472  0.937798   0.9343101
 0.942222   0.9348147  0.9358942  0.9346649  0.93828404 0.93857145
 0.93452287 0.93875444 0.92830336 0.9437115  0.9315235  0.93320775
 0.9367773  0.93479604 0.93777025 0.93884563 0.9382238  0.9407623
 0.9290259  0.93262976 0.93210113 0.9390006  0.9381894  0.9301133
 0.93698454 0.9415311  0.9361801  0.927997   0.9390091  0.9392376
 0.9377391  0.9359565  0.9370722  0.94265336 0.9372506  0.94499844
 0.9364745  0.9413098  0.93885964 0.92677987 0.94563544 0.9260602
 0.9345802  0.9401797  0.9288313  0.9366951  0.9410542  0.9320323
 0.9406101  0.94210243 0.9403515  0.9436611  0.9319297  0.9355692
 0.9375123  0.93996334 0.943274   0.9407636  0.9349772  0.9390979
 0.9344742  0.9329667  0.9381288  0.9327213  0.9419176  0.93190956
 0.94200945 0.93549174 0.93883705 0.9355938  0.93689287 0.9343001
 0.9454834  0.9316847  0.94223845 0.9361714  0.9313817  0.93537724
 0.9406495  0.9372567  0.94482183 0.93803376 0.9217941  0.93375266
 0.9326618  0.93671405 0.934436   0.94330066]",2.577883e-05,167.20643782615662,277.2361032030012
HMC,0.6,autograd,normal_normal,SynchronousLeapfrog,0.1,"[0.87145156 0.9515108  0.9461958  0.9139396  0.91785634 0.9379084
 0.9420433  0.94604605 0.9484912  0.9399134  0.9347827  0.9499372
 0.9471995  0.91325915 0.9472736  0.9367931  0.9364904  0.92479146
 0.9486898  0.9444541  0.9389281  0.95383644 0.8897637  0.93269104
 0.9380517  0.9400935  0.9489937  0.91715974 0.95259875 0.9517386
 0.9361588  0.9489988  0.9323882  0.94726145 0.9418595  0.9406291
 0.94501007 0.9464601  0.93206966 0.9482126  0.9254817  0.9492721
 0.9138066  0.93406886 0.9469274  0.9471493  0.9418087  0.9485793
 0.95180386 0.95199287 0.91828597 0.9421894  0.92172754 0.94969195
 0.936039   0.93408936 0.9339094  0.9386178  0.94140786 0.93903816
 0.9413576  0.9361659  0.9276704  0.95151794 0.89926434 0.9434264
 0.92890584 0.9336602  0.9281579  0.9423026  0.9477334  0.9468231
 0.94979644 0.9069363  0.92924833 0.92925775 0.92902344 0.9376485
 0.9339502  0.92917126 0.951409   0.93647784 0.9294567  0.94082165
 0.9265854  0.937168   0.9478768  0.94441766 0.9514189  0.9465038
 0.9248382  0.93608856 0.93930763 0.95063484 0.93062705 0.9270305
 0.9296929  0.927925   0.9482202  0.9461913 ]",1.967454e-15,81.6061098575592,403.0086656360976
NNgHMC,0.6,autograd,normal_normal,SynchronousLeapfrog,0.1,"[0.8704469  0.9516872  0.94620866 0.91291225 0.9052807  0.93814677
 0.9420373  0.9467405  0.94848347 0.94039905 0.93306845 0.95019567
 0.9469484  0.9140784  0.9471232  0.9359857  0.9363443  0.9216722
 0.9488417  0.9436413  0.93910253 0.9538679  0.88075083 0.9327382
 0.93822765 0.9402318  0.94933337 0.91764414 0.95287865 0.95183456
 0.9365071  0.9492717  0.93077886 0.9472811  0.941425   0.93991745
 0.945354   0.9462356  0.9321723  0.9477401  0.9163046  0.94930243
 0.9131963  0.93400145 0.94642943 0.9474074  0.94252837 0.9489708
 0.95217526 0.952274   0.9183309  0.9421112  0.92145455 0.9496402
 0.936089   0.93423223 0.9340682  0.9388256  0.9412946  0.9390044
 0.941393   0.9369027  0.92807424 0.9518911  0.8998024  0.94341505
 0.92891806 0.9336704  0.9279647  0.9420621  0.9473347  0.9477211
 0.9501009  0.90664256 0.9286554  0.92913836 0.9235848  0.93797886
 0.9338738  0.930504   0.9514107  0.93665814 0.9291824  0.9409765
 0.92653775 0.93704987 0.9474971  0.9443895  0.9515235  0.9466028
 0.92513317 0.93639535 0.9390489  0.9502677  0.9258792  0.92722356
 0.92477435 0.9260608  0.9483327  0.9466085 ]",1.0109968e-15,70.35689902305603,360.2396767273622
NNODEgHMC,0.6,autograd,normal_normal,SynchronousLeapfrog,0.1,"[0.8677763  0.9514365  0.94622725 0.91350305 0.91147983 0.93802685
 0.94217443 0.9463203  0.9484817  0.9400529  0.9334694  0.9498857
 0.947399   0.91348577 0.94724697 0.93609923 0.9363982  0.9229456
 0.9488982  0.94394654 0.9390599  0.95383966 0.8837999  0.9324257
 0.9380929  0.9402217  0.9490733  0.91704434 0.952567   0.9517561
 0.9364392  0.9489411  0.93152016 0.9472828  0.94184893 0.9402994
 0.94489044 0.9466166  0.93228185 0.9482459  0.92069566 0.949229
 0.91345775 0.9340786  0.9467434  0.9472019  0.94215953 0.9484944
 0.9520673  0.9519858  0.91748846 0.94236153 0.92165697 0.949815
 0.93590677 0.93411463 0.93390834 0.93878746 0.94176245 0.9389119
 0.9414019  0.9368202  0.92758507 0.9515743  0.89847445 0.9433567
 0.92851275 0.9337753  0.92801946 0.9421777  0.94756496 0.94753146
 0.94992054 0.907114   0.9290666  0.92966855 0.92756504 0.93783104
 0.9336542  0.9317619  0.9513738  0.9368019  0.9293122  0.9410013
 0.926968   0.937216   0.94798076 0.94443953 0.9515413  0.94652456
 0.92472136 0.93635225 0.9391267  0.950765   0.92827165 0.92702293
 0.9273207  0.9280078  0.9482131  0.94614315]",1.5423518e-14,53.7340030670166,353.2884228217644
Explicit NNODEgHMC,0.6,autograd,normal_normal,SynchronousLeapfrog,0.1,"[0.8701227  0.95140696 0.94616973 0.9144579  0.9146316  0.937788
 0.94236106 0.9461388  0.9484881  0.9398868  0.93380976 0.94990104
 0.94731826 0.91330755 0.9474797  0.9364183  0.93656087 0.9243431
 0.949036   0.94431776 0.9387177  0.9538002  0.884236   0.93277204
 0.93795586 0.9399351  0.9490087  0.9170842  0.95245075 0.95177734
 0.9362936  0.9488592  0.9325316  0.9472394  0.94191444 0.94082844
 0.94499606 0.9465286  0.93229884 0.9484757  0.92305064 0.9492461
 0.91325635 0.9341304  0.9468977  0.94702667 0.94189584 0.94847
 0.9519856  0.95183456 0.91834867 0.94228303 0.9218844  0.94971865
 0.93607485 0.9339951  0.9337406  0.9388151  0.9414689  0.9390809
 0.9413419  0.93667734 0.9276893  0.9513528  0.89889085 0.9433794
 0.92892784 0.933666   0.9283073  0.9423599  0.9476242  0.9470393
 0.9498677  0.90747833 0.92929524 0.93010753 0.9288561  0.9375655
 0.9338746  0.9311556  0.9513394  0.9368791  0.92951334 0.9410278
 0.9270686  0.93707484 0.94804853 0.9444787  0.95151365 0.94648504
 0.9248128  0.9362916  0.93992937 0.9508704  0.929775   0.927052
 0.92901295 0.92809904 0.948248   0.94605917]",1.505487e-14,71.33296823501587,355.58508293813696
SymplecticNNgHMC,0.6,autograd,normal_normal,SynchronousLeapfrog,0.1,"[0.8729644  0.9513787  0.9459984  0.91374433 0.8994937  0.9380347
 0.94070756 0.9463669  0.9484989  0.94040316 0.9330315  0.9499916
 0.9475684  0.9118357  0.94694424 0.9352354  0.9363024  0.9182749
 0.9486102  0.94369906 0.93894494 0.9538151  0.88056964 0.93241084
 0.9381487  0.94000477 0.9489719  0.9167546  0.95255536 0.9516429
 0.93579787 0.9490296  0.9294331  0.9471538  0.9408302  0.9374957
 0.9451322  0.94584453 0.93055177 0.9480972  0.9082999  0.9490123
 0.90884864 0.9323509  0.946264   0.94692105 0.94241303 0.94883054
 0.95200396 0.9520246  0.91744536 0.9407603  0.92107505 0.9496195
 0.93563676 0.93430126 0.9330896  0.93785715 0.9412756  0.9391799
 0.94098175 0.9356431  0.9275404  0.95167446 0.8987786  0.9439222
 0.929551   0.9318161  0.9281572  0.94197655 0.94738215 0.9473556
 0.94987667 0.90574265 0.9284484  0.9259434  0.92121935 0.93749666
 0.9342437  0.9299164  0.9514866  0.9347919  0.9293345  0.9398966
 0.92351663 0.93784666 0.9475137  0.94436425 0.9515733  0.9463391
 0.92587125 0.9367656  0.9384017  0.95056075 0.92046034 0.9268457
 0.9183761  0.92440337 0.94814396 0.9462225 ]",0.013042443,106.33708810806274,278.79531715283633
GSymplecticNNgHMC,0.6,autograd,normal_normal,SynchronousLeapfrog,0.1,"[0.8713126  0.95152557 0.9462139  0.91381204 0.9199943  0.9378232
 0.9419869  0.945991   0.94844663 0.93999213 0.93483627 0.9499542
 0.9471483  0.9132945  0.9471692  0.93643874 0.9365686  0.9255656
 0.9486319  0.94444835 0.9389231  0.9538479  0.89052194 0.9327018
 0.9380659  0.9400706  0.9489969  0.9170513  0.9526166  0.95174885
 0.93611115 0.9490165  0.9327571  0.947262   0.94218254 0.9408621
 0.9450594  0.9463849  0.9319205  0.94828725 0.92582864 0.94928074
 0.91382694 0.93397665 0.94709224 0.9472538  0.9417743  0.94860023
 0.9518248  0.95202065 0.918189   0.9424988  0.92185915 0.94966054
 0.9360549  0.9339446  0.933895   0.938529   0.94127053 0.9390065
 0.94138575 0.9360683  0.92764735 0.951565   0.8988247  0.94337416
 0.92881125 0.93353915 0.9281148  0.9423164  0.94783586 0.94701135
 0.9498152  0.9071082  0.929101   0.9291422  0.9294068  0.93767947
 0.93396795 0.930107   0.9513755  0.9363203  0.92949533 0.94074196
 0.92634153 0.9370124  0.947945   0.9444083  0.9513836  0.9465253
 0.924809   0.93631446 0.93963426 0.95062447 0.93083185 0.9271103
 0.9300704  0.92766047 0.9482028  0.9461581 ]",0.00023620365,52.58403825759888,406.6030426193741
GradSymplecticNNgHMC,0.6,autograd,normal_normal,SynchronousLeapfrog,0.1,"[0.87675875 0.95188093 0.94561625 0.9138129  0.8834237  0.9372276
 0.93916166 0.94744146 0.94848555 0.9407212  0.9332417  0.9502515
 0.94685507 0.91272724 0.9465437  0.93582195 0.935883   0.9111011
 0.9483778  0.9433305  0.93886805 0.9538604  0.872942   0.93298924
 0.93803537 0.93989533 0.9488535  0.9152968  0.95297694 0.9517457
 0.9358074  0.9497074  0.9205598  0.9471698  0.94085693 0.93494505
 0.9458128  0.94566405 0.9293995  0.9476685  0.90129393 0.9492237
 0.90688103 0.9340581  0.9462917  0.9472399  0.9413063  0.9488737
 0.95201033 0.95249814 0.92047775 0.94042885 0.9216232  0.9490886
 0.93611735 0.9338047  0.93434465 0.9383451  0.94072545 0.9383783
 0.9407827  0.9335994  0.92667836 0.9521243  0.89790267 0.9436221
 0.92869043 0.9309119  0.92793244 0.9419193  0.9472682  0.9471831
 0.95030254 0.9067318  0.92716014 0.9224366  0.91452456 0.9367765
 0.93375844 0.9287402  0.95156443 0.9338659  0.9295472  0.93972003
 0.9199265  0.93692344 0.94699323 0.9437355  0.95148027 0.9462783
 0.92535424 0.9366681  0.93843794 0.9499469  0.9168004  0.926217
 0.9116448  0.9246058  0.9486388  0.9473557 ]",0.008934394,167.0488932132721,7.3021319138135325
GradGSymplecticNNgHMC,0.6,autograd,normal_normal,SynchronousLeapfrog,0.1,"[0.872259   0.9515597  0.94616127 0.9140586  0.9177681  0.93790424
 0.9418775  0.9462339  0.9484574  0.9398977  0.9348792  0.9500375
 0.9471196  0.9131605  0.9472488  0.9365627  0.93658006 0.9244804
 0.94872224 0.9444515  0.93888986 0.95384204 0.8910446  0.93276453
 0.93803704 0.9400821  0.94898176 0.9172044  0.9526958  0.95175695
 0.936095   0.9490439  0.93254304 0.9472567  0.942009   0.9406327
 0.9451446  0.94637054 0.93210864 0.94815874 0.92593235 0.94927
 0.9138645  0.93395936 0.9470436  0.9471259  0.94165766 0.9487442
 0.95190495 0.95204973 0.91829294 0.94200087 0.92182195 0.94964474
 0.93611497 0.9341179  0.93397367 0.9385748  0.941281   0.9389676
 0.94136643 0.93618774 0.9277422  0.95158315 0.8992087  0.9433586
 0.92892236 0.93371475 0.9282944  0.9423233  0.94774866 0.94681215
 0.94987106 0.9069493  0.9292605  0.929327   0.9298099  0.9377162
 0.93386686 0.9294719  0.95140743 0.9364712  0.9295696  0.94078606
 0.9267418  0.937139   0.94784826 0.94437474 0.9513931  0.94646406
 0.9249892  0.93625855 0.939958   0.9505746  0.93075264 0.9270778
 0.9299798  0.9285521  0.9482324  0.9464013 ]",0.00035512954,86.09007668495178,419.6589837896127
HMC,0.7000000000000001,autograd,banana,SynchronousLeapfrog,0.1,"[0.91007936 0.96559757 0.9733714  0.8607291  0.87182564 0.9467144
 0.7147781  0.9507577  0.9587846  0.8546447  0.96758187 0.8407589
 0.857438   0.72186846 0.9683924  0.8340446  0.98121566 0.8973112
 0.97062176 0.9396419  0.9854393  0.9862366  0.83815813 0.9661438
 0.9067523  0.95887107 0.96251744 0.89472055 0.96811295 0.950555
 0.9710516  0.9582912  0.8311428  0.83878076 0.8264296  0.7873883
 0.90287864 0.9269811  0.9779738  0.9518158  0.8885686  0.9235367
 0.83716315 0.8498613  0.86870664 0.9050025  0.8596722  0.8941118
 0.9756117  0.9244177  0.9093574  0.9348682  0.97370446 0.97983855
 0.91402066 0.9371276  0.9015912  0.90354055 0.85617465 0.9694303
 0.95194525 0.9532585  0.9710044  0.93845624 0.9509634  0.88544035
 0.9889604  0.9410819  0.95812464 0.88774    0.8736846  0.8453368
 0.97163075 0.9274342  0.95564556 0.94871664 0.9366541  0.9377583
 0.9185796  0.8750777  0.9590292  0.95092475 0.9719434  0.956413
 0.98351765 0.96238846 0.87089217 0.8120963  0.9958781  0.93129146
 0.95148325 0.957087   0.93311304 0.96932137 0.94100094 0.98674047
 0.9175819  0.93397754 0.9675414  0.87015575]",3.1718627e-13,23.975619316101074,1.4144196989725706
NNgHMC,0.7000000000000001,autograd,banana,SynchronousLeapfrog,0.1,"[0.9219792  0.8804668  0.64589345 0.66298604 0.24790373 0.9028839
 0.01723173 0.96289825 0.9479162  0.5556257  0.9755656  0.09783506
 0.8848773  1.7740293  0.29363167 0.22913778 0.6731485  0.28039435
 0.47241375 0.55799663 0.9782988  0.8791299  0.42154154 0.59313315
 0.96439904 0.32434905 0.9353279  0.953462   0.83981436 0.86224973
 0.6870698  0.5460049  0.06841542 0.86490315 0.6873314  0.7742688
 0.8277747  0.34932634 0.5640678  0.94483495 0.87049854 0.85248077
 0.28707093 0.16169657 0.4490561  0.12180689 0.15319696 0.4653154
 0.8002051  0.2699871  0.85587996 0.24548957 0.85618985 0.8971243
 0.53155124 0.8386468  0.15020813 0.20278007 0.29637548 0.9562664
 0.3011123  0.94962204 0.9631662  0.24474171 0.8868601  0.32768682
 0.881132   0.96318054 0.9531821  0.01554866 0.8999841  0.10372488
 0.8631675  0.9106889  0.8516516  0.74356383 0.9497158  0.8911147
 0.96899575 1.2638533  0.9356599  0.59000576 0.8210583  0.826566
 0.8765797  0.927688   0.81809044 0.76636523 0.9772309  0.7908045
 0.3389349  0.7133225  0.3409023  0.8132738  0.8077916  0.99167204
 0.7617528  0.47650856 0.9813015  0.6785499 ]",3.9790393e-15,18.870678424835205,5.200060389137132
NNODEgHMC,0.7000000000000001,autograd,banana,SynchronousLeapfrog,0.1,"[0.93054855 0.9301536  0.75133944 0.5705062  0.39650545 0.94818866
 0.17196143 0.95842713 0.92918223 0.3969655  0.96094453 0.11865668
 0.87910104 1.5920079  0.4524084  0.46279144 0.7494158  0.43966278
 0.61297417 0.64290893 0.9834237  0.9259264  0.31543761 0.6769055
 0.94830656 0.4849618  0.9087992  0.9544252  0.91139066 0.79253405
 0.75580156 0.6331676  0.14687125 0.87909335 0.62225914 0.73829937
 0.7504523  0.4226365  0.6919636  0.9283506  0.8477135  0.89453995
 0.10126798 0.05990746 0.31568483 0.25774843 0.3930379  0.29216442
 0.85732144 0.3848666  0.86431885 0.03299028 0.92246103 0.9366263
 0.29517767 0.77736974 0.25815508 0.05119365 0.09294502 0.97669905
 0.40928036 0.9529933  0.95580673 0.353767   0.8618638  0.41748834
 0.92446154 0.9731672  0.9316459  0.14362013 0.85016245 0.25110874
 0.9240931  0.9376089  0.8932873  0.8031659  0.926999   0.9256808
 0.9632117  1.0104991  0.8947518  0.6686325  0.8974695  0.8781032
 0.9260278  0.9511911  0.7745061  0.8137908  0.9865906  0.84836864
 0.43619794 0.7756781  0.44380373 0.87940145 0.71634597 0.9877486
 0.67938155 0.558593   0.9715707  0.6046357 ]",5.4625957e-11,25.9197838306427,11.26720218729486
Explicit NNODEgHMC,0.7000000000000001,autograd,banana,SynchronousLeapfrog,0.1,"[0.9244847  0.9444103  0.95450497 0.43096924 0.73670423 0.9223596
 0.46099156 0.9652361  0.8738288  0.3149916  0.90908754 1.0609604
 0.8714804  1.4148214  0.8160617  1.3702164  0.7957244  0.7962229
 0.91094124 0.7475187  0.9363694  0.98072743 0.78114057 0.7586448
 0.87513125 0.8434105  0.9732473  0.8955592  0.94586575 0.43393418
 0.63162315 0.6581018  1.0611947  0.86054623 0.87546176 0.61074007
 0.41140074 0.03598407 0.94374514 0.74528515 0.6250663  0.9020054
 0.7747575  0.48084402 0.01089443 0.5504968  1.3435329  0.53742737
 0.8570291  0.53335285 0.84344053 0.51060694 0.93895453 0.9660773
 0.328405   0.8520528  0.19218513 0.24773249 0.42286453 0.98283213
 0.49030146 0.78204143 0.8067955  0.32970157 0.934905   0.083474
 0.92294765 0.8456558  0.97539014 0.41926187 0.72851104 0.596673
 0.9467015  0.89809537 0.6764306  0.75279975 0.7332082  0.938992
 0.81694114 0.31589127 0.56550133 0.55393445 0.9709791  0.8987181
 0.9835471  0.95712054 0.54737043 0.79774684 0.93285054 0.9096455
 0.29480362 0.61101425 0.45967588 0.9714558  0.23570523 0.9575245
 0.28281024 0.2207912  0.98221576 0.6279603 ]",6.7372524e-11,41.58432722091675,1.720350852490463
SymplecticNNgHMC,0.7000000000000001,autograd,banana,SynchronousLeapfrog,0.1,"[0.35754442 0.7387273  0.26116854 1.4694316  0.30358395 1.6798977
 3.0594213  0.18899839 0.15567237 7.3264036  0.1864768  9.984785
 0.27638403 0.6097511  0.41434795 7.602333   0.9483177  0.3106986
 0.08062857 0.9119205  0.8986286  0.61841476 0.15371683 0.9450754
 0.37457213 0.06187618 0.45598274 0.2951041  2.6062036  2.7276716
 0.9669773  0.95022696 9.432955   0.18344621 0.09600908 0.6762639
 2.3424273  0.74803495 0.22202781 1.4009117  2.1704917  0.77275217
 9.852029   0.4204274  2.6164114  0.92041224 8.592188   9.699352
 0.8890786  0.9281162  0.907074   0.7576351  2.6022193  0.69260114
 0.8425417  0.52277756 0.8033409  0.79598606 0.68341756 0.46343553
 0.914672   2.8890038  1.1333998  0.900845   0.5009184  0.8551955
 0.8043375  1.8609127  0.548154   0.85352534 0.86122674 0.7489066
 1.5606658  0.6584642  0.9252958  0.8916416  1.5505962  0.19187143
 1.2719864  0.7377779  4.1505885  0.9539596  1.2600662  0.8321395
 0.35102338 0.5750644  1.2199602  0.64924204 0.9437741  0.6777195
 0.8830061  0.9416992  0.9299035  0.18842623 4.894983   0.7687008
 3.005766   0.93019736 0.28744993 0.9402353 ]",3.698891,83.02722215652466,1.2964103694958262
GSymplecticNNgHMC,0.7000000000000001,autograd,banana,SynchronousLeapfrog,0.1,"[1.23531641e+04 7.82756640e+07 4.82222400e+07 2.42243625e+05
 1.01924376e+08 2.49786496e+08 3.19724000e+05 1.24337402e+03
 5.45668906e+04 4.95559520e+08 1.62120609e+05 9.47381760e+08
 5.20559448e+02 2.19809174e+02 1.15392496e+08 1.02495736e+08
 4.57766937e+02 5.02552928e+08 1.74043616e+08 1.11219404e+04
 9.53142345e-01 9.82334844e+04 6.30285621e-01 1.11362854e+03
 6.25323625e+05 2.71482944e+08 8.96903396e-01 1.52469838e+06
 1.03348141e+09 4.59931840e+07 4.87760124e+01 2.59714722e+02
 7.46574848e+08 1.64298656e+05 5.30383377e+01 2.37456000e+05
 1.49902180e+07 7.09864497e-01 2.15531248e+08 3.73858400e+07
 9.37784880e+07 2.55755356e+02 1.35407078e+09 4.46737480e+00
 1.45000338e+06 1.34441312e+05 2.21247968e+08 1.48049331e+09
 2.30978424e+02 1.92567554e+03 8.71486545e-01 1.34767216e+08
 9.80423424e+08 1.67268457e+03 1.58606208e+08 8.15344421e+02
 1.49765808e+02 5.30927344e+03 1.12878400e+08 3.12794922e+03
 3.53018738e+02 3.99472000e+08 2.67726120e+07 1.26407379e+02
 8.71568441e-01 2.76300964e+01 3.56861816e+02 1.27115248e+08
 9.28314865e-01 1.39546328e+04 5.45874000e+05 1.03191670e+07
 3.33583328e+08 3.20827606e+02 9.51736908e+01 1.05729187e+02
 2.81916480e+07 2.94626875e+06 3.03123160e+07 2.72369580e+07
 5.07259744e+08 1.07525070e+02 3.04402848e+08 3.42372284e+02
 2.08866725e+06 2.01126978e+03 6.36040600e+06 9.87473267e+02
 9.75873351e-01 4.02661250e+04 4.37474365e+01 3.03893356e+01
 1.79602661e+02 1.57651200e+07 3.26493056e+08 9.38445747e-01
 4.56327600e+07 6.36663818e+01 2.64497162e+02 2.01308789e+03]",5.3766357e+10,31.717432737350464,40.98492019613493
GradSymplecticNNgHMC,0.7000000000000001,autograd,banana,SynchronousLeapfrog,0.1,"[0.20371377 0.9564338  0.01319346 1.6235931  0.15173101 1.7253546
 3.3625178  0.06970844 0.35439974 6.450774   0.32652426 9.034016
 0.04070377 0.08521374 0.2032672  7.2578773  0.86444974 0.4143784
 0.1554141  0.8318242  0.84079194 0.43940005 0.43936214 0.87460613
 0.47362036 0.1494931  0.33366165 0.3854184  2.4681704  2.750486
 0.9192971  0.89212483 8.543909   0.09392081 0.3517542  0.94144595
 2.317908   0.85821354 0.42357945 1.5957689  2.3390002  0.62477016
 8.92564    0.62915325 2.7695053  0.92540884 7.956458   8.47743
 0.7800292  0.8873207  0.9342879  0.5958859  2.5276303  0.5264989
 0.72375345 0.6975373  0.87445706 0.9082584  0.5269811  0.32955796
 0.94879985 2.7703514  1.3312941  0.924247   0.38914952 0.8787136
 0.6714196  1.8784778  0.43984827 0.9377429  0.9611381  0.6167115
 1.6487386  0.54618436 0.85286105 0.8091094  1.589928   0.08286419
 1.3394003  0.8083242  3.9367404  0.9040692  1.3618934  0.6995255
 0.15668058 0.41291535 1.5222569  0.55624115 0.8994068  0.5578461
 0.94999886 0.8859962  0.9136166  0.03304164 4.5970993  0.6901996
 3.055127   0.92593354 0.16277753 1.1467845 ]",2.7642548,111.59304356575012,1.293918952702529
GradGSymplecticNNgHMC,0.7000000000000001,autograd,banana,SynchronousLeapfrog,0.1,"[5.07794176e+08 4.66371215e+10 3.88737352e+10 6.05588736e+08
 5.35888445e+10 8.17274388e+10 1.24670630e+09 3.19489600e+08
 1.32188288e+09 9.02409339e+10 1.39756595e+09 1.52005951e+11
 4.27420352e+08 1.67507853e+09 6.41552876e+10 3.72907049e+10
 8.51724224e+08 1.24978463e+11 8.19387924e+10 1.35344768e+09
 8.87367129e-01 2.45417779e+09 1.70438520e+07 1.13035827e+09
 1.78661722e+09 9.93509540e+10 9.47040260e-01 3.15353958e+09
 1.89807575e+11 2.60385731e+10 1.79944192e+08 6.83786112e+08
 1.23686158e+11 3.40966579e+09 7.04577804e-01 2.94663424e+09
 1.05171712e+10 1.60965094e+05 8.68341678e+10 2.51569398e+10
 4.87989166e+10 6.12076096e+08 2.04688818e+11 2.21481100e+07
 1.64005376e+09 6.11495629e+09 5.80102636e+10 1.96233970e+11
 5.16318656e+08 1.65503462e+09 9.13388610e-01 7.92733123e+10
 1.90443127e+11 1.03732653e+09 8.89634734e+10 9.01156480e+07
 3.39671904e+08 4.18090598e+09 6.10052014e+10 5.85724672e+08
 1.04184525e+09 1.00043440e+11 2.16907162e+10 5.28458240e+08
 7.57055223e-01 3.78219160e+07 4.42401984e+08 5.26740029e+10
 9.18859243e-01 4.38432563e+09 1.22242560e+09 1.57128868e+10
 1.00549124e+11 1.23377008e+08 2.25593340e+07 3.11931072e+08
 1.91204188e+10 8.46453760e+09 2.00048886e+10 3.92971264e+10
 1.16681916e+11 1.92208512e+08 9.60459244e+10 7.26652288e+08
 6.95296768e+09 5.61480384e+08 9.64419994e+09 2.75040256e+08
 9.33200300e-01 1.33782874e+09 2.43995952e+08 1.12514528e+08
 6.67473216e+08 1.71349606e+10 8.47472312e+10 8.66207004e-01
 2.67783168e+10 3.53727040e+07 7.87394720e+07 3.05674400e+08]",1.0389154e+09,57.9457106590271,2.6771619109012477
HMC,0.7000000000000001,autograd,gaussian,SynchronousLeapfrog,0.3,"[0.93455094 0.9564988  0.9314976  0.9150795  0.9333744  0.9389601
 0.9356139  0.94899833 0.9013691  0.93748254 0.9386554  0.9117152
 0.9542462  0.9382164  0.9304341  0.94122493 0.94564295 0.89538187
 0.9364562  0.94440365 0.8784091  0.9348711  0.9535734  0.9463954
 0.9065509  0.9249489  0.9381611  0.94446534 0.9350064  0.92961967
 0.94206035 0.9495549  0.94964707 0.944797   0.9269182  0.94993734
 0.9460261  0.94285536 0.93296087 0.938694   0.95693654 0.9233898
 0.9491545  0.9512068  0.95075345 0.9460608  0.95303535 0.95394087
 0.91664886 0.943347   0.93621796 0.9479319  0.93779767 0.9417999
 0.9361436  0.95118773 0.9485604  0.929335   0.95109737 0.9610659
 0.947663   0.94097936 0.94870394 0.93099964 0.956951   0.9474851
 0.91046715 0.9410307  0.9076433  0.9456691  0.95233506 0.95876217
 0.94489735 0.9365727  0.94661826 0.9309985  0.9565257  0.9356436
 0.90923357 0.92477673 0.9466289  0.94540805 0.9606821  0.9424472
 0.9401833  0.95039403 0.9412669  0.92623997 0.9538528  0.94719005
 0.93703604 0.9250797  0.94083303 0.9593327  0.95123136 0.92422235
 0.93773735 0.94807184 0.94646776 0.95498174]",6.1870217e-15,18.234347581863403,1732.8347790756443
NNgHMC,0.7000000000000001,autograd,gaussian,SynchronousLeapfrog,0.3,"[0.9346687  0.9567196  0.93170786 0.9138464  0.9326037  0.93844813
 0.93585414 0.9491376  0.8973705  0.93699855 0.93890524 0.9111754
 0.9540205  0.9376704  0.92978096 0.9416398  0.9459132  0.8956361
 0.9364189  0.94456756 0.8753518  0.9350631  0.95357454 0.9467327
 0.90391153 0.92492414 0.938354   0.9449868  0.93519473 0.9294771
 0.94237393 0.9497174  0.9497921  0.945075   0.9271642  0.9500567
 0.9462156  0.9427905  0.9323777  0.93833876 0.9572754  0.9226694
 0.9491534  0.9510611  0.950844   0.94618195 0.9535476  0.9540075
 0.91704416 0.9436351  0.9361849  0.94836277 0.93812275 0.9416541
 0.93618315 0.95123863 0.94848275 0.9288715  0.9510478  0.96105003
 0.94771403 0.9416808  0.9483244  0.9307949  0.9574279  0.94771373
 0.9083165  0.94118106 0.9070901  0.94600856 0.9522115  0.95871437
 0.9454373  0.9362194  0.9466971  0.93001413 0.95647377 0.935091
 0.90738    0.92443967 0.94665617 0.9456496  0.9606886  0.9423863
 0.93981713 0.95110273 0.94164836 0.92632616 0.9539046  0.9475514
 0.93699783 0.9252825  0.9410509  0.9592856  0.9510266  0.92391104
 0.93716896 0.9480325  0.9460286  0.9548051 ]",6.7233634e-15,17.017127752304077,1727.3570867882956
NNODEgHMC,0.7000000000000001,autograd,gaussian,SynchronousLeapfrog,0.3,"[0.9347147  0.9568757  0.93175125 0.9128994  0.9322152  0.9384042
 0.9357282  0.94897455 0.89626974 0.93694866 0.939352   0.91208386
 0.95409673 0.9376644  0.9288964  0.94169116 0.945883   0.89608514
 0.93642634 0.9444937  0.87664026 0.93499684 0.95363677 0.9470496
 0.9030409  0.92463255 0.9383911  0.94514096 0.93526506 0.92961025
 0.94271183 0.9496538  0.94969606 0.94504416 0.92697215 0.95003
 0.94634473 0.9428828  0.9325156  0.9384648  0.957369   0.92250955
 0.9492811  0.95114917 0.95078945 0.94635427 0.9535947  0.95397794
 0.91709375 0.9438529  0.9359552  0.94843787 0.93807524 0.9414563
 0.9362464  0.9513402  0.9486654  0.9290125  0.95097226 0.96107566
 0.9477503  0.9422726  0.9480564  0.93093896 0.9576437  0.94751215
 0.90710247 0.94115615 0.90703166 0.9462993  0.9520736  0.9586811
 0.9455588  0.9359676  0.9466416  0.92951155 0.95638025 0.9350662
 0.9070852  0.9241233  0.9466542  0.9455525  0.96064615 0.94250774
 0.9399063  0.9514464  0.9417827  0.9265666  0.95399415 0.94772243
 0.9372753  0.9252083  0.94121313 0.9592225  0.95087737 0.92384356
 0.9365787  0.94800895 0.94600934 0.95477337]",4.0889912e-14,14.878351926803589,1676.9362357964335
Explicit NNODEgHMC,0.7000000000000001,autograd,gaussian,SynchronousLeapfrog,0.3,"[0.9346055  0.9570295  0.9317333  0.90762013 0.9323873  0.93868005
 0.9352211  0.94945544 0.88983476 0.93660057 0.93940276 0.90958565
 0.9538821  0.93723625 0.92997646 0.94123805 0.9462721  0.8927797
 0.93619835 0.94463265 0.8596271  0.93522996 0.95356035 0.94750166
 0.89992064 0.9244441  0.9380493  0.945292   0.9354352  0.929537
 0.94292974 0.9500494  0.9498648  0.94528806 0.9262406  0.9499423
 0.9465677  0.94273996 0.93266094 0.93814373 0.95772237 0.9217717
 0.94935703 0.95120084 0.95086545 0.94622463 0.9541096  0.9542505
 0.91578746 0.94398946 0.936357   0.9492533  0.93822706 0.94195175
 0.9357499  0.95131606 0.94822884 0.92759025 0.95109737 0.9611065
 0.94784135 0.9420241  0.9480521  0.9302325  0.9580445  0.9477223
 0.90327376 0.94096434 0.9052512  0.9462344  0.95246977 0.95858735
 0.94581693 0.9357225  0.9467869  0.92844796 0.9563068  0.9348377
 0.90146255 0.9232025  0.9466254  0.9464588  0.96062994 0.9421947
 0.93970954 0.95167845 0.94265985 0.92599094 0.95416164 0.94784987
 0.9367644  0.92471135 0.9408312  0.95914125 0.9507201  0.9228153
 0.93722665 0.94793546 0.9457545  0.95452946]",4.8010735e-14,20.165762901306152,1646.4895695372454
SymplecticNNgHMC,0.7000000000000001,autograd,gaussian,SynchronousLeapfrog,0.3,"[0.9345583  0.956552   0.9316014  0.91537845 0.93339485 0.93889964
 0.93554914 0.9490161  0.9011581  0.93751264 0.9386313  0.91172457
 0.9542405  0.9382574  0.9304802  0.9412354  0.9456887  0.89534354
 0.93650746 0.94440496 0.87819815 0.93480873 0.9535531  0.9463832
 0.90669    0.92489755 0.93809533 0.9445929  0.9350171  0.9296269
 0.94203633 0.94955873 0.9496378  0.9448261  0.92692864 0.9499426
 0.94596255 0.942877   0.9328879  0.9387169  0.95695186 0.9235069
 0.9491295  0.9512073  0.95073164 0.94607323 0.9530556  0.9539458
 0.9166782  0.94328296 0.9361567  0.9480159  0.9378356  0.94184196
 0.93614715 0.9512018  0.9485613  0.9293555  0.9510748  0.96108216
 0.94767225 0.9410404  0.94868344 0.9310135  0.9569902  0.9474714
 0.91047895 0.9410064  0.90772974 0.9457059  0.9523567  0.95873845
 0.9448402  0.93651694 0.94663465 0.9308959  0.956522   0.93559664
 0.9092182  0.9247087  0.9466113  0.94543666 0.9606826  0.9424305
 0.94019574 0.9503266  0.9413597  0.92623377 0.9538268  0.9472513
 0.93692136 0.92508304 0.9408469  0.9593145  0.95122087 0.9242294
 0.93776846 0.9480778  0.9464582  0.95496696]",3.7185324e-05,41.34037137031555,1716.3994144974524
GSymplecticNNgHMC,0.7000000000000001,autograd,gaussian,SynchronousLeapfrog,0.3,"[0.93443    0.9567914  0.9313633  0.9166392  0.93362653 0.9386872
 0.9349129  0.9490843  0.9013554  0.9371737  0.93893284 0.91172236
 0.95408535 0.9378613  0.93038034 0.9410714  0.9460578  0.8956922
 0.93688166 0.9441438  0.8782654  0.9345994  0.953588   0.9465954
 0.90703076 0.9252782  0.93796897 0.9450838  0.93525636 0.9291079
 0.9423463  0.9495568  0.9496798  0.94462764 0.92667174 0.9500494
 0.9462461  0.9424448  0.9333533  0.93857116 0.95687735 0.9239024
 0.94929904 0.9509721  0.95076627 0.94601506 0.95298207 0.95387447
 0.91653794 0.94361055 0.9362458  0.9484448  0.93819684 0.9421648
 0.93612516 0.9511153  0.9485966  0.92884815 0.95101583 0.9610814
 0.94733846 0.94150496 0.9486858  0.93109465 0.95710754 0.9471719
 0.91026163 0.9409635  0.90762275 0.9454012  0.95237005 0.95873183
 0.94526595 0.9361937  0.9466162  0.9311058  0.95641446 0.9358668
 0.90902394 0.9243719  0.9465561  0.9456296  0.9606592  0.9425106
 0.9397143  0.9507138  0.9413334  0.9256622  0.95367897 0.94752026
 0.93643826 0.9254068  0.94059485 0.95933294 0.95105666 0.9242854
 0.93745655 0.94786084 0.9461081  0.954759  ]",0.000118194446,14.624870300292969,85.39908465314254
GradSymplecticNNgHMC,0.7000000000000001,autograd,gaussian,SynchronousLeapfrog,0.3,"[0.9345883  0.95650566 0.93184155 0.91523445 0.9334194  0.93899715
 0.935533   0.9490301  0.9014319  0.93758744 0.9385809  0.9117079
 0.95427084 0.93835896 0.9302892  0.94121784 0.94563264 0.89533514
 0.9364361  0.9443246  0.87840146 0.93488824 0.95353854 0.9465537
 0.90661144 0.9249829  0.9380521  0.94447196 0.9350164  0.92977923
 0.94213647 0.9495825  0.9496462  0.9448552  0.9270233  0.9499392
 0.946064   0.9429486  0.93307436 0.93881965 0.9569855  0.92341745
 0.949186   0.9512409  0.95071    0.94607466 0.95310616 0.95396364
 0.9165658  0.94339484 0.93605256 0.9479766  0.9377495  0.9419074
 0.9361273  0.9512038  0.9485508  0.9294754  0.95109427 0.9610748
 0.9477233  0.94102144 0.94865143 0.93099964 0.9569874  0.94739765
 0.91052026 0.94097805 0.9077225  0.94579065 0.9523532  0.9587201
 0.9450237  0.9365722  0.94663966 0.93102217 0.95646495 0.9357977
 0.9091012  0.92471397 0.94667387 0.94549024 0.96068424 0.94242257
 0.94006    0.9505719  0.9414613  0.9260248  0.95384467 0.94721127
 0.9370669  0.92501783 0.9407446  0.95930594 0.95115185 0.9242355
 0.9375562  0.9481249  0.9463757  0.954944  ]",8.577063e-05,117.31393504142761,1730.263135003682
GradGSymplecticNNgHMC,0.7000000000000001,autograd,gaussian,SynchronousLeapfrog,0.3,"[0.9344904  0.95678854 0.93158215 0.9169747  0.93371004 0.93889296
 0.93535805 0.94907683 0.9015152  0.9374583  0.93898743 0.91172564
 0.95413494 0.93827504 0.9303709  0.9410927  0.9460708  0.89545345
 0.9368781  0.94426054 0.87818325 0.9347849  0.95354384 0.9466715
 0.9070282  0.92512006 0.9379988  0.9451053  0.9352562  0.92944956
 0.9421935  0.94955385 0.9496937  0.944744   0.92677486 0.9500393
 0.9461419  0.9425885  0.9330761  0.9388275  0.9570367  0.9238943
 0.9492058  0.95103997 0.950715   0.94602627 0.95318145 0.9539666
 0.91657615 0.9434161  0.9362463  0.9484966  0.93814015 0.94232607
 0.9361596  0.9511397  0.948574   0.9291639  0.95106804 0.9610944
 0.94755554 0.94158506 0.94867575 0.93109155 0.9571179  0.94731903
 0.9103776  0.9409699  0.9076227  0.94575137 0.9523585  0.95872164
 0.94517773 0.9363928  0.94661    0.931172   0.9564042  0.93578625
 0.9091687  0.92464685 0.9466809  0.94573563 0.96064687 0.9424493
 0.9398627  0.9506744  0.9413826  0.9259372  0.9537574  0.94750994
 0.93691796 0.925378   0.9406812  0.959288   0.95106554 0.9242892
 0.9375865  0.9480039  0.94619846 0.95481294]",0.00027059403,29.314353227615356,220.72658304999052
HMC,0.7000000000000001,autograd,high_dimensional_gaussian,SynchronousLeapfrog,0.1,"[0.9394998  0.93630123 0.92843187 0.9423044  0.9408008  0.94280815
 0.9367375  0.93348455 0.93685055 0.9392756  0.9332568  0.9318799
 0.9354953  0.9362785  0.93442905 0.93900174 0.93503284 0.92508984
 0.93286324 0.92907447 0.934669   0.9413218  0.9449689  0.9402851
 0.93505895 0.931057   0.9299902  0.9315052  0.93009937 0.9338769
 0.92991227 0.93719816 0.93585986 0.9361079  0.92339694 0.933156
 0.9343103  0.94152033 0.9427778  0.9415311  0.9385425  0.931653
 0.93873405 0.9340795  0.94189394 0.9394962  0.9383308  0.94260454
 0.9317476  0.9455056  0.9402744  0.94235414 0.93633145 0.9426899
 0.939196   0.93605936 0.9336951  0.9368111  0.9398794  0.94565094
 0.9417896  0.9390322  0.9364993  0.936973   0.93999547 0.9394764
 0.94350266 0.93320847 0.9309184  0.94444084 0.9386648  0.9385922
 0.92991257 0.93043137 0.93817395 0.9321395  0.93326056 0.93836683
 0.9404979  0.94044256 0.9250809  0.9390038  0.94052553 0.9378847
 0.92562574 0.9271717  0.9412006  0.93410623 0.9400244  0.9419321
 0.93952245 0.9394378  0.9391772  0.9384855  0.9330923  0.93457836
 0.9418001  0.94657105 0.93246543 0.94561565]",1.3433589e-15,51.052756547927856,241.58867779416087
NNgHMC,0.7000000000000001,autograd,high_dimensional_gaussian,SynchronousLeapfrog,0.1,"[0.9395353  0.93635345 0.9283701  0.9423164  0.9408015  0.9428134
 0.93673027 0.93353474 0.9368806  0.9392512  0.93317765 0.93185794
 0.9354808  0.9362814  0.9344742  0.93899965 0.93500817 0.92503256
 0.93281436 0.92898357 0.9345827  0.9413192  0.945007   0.9402876
 0.9350392  0.93102837 0.92995596 0.931437   0.9300102  0.93384683
 0.9298204  0.93719864 0.9359097  0.9360914  0.92334163 0.9330925
 0.93431157 0.94152707 0.9428026  0.9415552  0.9385478  0.9316466
 0.9387697  0.9340433  0.9419524  0.93950987 0.9383352  0.94265175
 0.9316635  0.94551945 0.94028443 0.9424083  0.9363556  0.9426961
 0.93917465 0.9360575  0.93362635 0.93684644 0.9398812  0.9456789
 0.9418079  0.93905056 0.9364971  0.936977   0.9400365  0.9394871
 0.94350165 0.933191   0.9308791  0.9444615  0.9386653  0.9385828
 0.92988694 0.9303872  0.9381952  0.9321008  0.93325746 0.9383937
 0.9405095  0.94046515 0.92500603 0.9389965  0.9405211  0.93786544
 0.92547524 0.92707384 0.9411998  0.9341304  0.94004416 0.941944
 0.93951625 0.93944263 0.9392133  0.938516   0.93310285 0.9345119
 0.94182384 0.9465971  0.9323963  0.94564885]",1.5137121e-15,48.81266808509827,232.89235751417763
NNODEgHMC,0.7000000000000001,autograd,high_dimensional_gaussian,SynchronousLeapfrog,0.1,"[0.93954223 0.9362661  0.92840403 0.9423107  0.9408075  0.9428398
 0.936752   0.93347895 0.9368435  0.9392806  0.93324757 0.9319005
 0.9355271  0.9362497  0.9344389  0.93901557 0.9350006  0.9249987
 0.932862   0.92905796 0.93467    0.94133544 0.94501936 0.9403097
 0.9350575  0.9310309  0.9299531  0.93143594 0.92999715 0.93384933
 0.9299034  0.9372654  0.93589866 0.9361062  0.923303   0.9330878
 0.93427724 0.9415319  0.9427936  0.94154227 0.9385754  0.93160933
 0.93873775 0.9340653  0.9419393  0.9395348  0.9383726  0.9426638
 0.9316868  0.94550693 0.9402665  0.94237036 0.93632746 0.9426925
 0.9392028  0.9360778  0.933651   0.9368508  0.9398844  0.94568
 0.9418087  0.9390458  0.9365057  0.9369766  0.9400109  0.9395308
 0.94351405 0.9331566  0.9309361  0.9444536  0.9386637  0.9385745
 0.9298936  0.9303999  0.93817997 0.9321474  0.93324107 0.9383609
 0.94051147 0.9404499  0.92497134 0.9390187  0.9405481  0.93789244
 0.92549026 0.92700183 0.94124883 0.9341068  0.94002885 0.9419614
 0.9395114  0.9394573  0.939198   0.9384693  0.93304145 0.9345595
 0.9418292  0.9465903  0.93248194 0.94567525]",1.2376655e-14,42.64427065849304,231.56686455937177
Explicit NNODEgHMC,0.7000000000000001,autograd,high_dimensional_gaussian,SynchronousLeapfrog,0.1,"[0.9396683  0.936258   0.9280648  0.94238555 0.9408884  0.9430644
 0.93665504 0.9331584  0.9369594  0.93924016 0.93297213 0.93165827
 0.9354781  0.9362531  0.93433    0.9389615  0.9348108  0.9241432
 0.9327032  0.9285018  0.9345883  0.9413306  0.94516677 0.94034195
 0.93493927 0.93075866 0.92958945 0.93119466 0.9298037  0.9336102
 0.92943853 0.93722844 0.9357957  0.93600434 0.92260027 0.9329308
 0.93411416 0.9414973  0.9428719  0.9416704  0.93856514 0.9313024
 0.93860453 0.9338372  0.9421506  0.9395816  0.9384223  0.9427904
 0.9314331  0.9455408  0.94031143 0.94252825 0.936136   0.9426543
 0.93919253 0.93604493 0.933455   0.9367223  0.9399414  0.94579554
 0.94185704 0.9390301  0.9364538  0.93688315 0.94014037 0.9394986
 0.9434937  0.9331182  0.9304699  0.9445224  0.9386484  0.9385044
 0.92953575 0.9300132  0.93824166 0.9318999  0.9330425  0.938463
 0.9405024  0.9404558  0.92444724 0.9389423  0.94056594 0.937762
 0.9249949  0.92634666 0.94124883 0.9340682  0.9400847  0.9419462
 0.93965673 0.9394145  0.9393155  0.93843555 0.93290126 0.93448514
 0.94192624 0.9467024  0.9321985  0.94585073]",1.4114957e-14,58.83673048019409,197.7971324544596
SymplecticNNgHMC,0.7000000000000001,autograd,high_dimensional_gaussian,SynchronousLeapfrog,0.1,"[0.93950075 0.93630624 0.92842674 0.94230485 0.9407995  0.9428086
 0.93673897 0.9334819  0.9368474  0.93927735 0.93325347 0.93188083
 0.9354962  0.9362811  0.9344246  0.939003   0.9350347  0.9250921
 0.93286675 0.9290724  0.9346727  0.9413214  0.94496965 0.9402838
 0.9350588  0.93105876 0.92998874 0.93150467 0.9300973  0.9338767
 0.929912   0.93719983 0.9358561  0.93610823 0.9233925  0.93315744
 0.93430996 0.94151855 0.9427776  0.9415339  0.9385462  0.93164814
 0.9387333  0.93408    0.9418976  0.9394994  0.938332   0.94260395
 0.9317516  0.94550675 0.94027257 0.9423539  0.93632996 0.9426912
 0.9391887  0.936059   0.9336941  0.93681353 0.93987966 0.94565076
 0.94179    0.9390302  0.93650043 0.93697214 0.9399945  0.939479
 0.9435042  0.9332099  0.9309168  0.9444413  0.938667   0.9385942
 0.9299134  0.93043196 0.9381733  0.93214077 0.9332646  0.9383687
 0.9404993  0.9404397  0.9250804  0.93900555 0.9405265  0.937883
 0.9256238  0.9271755  0.9412012  0.9341086  0.94002044 0.9419335
 0.93952125 0.93943894 0.9391812  0.93848443 0.93309444 0.9345813
 0.9418     0.9465727  0.93246555 0.94561523]",1.0043361e-06,116.39196300506592,239.1347314060325
GSymplecticNNgHMC,0.7000000000000001,autograd,high_dimensional_gaussian,SynchronousLeapfrog,0.1,"[0.9394757  0.9363111  0.92842865 0.9423074  0.94079816 0.94281834
 0.9367405  0.9334754  0.9368528  0.9392803  0.93328464 0.9318844
 0.9354974  0.93628156 0.934402   0.93899775 0.9350268  0.92507327
 0.932879   0.92906594 0.93466365 0.9413266  0.9449727  0.94031024
 0.9350728  0.93106425 0.92997617 0.9315016  0.9300947  0.93387616
 0.9299191  0.937206   0.93586653 0.9361119  0.92336726 0.9331422
 0.9343113  0.9415268  0.94277084 0.9415319  0.9385375  0.93164814
 0.9387381  0.9340641  0.94187164 0.9394859  0.93833655 0.9426017
 0.93175256 0.94550204 0.9402822  0.9423634  0.9363371  0.9426842
 0.93918514 0.9360289  0.93367594 0.9368161  0.9398918  0.9456584
 0.94179195 0.93904555 0.9364953  0.9369736  0.9399897  0.9394765
 0.94349706 0.93321955 0.93090343 0.94444454 0.93866336 0.93858594
 0.92989653 0.9304465  0.9381733  0.9321413  0.9332606  0.9383689
 0.9404933  0.9404347  0.92507243 0.939003   0.94053304 0.9378923
 0.9256071  0.9271531  0.9411882  0.9341249  0.94002265 0.94192624
 0.9395162  0.9394431  0.939186   0.93847895 0.93309087 0.9345917
 0.9417994  0.9465729  0.93244624 0.9456185 ]",1.7219896e-05,58.77588152885437,239.06010571696896
GradSymplecticNNgHMC,0.7000000000000001,autograd,high_dimensional_gaussian,SynchronousLeapfrog,0.1,"[0.93949693 0.9363079  0.9284228  0.94230384 0.9408042  0.94281507
 0.9367417  0.93348694 0.9368464  0.93927735 0.9332651  0.93187666
 0.9354881  0.936289   0.9344233  0.93900406 0.935042   0.92509675
 0.932862   0.9290635  0.93467784 0.9413261  0.9449684  0.9402838
 0.9350533  0.9310522  0.92998075 0.93150985 0.9300884  0.93387353
 0.92991537 0.93720174 0.93585575 0.93611026 0.92339075 0.9331558
 0.9343138  0.941518   0.9427783  0.9415347  0.9385427  0.93164605
 0.9387405  0.9340805  0.94189215 0.9395024  0.93833274 0.94259995
 0.93175673 0.9455043  0.94027305 0.9423528  0.9363252  0.9426908
 0.9391882  0.93606484 0.933689   0.93682146 0.9398818  0.9456519
 0.94179076 0.93903154 0.9364983  0.9369726  0.9399971  0.93948215
 0.94350326 0.93321264 0.93091315 0.94444245 0.9386665  0.9385935
 0.92991173 0.9304323  0.9381746  0.93213576 0.9332764  0.9383704
 0.94049233 0.94043875 0.9250841  0.93900573 0.9405241  0.9378852
 0.92561644 0.9271831  0.94119805 0.9341151  0.9400143  0.9419342
 0.93951976 0.9394351  0.9391854  0.93847746 0.9330883  0.9345815
 0.9418017  0.9465708  0.93246526 0.9456183 ]",2.1156745e-06,321.63523745536804,239.0257704216048
GradGSymplecticNNgHMC,0.7000000000000001,autograd,high_dimensional_gaussian,SynchronousLeapfrog,0.1,"[0.9394922  0.9363014  0.9283902  0.9423102  0.94081295 0.9428138
 0.9367404  0.93347573 0.93685615 0.9392791  0.9332697  0.9318807
 0.9354994  0.93628573 0.9343917  0.9390156  0.93503094 0.92508215
 0.9328661  0.9290706  0.93467224 0.94132775 0.94497097 0.9403032
 0.93506324 0.9310727  0.92998636 0.93151045 0.93009776 0.9338772
 0.92991066 0.9372093  0.9358594  0.9361016  0.92337316 0.9331465
 0.9343122  0.9415195  0.94276416 0.94152737 0.9385499  0.9316596
 0.93873286 0.9340627  0.9418725  0.93947554 0.9383298  0.9425988
 0.9317564  0.94551075 0.94028616 0.94236803 0.9363332  0.9426853
 0.939186   0.9360348  0.93370885 0.9368248  0.93988985 0.9456493
 0.9417919  0.9390501  0.93649745 0.9369709  0.93998927 0.93948096
 0.9434857  0.9332241  0.93090796 0.9444396  0.93865764 0.93858135
 0.92989945 0.93044233 0.93817234 0.9321405  0.9332528  0.9383721
 0.940482   0.9404367  0.9250795  0.9390143  0.94052595 0.93789715
 0.92560756 0.92717427 0.9411973  0.93411446 0.94001645 0.94191855
 0.93951726 0.93943965 0.9391618  0.9384858  0.93308806 0.9345845
 0.94180316 0.9465682  0.93246853 0.9456169 ]",2.0165086e-05,190.55931639671326,239.7299278795144
HMC,0.7000000000000001,autograd,normal_normal,SynchronousLeapfrog,0.1,"[0.9352542  0.9408448  0.94684094 0.9359347  0.91726005 0.9499439
 0.9477896  0.93369925 0.9320428  0.9461044  0.9418297  0.9142231
 0.94147605 0.9173228  0.9508468  0.91847897 0.9416108  0.9122855
 0.9459557  0.9422879  0.93703526 0.9439925  0.937323   0.9210951
 0.93120193 0.94673634 0.9459514  0.9380438  0.9512452  0.947982
 0.9303938  0.9457483  0.9106288  0.92407393 0.9389875  0.94325465
 0.9140686  0.91780347 0.9521495  0.93933666 0.9364907  0.9413047
 0.91675013 0.93952227 0.92861176 0.94299495 0.94090605 0.9336189
 0.91048044 0.9494227  0.9293108  0.94186056 0.92267    0.94811225
 0.9433856  0.94510955 0.9414933  0.93296546 0.9439087  0.94699717
 0.931173   0.9401743  0.95209974 0.92730343 0.9420852  0.9502435
 0.9520657  0.944956   0.9429428  0.94217986 0.92934215 0.9208394
 0.92478293 0.94723594 0.9328475  0.93489337 0.94510067 0.93615794
 0.92223144 0.93136835 0.9392809  0.94677424 0.9482465  0.94898456
 0.9469353  0.9410431  0.9348949  0.9349622  0.9454926  0.95052075
 0.9361299  0.9367722  0.93708646 0.93921465 0.94035596 0.9384283
 0.9472209  0.9450128  0.9465329  0.9368272 ]",1.1629586e-15,81.12878966331482,402.5441314452196
NNgHMC,0.7000000000000001,autograd,normal_normal,SynchronousLeapfrog,0.1,"[0.93405163 0.94100493 0.946943   0.93501794 0.91031253 0.9495799
 0.94793814 0.9311967  0.9312753  0.9464598  0.9418866  0.91393805
 0.9413299  0.91783714 0.95079076 0.9183361  0.94125766 0.9126136
 0.9459728  0.9416427  0.9373665  0.94407594 0.9373816  0.9211894
 0.93109584 0.9463212  0.9459733  0.938419   0.9515459  0.9479588
 0.9305347  0.94692796 0.91231215 0.9177017  0.93891466 0.9444475
 0.9112839  0.918753   0.9523171  0.9394724  0.9366671  0.9410307
 0.91693825 0.9389798  0.9285983  0.9433621  0.9413767  0.93376607
 0.9106495  0.9495654  0.930424   0.94214886 0.92298174 0.94809246
 0.9432108  0.94523513 0.9411987  0.9322059  0.9434366  0.9471201
 0.9303819  0.93961155 0.95186055 0.9274246  0.9422884  0.94992226
 0.951936   0.94514835 0.9429451  0.9422335  0.92955446 0.9207081
 0.9250032  0.9469371  0.9290484  0.93646896 0.9454926  0.93613666
 0.92241496 0.9300698  0.93941605 0.9470142  0.9481596  0.94948006
 0.94711566 0.94011855 0.93506354 0.93496644 0.9455379  0.9507201
 0.9354923  0.9382235  0.9373805  0.93951404 0.9408692  0.93842185
 0.9474915  0.9450654  0.94663084 0.9368466 ]",8.0303816e-16,74.35919284820557,357.33597755064034
NNODEgHMC,0.7000000000000001,autograd,normal_normal,SynchronousLeapfrog,0.1,"[0.9342402  0.94089353 0.9470431  0.9353956  0.91554993 0.94981956
 0.9478259  0.9329599  0.9316577  0.94605815 0.941834   0.91418666
 0.94140834 0.9174489  0.95090854 0.9181745  0.94162166 0.9157478
 0.9459984  0.9422185  0.93726766 0.9440292  0.9373128  0.920658
 0.9310416  0.9464774  0.9458837  0.93821377 0.95124424 0.94803685
 0.93069565 0.94657105 0.9112468  0.91954154 0.93924636 0.9442598
 0.9133128  0.91802186 0.95222896 0.9395193  0.9366662  0.94139403
 0.9167422  0.939393   0.9284386  0.943244   0.94142437 0.93360466
 0.9110038  0.94933677 0.9300413  0.941885   0.92280996 0.9481694
 0.9435055  0.9453124  0.94158316 0.9330628  0.94406605 0.9470835
 0.9310588  0.93993396 0.952037   0.9273524  0.9421288  0.9502816
 0.9520581  0.9451143  0.9431564  0.94216555 0.929434   0.9213637
 0.92473334 0.94727075 0.93040216 0.9367688  0.94494104 0.9360566
 0.9222023  0.9309971  0.93926334 0.9469893  0.9482535  0.949345
 0.94708514 0.9402548  0.93509567 0.93509233 0.94552314 0.95052356
 0.9361025  0.93850803 0.9374239  0.93951505 0.940613   0.9383895
 0.9472197  0.94497013 0.94650984 0.93670464]",2.0542465e-14,54.826186418533325,370.54563044692225
Explicit NNODEgHMC,0.7000000000000001,autograd,normal_normal,SynchronousLeapfrog,0.1,"[0.9346169  0.94090474 0.94712687 0.93575305 0.9172673  0.9498884
 0.94771194 0.93373775 0.9317273  0.94593525 0.94186866 0.91434956
 0.9413921  0.9172658  0.950978   0.91882694 0.941779   0.9150146
 0.94590855 0.94231147 0.9369978  0.9439753  0.93721884 0.9210949
 0.93120545 0.9467231  0.94591135 0.9380297  0.9510616  0.9480228
 0.9305974  0.94609773 0.91067076 0.92050093 0.93903065 0.943741
 0.9145129  0.9178499  0.9521483  0.9394226  0.936813   0.941499
 0.9167353  0.9396229  0.9284104  0.9433381  0.94099903 0.93363065
 0.91028893 0.94933003 0.92961234 0.9419527  0.9227545  0.9482443
 0.94331735 0.9451746  0.94148815 0.93337077 0.9441182  0.94698894
 0.9308952  0.9400877  0.95213616 0.92734087 0.94198084 0.95040345
 0.9521111  0.945004   0.94296354 0.9421081  0.92924565 0.92178226
 0.92483485 0.9474494  0.931476   0.9362361  0.9449431  0.9360931
 0.92228544 0.9313959  0.93920183 0.9470775  0.9482068  0.9491029
 0.9469147  0.94060886 0.934955   0.9350602  0.9454496  0.9503843
 0.93625    0.9380654  0.937292   0.93911636 0.9403736  0.93834496
 0.94720554 0.94497883 0.9465569  0.93691033]",1.1157138e-14,69.90336418151855,356.7990480507507
SymplecticNNgHMC,0.7000000000000001,autograd,normal_normal,SynchronousLeapfrog,0.1,"[0.93340653 0.9412856  0.9465561  0.9335808  0.9109079  0.9496912
 0.94788194 0.9315634  0.93043196 0.94562286 0.94168365 0.9138602
 0.9422287  0.9163496  0.95080566 0.9187932  0.9408862  0.91250265
 0.945804   0.9411447  0.9368784  0.9439877  0.9361998  0.9210472
 0.9318735  0.9466052  0.94555557 0.9382448  0.95118284 0.9477896
 0.9313962  0.9463894  0.9139004  0.9165208  0.93802756 0.94401896
 0.9073868  0.91735286 0.95217264 0.93978345 0.9363072  0.9399557
 0.9150581  0.9385785  0.9282176  0.943467   0.94260013 0.9334483
 0.9125198  0.94929045 0.93325585 0.94227856 0.922667   0.9481477
 0.94346225 0.9450697  0.9404039  0.9316149  0.943552   0.9470098
 0.92961645 0.9388584  0.95198333 0.9267852  0.9422554  0.9503585
 0.9521098  0.9448271  0.94290704 0.941703   0.9280696  0.91668624
 0.9248134  0.94718426 0.9279196  0.93637013 0.9443299  0.9362377
 0.9221245  0.9270319  0.9393563  0.9466815  0.9482152  0.94928014
 0.9466466  0.9401919  0.93465394 0.9333668  0.94549674 0.95043504
 0.93517435 0.9378636  0.93571424 0.9390917  0.9406018  0.9388521
 0.94649005 0.9449555  0.946126   0.9359449 ]",0.00677415,121.67355012893677,454.83779430522395
GSymplecticNNgHMC,0.7000000000000001,autograd,normal_normal,SynchronousLeapfrog,0.1,"[0.93526745 0.9408626  0.9468231  0.93581456 0.9180922  0.94992256
 0.9478073  0.93384683 0.93208075 0.94608706 0.94185704 0.9143736
 0.94146574 0.91733074 0.9508514  0.9182931  0.9415862  0.91444147
 0.9459497  0.9421617  0.9370359  0.94399947 0.9373266  0.9212388
 0.9311594  0.9467493  0.94597626 0.9380523  0.9512371  0.9479941
 0.93029153 0.94556487 0.9103672  0.92303085 0.9388565  0.94303083
 0.91415036 0.91780937 0.9521476  0.93930644 0.9365095  0.9411539
 0.9165701  0.93962765 0.92843735 0.94302815 0.9408948  0.9336231
 0.91022813 0.9494449  0.9297423  0.94188136 0.92268455 0.9481181
 0.94337726 0.94503826 0.94136524 0.93329734 0.94383997 0.9469768
 0.9310302  0.9402515  0.95209664 0.927221   0.9420761  0.95024335
 0.95206374 0.9449376  0.94290155 0.9421725  0.9290551  0.92158735
 0.9247405  0.9472121  0.9324552  0.93465817 0.9451164  0.9361806
 0.92234725 0.9310075  0.93930596 0.9467909  0.9482309  0.9489174
 0.94684005 0.9410166  0.934832   0.9349327  0.9454791  0.9505107
 0.9360921  0.93655366 0.93742263 0.939186   0.9403739  0.9384203
 0.9472587  0.9450139  0.9465618  0.936783  ]",0.00020731337,57.414618253707886,331.8299022732242
GradSymplecticNNgHMC,0.7000000000000001,autograd,normal_normal,SynchronousLeapfrog,0.1,"[0.93381023 0.94060653 0.9465644  0.93499774 0.89848727 0.94946814
 0.94754016 0.9239224  0.93042636 0.9472467  0.9417008  0.91310877
 0.94159937 0.9166969  0.95054096 0.9183817  0.9403163  0.90984744
 0.94525385 0.9412667  0.9364824  0.94391966 0.9365027  0.923378
 0.9303667  0.946016   0.94617647 0.938492   0.9516934  0.94758165
 0.9300281  0.94707316 0.9104078  0.91573393 0.9379198  0.9444854
 0.8896736  0.9168533  0.9523193  0.93996215 0.9366468  0.94007415
 0.91346663 0.9377626  0.9286062  0.94314975 0.94100636 0.9339416
 0.9092469  0.9497425  0.93188494 0.94222736 0.9212785  0.9479097
 0.9427704  0.944689   0.9409461  0.93032074 0.94305885 0.94668025
 0.9286005  0.93575686 0.9518134  0.92566836 0.9417214  0.9497827
 0.95192355 0.9444682  0.94224185 0.9415529  0.92801875 0.908513
 0.9224837  0.9469964  0.9274982  0.93504494 0.94660866 0.9364848
 0.9210161  0.92654294 0.9390129  0.9468516  0.9479588  0.94937146
 0.9461721  0.9397523  0.93474674 0.93218774 0.94509983 0.9505404
 0.93389195 0.9368497  0.93565387 0.9386338  0.94067657 0.93816996
 0.94802463 0.9445509  0.9465181  0.9379363 ]",0.009590972,207.88070487976074,1.4210087848996822
GradGSymplecticNNgHMC,0.7000000000000001,autograd,normal_normal,SynchronousLeapfrog,0.1,"[0.9351888  0.9408364  0.94682634 0.93558204 0.91845214 0.94988126
 0.94781697 0.93396974 0.9321391  0.9462389  0.9417886  0.91436976
 0.941545   0.917577   0.9508424  0.9179103  0.9416041  0.9141792
 0.9459591  0.942307   0.93699276 0.94399583 0.9373492  0.9213939
 0.9310206  0.94673014 0.94592226 0.93799275 0.9512843  0.94800365
 0.9303481  0.94575953 0.91048086 0.9233359  0.9389119  0.9431321
 0.91465414 0.91785276 0.95216346 0.9392535  0.9365434  0.9410991
 0.91655415 0.93961453 0.92862463 0.9431863  0.9410576  0.9336122
 0.9105433  0.9494504  0.92959964 0.94196165 0.9226581  0.9481005
 0.94347715 0.94511354 0.9414649  0.9334261  0.94400644 0.9470173
 0.93113875 0.940254   0.95208967 0.9274702  0.94215107 0.95024645
 0.95205784 0.94494677 0.9428773  0.94214904 0.92923963 0.92159593
 0.92485464 0.94718456 0.93253535 0.9349232  0.9451966  0.9361186
 0.9223196  0.9311632  0.9393481  0.9468293  0.9481673  0.94894785
 0.9468896  0.94098353 0.9347987  0.93504757 0.94552416 0.9505222
 0.93610334 0.9366969  0.93727076 0.9392321  0.9402852  0.9383206
 0.9473042  0.9449732  0.9466046  0.9367716 ]",0.00042948066,93.18687868118286,321.923039374264
HMC,0.8,autograd,banana,SynchronousLeapfrog,0.1,"[0.9145162  0.94038934 0.9715737  0.75908554 0.9136714  0.9648881
 0.9399041  0.8599396  0.95105493 0.87628865 0.9281082  0.92882633
 0.9682268  0.70812714 0.92544854 0.8316938  0.9482341  0.91681546
 0.9013723  0.9448952  0.98401064 0.9410955  0.743907   0.9551067
 0.9287204  0.97302985 0.9071955  0.925832   0.98621386 0.92746425
 0.9515734  0.95060587 0.9009344  0.9655092  0.7549814  0.97395486
 0.7979547  0.89627665 0.9197129  0.8860067  0.93563837 0.90049255
 0.92697066 0.83618224 0.86665595 0.860116   0.89326304 0.91172236
 0.93300855 0.9728422  0.8653002  0.93985605 0.9560443  0.96590185
 0.9245964  0.91485345 0.8919727  0.8834224  0.9294502  0.96607447
 0.9416857  0.9666635  0.9219718  0.8733503  0.9376146  0.94428986
 0.9894252  0.8877028  0.8952416  0.92128503 0.91841054 0.9680041
 0.96035093 0.86095303 0.9517476  0.9398869  0.9397305  0.93251216
 0.9539213  0.89191186 0.96386707 0.97704124 0.969722   0.9371228
 0.9719073  0.96263826 0.88754153 0.97149104 0.83183575 0.9713012
 0.749387   0.91874313 0.91618204 0.97713035 0.93752134 0.9722972
 0.92616343 0.98078704 0.92875946 0.9279833 ]",7.418066e-14,21.565157651901245,1.3771307227762617
NNgHMC,0.8,autograd,banana,SynchronousLeapfrog,0.1,"[8.3229011e-01 9.3397093e-01 6.5930581e-01 4.4122148e-01 7.4641728e-01
 9.6691406e-01 6.8874526e-01 9.1483295e-01 8.7550998e-01 7.5445604e-01
 6.9858873e-01 8.2089514e-01 8.8750237e-01 3.4573727e+00 6.0238969e-01
 8.5215032e-02 2.4955212e-01 8.6190724e-01 6.1535937e-01 7.9386348e-01
 9.7758532e-01 9.4366664e-01 1.1707787e-01 4.2612204e-01 6.0084146e-01
 9.7498167e-01 3.5680699e-01 5.5584240e-01 9.8576558e-01 9.4417828e-01
 5.4411113e-01 6.3072693e-01 7.9292297e-01 9.7511530e-01 5.2909911e-01
 9.7292084e-01 4.6847296e-01 8.5573763e-01 9.4304645e-01 7.3408717e-01
 9.0819538e-01 8.9761323e-01 7.9186648e-01 1.7562203e+00 3.4138765e-03
 6.6439122e-01 5.8308804e-01 4.0070057e-01 7.2877729e-01 8.3601826e-01
 9.1566944e-01 4.5632416e-01 9.3867671e-01 9.1563106e-01 4.0752721e-01
 4.4898951e-01 5.2405107e-01 6.6889924e-01 2.7193919e-01 9.1020334e-01
 5.0230980e-01 9.6119511e-01 9.3537825e-01 6.3976449e-01 6.9958103e-01
 1.2331174e-01 9.3316305e-01 6.2546128e-01 8.3688807e-01 6.2722898e-01
 6.6723365e-01 8.8268661e-01 8.9084959e-01 8.8286662e-01 3.1523323e-01
 5.7333499e-01 8.1039381e-01 9.4621837e-01 8.8082850e-01 4.6342537e-01
 8.7509346e-01 8.3264732e-01 9.6117604e-01 9.5456576e-01 9.7447729e-01
 9.6495742e-01 9.1543102e-01 9.6998543e-01 6.7292500e-01 9.6531028e-01
 1.1706727e+00 6.2328899e-01 4.1419023e-01 9.7651953e-01 7.0330113e-01
 9.8238516e-01 8.8756597e-01 9.4017524e-01 7.2372025e-01 8.0870956e-01]",7.7875484e-14,18.278847217559814,1.8563267681336288
NNODEgHMC,0.8,autograd,banana,SynchronousLeapfrog,0.1,"[0.81952035 0.94303083 0.74478424 0.55008817 0.8030464  0.9573347
 0.6881536  0.91642714 0.85535586 0.728302   0.6295561  0.8016333
 0.9132565  3.2378178  0.63586617 0.08028431 0.35893822 0.87706697
 0.62445617 0.8065095  0.9768897  0.9500484  0.1383802  0.51391333
 0.55456376 0.9747257  0.22700004 0.44639286 0.98516595 0.9440245
 0.6290857  0.67250955 0.75724447 0.97543263 0.73901844 0.9715332
 0.66704607 0.6900195  0.9434968  0.6698944  0.8968317  0.91450423
 0.723067   1.5492048  0.01785365 0.53832906 0.53698605 0.2927824
 0.7989127  0.85193557 0.75609124 0.49204022 0.93877316 0.9437623
 0.24864542 0.39745545 0.51696813 0.4990334  0.38893265 0.89334905
 0.5113168  0.95038176 0.944536   0.46224135 0.6709263  0.25235152
 0.9488551  0.5348333  0.770621   0.62029546 0.63400024 0.88561094
 0.929222   0.9084813  0.42272002 0.6590822  0.7530238  0.94658697
 0.8310193  0.47886094 0.8286964  0.8746437  0.96599853 0.95513725
 0.9746701  0.9654433  0.9168315  0.95605505 0.6766397  0.96618575
 1.0261548  0.63981223 0.5237669  0.97632253 0.641914   0.97389144
 0.83708423 0.93574333 0.6800379  0.76007956]",5.1571192e-11,25.4765625,1.6765966877143657
Explicit NNODEgHMC,0.8,autograd,banana,SynchronousLeapfrog,0.1,"[0.87589544 0.89437836 0.91893643 0.4799732  0.90124464 0.8421303
 0.6040616  0.7504725  0.94430983 0.88415426 0.60344714 0.8964076
 0.23161994 2.9726932  0.23843735 0.65101516 0.5617963  0.63266456
 0.64150566 0.75041103 0.9849736  0.67969644 0.044347   0.53220475
 0.8848672  0.9807558  0.23328796 0.036579   0.98594713 0.91296387
 0.7679572  0.02579248 0.9476212  0.978721   1.414965   0.97392243
 1.336182   0.3628851  0.8935995  0.41163635 0.9341663  0.38048953
 0.53401786 1.0367573  0.15161407 1.4687842  0.87250507 0.24218258
 0.93115467 0.74494857 0.50699186 0.14419785 0.9580614  0.9568238
 0.1351178  0.78193927 0.59282696 0.09197724 0.6605026  0.9574691
 0.5378973  0.781058   0.6319585  0.01518641 0.83994925 0.55498767
 0.6555052  0.16983232 0.48399445 0.69340765 0.8421844  0.90968436
 0.96526086 0.9153499  0.643672   0.8383912  0.6260008  0.7826117
 0.6727013  0.45343536 0.74052876 0.47513866 0.90813273 0.9651655
 0.957236   0.9543769  0.9235672  0.773318   0.71594524 0.8882694
 1.7827172  0.5824041  0.7733778  0.9799642  0.92268413 0.6437901
 0.6178849  0.9456434  0.90512705 0.9155477 ]",4.159318e-11,41.93696212768555,1.9473548018223732
SymplecticNNgHMC,0.8,autograd,banana,SynchronousLeapfrog,0.1,"[0.21016207 2.4412193  1.433902   3.2341022  0.85257167 3.406287
 0.10334218 0.32793957 0.35148773 0.33560032 2.309966   0.19027948
 0.3452143  0.3697439  0.82591695 6.5655265  0.3448264  0.5280064
 0.8887291  0.7819396  0.7647227  0.33102292 0.89698833 0.426617
 1.0671234  0.69116247 5.787756   5.535121   0.4765358  0.4788941
 0.11670089 0.78784335 0.5206234  0.6138042  7.161482   0.39904365
 8.107085   0.75094223 0.19757575 4.1166763  0.06541585 0.14944378
 2.5633984  0.7383342  0.8944377  0.82108176 0.89052033 3.1076477
 1.2418388  0.78015244 0.78865856 0.9087946  0.8019969  0.48219642
 0.41581306 1.3108062  0.8867666  0.61534345 0.4369477  0.22571181
 0.9390553  0.08473794 0.37409553 0.3140148  0.6737164  0.04526728
 0.51304114 5.9537215  4.480386   0.96177816 0.67208946 0.83831453
 1.6843278  1.3276771  0.19844878 0.47677815 2.1761165  0.04649343
 2.300599   0.928084   1.9551582  0.25230986 2.2661457  0.6520742
 0.35103327 0.65300584 0.66709536 0.18672106 0.8380491  2.774573
 0.67660844 0.87792087 0.8857886  0.7150454  1.5292705  0.19155726
 3.145463   0.9730734  0.9764711  1.0635189 ]",2.08432,55.35180997848511,1.7293416588379764
GSymplecticNNgHMC,0.8,autograd,banana,SynchronousLeapfrog,0.1,"[7.96762407e-01 2.12905579e+01 3.28574524e+01 2.14725703e-01
 1.54410801e+01 3.66912308e+01 4.65219676e-01 7.81154275e-01
 8.17893505e-01 3.69293690e-01 6.39234686e+00 5.70643544e-01
 8.79966438e-01 3.18847179e+00 8.57655406e-01 2.65014648e+01
 1.19749298e+01 9.07686651e-01 7.84415245e-01 9.05512989e-01
 9.78414953e-01 1.20545805e-01 1.97589248e-02 2.86234617e+00
 4.78436798e-01 9.80723381e-01 2.09514656e+01 3.38516235e+01
 9.52108979e-01 7.84531951e-01 9.89410305e+00 8.76771212e-01
 3.51216555e-01 9.80647922e-01 1.90568600e+01 9.30177689e-01
 2.58322506e+01 8.36227322e+00 9.48127031e-01 1.52043715e+01
 8.50519896e-01 8.73935342e-01 1.02862778e+01 1.71189861e+01
 4.53513861e-02 9.81993042e-03 2.12744832e-01 6.96441174e+00
 1.76781578e+01 9.29026604e-01 3.55084562e+00 6.53688490e-01
 9.69528377e-01 5.43528128e+00 2.03935661e+01 3.89403582e-01
 6.44425690e-01 1.96148949e+01 1.81982040e+01 8.46950233e-01
 6.05414391e-01 7.78125942e-01 9.29819763e-01 2.09034042e+01
 6.53940201e-01 1.93198662e+01 9.85989749e-01 3.27172623e+01
 3.43047218e+01 6.17567956e-01 4.84149873e-01 9.49570417e-01
 2.14561043e+01 1.37868299e+01 1.56651144e+01 1.71092033e+01
 9.85414696e+00 9.39070463e-01 1.09555082e+01 3.90294135e-01
 8.70960236e+00 6.57042712e-02 1.53731956e+01 9.69807506e-01
 9.61429298e-01 9.29241836e-01 8.99304569e-01 7.59605348e-01
 8.40563178e-01 2.15738201e+01 2.66593844e-01 8.24995935e-01
 2.42647610e+01 9.65323329e-01 6.58529520e-01 5.88248670e-01
 1.87390175e+01 9.39231753e-01 5.05908608e-01 6.04051471e-01]",271.03824,31.897475242614746,26.65981091043436
GradSymplecticNNgHMC,0.8,autograd,banana,SynchronousLeapfrog,0.1,"[0.2672351  2.4973435  1.3995107  3.6359234  0.82127964 3.61198
 0.23506199 0.26887822 0.41210136 0.51356417 2.5128171  0.32773274
 0.3464982  0.16677384 0.8350288  7.3482184  0.3873517  0.5516884
 0.8907323  0.8006749  0.76828396 0.32153308 0.86066544 0.47601336
 1.2387929  0.70905197 6.2695594  5.977262   0.4655366  0.4224907
 0.18710741 0.8065166  0.6894673  0.63262725 8.139021   0.38473034
 8.78763    0.788891   0.22041401 4.3581276  0.09409466 0.19916737
 2.8701873  0.7590668  1.1208013  0.805552   1.1357889  3.460596
 1.177349   0.8061794  0.81812644 0.91992414 0.7984711  0.47020966
 0.5058292  1.5332823  0.8739065  0.7056095  0.3833135  0.28388375
 0.93674636 0.14331648 0.33422834 0.3773665  0.7941345  0.01640349
 0.5257609  6.3044796  4.910633   0.9509249  0.8681802  0.84793556
 1.757204   1.4654932  0.24313644 0.42985016 2.383573   0.0622597
 2.5373921  0.93079346 2.1370153  0.2820508  2.358492   0.68117017
 0.35209024 0.6480697  0.64838624 0.2690493  0.8366523  2.9033775
 0.6405534  0.8849504  0.77459085 0.71412206 1.7176203  0.26601487
 3.4360642  0.97744036 1.1068757  1.2430652 ]",2.2537036,95.62772798538208,1.3137348858414222
GradGSymplecticNNgHMC,0.8,autograd,banana,SynchronousLeapfrog,0.1,"[8.5917914e-01 1.6353950e+03 4.5842749e+02 6.3839889e-01 6.3942938e+02
 4.8879510e+02 2.9967666e-01 8.1754655e-01 8.1107014e-01 6.7576045e-01
 1.0862068e+01 6.9166660e-01 2.5567222e+00 5.2173729e+01 3.5626253e-01
 7.5299841e+02 1.9501514e+01 3.3313629e-01 7.0893848e-01 6.8699950e-01
 9.8529196e-01 3.3783894e+00 7.0563024e-01 1.5577583e+01 8.7159634e-01
 9.6405619e-01 1.3177726e+03 9.7894818e+02 9.8091978e-01 6.5964276e-01
 1.9126869e+01 2.0169568e+00 9.2147791e-01 9.6335483e-01 2.0912691e+01
 9.7068447e-01 1.2933109e+03 3.2375225e+01 4.9168310e-01 1.4995781e+03
 7.9895401e-01 2.0528600e+00 1.8006168e+01 2.8613054e+03 1.3936672e-01
 1.1463432e+01 7.1606994e-01 1.0168343e+01 1.7747505e+03 3.1267530e-01
 1.7872540e+01 9.7976530e-01 9.6213579e-01 1.4345726e+01 2.1893113e+03
 7.3323512e-01 4.7182974e-01 1.7369541e+03 1.9230874e+03 8.5511035e-01
 3.0285209e-01 2.2498894e-01 3.1457371e-01 9.6998682e+02 8.2663816e-01
 2.0938608e+03 9.2897378e-02 4.3581113e+02 5.9707422e+02 3.7865657e-01
 6.2888569e-01 9.2585540e-01 1.2577880e+03 4.4285763e+01 2.5681585e+01
 1.0523319e+03 1.5901733e+01 1.7157605e-02 2.0224689e+01 2.4351645e-01
 1.3969080e+01 6.6089301e+00 1.4313391e+03 9.0491056e-01 8.5357785e-01
 9.5994282e-01 8.9543027e-01 2.3701167e-01 8.4802836e-01 9.8141296e+02
 1.2982138e+01 4.8396748e-01 4.5245004e+02 9.7958511e-01 2.7219779e+00
 1.9082861e+00 2.5128699e+02 8.8750905e-01 3.1715345e-01 2.8599734e+00]",14.823623,70.99496650695801,14.625467274523038
HMC,0.8,autograd,gaussian,SynchronousLeapfrog,0.3,"[0.9027225  0.9474993  0.92320293 0.92980564 0.94172084 0.9295025
 0.9413581  0.9463758  0.90809953 0.93519485 0.9376609  0.9487046
 0.9521693  0.9396254  0.9506129  0.93822545 0.9531733  0.95354474
 0.954262   0.90639514 0.9484231  0.9363005  0.9434384  0.9265868
 0.9294566  0.9465232  0.9401994  0.94545925 0.9384386  0.9042276
 0.95280117 0.9280529  0.9614848  0.918321   0.9317524  0.96188706
 0.9277312  0.94888276 0.926764   0.9446684  0.9306347  0.8940434
 0.9535402  0.9408082  0.95558035 0.9399266  0.8680959  0.92960805
 0.92556584 0.93875617 0.94060105 0.93533534 0.9487487  0.93529224
 0.94101095 0.9568171  0.9404831  0.94504976 0.9554283  0.95295024
 0.9524352  0.9409369  0.9445081  0.96389455 0.92216986 0.9433186
 0.9170207  0.9484124  0.92068976 0.9422218  0.9502033  0.94670767
 0.9321165  0.9343455  0.95302695 0.95204324 0.93254733 0.923335
 0.94148445 0.91370124 0.94539976 0.9418108  0.9534423  0.9507941
 0.9400501  0.9313385  0.91967237 0.9463639  0.9345083  0.9328488
 0.9298353  0.9500498  0.93831605 0.9535861  0.96140707 0.952244
 0.9492587  0.9476234  0.9515748  0.9298693 ]",5.4367737e-15,18.03538680076599,1592.934604012995
NNgHMC,0.8,autograd,gaussian,SynchronousLeapfrog,0.3,"[0.89997137 0.9475173  0.92278445 0.93002164 0.9413365  0.9295243
 0.94158304 0.94610155 0.9074666  0.93497217 0.93792474 0.9487647
 0.9523327  0.9398472  0.95062435 0.9382803  0.9533558  0.95380497
 0.95458716 0.90660083 0.94846886 0.9359657  0.9434204  0.925935
 0.92924917 0.9468534  0.9407033  0.94549626 0.937935   0.89946747
 0.95331645 0.9275383  0.9614968  0.9178626  0.93173003 0.96185327
 0.9268567  0.9486825  0.9257094  0.9446459  0.9306154  0.8922755
 0.9539609  0.9410259  0.95559025 0.94042987 0.8635715  0.9297036
 0.9254226  0.93865746 0.9409746  0.9343995  0.9490914  0.9348674
 0.94113034 0.9566195  0.94075745 0.9449913  0.9550967  0.9528903
 0.9523922  0.94237894 0.9444673  0.9640566  0.92150617 0.9428687
 0.9159894  0.9485502  0.92036855 0.94218767 0.9501227  0.9467206
 0.9323299  0.9346385  0.9528331  0.9523282  0.9333539  0.9219068
 0.9415855  0.91264963 0.94571817 0.94247216 0.95320815 0.9507696
 0.9396099  0.9312848  0.91807306 0.94674563 0.9341359  0.9323729
 0.9306375  0.94988126 0.93876284 0.95364726 0.9615555  0.95235336
 0.94924796 0.9478525  0.95185554 0.9300965 ]",7.33359e-15,17.4144868850708,1562.1588735349824
NNODEgHMC,0.8,autograd,gaussian,SynchronousLeapfrog,0.3,"[0.901142   0.94745654 0.9223293  0.92963475 0.94117343 0.92933583
 0.9414944  0.946159   0.9083756  0.9350437  0.93784046 0.94888437
 0.95232534 0.939975   0.95073104 0.93842363 0.9534337  0.95398235
 0.9545567  0.90714395 0.94860387 0.9358465  0.94328547 0.9258561
 0.92928433 0.94667405 0.94071186 0.94547415 0.9380269  0.9001453
 0.953319   0.9275152  0.9615003  0.9182183  0.9316287  0.9618084
 0.9267094  0.9486012  0.9257983  0.94458485 0.9306865  0.8905268
 0.9537662  0.9411683  0.95557326 0.940479   0.86448115 0.92959297
 0.92559123 0.93869275 0.9410634  0.93412125 0.94914794 0.9342806
 0.94114816 0.9566312  0.94080055 0.9449233  0.95507234 0.95283145
 0.9524344  0.9425725  0.9444804  0.9640626  0.92152214 0.9428444
 0.91552174 0.94858783 0.92048377 0.9419629  0.9500536  0.9468368
 0.9325247  0.93467283 0.9529008  0.9523806  0.9333722  0.92171
 0.94170225 0.912405   0.945488   0.9423722  0.9534304  0.9507303
 0.93950033 0.9314375  0.918245   0.9467859  0.9339306  0.932433
 0.9302437  0.9498474  0.9387128  0.9535155  0.9615526  0.95216227
 0.94917476 0.94789904 0.95193243 0.9302474 ]",2.4621764e-14,15.41684865951538,1546.6230569604934
Explicit NNODEgHMC,0.8,autograd,gaussian,SynchronousLeapfrog,0.3,"[0.8951098  0.94733834 0.92313164 0.9269685  0.94157064 0.9281077
 0.94114745 0.9459058  0.9055545  0.9348202  0.9377265  0.94904804
 0.9523629  0.93939435 0.95067424 0.9384548  0.95384514 0.9542276
 0.9546664  0.90470666 0.9489028  0.9358036  0.94347954 0.9243572
 0.9292407  0.94685644 0.94022024 0.945398   0.93810225 0.8942816
 0.95374537 0.92755055 0.96136415 0.9174914  0.93142647 0.96186066
 0.92559713 0.9486861  0.92555493 0.94508445 0.93002576 0.8880271
 0.9545033  0.9407258  0.955493   0.94004714 0.8556746  0.92865056
 0.9233568  0.9384098  0.9412402  0.9336991  0.94896734 0.9349188
 0.9407758  0.9564778  0.9403776  0.9451628  0.9549493  0.9526064
 0.95230454 0.9416683  0.9447405  0.9641482  0.92091453 0.9428083
 0.9162345  0.94846964 0.91854733 0.94221467 0.9499356  0.94666815
 0.9320523  0.9342033  0.95274985 0.9528713  0.9323718  0.92121524
 0.9414338  0.9124262  0.94668806 0.94212353 0.9531975  0.95088637
 0.93968505 0.93062735 0.9157076  0.9469628  0.9331994  0.9327907
 0.92931795 0.9496584  0.93830955 0.95344514 0.96180546 0.9524743
 0.9492142  0.9478306  0.9524511  0.9290894 ]",2.898413e-14,21.555643558502197,1494.7847950208268
SymplecticNNgHMC,0.8,autograd,gaussian,SynchronousLeapfrog,0.3,"[0.9028425  0.9474761  0.92311156 0.92975175 0.941669   0.9295522
 0.9414241  0.9463972  0.90806454 0.93526554 0.93760586 0.94870394
 0.9521588  0.93975055 0.95059276 0.9382167  0.9531888  0.9535078
 0.95429313 0.9064695  0.94840497 0.93632674 0.9434232  0.92667836
 0.92933035 0.9465194  0.94022673 0.94536495 0.9384763  0.90416217
 0.9527942  0.9280275  0.96148777 0.91837186 0.9317571  0.96190083
 0.92770636 0.94887656 0.92678344 0.94472784 0.93062943 0.89418125
 0.95353335 0.94077796 0.95558965 0.93987864 0.8679855  0.9295697
 0.9255676  0.93874854 0.94052714 0.9352597  0.94877386 0.935326
 0.9410216  0.9567887  0.94046116 0.94512236 0.95542717 0.9529616
 0.9524438  0.94102156 0.94450593 0.96389884 0.92211264 0.94332635
 0.9170264  0.948421   0.9206953  0.94229764 0.9502181  0.9466876
 0.93210554 0.9342446  0.9530153  0.95206445 0.932536   0.9232806
 0.9415282  0.9137796  0.9453627  0.94165677 0.95341134 0.9507932
 0.94006526 0.93144435 0.9197351  0.9464011  0.9344733  0.93288136
 0.92960215 0.95003957 0.93832445 0.95359993 0.96141195 0.9522519
 0.9493016  0.94761825 0.9515593  0.9298724 ]",6.899838e-05,42.05841827392578,1634.6921045518236
GSymplecticNNgHMC,0.8,autograd,gaussian,SynchronousLeapfrog,0.3,"[0.9027001  0.94711435 0.9235716  0.9303543  0.941457   0.93047446
 0.94211626 0.94600743 0.90798235 0.934591   0.93734014 0.9487144
 0.952131   0.9390008  0.9505234  0.93824023 0.9534087  0.9532997
 0.9546299  0.9065379  0.9484586  0.9369017  0.9434611  0.9258808
 0.9285406  0.94685936 0.94000596 0.9448592  0.93879193 0.9046404
 0.9527547  0.9281063  0.9615035  0.9187829  0.9320191  0.96181935
 0.9281368  0.9486232  0.9274144  0.94448376 0.9301664  0.8946705
 0.9536966  0.9405584  0.9555706  0.9398298  0.8688175  0.92925775
 0.9254222  0.9383774  0.94051266 0.934776   0.9490547  0.9357592
 0.9410461  0.9567699  0.9404909  0.9447834  0.9550767  0.9529036
 0.9520081  0.9416892  0.94441795 0.9639064  0.92180866 0.94315237
 0.91672575 0.94828165 0.92061424 0.9420643  0.95016944 0.94661635
 0.9328348  0.9336232  0.95299304 0.95206946 0.9325026  0.9239507
 0.9413588  0.9142189  0.9455552  0.9410862  0.95331657 0.95087594
 0.9396471  0.9304821  0.9196     0.9465543  0.9342965  0.9332104
 0.9292573  0.949783   0.93858975 0.953627   0.96140593 0.95241106
 0.94932765 0.9479697  0.95168275 0.9295615 ]",0.00017327012,16.044543266296387,1522.1320441670057
GradSymplecticNNgHMC,0.8,autograd,gaussian,SynchronousLeapfrog,0.3,"[0.90292114 0.94749564 0.9230368  0.93020666 0.94177216 0.92951
 0.94139755 0.94638526 0.90812814 0.93530273 0.9378005  0.94867647
 0.9521549  0.93976134 0.9505768  0.93822134 0.9531975  0.9535489
 0.95425165 0.90645206 0.9484234  0.93630004 0.94338816 0.9266852
 0.929368   0.94656867 0.9402224  0.94545734 0.93841076 0.9043107
 0.95284814 0.9280414  0.9614896  0.91836774 0.93179977 0.9619054
 0.9278469  0.94889516 0.92681617 0.94476163 0.93068206 0.8941077
 0.95359373 0.94081056 0.9556005  0.9398725  0.86813545 0.92962015
 0.9255673  0.9387867  0.94059294 0.9353551  0.9487089  0.935451
 0.94103694 0.95677364 0.9404342  0.9451412  0.95542204 0.9529523
 0.9524803  0.9410626  0.9445211  0.9638995  0.92204916 0.9432973
 0.9170167  0.9484173  0.920695   0.94230527 0.95021456 0.9466648
 0.93219316 0.93429923 0.9529967  0.95210814 0.93252325 0.9234218
 0.941532   0.91382074 0.94543445 0.94182014 0.95339364 0.9508246
 0.94000524 0.9315082  0.9198688  0.94638956 0.9344907  0.93279904
 0.9299404  0.9500489  0.93826103 0.95360494 0.96142006 0.9522876
 0.9492623  0.94767636 0.9515311  0.92985123]",0.000115442424,117.93976092338562,1629.54020217578
GradGSymplecticNNgHMC,0.8,autograd,gaussian,SynchronousLeapfrog,0.3,"[0.9027883  0.94721955 0.92370343 0.93125737 0.94175327 0.93046665
 0.9422517  0.9460807  0.908034   0.93482465 0.93765324 0.94869006
 0.9521391  0.93940043 0.9504963  0.9382538  0.9534709  0.9533614
 0.9546225  0.90643775 0.9485117  0.936996   0.9434499  0.92621374
 0.9288267  0.94678676 0.9399902  0.94515246 0.9387548  0.9049455
 0.95286727 0.9280038  0.9615056  0.9186849  0.9319953  0.96183383
 0.92818946 0.9486916  0.92730355 0.94482034 0.93026626 0.894639
 0.95373714 0.9405812  0.9555701  0.93978405 0.86886346 0.9293574
 0.9254829  0.93849033 0.940495   0.93509865 0.9489771  0.93620414
 0.94104385 0.95672315 0.94041747 0.9451245  0.95514154 0.9528944
 0.95213354 0.9419057  0.9443691  0.9639319  0.92191553 0.94321394
 0.9168746  0.94831294 0.9206023  0.9424089  0.9501669  0.9465582
 0.9327191  0.93390816 0.9529049  0.9520968  0.932456   0.9240346
 0.9413824  0.9143561  0.945639   0.941512   0.9532528  0.9508836
 0.93967474 0.93074894 0.9197656  0.94656867 0.93440473 0.9331757
 0.9298223  0.9498591  0.9385221  0.9536047  0.9614165  0.9523916
 0.9492507  0.94791317 0.9517047  0.9296445 ]",0.00021483988,29.998701333999634,1569.248825192073
HMC,0.8,autograd,high_dimensional_gaussian,SynchronousLeapfrog,0.1,"[0.9399413  0.93915796 0.93509555 0.9375857  0.93806934 0.9342186
 0.94058335 0.9331109  0.9343754  0.9370806  0.9279355  0.94136137
 0.93554896 0.9294956  0.935044   0.9362396  0.94638604 0.9330692
 0.9401335  0.9339675  0.93399477 0.94118804 0.94196767 0.93832463
 0.9440861  0.9316025  0.9303094  0.9235968  0.93462396 0.9345498
 0.9387684  0.9278493  0.9400232  0.9321491  0.92998314 0.9408965
 0.9337028  0.938574   0.9471509  0.9322027  0.93173885 0.93501633
 0.940709   0.93291414 0.94034165 0.9341642  0.93083024 0.9459306
 0.9376099  0.9362124  0.942167   0.93491906 0.94182676 0.94088364
 0.9373082  0.9298431  0.93780243 0.9387959  0.9383373  0.94630384
 0.93576133 0.9308016  0.9358413  0.93720263 0.9374935  0.9396462
 0.94341916 0.93999404 0.9443638  0.93643093 0.941358   0.9328021
 0.9309634  0.9404007  0.93889236 0.9324857  0.9388294  0.93374586
 0.9427377  0.9316826  0.9415118  0.9383577  0.9370622  0.9353299
 0.9438378  0.94505763 0.9363493  0.9352748  0.9246191  0.94229186
 0.9323764  0.93381953 0.93320596 0.93423235 0.9321959  0.9293331
 0.9360878  0.9319267  0.93984735 0.9523591 ]",1.2686586e-15,53.936559438705444,223.55299501888217
NNgHMC,0.8,autograd,high_dimensional_gaussian,SynchronousLeapfrog,0.1,"[0.9399675  0.939175   0.93511933 0.93759555 0.93805856 0.9341482
 0.9406431  0.9331255  0.934337   0.93706244 0.9278557  0.9413891
 0.9355447  0.9294472  0.9350258  0.9362509  0.94642085 0.933067
 0.9401757  0.9339635  0.9339242  0.9411957  0.94199294 0.93832105
 0.9441263  0.93160915 0.9302334  0.9234419  0.93462485 0.9344946
 0.9388182  0.92770135 0.94007576 0.932091   0.92999053 0.9408716
 0.93371487 0.93856496 0.9471644  0.9321394  0.93167055 0.93500704
 0.9407236  0.9328849  0.9403906  0.9341244  0.9308135  0.9459491
 0.93765306 0.9362132  0.94217944 0.93492734 0.9418448  0.940931
 0.9373335  0.9297813  0.93779266 0.9388172  0.9383682  0.946336
 0.9357014  0.93069285 0.93587655 0.93720835 0.9374652  0.9396566
 0.94346654 0.94001555 0.94439363 0.9364079  0.9413738  0.93273556
 0.93085146 0.9403896  0.9388846  0.9324331  0.938873   0.93368804
 0.9427594  0.93158865 0.94152784 0.9383785  0.93707526 0.93532026
 0.94386476 0.94508934 0.9363389  0.93529767 0.9244747  0.94236207
 0.9323791  0.93381214 0.9331995  0.93425655 0.9321966  0.92926544
 0.9360703  0.9318864  0.9398498  0.9523966 ]",1.2620287e-15,47.95248770713806,212.00276177185106
NNODEgHMC,0.8,autograd,high_dimensional_gaussian,SynchronousLeapfrog,0.1,"[0.9399707  0.9391856  0.9351214  0.9375851  0.93807954 0.934195
 0.9406297  0.93306625 0.93436205 0.93706036 0.92788124 0.94139117
 0.93555725 0.9293897  0.93506515 0.9362335  0.9464445  0.93302345
 0.9401657  0.93396676 0.93400836 0.94122934 0.9420048  0.93834877
 0.9441144  0.9315952  0.9302459  0.9235115  0.93464935 0.9345124
 0.9387778  0.92775893 0.94002384 0.93212366 0.92991364 0.9409238
 0.93373317 0.9385225  0.9471779  0.9321724  0.9316818  0.9350125
 0.94072664 0.93294    0.9403492  0.9341111  0.9308082  0.94595116
 0.937611   0.9361998  0.94216365 0.93490857 0.9418477  0.9409
 0.93727386 0.92979044 0.9378168  0.9388363  0.938341   0.9463317
 0.9357721  0.93078077 0.9358696  0.93716234 0.93746805 0.93968123
 0.94346535 0.93998545 0.9443883  0.9364421  0.94140285 0.9327458
 0.93090105 0.9404057  0.9388871  0.93248606 0.93884915 0.93369246
 0.9427471  0.93161047 0.9415307  0.93836    0.9370465  0.9353363
 0.9438571  0.9451077  0.9363472  0.9352727  0.92451966 0.94233865
 0.9323195  0.9338206  0.9331979  0.9342021  0.93215644 0.92923254
 0.9360687  0.9318341  0.93984675 0.95240057]",1.3538076e-14,42.40780210494995,211.6921762594826
Explicit NNODEgHMC,0.8,autograd,high_dimensional_gaussian,SynchronousLeapfrog,0.1,"[0.9400743  0.93915313 0.9350567  0.9375906  0.9379029  0.93390834
 0.9406613  0.9329276  0.9341941  0.93692183 0.9274506  0.9414713
 0.93536186 0.929129   0.9349445  0.9360706  0.9467659  0.9327027
 0.94024056 0.9337122  0.93372697 0.9412043  0.94207186 0.93832433
 0.9443079  0.93121266 0.9298357  0.9229448  0.93449134 0.93429613
 0.938776   0.92725897 0.94017303 0.9319367  0.9297179  0.9408271
 0.93354464 0.93850505 0.94724435 0.93187296 0.9312665  0.9347739
 0.94075155 0.9325775  0.9404656  0.93387413 0.93051517 0.946031
 0.9376162  0.9360279  0.9423439  0.93485993 0.9418863  0.9409105
 0.9372818  0.92954814 0.937727   0.9388175  0.9384625  0.9464788
 0.93555963 0.9303603  0.9356966  0.93716264 0.9374992  0.93974316
 0.94359577 0.94004536 0.9443752  0.93635267 0.9414525  0.93242735
 0.9305727  0.94043016 0.93905634 0.93243015 0.9388677  0.9334669
 0.94280493 0.9312245  0.9416382  0.9382655  0.9370223  0.9352717
 0.943881   0.94518614 0.9362712  0.9351344  0.92391145 0.94257593
 0.93195176 0.93374705 0.9328734  0.9339981  0.9318153  0.9287299
 0.93587893 0.93159425 0.93980205 0.9525401 ]",1.2803386e-14,62.156503677368164,171.9489715883514
SymplecticNNgHMC,0.8,autograd,high_dimensional_gaussian,SynchronousLeapfrog,0.1,"[0.9399416  0.93915975 0.9351001  0.93758965 0.9380678  0.9342246
 0.940585   0.93310785 0.9343777  0.9370793  0.9279312  0.9413611
 0.93555117 0.9294956  0.93504375 0.93624294 0.9463858  0.9330683
 0.94013304 0.9339713  0.9339969  0.9411868  0.941967   0.93832433
 0.9440893  0.93160343 0.930308   0.92359245 0.9346236  0.93454874
 0.9387669  0.92785376 0.940022   0.93214786 0.92998564 0.940897
 0.9337096  0.9385745  0.94715154 0.93220204 0.931743   0.93501866
 0.94070935 0.93291473 0.9403417  0.9341673  0.93083596 0.9459297
 0.93760645 0.9362122  0.9421668  0.93491983 0.9418277  0.94088256
 0.9373112  0.9298376  0.9378039  0.93879694 0.9383384  0.94630235
 0.9357585  0.93080324 0.93584126 0.93720376 0.93749344 0.9396452
 0.9434177  0.9399988  0.9443619  0.9364271  0.94136    0.9328035
 0.930966   0.9403988  0.938892   0.93248624 0.938826   0.93374443
 0.9427385  0.93167734 0.94151086 0.9383571  0.93706465 0.93532866
 0.94383657 0.945059   0.9363469  0.9352751  0.92461824 0.94229287
 0.93237466 0.93382186 0.93320394 0.9342262  0.93219393 0.9293368
 0.93608713 0.93192387 0.9398478  0.95235956]",1.0985872e-06,126.23693418502808,226.75002215186478
GSymplecticNNgHMC,0.8,autograd,high_dimensional_gaussian,SynchronousLeapfrog,0.1,"[0.9399456  0.93915427 0.9350982  0.9375715  0.9380722  0.9342166
 0.9405727  0.9331136  0.9343717  0.9370841  0.92795104 0.9413621
 0.93555164 0.9294995  0.9350342  0.93625784 0.9463834  0.9330572
 0.94013643 0.9339628  0.93399775 0.9411812  0.9419646  0.93831366
 0.94408226 0.9315996  0.9303001  0.9235964  0.9346063  0.9345404
 0.9387664  0.9278573  0.9400129  0.93216836 0.92999625 0.9408945
 0.9337084  0.938564   0.94715303 0.93219966 0.93174314 0.93501174
 0.9407086  0.9329118  0.9403291  0.93416977 0.93082285 0.94593024
 0.9376084  0.9362073  0.94216454 0.93491983 0.9418289  0.94088566
 0.9373069  0.92986745 0.93781376 0.9387977  0.93833447 0.9463064
 0.93575907 0.9307916  0.9358506  0.93719786 0.9374975  0.9396464
 0.9434165  0.93998706 0.9443657  0.9364213  0.941374   0.9328117
 0.93098086 0.9404008  0.9388962  0.9324772  0.938831   0.93374085
 0.94274014 0.9316837  0.9415104  0.9383575  0.9370656  0.9353328
 0.9438407  0.94505805 0.9363494  0.93525267 0.9246526  0.94229126
 0.9323727  0.9338163  0.93321323 0.93421793 0.9321866  0.9293319
 0.93608516 0.931942   0.93983716 0.9523581 ]",1.4115733e-05,65.59745693206787,224.51672272635707
GradSymplecticNNgHMC,0.8,autograd,high_dimensional_gaussian,SynchronousLeapfrog,0.1,"[0.9399454  0.9391637  0.9350995  0.9375915  0.9380696  0.93422097
 0.9405846  0.933112   0.9343726  0.9370804  0.92793405 0.94136274
 0.93554896 0.9294921  0.9350404  0.9362439  0.9463881  0.93306494
 0.94013476 0.933973   0.9339962  0.94118565 0.94197005 0.9383249
 0.94409037 0.9316     0.93031204 0.92359674 0.93462443 0.93455285
 0.93877476 0.92785585 0.9400213  0.9321558  0.92998856 0.9408977
 0.93370605 0.9385733  0.9471489  0.9322011  0.9317397  0.9350195
 0.94071007 0.9329175  0.94034004 0.93416375 0.93083847 0.94592875
 0.9376085  0.93622255 0.94216466 0.9349147  0.9418229  0.9408808
 0.9373096  0.9298303  0.93780494 0.93879366 0.93833876 0.9463074
 0.9357578  0.9308046  0.9358418  0.937202   0.93749166 0.9396464
 0.94341725 0.9399942  0.9443636  0.93643034 0.94136    0.93280065
 0.9309641  0.9404018  0.9388932  0.93248475 0.938831   0.933747
 0.9427368  0.9316816  0.9415085  0.9383596  0.93706477 0.93533194
 0.9438364  0.9450561  0.936341   0.9352789  0.9246263  0.9422915
 0.93237966 0.9338231  0.93320227 0.9342343  0.93219805 0.9293353
 0.9360878  0.9319217  0.9398496  0.95235795]",1.3263042e-06,358.82684326171875,225.6934439636854
GradGSymplecticNNgHMC,0.8,autograd,high_dimensional_gaussian,SynchronousLeapfrog,0.1,"[0.93993604 0.93914485 0.9350835  0.93756664 0.9380679  0.9341998
 0.9405719  0.9331063  0.9343772  0.9370865  0.92795867 0.9413535
 0.93555117 0.9294879  0.9350141  0.936258   0.9463798  0.93305486
 0.94012135 0.93395793 0.934      0.9411937  0.9419683  0.9383216
 0.94407433 0.93160915 0.93031144 0.92359656 0.9345989  0.9345578
 0.9387583  0.92785424 0.940001   0.9321604  0.9299714  0.9409036
 0.93370986 0.9385605  0.9471483  0.932194   0.9317493  0.9350079
 0.9407076  0.9329313  0.9403286  0.93417585 0.93082684 0.94592726
 0.9376143  0.93620366 0.9421673  0.9349277  0.94182277 0.9408884
 0.93730104 0.9298214  0.9378004  0.9387804  0.938331   0.9463083
 0.93576974 0.9308006  0.935846   0.9371996  0.93749523 0.93965065
 0.94342107 0.93998957 0.9443609  0.93643755 0.9413595  0.93281287
 0.93097496 0.9404018  0.9388856  0.9324856  0.93882835 0.933745
 0.942739   0.93169105 0.9415126  0.9383609  0.93706894 0.9353175
 0.94383276 0.945055   0.9363564  0.93525475 0.924651   0.9422921
 0.93238205 0.9338379  0.9331981  0.93422604 0.9321865  0.9293377
 0.93609226 0.9319458  0.93986213 0.9523584 ]",1.3722405e-05,215.87394428253174,224.63315274220597
HMC,0.8,autograd,normal_normal,SynchronousLeapfrog,0.1,"[0.89048564 0.93455786 0.9439025  0.9405407  0.9230014  0.92788047
 0.95217466 0.94441557 0.9434077  0.9382758  0.94970196 0.94455373
 0.94796246 0.9329099  0.95040596 0.9430945  0.9395627  0.93515337
 0.93358874 0.9350686  0.87089956 0.94332093 0.93008345 0.9507407
 0.9514847  0.9530685  0.9294993  0.9432952  0.94892156 0.9389372
 0.93537635 0.94804156 0.93818665 0.9380509  0.94594955 0.9363801
 0.91584086 0.94865906 0.9506457  0.9387069  0.9494852  0.91630447
 0.94813573 0.9423293  0.94860166 0.9271416  0.924893   0.9412713
 0.94236654 0.94959974 0.9292028  0.9393066  0.95454836 0.953802
 0.9454712  0.9375026  0.9180548  0.94420207 0.9442946  0.95336723
 0.9219837  0.9269295  0.9098121  0.93483555 0.9355194  0.944703
 0.9503354  0.92741287 0.9333257  0.91219044 0.93627137 0.93552655
 0.9508723  0.9528882  0.9524379  0.93414366 0.9415695  0.9530109
 0.94911194 0.9407971  0.94292915 0.9534944  0.9370576  0.94612527
 0.9533286  0.9357656  0.9438707  0.92936534 0.9165009  0.9527496
 0.91916007 0.9339107  0.94377273 0.93097514 0.922816   0.943522
 0.93391174 0.9378492  0.9401468  0.9197116 ]",8.2635285e-16,81.70643138885498,360.4026461239316
NNgHMC,0.8,autograd,normal_normal,SynchronousLeapfrog,0.1,"[0.89225566 0.9347632  0.9439583  0.939943   0.920835   0.9272213
 0.9521643  0.9447361  0.9431038  0.93737054 0.9498358  0.94495773
 0.9478085  0.93263876 0.95034236 0.9428713  0.9394428  0.935667
 0.9334445  0.934931   0.8714935  0.9434051  0.9303486  0.9504697
 0.9516156  0.952824   0.9294273  0.94350374 0.94895935 0.93896353
 0.93596447 0.9483387  0.9371457  0.9381739  0.9454338  0.9364331
 0.91665554 0.94838274 0.9506755  0.9384755  0.94983214 0.9076568
 0.94831085 0.9420718  0.9483375  0.9264889  0.92548484 0.94142675
 0.94240683 0.95000637 0.9294886  0.9393589  0.95459384 0.95370996
 0.94545424 0.9374448  0.9183189  0.9440968  0.944129   0.95337236
 0.92226    0.9266812  0.9093591  0.9351151  0.9359969  0.9446428
 0.9502322  0.927118   0.93373    0.9123267  0.93617356 0.9362287
 0.9511635  0.95245314 0.95263374 0.93400115 0.94171834 0.95280254
 0.9491495  0.94070363 0.9425411  0.95371073 0.9371505  0.9462619
 0.95351714 0.9362361  0.9440187  0.92911404 0.912663   0.9529294
 0.91867876 0.93484086 0.94416136 0.930247   0.9208786  0.943118
 0.9291104  0.9380225  0.94019383 0.9029774 ]",1.4219355e-15,70.9688036441803,310.1535089327744
NNODEgHMC,0.8,autograd,normal_normal,SynchronousLeapfrog,0.1,"[0.8911251  0.9349987  0.9439499  0.94022834 0.9217722  0.92745036
 0.95206916 0.94460124 0.9431498  0.9378215  0.94973063 0.94471043
 0.94810456 0.9329087  0.9504203  0.9429784  0.9395151  0.93556184
 0.93350255 0.9351281  0.8694824  0.9433529  0.9301294  0.95082545
 0.9515171  0.9531099  0.929403   0.9433608  0.94891024 0.9389242
 0.9367918  0.9479991  0.93766105 0.9380674  0.9457531  0.936356
 0.9169631  0.94870013 0.9506464  0.93867385 0.9496155  0.9097246
 0.948318   0.94240856 0.9485277  0.92702186 0.92527187 0.94139516
 0.9428698  0.9498722  0.9294075  0.9394822  0.95454013 0.9538107
 0.9456283  0.93743694 0.9181811  0.9440702  0.9443821  0.95342606
 0.92194307 0.92697966 0.90962076 0.93511885 0.93571556 0.94458425
 0.9503044  0.92718554 0.9333851  0.9116148  0.9360249  0.93600464
 0.95102584 0.9527556  0.95247096 0.9353757  0.9414479  0.9530066
 0.9492449  0.94058955 0.942784   0.95360076 0.9371588  0.946212
 0.9532869  0.93601483 0.9441931  0.92917037 0.9140643  0.95274657
 0.9188978  0.9346304  0.94381666 0.93049955 0.92338246 0.943552
 0.9314787  0.93809557 0.94033945 0.9095893 ]",1.8030021e-14,56.25919699668884,322.19181292451333
Explicit NNODEgHMC,0.8,autograd,normal_normal,SynchronousLeapfrog,0.1,"[0.8897454  0.9351939  0.94387484 0.9403285  0.9229512  0.92809486
 0.95208234 0.944641   0.9433278  0.9386649  0.94974375 0.944442
 0.94802475 0.9329237  0.9504031  0.94287026 0.9395231  0.9354819
 0.93365234 0.9350621  0.869596   0.94331825 0.9300992  0.9509177
 0.9513786  0.95322263 0.9295144  0.943192   0.9489044  0.93885887
 0.93654025 0.948003   0.9382584  0.93806314 0.9460243  0.9363433
 0.91679835 0.94870013 0.9506292  0.93868923 0.94947004 0.9093473
 0.9481077  0.94247913 0.9487523  0.9274301  0.9251156  0.9416794
 0.9428024  0.9499256  0.92915857 0.93985736 0.9545254  0.953845
 0.94547504 0.9372935  0.91843694 0.9441633  0.9444456  0.9534387
 0.9219239  0.9270477  0.91012067 0.9349495  0.935483   0.94468975
 0.95045394 0.92748976 0.9334307  0.9122939  0.93632925 0.93558115
 0.95097446 0.9530076  0.952347   0.93525547 0.9417834  0.9530918
 0.9492063  0.9407548  0.9430871  0.9534925  0.9371005  0.9461603
 0.9532113  0.9357874  0.9438836  0.9294467  0.9145384  0.9527242
 0.9190477  0.93436444 0.9438583  0.9312276  0.9229843  0.943731
 0.9332528  0.938079   0.94005525 0.913998  ]",1.3002394e-14,70.48255896568298,321.3413962678992
SymplecticNNgHMC,0.8,autograd,normal_normal,SynchronousLeapfrog,0.1,"[0.89004964 0.93313044 0.9438337  0.9391378  0.9190383  0.92743826
 0.9517913  0.9434289  0.94213855 0.93707913 0.94913673 0.9442525
 0.9485543  0.9326922  0.9505824  0.9426625  0.9388269  0.936407
 0.9335963  0.9352882  0.8742401  0.94346875 0.9296176  0.950804
 0.95154685 0.9530524  0.92947197 0.9431051  0.9487943  0.93890893
 0.935665   0.94779885 0.93820167 0.9383814  0.9448442  0.93604916
 0.91616476 0.94927347 0.9505491  0.93891734 0.9491265  0.9077117
 0.9481095  0.94187546 0.9479593  0.92370313 0.92519873 0.9406618
 0.9420755  0.94996715 0.9289052  0.93801755 0.9543988  0.9537158
 0.9452251  0.937415   0.9178025  0.94363993 0.94365215 0.95324457
 0.9226675  0.9273498  0.90795696 0.93577814 0.9355526  0.94512105
 0.95007986 0.92712516 0.93327826 0.91256285 0.9361123  0.9360684
 0.95076835 0.9526787  0.9523959  0.9341116  0.9407398  0.9528352
 0.9489794  0.94001913 0.9414983  0.9535278  0.93663687 0.9462886
 0.95307434 0.93522733 0.9438256  0.92917633 0.9068522  0.95260763
 0.91868037 0.93430173 0.94357514 0.93096185 0.92343795 0.94340074
 0.92919576 0.93878525 0.9398419  0.9020742 ]",0.00623463,134.5327377319336,390.28490482814124
GSymplecticNNgHMC,0.8,autograd,normal_normal,SynchronousLeapfrog,0.1,"[0.89068574 0.9348433  0.94390744 0.9406315  0.92554367 0.9279329
 0.95217913 0.94452    0.94338095 0.9387784  0.9497339  0.9445436
 0.9479778  0.9330028  0.950389   0.9430647  0.9395629  0.9351566
 0.93365765 0.9351338  0.8712964  0.9432777  0.9300692  0.95080316
 0.95143044 0.95310676 0.9294243  0.9432823  0.9489476  0.93888366
 0.935672   0.94810647 0.9385023  0.93799496 0.945995   0.9363731
 0.9166999  0.94870055 0.9506339  0.9386842  0.9495462  0.9161649
 0.9481572  0.9424297  0.9486408  0.9275617  0.9252113  0.9415898
 0.9423137  0.94962406 0.9293446  0.93973845 0.9545447  0.95381254
 0.9455394  0.93729293 0.91836613 0.94423527 0.9443407  0.9533824
 0.92193437 0.9270875  0.90990925 0.9347231  0.93552583 0.9447627
 0.9503164  0.9274839  0.933259   0.9124006  0.9360889  0.9356811
 0.9509129  0.9528985  0.95241404 0.93372667 0.9419372  0.9530241
 0.94910926 0.9408293  0.94295025 0.9535181  0.93703574 0.9461092
 0.9533067  0.9357952  0.94392574 0.9294235  0.91597223 0.952723
 0.91913146 0.9343998  0.94392794 0.93102473 0.9238536  0.9434778
 0.93350786 0.9377632  0.9398484  0.91787875]",0.00028968733,61.605576276779175,273.06864704375596
GradSymplecticNNgHMC,0.8,autograd,normal_normal,SynchronousLeapfrog,0.1,"[0.89130896 0.9290854  0.9430396  0.9393606  0.91025895 0.9279909
 0.95247114 0.9454626  0.9426767  0.93154895 0.95014805 0.94507426
 0.94789696 0.93219984 0.95037127 0.9427849  0.9385509  0.9371788
 0.933438   0.9348396  0.8714873  0.9430851  0.93035144 0.94999695
 0.95194626 0.95240086 0.92902035 0.94349307 0.9486391  0.9388112
 0.93554735 0.9480423  0.9323983  0.93789476 0.9448869  0.93669957
 0.90535045 0.94833106 0.950513   0.93847317 0.95049334 0.908164
 0.9479494  0.94142264 0.9479791  0.9198352  0.9249059  0.937819
 0.94193256 0.949818   0.92881775 0.9361876  0.9545622  0.9534013
 0.9447079  0.9376256  0.91777945 0.94383353 0.94356364 0.9530941
 0.92337245 0.92554164 0.9098786  0.9347458  0.9343419  0.94447696
 0.9497043  0.9275011  0.93247557 0.9114663  0.9358775  0.9356229
 0.9513807  0.9521264  0.95262325 0.9303743  0.93905056 0.9523791
 0.948459   0.941353   0.9402962  0.9537473  0.9356569  0.9459008
 0.9537004  0.9354682  0.9432353  0.929489   0.9057676  0.95274425
 0.91923165 0.93235034 0.94381684 0.9310729  0.9203342  0.94283265
 0.9211933  0.9372915  0.94052815 0.8790016 ]",0.0104830265,202.52712154388428,82.09402426513938
GradGSymplecticNNgHMC,0.8,autograd,normal_normal,SynchronousLeapfrog,0.1,"[0.8907334  0.9349209  0.94387454 0.9402846  0.92555547 0.9279455
 0.95218027 0.94441766 0.9434507  0.93865335 0.94970644 0.9445572
 0.9479681  0.9331596  0.9503716  0.9429278  0.93955934 0.93492043
 0.9336597  0.935089   0.8724325  0.94342583 0.9300465  0.9507827
 0.9514452  0.95309734 0.9294199  0.94323504 0.9489212  0.93886185
 0.9355935  0.9481143  0.93853086 0.93822646 0.94592494 0.93628216
 0.9163059  0.9487791  0.9506041  0.938616   0.9494804  0.9171528
 0.948112   0.94230145 0.9486653  0.92760134 0.9250865  0.9415575
 0.94233817 0.94951314 0.9293097  0.9396553  0.9545514  0.95378417
 0.9454784  0.937288   0.9184408  0.94422746 0.9441943  0.9533824
 0.92222685 0.9263822  0.90992296 0.9348909  0.9355828  0.94470644
 0.9503335  0.9275075  0.933479   0.91257465 0.9362391  0.93577737
 0.9508588  0.95290565 0.95243114 0.9339766  0.94206136 0.953005
 0.949142   0.9407815  0.9429223  0.9534661  0.93714994 0.9461472
 0.9533288  0.935722   0.9438611  0.929448   0.9161837  0.95274436
 0.9193139  0.934466   0.9438944  0.9310116  0.92412156 0.9435139
 0.9338702  0.93787515 0.939945   0.9193686 ]",0.00089123903,101.90661883354187,258.8204012551904
HMC,0.9,autograd,banana,SynchronousLeapfrog,0.1,"[0.8304914  0.9649813  0.95225763 0.87143016 0.87386703 0.6032127
 0.9377389  0.96153593 0.98231685 0.91660404 0.94873923 0.90205216
 0.9716295  0.8300085  0.9803871  0.8984493  0.94168305 0.9343826
 0.958986   0.8717398  0.987257   0.9852659  0.8685101  0.93652195
 0.93730974 0.9822079  0.8594923  0.9390084  0.96994114 0.97459793
 0.9786166  0.9657687  0.85339546 0.9693624  0.86398315 0.97498816
 0.89435434 0.89912957 0.9910126  0.95843095 0.9774394  0.9443141
 0.8040252  0.8542417  0.8694576  0.94271886 0.82097596 0.8509399
 0.9869394  0.9793614  0.8464267  0.9139196  0.9773049  0.98253953
 0.8843559  0.91702336 0.93711346 0.93555015 0.91653144 0.9876711
 0.93499315 0.94619465 0.9313597  0.96672314 0.8962265  0.9217415
 0.98016727 0.94371766 0.9336984  0.88827085 0.91159576 0.96023595
 0.90364885 0.96530724 0.94598556 0.8871858  0.8640086  0.98992515
 0.92385805 0.88772315 0.9780278  0.94652003 0.9438578  0.9494971
 0.90725416 0.9624071  0.9535165  0.97415656 0.9673823  0.9727776
 0.9336505  0.928349   0.95237464 0.944545   0.8904822  0.97897995
 0.95329463 0.9790957  0.9599322  0.91528547]",2.5295321e-14,21.446735620498657,1.361646241282888
NNgHMC,0.9,autograd,banana,SynchronousLeapfrog,0.1,"[0.88332415 0.9633008  0.6879176  0.36413997 0.62602115 0.00355345
 0.53586006 0.8643675  0.97835004 0.30882347 0.865699   0.8221344
 0.9601315  0.12852508 0.88916683 0.5236894  0.9610723  0.91596735
 0.7750195  0.3434411  0.9867705  0.94384813 0.30876026 0.7126707
 0.7434303  0.9789326  0.20775458 0.79397607 0.9445226  0.8241865
 0.9090384  0.7727541  0.17629275 0.9533911  0.49999022 0.9675128
 0.26220185 0.5395486  0.97909915 0.8901744  0.96292365 0.48761258
 0.9017059  0.57693046 0.27978504 0.6351272  1.2255768  0.16178705
 0.9237425  0.91663396 0.45257723 0.58245564 0.9515921  0.98616767
 0.43739462 0.80222577 0.2308324  0.5857557  0.8148961  0.95369387
 0.3062497  0.96173906 0.956324   0.76057875 0.5054924  0.47541997
 0.8832132  0.93940294 0.77369565 0.14443646 0.07462978 0.9566147
 0.8562836  0.88515174 0.8586197  0.9182625  0.50098956 0.97948873
 0.9444508  0.29646263 0.86723924 0.920098   0.9088057  0.9688239
 0.8018519  0.9415368  0.9659238  0.915188   0.9347722  0.93910855
 0.12608914 0.718239   0.57665414 0.9025215  0.9308774  0.966784
 0.67977923 0.8652071  0.80445874 0.68993175]",2.2737367e-15,18.45180630683899,1.7861978848025937
NNODEgHMC,0.9,autograd,banana,SynchronousLeapfrog,0.1,"[0.88259333 0.96491164 0.6630418  0.38283357 0.60992193 0.03329615
 0.5514807  0.8672099  0.9798603  0.3208784  0.88275945 0.830853
 0.953905   0.13713466 0.8771667  0.52727795 0.9598986  0.91440046
 0.7679629  0.31023675 0.9861673  0.933524   0.30392596 0.7072975
 0.7637212  0.9777889  0.22922854 0.8147811  0.9468748  0.8283415
 0.9066312  0.75179434 0.18999407 0.94647634 0.50458777 0.9700413
 0.27961406 0.59318966 0.9777206  0.90348697 0.96419156 0.4475444
 0.9021942  0.6084826  0.25302696 0.63149846 1.1357387  0.12045872
 0.9209322  0.91394585 0.4794763  0.5519707  0.95250595 0.98572195
 0.4318298  0.8075602  0.19393426 0.5814922  0.7934972  0.956105
 0.26696393 0.9646301  0.9552878  0.7556089  0.51336235 0.45730838
 0.867445   0.9488621  0.79494417 0.13569556 0.02505213 0.95432603
 0.8683257  0.89823836 0.8428999  0.9181677  0.51138866 0.9780029
 0.94747156 0.29000455 0.8712802  0.90846777 0.9185494  0.9681566
 0.788867   0.9429566  0.9673426  0.9245469  0.93245924 0.94214535
 0.1721996  0.71305597 0.5541606  0.8948009  0.9332768  0.9696021
 0.7026579  0.86145055 0.8242183  0.7175843 ]",8.8478766e-11,25.437339305877686,1.4192103270651475
Explicit NNODEgHMC,0.9,autograd,banana,SynchronousLeapfrog,0.1,"[0.8807405  0.96149844 0.77198136 0.9154677  0.14225614 0.32993862
 0.9556407  0.7670061  0.9873104  0.41332376 0.7753741  0.9128957
 0.9628421  0.05689929 0.6903628  0.5056132  0.97165364 0.8819952
 0.38529938 0.43299866 0.9822     0.9702074  0.4401867  0.7451307
 0.8600826  0.98601663 0.8266133  0.7269373  0.9636353  0.70739496
 0.9601605  0.84147596 0.41824317 0.90525377 0.40286145 0.6464393
 0.8177532  0.34052968 0.98391217 0.796014   0.9172198  0.664457
 0.8702499  1.8611115  0.7315113  0.7344221  1.7088817  0.24065511
 0.9484385  0.95254153 1.9114584  0.7101299  0.9269735  0.9857677
 0.56677437 0.78056735 0.3149129  0.7006248  0.8950383  0.9488937
 0.46266305 0.861566   0.74095297 0.7925645  0.44500822 0.722962
 0.9318511  0.87209654 0.70438194 0.19328213 0.22923079 0.33778378
 0.7777667  0.8088292  0.8943628  0.8773037  0.7267835  0.97479475
 0.79903495 0.4379953  0.8172411  0.95828927 0.83029306 0.97247505
 0.55458975 0.9371187  0.9450487  0.9686078  0.950673   0.9652338
 0.02912382 0.71635574 0.3692853  0.2976324  0.9313509  0.90103817
 0.73595357 0.8905098  0.7487144  0.55510473]",4.2108466e-11,38.05820345878601,1.7780732201058302
SymplecticNNgHMC,0.9,autograd,banana,SynchronousLeapfrog,0.1,"[0.77537775 0.386558   0.21806595 0.90358245 0.58740824 2.6625824
 0.64561754 0.5757987  0.56189346 0.5767213  1.4934648  0.01134891
 0.24330246 0.7619542  0.32999307 0.37601036 0.73954535 0.6951369
 0.8583268  0.5070456  0.66836834 0.24871807 0.83779114 0.9216024
 1.0578841  0.76415336 1.457674   1.4041122  0.40171298 0.41161364
 0.9415993  0.07862328 0.90322226 0.02615907 0.34923467 0.01349544
 1.0444977  0.75897646 0.7719848  1.8222206  0.70002115 0.21827492
 0.78354156 0.8140271  1.8230823  0.92311394 6.729976   2.78376
 0.8802737  0.8896661  0.7998996  0.05423215 0.80669284 0.65950435
 0.8556826  0.29108968 0.6266317  0.92796135 0.70249295 0.489932
 0.41787004 0.04365895 0.59230745 0.93971205 0.29417765 0.81335354
 0.10262197 1.3209518  1.4350164  0.8377718  3.2693908  0.38156924
 1.9582181  1.5062761  0.05940683 0.46610826 0.5432837  0.74840134
 0.3290509  0.8365092  0.34267625 0.6758547  2.3378203  0.7499978
 0.45230782 0.48120984 0.7281461  0.43914944 0.8532871  0.28295928
 0.7042575  0.89499664 0.61181235 0.4689656  0.47429794 0.3399741
 1.4367502  0.90928066 1.3953192  1.9539951 ]",1.5221069,67.00275754928589,1.4822629508187406
GSymplecticNNgHMC,0.9,autograd,banana,SynchronousLeapfrog,0.1,"[8.54469180e-01 2.09836364e-01 8.40520144e-01 1.12882480e-02
 4.09292638e-01 6.11707032e-01 1.48625433e-01 6.28573120e-01
 7.18621910e-01 3.65628712e-02 1.91782665e+00 4.02624220e-01
 1.56082320e+00 3.02282631e-01 1.98538512e-01 5.31905413e-01
 7.30588794e-01 7.39090681e-01 6.69218421e-01 1.69697666e+00
 7.28902996e-01 1.37553477e+00 2.87862003e-01 7.11265028e-01
 1.07042527e+00 7.86915183e-01 2.32277632e-01 2.00047064e+00
 5.82589388e-01 6.74139440e-01 8.78182530e-01 3.49202789e-02
 4.51482475e-01 1.50039136e-01 5.14787197e-01 5.48922539e-01
 1.90985918e-01 3.63882869e-01 7.83265114e-01 7.60679388e+00
 7.70400703e-01 1.90905273e+03 8.60902190e-01 7.45431840e-01
 2.40366504e-01 7.86926627e-01 1.71236328e+02 6.97725296e-01
 8.16653252e-01 8.24206054e-01 5.03280044e-01 2.93283165e-01
 9.00198162e-01 7.23497093e-01 6.59571409e-01 6.59026921e-01
 7.79129148e-01 7.03775108e-01 9.60105133e+00 7.07219124e-01
 9.10550117e-01 4.45859879e-01 5.92148781e-01 7.61668861e-01
 3.06390077e-01 2.45535344e-01 1.59582114e+00 3.83798480e+00
 2.10632873e+00 2.74266124e-01 1.97568309e+00 5.96144915e-01
 2.64885283e+00 2.42936873e+00 3.31595168e-02 5.68066239e-01
 1.74192518e-01 7.55075097e-01 4.63230580e-01 4.65014935e-01
 6.38996840e-01 1.65885639e+00 3.56159760e+02 7.81082034e-01
 4.78158295e-01 6.96924388e-01 2.37511015e+00 8.73155445e-02
 8.42509031e-01 5.06954312e-01 1.06068134e-01 8.10614109e-01
 1.12326257e-01 5.05373888e-02 6.25641108e-01 5.33688188e-01
 1.00236309e+00 8.12861621e-01 1.99231219e+00 1.90566957e+00]",26.237375,32.77583718299866,8.566710931856123
GradSymplecticNNgHMC,0.9,autograd,banana,SynchronousLeapfrog,0.1,"[7.6781273e-01 3.7552351e-01 2.8332871e-01 1.2512181e+00 6.1583924e-01
 2.7446153e+00 9.2966831e-01 5.3588212e-01 5.4348528e-01 8.5748380e-01
 1.7851238e+00 1.9751845e-01 1.9202873e-01 6.9192874e-01 4.0021497e-01
 2.8226882e-01 7.7675712e-01 7.1778846e-01 8.7799901e-01 5.6244326e-01
 6.8807572e-01 2.0229173e-01 7.9035544e-01 9.2499006e-01 1.3580942e+00
 7.9056501e-01 1.7084494e+00 1.7339258e+00 4.0260386e-01 3.5053715e-01
 9.5510882e-01 1.7004302e-01 1.1708920e+00 4.1471466e-02 1.9706587e-01
 8.1803203e-03 1.3465284e+00 8.0468750e-01 7.9457396e-01 1.9916290e+00
 6.9487256e-01 1.1021255e-01 7.5782675e-01 7.7139604e-01 2.3693569e+00
 9.0581775e-01 8.2688837e+00 3.2981911e+00 9.0069377e-01 9.1079640e-01
 7.5755566e-01 2.0876041e-01 8.1188935e-01 6.8658131e-01 8.3018875e-01
 1.6958909e-01 7.0593584e-01 9.0915704e-01 5.4181969e-01 4.7059569e-01
 5.4822791e-01 1.2221865e-01 5.7581866e-01 9.5267391e-01 3.8503772e-01
 8.3673859e-01 4.4301029e-02 1.5365763e+00 1.7497542e+00 8.0025470e-01
 3.9549518e+00 4.2212448e-01 2.0188918e+00 1.6300666e+00 5.0679844e-02
 5.0767559e-01 6.6879821e-01 7.7042508e-01 2.5889271e-01 8.0739021e-01
 2.9963046e-01 5.7689923e-01 2.4184592e+00 7.8099728e-01 4.6591815e-01
 4.9410605e-01 7.9711390e-01 5.4671383e-01 8.6358535e-01 2.7773985e-01
 7.7755249e-01 9.0539730e-01 6.7634761e-01 4.8505816e-01 4.0178475e-01
 3.0233958e-01 1.7058446e+00 9.2658508e-01 1.6708782e+00 2.4431214e+00]",1.6510713,134.36711883544922,1.3090722670462285
GradGSymplecticNNgHMC,0.9,autograd,banana,SynchronousLeapfrog,0.1,"[7.9162872e-01 3.0394238e+01 4.3450824e+02 4.7763133e-01 2.1210989e+01
 1.4020960e+01 6.9456863e-01 8.0658835e-01 9.4846189e-01 7.0825756e-01
 7.9595984e+02 6.4054579e-01 6.9366104e+01 3.6096311e-01 2.1541235e+01
 6.1761433e-01 9.4081533e-01 9.2150772e-01 9.3542922e-01 2.3356503e+02
 9.8383468e-01 2.6559241e+02 5.1995778e-01 9.2613029e-01 2.9296085e+01
 9.8114657e-01 4.6054971e-01 2.3282993e+02 9.5390558e-01 8.2568592e-01
 9.7038364e-01 3.3921671e+02 7.1610224e-01 2.9472906e+01 3.8374969e-01
 8.5301743e+00 7.5577390e-01 5.0822046e+02 9.8895901e-01 2.1879290e+03
 9.4050384e-01 8.4075957e+03 6.4747429e-01 7.7091513e+00 6.2055796e-01
 8.9979148e-01 4.9453711e+03 1.9547932e+01 9.7786349e-01 9.6360004e-01
 2.1223807e+00 9.0857849e+02 9.0837067e-01 9.8098105e-01 8.3540726e-01
 7.4390173e-01 1.5973334e+02 8.5220182e-01 3.0246550e+03 9.4721508e-01
 6.5167322e+02 1.7790617e+01 8.9319634e-01 9.1113681e-01 8.0903149e-01
 4.6587839e+00 3.9367050e+02 1.5668691e+03 1.9697220e+02 7.3802662e-01
 1.6256454e+02 1.6880482e-01 1.5962386e+03 5.9038989e+02 1.4902956e+02
 8.8721055e-01 7.9913652e-01 9.8980713e-01 7.8339976e-01 7.5933111e-01
 9.0888774e-01 1.0569054e+03 6.4736465e+03 9.5820540e-01 2.4272161e+01
 9.4741845e-01 3.8970822e+02 1.6618706e+01 9.7116137e-01 9.4711751e-01
 3.6494800e+02 9.0271842e-01 3.0421890e+01 9.0987463e+00 8.8745058e-01
 9.1540068e-01 4.1041996e+01 9.6188831e-01 1.8285886e+02 8.4276904e+02]",42231.434,77.24589586257935,27.241342616503744
HMC,0.9,autograd,gaussian,SynchronousLeapfrog,0.3,"[0.91386926 0.9433746  0.93516016 0.90718734 0.945476   0.9495938
 0.9387225  0.9318573  0.94092286 0.9198173  0.9474608  0.91904974
 0.9604076  0.94008625 0.94355667 0.95494986 0.9078932  0.93407434
 0.9375898  0.94348764 0.9465233  0.94223183 0.9414384  0.9251231
 0.93959093 0.9591814  0.9285364  0.93533385 0.9148674  0.9347266
 0.941457   0.94525194 0.9528031  0.934324   0.93894374 0.9513919
 0.92780083 0.95239055 0.9084689  0.950623   0.9386953  0.95364153
 0.9437403  0.9559382  0.9265027  0.9475121  0.9382268  0.9393586
 0.9561442  0.9454212  0.9343111  0.90133566 0.9313102  0.93714035
 0.9388938  0.94962996 0.9487585  0.9344156  0.9553791  0.9483203
 0.9380526  0.91201735 0.95260686 0.9503295  0.93190527 0.9493804
 0.91976213 0.95874023 0.94917935 0.9281303  0.951956   0.93178576
 0.9413279  0.95018923 0.9457501  0.9294827  0.9618603  0.9216914
 0.9477846  0.9118509  0.94713163 0.94632244 0.9446343  0.9444488
 0.92731    0.94761944 0.9177389  0.9544511  0.9537274  0.9306587
 0.9298334  0.8900149  0.94524336 0.9496457  0.9489729  0.96129334
 0.9329502  0.9426195  0.9496498  0.92751396]",5.5601013e-15,17.8170747756958,1467.581790577031
NNgHMC,0.9,autograd,gaussian,SynchronousLeapfrog,0.3,"[0.91249007 0.94329953 0.93506116 0.9086508  0.9462689  0.9500694
 0.93948126 0.9313959  0.9404305  0.91678876 0.9482349  0.91869354
 0.9604347  0.94044465 0.94383085 0.9550659  0.9064326  0.9336304
 0.9381527  0.9431547  0.94672096 0.94296926 0.9410283  0.92197883
 0.9392211  0.9594543  0.9288158  0.9354812  0.91341275 0.9351942
 0.9420964  0.94554245 0.9526253  0.9338948  0.9388625  0.9511945
 0.9280977  0.95263165 0.90593356 0.95179677 0.93883836 0.95465916
 0.943882   0.95611376 0.92697924 0.9479949  0.93794334 0.9385842
 0.9565263  0.9455317  0.9343698  0.89675033 0.93130636 0.93688077
 0.93896884 0.9489562  0.94906044 0.93459386 0.9552549  0.9478361
 0.9375655  0.9083314  0.952114   0.9504485  0.93105555 0.9492523
 0.918997   0.9586472  0.94852227 0.9291043  0.9519774  0.9316325
 0.9413756  0.9504374  0.9456555  0.9301146  0.96187896 0.9197421
 0.947962   0.90668863 0.9470371  0.9476727  0.9445047  0.94462955
 0.92627466 0.9487447  0.9182393  0.9550079  0.95391643 0.9297771
 0.92887086 0.88379705 0.9450569  0.9496984  0.9490217  0.96137893
 0.93310463 0.94250345 0.9498781  0.9282155 ]",4.691259e-15,17.221466302871704,1460.2349195239321
NNODEgHMC,0.9,autograd,gaussian,SynchronousLeapfrog,0.3,"[0.9126898  0.94324255 0.9349803  0.9065447  0.9462118  0.95020914
 0.938641   0.9314885  0.94072264 0.9182428  0.9479479  0.91903543
 0.96034306 0.94064367 0.9439787  0.95515364 0.9071557  0.9343525
 0.93786335 0.94313765 0.9469092  0.94255626 0.9411132  0.9230806
 0.9396839  0.9593906  0.9283759  0.93514365 0.9137521  0.93503916
 0.9417815  0.94549847 0.95269674 0.93384314 0.93872344 0.95125806
 0.9278859  0.9526329  0.90723675 0.9514999  0.93907255 0.9544015
 0.94378394 0.95613974 0.9271444  0.94758976 0.93794316 0.93891466
 0.9565391  0.94547033 0.93466556 0.89900535 0.93134344 0.9370655
 0.938921   0.948984   0.9488349  0.9349489  0.95526266 0.9480102
 0.93774736 0.9095267  0.9521891  0.9504418  0.9317869  0.9491774
 0.9193823  0.9587016  0.9486766  0.9291409  0.9518608  0.9312897
 0.94168705 0.9504626  0.9457077  0.9299769  0.9619004  0.92081445
 0.94803    0.90630424 0.94733465 0.94717234 0.94447994 0.9445096
 0.9269211  0.94852513 0.91808194 0.9548909  0.9539137  0.93060344
 0.92876005 0.8823718  0.9451458  0.94983095 0.94897765 0.9613719
 0.933632   0.94253397 0.94989794 0.9281106 ]",2.5860695e-14,15.428845882415771,1420.6353917306624
Explicit NNODEgHMC,0.9,autograd,gaussian,SynchronousLeapfrog,0.3,"[0.9106914  0.94344205 0.935713   0.89595926 0.94642735 0.95075476
 0.93859136 0.93187773 0.94019055 0.9161614  0.94837713 0.9171026
 0.9604484  0.9406504  0.94384384 0.9554757  0.90471834 0.9335005
 0.9372896  0.9429972  0.94671106 0.9426605  0.9410454  0.92156714
 0.94013655 0.9596824  0.9284157  0.9348339  0.91282195 0.935251
 0.9423212  0.94587487 0.95241725 0.9341903  0.9390418  0.95108974
 0.9275398  0.9526762  0.9049697  0.9522292  0.9385176  0.9547028
 0.9436592  0.9563688  0.92764187 0.9476911  0.93770283 0.9388132
 0.9570788  0.94559944 0.93425965 0.8952216  0.9310247  0.93640625
 0.93877476 0.9489175  0.94914615 0.9344112  0.95519114 0.9480769
 0.9375262  0.9067987  0.9520259  0.9502176  0.93094206 0.94908667
 0.9197526  0.95869774 0.9484414  0.92749614 0.9515761  0.93187016
 0.9412712  0.95096946 0.9454521  0.9292223  0.96184206 0.9199931
 0.9480421  0.899086   0.9478998  0.94738257 0.94482934 0.9442407
 0.9262347  0.94856083 0.91658115 0.9558197  0.9538344  0.9303776
 0.9275292  0.87048817 0.94522893 0.9499683  0.9492197  0.961369
 0.93242085 0.94234246 0.9498129  0.9285015 ]",2.9572668e-14,20.255155563354492,1377.8448415763094
SymplecticNNgHMC,0.9,autograd,gaussian,SynchronousLeapfrog,0.3,"[0.9139177  0.9434187  0.93529844 0.907624   0.94556594 0.9496449
 0.9388474  0.9318909  0.94091856 0.91985846 0.9474019  0.9190332
 0.96040386 0.93998    0.94354427 0.9549398  0.90804577 0.93408483
 0.93765944 0.94346833 0.9465127  0.9423208  0.94149226 0.9249963
 0.93965805 0.95916766 0.92855567 0.93527496 0.91490525 0.9347553
 0.941409   0.945277   0.95278275 0.93440807 0.9389404  0.951385
 0.9277782  0.9523799  0.90843403 0.9506351  0.9386859  0.9537136
 0.94371176 0.95592964 0.92654026 0.9475167  0.93825483 0.93933094
 0.95615566 0.94543666 0.93425894 0.9012517  0.9312929  0.93701
 0.93891466 0.9496393  0.9487641  0.93445575 0.9553606  0.9483323
 0.9380139  0.9121232  0.9526104  0.9503464  0.93195534 0.94936085
 0.91978943 0.9587517  0.949187   0.92800444 0.9519348  0.9317268
 0.94134706 0.9501896  0.9457369  0.9294455  0.96186364 0.92172325
 0.9477908  0.9119724  0.9470948  0.94643134 0.9446413  0.94442743
 0.92728084 0.94753903 0.91775084 0.9544563  0.95376986 0.93067837
 0.92975223 0.8898326  0.9452461  0.9496354  0.94897866 0.9612958
 0.9329792  0.94262284 0.9496503  0.92749596]",4.3976648e-05,48.456894636154175,1488.691558031974
GSymplecticNNgHMC,0.9,autograd,gaussian,SynchronousLeapfrog,0.3,"[0.91343105 0.9436881  0.93547505 0.909204   0.9459221  0.94993746
 0.9393866  0.9313897  0.94084233 0.91930026 0.9471334  0.91911286
 0.9605035  0.940854   0.94355583 0.9549519  0.9081358  0.9338271
 0.938132   0.94329226 0.94632757 0.94276685 0.94156253 0.92582595
 0.9400253  0.9593251  0.92845476 0.93471515 0.9151923  0.9344058
 0.9418105  0.945299   0.9525568  0.93472624 0.9392168  0.9512671
 0.92697775 0.95260715 0.9079746  0.9506962  0.93815637 0.95402706
 0.94406354 0.95594853 0.926469   0.9476026  0.9376826  0.9397358
 0.95618504 0.9451798  0.9342283  0.900804   0.9309062  0.93656063
 0.93901634 0.9495406  0.94881123 0.9337925  0.95522344 0.94825137
 0.9372388  0.9126231  0.9525351  0.9504595  0.9323033  0.94931865
 0.9201462  0.95873535 0.94912827 0.92900103 0.9519631  0.93160486
 0.94080514 0.95018786 0.94569004 0.9291959  0.9618521  0.9210057
 0.9478452  0.91216326 0.94733846 0.9468803  0.9446391  0.9445356
 0.9273817  0.94822615 0.91720575 0.95456827 0.9539827  0.93080777
 0.92968833 0.8898972  0.9449644  0.94965523 0.949001   0.9612085
 0.9330038  0.9422486  0.94976366 0.92773217]",0.00017552593,15.521296262741089,1356.6288179130372
GradSymplecticNNgHMC,0.9,autograd,gaussian,SynchronousLeapfrog,0.3,"[0.9139894  0.9434221  0.935464   0.9076993  0.945608   0.94973433
 0.9389231  0.93176186 0.94092125 0.9198696  0.9475055  0.91898847
 0.9604068  0.9402307  0.9435408  0.95495164 0.908146   0.9341216
 0.93767285 0.943398   0.94651526 0.9423496  0.9414341  0.9252204
 0.9397175  0.9592018  0.9285285  0.9352884  0.9149322  0.93479383
 0.9415281  0.94532716 0.9527742  0.9344702  0.93899965 0.9513356
 0.9277619  0.95242214 0.9083948  0.9507527  0.9386796  0.95377386
 0.943711   0.9559325  0.92641115 0.94749534 0.9382507  0.93937635
 0.9561836  0.94545364 0.9342469  0.901282   0.9312048  0.9371362
 0.9388117  0.949564   0.9487827  0.9344791  0.95535344 0.94827336
 0.9379996  0.9121477  0.9525695  0.9503497  0.931997   0.94934815
 0.91976595 0.95875067 0.9491111  0.92827344 0.9519228  0.93172693
 0.9413585  0.9502558  0.9457297  0.92945355 0.9618651  0.9217421
 0.9478013  0.91209906 0.9471218  0.94651335 0.94460714 0.944448
 0.927287   0.94773185 0.91777885 0.9545053  0.9537813  0.93073386
 0.9299849  0.8897094  0.945193   0.9496244  0.94899225 0.9613031
 0.9329922  0.94262236 0.94965005 0.9274871 ]",5.759073e-05,116.60331201553345,1428.803946906825
GradGSymplecticNNgHMC,0.9,autograd,gaussian,SynchronousLeapfrog,0.3,"[0.91341865 0.94365    0.9356073  0.90959024 0.9460149  0.9501699
 0.9396043  0.93142307 0.94072884 0.9196946  0.9474909  0.9191694
 0.96049    0.9411403  0.9435906  0.95493364 0.908168   0.9339237
 0.93808746 0.9433586  0.94636583 0.94279516 0.9415104  0.9259229
 0.94019604 0.9593832  0.92849314 0.9350399  0.915199   0.93477297
 0.9418914  0.945405   0.9525633  0.9346127  0.93920135 0.9512385
 0.9272577  0.9526863  0.9081852  0.9510554  0.9383774  0.95414495
 0.9440477  0.9559753  0.926206   0.947571   0.93795776 0.939676
 0.9562151  0.9453749  0.93411386 0.9011466  0.9310218  0.9371275
 0.93889874 0.9494092  0.9488379  0.9342767  0.9552845  0.94814646
 0.93748873 0.912692   0.9524829  0.95040435 0.93241215 0.9494061
 0.92008466 0.95869815 0.9490814  0.9291377  0.9518641  0.9315669
 0.9411144  0.9504136  0.94564456 0.9292445  0.9618424  0.92127514
 0.94778156 0.91264045 0.9474324  0.9470922  0.94460833 0.9445466
 0.92729986 0.9483942  0.9173686  0.9546391  0.9539584  0.9308893
 0.93028086 0.8900685  0.9449751  0.94966286 0.9490322  0.9612651
 0.93297625 0.9424281  0.9497309  0.9276399 ]",0.00022191381,24.360939979553223,999.4406587575681
HMC,0.9,autograd,high_dimensional_gaussian,SynchronousLeapfrog,0.1,"[0.92548037 0.9368776  0.9337911  0.94042397 0.9406059  0.9310416
 0.92951214 0.9453241  0.9257321  0.93807286 0.9456038  0.9314017
 0.93917626 0.9325186  0.937786   0.94030064 0.94227    0.9382793
 0.93366665 0.9375486  0.93726766 0.94503295 0.9406494  0.94029254
 0.93960017 0.939665   0.92953634 0.9362105  0.94494057 0.9406681
 0.93470275 0.9420352  0.9304947  0.9444417  0.9249214  0.93774164
 0.9413476  0.9427208  0.940796   0.93881035 0.9368364  0.9344945
 0.9320384  0.93905926 0.9264531  0.93791425 0.9363792  0.93490255
 0.94138956 0.9380936  0.93407583 0.9375872  0.93121547 0.9442892
 0.9447794  0.93507624 0.9334961  0.9348105  0.92463624 0.946772
 0.93465275 0.93933743 0.93097055 0.93623805 0.9357015  0.9372503
 0.93516606 0.9350669  0.935919   0.9288266  0.9348687  0.93874586
 0.93661356 0.93917626 0.93427414 0.94130987 0.92657495 0.9372832
 0.93966424 0.93626106 0.94236314 0.94650984 0.939662   0.9442887
 0.935189   0.9341668  0.94835794 0.9326353  0.9337976  0.94422865
 0.9415082  0.93834704 0.9362291  0.9401154  0.92685884 0.925557
 0.93423986 0.9330756  0.94017524 0.93852705]",1.3390044e-15,51.13951015472412,202.38128781107025
NNgHMC,0.9,autograd,high_dimensional_gaussian,SynchronousLeapfrog,0.1,"[0.9253334  0.9368631  0.9337717  0.94044507 0.94060457 0.9309942
 0.9294646  0.9453553  0.9256148  0.9380951  0.9456469  0.93144643
 0.93918455 0.9325037  0.9378368  0.94032496 0.94232965 0.9382701
 0.93363595 0.93755054 0.9372863  0.9450488  0.9406574  0.9403167
 0.9395822  0.9396914  0.92943573 0.93616426 0.9449595  0.9407314
 0.93463933 0.94203174 0.93048465 0.94448566 0.92486155 0.93772954
 0.94139254 0.9427587  0.9408042  0.9387995  0.9367687  0.93445265
 0.93196464 0.93905973 0.9264037  0.937963   0.9363626  0.9348872
 0.94143885 0.9380578  0.93401766 0.9376277  0.93113613 0.9443056
 0.94482386 0.93509674 0.93347996 0.93471575 0.92452526 0.9467915
 0.93462753 0.9393174  0.9309468  0.9362127  0.9357068  0.9372424
 0.9352014  0.9350745  0.93592185 0.9287032  0.9348237  0.93877065
 0.9366034  0.9391941  0.9342424  0.9413287  0.92646426 0.93727756
 0.93966055 0.9362661  0.94238377 0.9465513  0.9396647  0.94433594
 0.9351503  0.93413323 0.94839257 0.93270636 0.9337772  0.9442662
 0.941525   0.93833935 0.936229   0.9401254  0.92686987 0.9254715
 0.93425894 0.93303263 0.9401854  0.9385209 ]",1.5220839e-15,48.46851825714111,194.24794082704378
NNODEgHMC,0.9,autograd,high_dimensional_gaussian,SynchronousLeapfrog,0.1,"[0.9253644  0.93690413 0.93379134 0.94041556 0.94062203 0.9309945
 0.92944306 0.9453552  0.9255605  0.93804884 0.94564885 0.9313032
 0.93918765 0.9324492  0.9377958  0.94030845 0.94232655 0.9382771
 0.93370426 0.93760824 0.9372238  0.94506943 0.94067156 0.9403474
 0.9396102  0.93964624 0.9294507  0.93621063 0.94495666 0.94072336
 0.93468344 0.94207346 0.9304366  0.94447553 0.92488134 0.9377436
 0.9413667  0.9427805  0.9407846  0.9388475  0.93689984 0.93447006
 0.9319662  0.9390465  0.9264555  0.93788505 0.936383   0.9349348
 0.9414267  0.9381145  0.93403804 0.9376192  0.931139   0.9442924
 0.9448177  0.935085   0.93347156 0.93477434 0.92452097 0.94679135
 0.9346358  0.9393563  0.9309621  0.936217   0.9357014  0.9372418
 0.93514574 0.9349939  0.935894   0.928724   0.9349122  0.93872726
 0.9366201  0.9391817  0.9342414  0.94132125 0.9265517  0.9373255
 0.93967336 0.9362817  0.9424033  0.94653577 0.9396569  0.944339
 0.93519807 0.9341485  0.94838846 0.932611   0.93381757 0.9442514
 0.9415352  0.9383787  0.93626994 0.9401368  0.92672175 0.9254364
 0.9342243  0.93302965 0.9401828  0.9385705 ]",1.2858961e-14,43.80599856376648,191.93612258694455
Explicit NNODEgHMC,0.9,autograd,high_dimensional_gaussian,SynchronousLeapfrog,0.1,"[0.92471087 0.93673295 0.933619   0.94043493 0.94054025 0.9306175
 0.9289548  0.94547284 0.92495316 0.93797874 0.94587106 0.93111646
 0.93902606 0.9321867  0.93782395 0.9403223  0.9424438  0.93819714
 0.9334589  0.93752265 0.9373239  0.9450536  0.9407116  0.9403595
 0.9396185  0.9398224  0.92899466 0.93610114 0.9450631  0.9407753
 0.934524   0.9420732  0.93012905 0.9446117  0.92417973 0.937648
 0.9414376  0.94269323 0.94080925 0.9387554  0.9366349  0.9343362
 0.93161243 0.939028   0.92599154 0.9377341  0.9362919  0.93460387
 0.94150674 0.93809843 0.93371695 0.9375812  0.93078053 0.9442991
 0.9450652  0.93500704 0.9332628  0.9346838  0.92395544 0.94682336
 0.9343984  0.939311   0.9305619  0.9361023  0.93550575 0.93720436
 0.9348854  0.9348835  0.9356265  0.9281752  0.93487406 0.93867415
 0.9366168  0.9393083  0.9339788  0.9413513  0.92612123 0.93723935
 0.9396478  0.9359983  0.94250554 0.9466399  0.93964815 0.944571
 0.9349112  0.93382156 0.9485685  0.9323888  0.93368244 0.94435775
 0.9415612  0.9383272  0.93614185 0.94011897 0.926322   0.9245347
 0.9340255  0.9325854  0.9402261  0.93848133]",1.3305169e-14,58.07767915725708,160.5162223921832
SymplecticNNgHMC,0.9,autograd,high_dimensional_gaussian,SynchronousLeapfrog,0.1,"[0.92547846 0.93687475 0.93379354 0.9404256  0.9406071  0.9310407
 0.92950964 0.9453269  0.9257285  0.9380708  0.9456064  0.93140745
 0.93917763 0.9325222  0.9377855  0.9403024  0.9422687  0.9382783
 0.9336633  0.93755245 0.9372675  0.9450315  0.9406512  0.9402916
 0.93960476 0.93966305 0.9295366  0.9362075  0.94494104 0.94067115
 0.93470114 0.94203544 0.9304956  0.9444413  0.92491835 0.9377412
 0.94134843 0.94272196 0.9407956  0.9388129  0.93683565 0.9344944
 0.932037   0.9390561  0.9264592  0.9379138  0.9363811  0.9348971
 0.94138575 0.93809104 0.93407744 0.93758667 0.9312109  0.9442906
 0.9447831  0.9350747  0.9334997  0.93481225 0.9246415  0.94677246
 0.9346539  0.9393384  0.930966   0.93624103 0.9356999  0.9372551
 0.93516845 0.9350669  0.9359187  0.928828   0.93487257 0.93874854
 0.9366176  0.93917817 0.93427485 0.9413078  0.92657423 0.93727803
 0.93966335 0.93626106 0.942361   0.94651026 0.9396628  0.9442874
 0.93518484 0.9341675  0.94835895 0.9326386  0.93379587 0.944229
 0.9415072  0.9383463  0.9362299  0.94011486 0.9268644  0.9255547
 0.9342437  0.9330746  0.9401759  0.93852705]",7.233111e-07,130.5087025165558,223.42269192776024
GSymplecticNNgHMC,0.9,autograd,high_dimensional_gaussian,SynchronousLeapfrog,0.1,"[0.9254789  0.93688124 0.9337859  0.9404397  0.9406102  0.9310331
 0.92950296 0.9453255  0.9257219  0.93807286 0.94558877 0.9313997
 0.93916976 0.9325136  0.9377941  0.9402959  0.94227445 0.9383006
 0.9336936  0.9375393  0.9372605  0.94501865 0.94065064 0.940295
 0.9396101  0.939662   0.92953837 0.93620336 0.94493926 0.9406614
 0.9347078  0.94202346 0.93050325 0.944448   0.9249277  0.9377584
 0.941349   0.94271946 0.9407935  0.93880415 0.9368361  0.9344834
 0.9320421  0.93904436 0.92643327 0.9379078  0.93637764 0.93489707
 0.94138736 0.9380948  0.9340843  0.9375969  0.93120503 0.9442953
 0.9447748  0.9350595  0.933498   0.93484163 0.9246216  0.9467788
 0.9346528  0.93933386 0.9309837  0.93625176 0.93569845 0.9372535
 0.93516946 0.93506455 0.93591416 0.9288225  0.93486536 0.9387369
 0.9365947  0.9391761  0.93427646 0.941313   0.9265434  0.9372851
 0.9396669  0.9362723  0.94236416 0.94651216 0.93966913 0.94429386
 0.93519974 0.9341738  0.94836086 0.9326776  0.9337961  0.944231
 0.9415099  0.9383451  0.9362275  0.94011784 0.9268482  0.9255655
 0.93424225 0.933074   0.94017935 0.93852854]",1.2727029e-05,69.20358490943909,222.42001095386487
GradSymplecticNNgHMC,0.9,autograd,high_dimensional_gaussian,SynchronousLeapfrog,0.1,"[0.92548025 0.9368695  0.9337918  0.9404249  0.94060624 0.93103516
 0.9295111  0.9453243  0.9257311  0.9380743  0.9456064  0.931407
 0.9391761  0.932522   0.93778515 0.94030344 0.9422707  0.9382782
 0.9336631  0.93755364 0.9372689  0.9450337  0.9406509  0.94028443
 0.9396064  0.93966067 0.92953897 0.9362136  0.9449414  0.9406705
 0.9346993  0.9420364  0.93049544 0.94444275 0.9249238  0.93773746
 0.94134665 0.94272345 0.9407951  0.93881387 0.9368354  0.934495
 0.9320396  0.9390595  0.92645615 0.9379141  0.9363815  0.9348991
 0.9413918  0.93809044 0.93407786 0.93759537 0.93120784 0.94429415
 0.944781   0.935078   0.9335004  0.93481374 0.9246425  0.94677067
 0.9346508  0.9393444  0.93097275 0.93623805 0.9357023  0.937257
 0.93516874 0.93507004 0.9359182  0.9288235  0.9348712  0.93874717
 0.93661946 0.9391823  0.9342668  0.9413091  0.9265708  0.9372705
 0.9396638  0.93625844 0.94236517 0.9465105  0.93966264 0.9442861
 0.93519706 0.934162   0.9483571  0.9326417  0.9337977  0.9442279
 0.9415073  0.93834895 0.93623155 0.9401144  0.92685676 0.92556036
 0.93424547 0.93307656 0.94017905 0.93852985]",1.3740565e-06,395.73094964027405,223.73707950553853
GradGSymplecticNNgHMC,0.9,autograd,high_dimensional_gaussian,SynchronousLeapfrog,0.1,"[0.9254775  0.9368827  0.933797   0.94043756 0.94060105 0.9310402
 0.92951936 0.9453303  0.92573106 0.9380808  0.94560564 0.9313979
 0.9391765  0.93252295 0.9377736  0.94029427 0.9422781  0.93828934
 0.9336841  0.9375447  0.93725526 0.94503117 0.94064844 0.940304
 0.939597   0.9396674  0.9295415  0.9362244  0.94493836 0.94066477
 0.93470085 0.94202846 0.9304907  0.9444472  0.9249439  0.93775415
 0.94134355 0.9427185  0.9407972  0.93881625 0.93684244 0.9344937
 0.9320456  0.9390535  0.926464   0.93791914 0.9363893  0.9348938
 0.94139874 0.9380845  0.93407965 0.937587   0.931218   0.94429797
 0.94478005 0.93507946 0.9334979  0.9348275  0.9246125  0.9467787
 0.93466043 0.93933964 0.9309869  0.9362423  0.9356998  0.937258
 0.93516827 0.9350604  0.935919   0.9288308  0.9348717  0.9387455
 0.9366008  0.93917865 0.9342742  0.94130754 0.9265425  0.93729585
 0.93966186 0.9362601  0.9423617  0.9465146  0.939662   0.94429934
 0.9351926  0.9341711  0.9483606  0.9326768  0.9338016  0.944229
 0.9415111  0.9383523  0.93623227 0.9401057  0.9268602  0.92556167
 0.9342232  0.93307114 0.9401795  0.93851775]",1.184165e-05,239.67894768714905,222.69270765266828
HMC,0.9,autograd,normal_normal,SynchronousLeapfrog,0.1,"[0.90320796 0.9382857  0.9472822  0.92597026 0.8856765  0.9176783
 0.9273968  0.9351448  0.9504447  0.9358748  0.949713   0.91667527
 0.9479024  0.9157554  0.9527255  0.92685384 0.9436273  0.91618204
 0.9412114  0.9445926  0.93714976 0.94453657 0.93904275 0.9108058
 0.9422617  0.9489586  0.9444677  0.9434513  0.9457382  0.93690765
 0.93824565 0.94804144 0.922853   0.93678254 0.93462074 0.9441072
 0.9381379  0.94170606 0.94173807 0.9419017  0.93968743 0.94627035
 0.93197525 0.9395182  0.9314996  0.9332301  0.93545693 0.94395053
 0.9406613  0.9474599  0.9278352  0.9432265  0.95119995 0.94963825
 0.92570007 0.94924545 0.93730944 0.94098794 0.91142076 0.95252675
 0.9501633  0.94633055 0.9393407  0.94047135 0.9431647  0.93895787
 0.9459119  0.9285147  0.93730664 0.94472855 0.9478695  0.94764614
 0.92288935 0.9320113  0.950757   0.9442133  0.9386984  0.9241964
 0.93235624 0.93086326 0.94504786 0.9463482  0.9271676  0.94041073
 0.93942463 0.92524517 0.94323003 0.95302486 0.9370353  0.9459033
 0.92974824 0.9159779  0.9452548  0.9386035  0.9393629  0.9387263
 0.9497055  0.93833196 0.94080204 0.94289416]",1.3505168e-15,80.8453598022461,310.41833674780776
NNgHMC,0.9,autograd,normal_normal,SynchronousLeapfrog,0.1,"[0.9034711  0.9373907  0.9473467  0.9262246  0.8368074  0.917443
 0.9259279  0.9357587  0.950415   0.9360838  0.9500898  0.904498
 0.9472594  0.9161743  0.95269006 0.92697257 0.9433528  0.91740716
 0.9412491  0.9440686  0.93670386 0.9448371  0.9385435  0.91141427
 0.94249845 0.9488332  0.94443786 0.94396114 0.94589174 0.93715715
 0.93743247 0.9487378  0.92322034 0.9366676  0.9345635  0.9447755
 0.93802017 0.9417164  0.9417572  0.94209385 0.94099015 0.94626844
 0.93183494 0.9393489  0.931262   0.93323934 0.93428344 0.94405335
 0.94003296 0.9476249  0.9272952  0.94327486 0.95129526 0.9495417
 0.926202   0.9490739  0.937569   0.9409491  0.9102949  0.9524778
 0.95002955 0.9465884  0.9393035  0.94071263 0.9432821  0.93890524
 0.9459869  0.92867726 0.93722725 0.94450045 0.9475584  0.94799536
 0.92379534 0.93259346 0.95129555 0.9445502  0.9384975  0.92367816
 0.93202275 0.9287304  0.9452259  0.94627213 0.9272789  0.9400906
 0.9399309  0.92585915 0.9427368  0.95295763 0.93688524 0.9459599
 0.9299798  0.91625226 0.945577   0.9383831  0.9393675  0.93795824
 0.94997233 0.938708   0.9409773  0.94304407]",1.2350537e-15,72.04034066200256,285.96502934409534
NNODEgHMC,0.9,autograd,normal_normal,SynchronousLeapfrog,0.1,"[0.9034815  0.9377546  0.94730675 0.92602533 0.85187995 0.91707766
 0.92682064 0.9354817  0.95049477 0.9358705  0.9499206  0.9095305
 0.94748247 0.915604   0.9527372  0.9270178  0.9435753  0.91963565
 0.94123626 0.9445076  0.9367692  0.9449694  0.9388138  0.91099113
 0.94249475 0.94905984 0.9444227  0.94370496 0.9457488  0.93715686
 0.9378829  0.9484276  0.92505205 0.93712425 0.93471116 0.944824
 0.93792295 0.94178736 0.9417299  0.94224876 0.9411309  0.9462569
 0.93180954 0.93963784 0.9312066  0.93325466 0.93507576 0.9439556
 0.9405098  0.94743896 0.9274718  0.9431817  0.951223   0.94964015
 0.92574    0.94932383 0.93759036 0.94096565 0.910947   0.95249814
 0.95019245 0.94624853 0.93925786 0.9407195  0.94318855 0.9389526
 0.9460269  0.9284665  0.93713975 0.94462633 0.9478071  0.9476317
 0.9236822  0.9321839  0.9511327  0.9441385  0.93853796 0.92399764
 0.9321078  0.9293016  0.9451074  0.94628036 0.9272059  0.940523
 0.93982524 0.9253638  0.9428846  0.95299864 0.936919   0.9459257
 0.9296949  0.91617954 0.9451992  0.9384455  0.93937725 0.9384467
 0.94968545 0.93862575 0.9408088  0.94292724]",1.32022214e-14,59.05936527252197,282.2310695749054
Explicit NNODEgHMC,0.9,autograd,normal_normal,SynchronousLeapfrog,0.1,"[0.9035584  0.9384341  0.9472728  0.9258849  0.8613392  0.9177179
 0.92734635 0.9352459  0.9504609  0.93590546 0.94959515 0.9120903
 0.94778967 0.915899   0.9527637  0.9268383  0.9438483  0.9186635
 0.94120616 0.9446882  0.93704957 0.9449458  0.93907535 0.910367
 0.9423981  0.94901454 0.94442904 0.94347274 0.94574875 0.93706816
 0.9383329  0.94828224 0.9244742  0.9372219  0.9345577  0.9444458
 0.9381148  0.9416396  0.94172645 0.94184273 0.94061756 0.9462446
 0.9319489  0.9395348  0.9314115  0.9332344  0.9356634  0.94400066
 0.9406788  0.9474263  0.9278563  0.94324625 0.95118845 0.9497422
 0.9257901  0.9493995  0.9371791  0.9410111  0.9116313  0.9524722
 0.9502904  0.9461411  0.93930954 0.9408667  0.9430965  0.93888724
 0.94586694 0.9286375  0.93718815 0.94474787 0.94780207 0.9474226
 0.923489   0.9319056  0.9509624  0.9441578  0.93903697 0.9244873
 0.932399   0.93061084 0.9450053  0.9463433  0.9272404  0.9406215
 0.9396008  0.9251544  0.9430697  0.95299405 0.937037   0.94591326
 0.9297659  0.9158935  0.9450692  0.9385649  0.93939656 0.9387643
 0.9495745  0.9384042  0.94081235 0.9428878 ]",1.5777071e-14,72.43715834617615,273.84194481650246
SymplecticNNgHMC,0.9,autograd,normal_normal,SynchronousLeapfrog,0.1,"[0.9001033  0.93761206 0.94720745 0.9246359  0.8589802  0.91802067
 0.9241728  0.9336464  0.9503307  0.93541825 0.94955415 0.90470636
 0.9478811  0.91655314 0.9527952  0.92406553 0.9435868  0.91738987
 0.9411654  0.94454694 0.9374353  0.94475687 0.93874425 0.911239
 0.941775   0.9489979  0.9443816  0.9430102  0.9455131  0.9359433
 0.93666387 0.94804406 0.9248716  0.9360511  0.9343531  0.94429624
 0.9351454  0.941615   0.9416517  0.9415366  0.93952847 0.9460783
 0.9318976  0.9404394  0.9311301  0.9328196  0.934464   0.943542
 0.93880045 0.9474654  0.92661685 0.94341063 0.9511627  0.9495305
 0.9256267  0.949015   0.93701357 0.9408642  0.91064644 0.9524986
 0.9503221  0.9458927  0.9394123  0.9412788  0.9432101  0.9385616
 0.9456992  0.9284158  0.93718123 0.944633   0.9477056  0.9477737
 0.9219384  0.93160105 0.95079815 0.9438547  0.9364495  0.92404413
 0.9324834  0.9322809  0.945022   0.94604844 0.9265487  0.938838
 0.93889797 0.9240346  0.9429714  0.9530064  0.93710893 0.9459264
 0.92968893 0.91520524 0.94570625 0.9384453  0.9393937  0.9368191
 0.94877255 0.9380802  0.9405693  0.9421452 ]",0.0070920265,147.644873380661,31.102451934945766
GSymplecticNNgHMC,0.9,autograd,normal_normal,SynchronousLeapfrog,0.1,"[0.9033613  0.93833303 0.9472515  0.92589355 0.8789398  0.9178227
 0.92744815 0.9349662  0.9504334  0.93593544 0.9496204  0.9153166
 0.9478995  0.915697   0.9527232  0.92666996 0.94356745 0.9172462
 0.94118583 0.94459474 0.937034   0.94452286 0.93907464 0.91099536
 0.94237584 0.94890594 0.9444419  0.9434242  0.9456999  0.93705386
 0.9384539  0.94801366 0.923244   0.9368094  0.9346106  0.94394684
 0.9379818  0.9416326  0.94173753 0.9419656  0.939414   0.94626665
 0.9319832  0.9393582  0.9313897  0.93321943 0.93566656 0.94395256
 0.9405514  0.94746625 0.9277649  0.943377   0.9511868  0.9496204
 0.9256851  0.94921887 0.9373487  0.940993   0.911515   0.95251054
 0.9501263  0.94626224 0.9393789  0.9404336  0.9431736  0.939003
 0.9459146  0.92832816 0.9372427  0.94476336 0.9478662  0.9476259
 0.92318463 0.9319865  0.9507124  0.9442878  0.9387115  0.92421806
 0.93239516 0.93108624 0.9450406  0.9464427  0.9271857  0.94030845
 0.93946    0.92526454 0.94324017 0.95300746 0.9370369  0.9458705
 0.9298104  0.91583335 0.9452847  0.9386117  0.9392495  0.93874615
 0.94967604 0.93829554 0.94079804 0.94299984]",0.00021003369,67.09782457351685,350.8420699568169
GradSymplecticNNgHMC,0.9,autograd,normal_normal,SynchronousLeapfrog,0.1,"[0.9003372  0.9377446  0.9471829  0.92442846 0.8470139  0.91811633
 0.92342895 0.93363893 0.95022744 0.9353261  0.9494063  0.9031843
 0.94808996 0.9159309  0.952803   0.92446876 0.94395554 0.9149901
 0.9412405  0.9443507  0.9374957  0.94478816 0.93873274 0.911286
 0.9415392  0.94913626 0.94420403 0.94289875 0.94552916 0.9357464
 0.93581045 0.9481487  0.92367375 0.9360827  0.9343289  0.94400567
 0.93436766 0.9414772  0.941525   0.94144857 0.9390401  0.9459448
 0.93186635 0.9402689  0.9309039  0.93263835 0.9340296  0.9432823
 0.9381188  0.9474071  0.92680377 0.9430355  0.9510765  0.9496605
 0.9256172  0.94903344 0.9367773  0.9410566  0.9107686  0.9525017
 0.95026004 0.94559145 0.9391564  0.94117373 0.9430165  0.93839467
 0.9455904  0.9283833  0.93715805 0.9446609  0.9477154  0.9475601
 0.9217515  0.9314188  0.9507803  0.943969   0.93609166 0.92392176
 0.93232965 0.93271995 0.94490695 0.94563264 0.9265145  0.9383098
 0.93876165 0.9241635  0.9432728  0.9529271  0.9371144  0.9458631
 0.9297023  0.9155364  0.945506   0.93830526 0.93906677 0.9362287
 0.948682   0.93816173 0.94049263 0.94186676]",0.00964631,468.3150064945221,286.4907663724778
GradGSymplecticNNgHMC,0.9,autograd,normal_normal,SynchronousLeapfrog,0.1,"[0.903319   0.9384248  0.94732016 0.92588353 0.8824315  0.9178516
 0.927449   0.9350435  0.95050067 0.93591136 0.9495916  0.91522735
 0.94785357 0.9157419  0.952712   0.92633265 0.94355744 0.91837084
 0.9412017  0.9446367  0.9371483  0.9444188  0.9389259  0.91092217
 0.94220257 0.9489319  0.94454    0.9433278  0.94570017 0.9368595
 0.9383805  0.9479281  0.92353696 0.93646467 0.93468285 0.9440314
 0.9380345  0.9417256  0.9417747  0.941991   0.9397227  0.9463111
 0.93201053 0.9393338  0.93135965 0.93326664 0.9355159  0.9439931
 0.94065845 0.94734466 0.92770326 0.94315517 0.9511455  0.949607
 0.9256122  0.94922256 0.93741405 0.94094074 0.91154236 0.95249796
 0.95014894 0.94600344 0.9393787  0.9403893  0.9431795  0.93897665
 0.94597054 0.9283972  0.93722576 0.9446981  0.94793624 0.94742
 0.92280024 0.93194216 0.95073265 0.9441378  0.9386655  0.9243497
 0.9324204  0.93085873 0.9450487  0.9463173  0.92713404 0.9403633
 0.9393014  0.9251294  0.94319916 0.95298576 0.9371089  0.9459553
 0.9298122  0.9161148  0.94503975 0.93861616 0.93939275 0.93872106
 0.9495627  0.9382574  0.9408242  0.9429511 ]",0.00022642202,175.07702231407166,331.8504193705009
HMC,1.0,autograd,banana,SynchronousLeapfrog,0.1,"[0.8939431  0.96993196 0.8872129  0.7008554  0.9087626  0.9295411
 0.92045677 0.9338276  0.9623865  0.866197   0.9385817  0.89804476
 0.9647713  0.6177711  0.95376253 0.79851484 0.9002756  0.8920765
 0.966715   0.94685906 0.9668941  0.9815768  0.8051526  0.9432801
 0.9538211  0.9477247  0.9190339  0.959723   0.9395255  0.95283353
 0.95186776 0.8604306  0.8683065  0.9888484  0.7751126  0.96219575
 0.8722446  0.9111416  0.91821593 0.95713437 0.89162105 0.9762845
 0.9130938  0.87906206 0.8597717  0.8527724  0.77189314 0.9202029
 0.934519   0.9513531  0.8794963  0.87272143 0.9820203  0.9830003
 0.9318325  0.8897178  0.9416307  0.86408657 0.9420061  0.9239894
 0.84039485 0.9398092  0.97181845 0.9311032  0.9419372  0.9714925
 0.9420047  0.8503932  0.91567725 0.87865865 0.84515876 0.9014327
 0.9830681  0.94468087 0.94210714 0.8896369  0.90124035 0.91006196
 0.74416536 0.8657538  0.90910435 0.935799   0.91994995 0.92941797
 0.96336    0.8470305  0.90350246 0.963943   0.9695308  0.97871816
 0.91697234 0.91967666 0.9414023  0.9609164  0.92671317 0.9636919
 0.9121957  0.9173795  0.96679896 0.91482866]",6.076561e-13,34.10762906074524,1.343913080510769
NNgHMC,1.0,autograd,banana,SynchronousLeapfrog,0.1,"[0.7125858  0.9336628  0.36885437 1.9384058  0.8066856  0.9590974
 0.3981167  0.7318513  0.97525775 0.41826662 0.62479144 0.0947287
 0.9664558  3.8684063  0.79019135 0.6455661  0.60057795 0.9056367
 0.60746783 0.90909004 0.8912182  0.97758913 0.5715745  0.32830864
 0.706628   0.6281904  0.5422625  0.7500161  0.8881602  0.6499796
 0.6894254  0.89778936 0.32166874 0.9590752  2.108009   0.9469229
 0.2115364  0.70944184 0.9342499  0.88637626 0.7847681  0.81528604
 0.275872   0.35252005 0.307164   0.78950995 1.7701725  0.75267684
 0.93561995 0.48789877 0.2528847  0.9084052  0.982759   0.98470736
 0.4801737  0.46904072 0.73844284 1.1964959  0.9452192  0.7311586
 0.63470256 0.93856823 0.9536528  0.02546429 0.6648179  0.8408989
 0.92172146 0.9312695  0.32129738 1.0189385  0.520378   0.9228503
 0.9766445  0.96013284 0.33038902 0.9063076  0.58722734 0.92388475
 0.01270139 0.89485633 0.58993554 0.48359403 0.87656564 0.957808
 0.9636506  0.80513567 0.73328686 0.8415561  0.87371826 0.975927
 0.84449625 0.79598176 0.7323655  0.9499704  0.404487   0.8723785
 0.47511888 0.36237216 0.8238346  0.79126406]",4.5474734e-15,28.833897590637207,1.5199351228023552
NNODEgHMC,1.0,autograd,banana,SynchronousLeapfrog,0.1,"[0.7309065  0.8273012  0.06755166 1.2764995  0.6590172  0.9152305
 0.52631396 0.83694494 0.9719574  0.02647558 0.79351664 0.27990216
 0.96476924 4.618823   0.77995527 0.44801998 0.61442435 0.9085452
 0.34909362 0.9076867  0.74048966 0.945996   0.5760704  0.01617701
 0.71224344 0.38616395 0.7655654  0.7585989  0.92142075 0.6580919
 0.48689684 0.85932446 0.5933521  0.9531695  1.4336138  0.95804584
 0.15256742 0.7245554  0.8727571  0.9113175  0.8686325  0.7074825
 0.58154553 0.36688632 0.2434223  1.2141993  1.1127397  0.7441143
 0.89087677 0.1683985  0.21104702 0.91496485 0.97702074 0.9841541
 0.34627303 0.6911081  0.7488611  1.704766   0.94813716 0.78611803
 0.444576   0.9562003  0.9762486  0.41128606 0.84141576 0.8183174
 0.807413   0.90851974 0.5731396  1.4897789  0.11335178 0.89629674
 0.9746002  0.9630529  0.00669783 0.8849029  0.5900881  0.84765714
 0.18323573 1.3751745  0.59438646 0.17022388 0.73000133 0.95944536
 0.9506383  0.85045004 0.8344609  0.9373085  0.6987246  0.96050805
 0.85650957 0.6303155  0.61441225 0.8684069  0.64781255 0.9506031
 0.679788   0.09181628 0.81754416 0.852924  ]",7.659736e-11,35.44775319099426,1.7428244422784487
Explicit NNODEgHMC,1.0,autograd,banana,SynchronousLeapfrog,0.1,"[0.67819995 0.81097066 0.34061393 2.6919105  0.6766026  0.9384698
 0.6623519  0.9316331  0.9404006  0.82324684 0.8355045  0.4343484
 0.96388686 3.2649474  0.8369719  0.25476176 0.70934534 0.9094032
 0.62181056 0.9381499  0.9533121  0.8267107  0.4201529  0.2693724
 0.60404754 0.59705776 0.31806982 0.66664773 0.94071287 0.54656863
 0.25458142 0.7275742  0.35985443 0.97571915 2.5118785  0.8553786
 0.13543342 0.79652774 0.82452744 0.9110918  0.6690749  0.43917817
 0.12296335 0.4801976  0.35852695 1.5200857  2.4996157  0.6269548
 0.769273   0.7160543  0.2622506  0.9244689  0.981178   0.98547024
 0.10168932 0.8173816  0.8241793  1.4298849  0.9554782  0.8184814
 0.11847919 0.95933056 0.961007   0.01424296 0.5096765  0.84835684
 0.95190144 0.91802394 0.5785027  1.5730014  0.01178577 0.73843235
 0.97849655 0.8620264  0.5040855  0.8563913  0.46816146 0.93112266
 0.3993737  0.9944271  0.4733523  0.70307636 0.9328916  0.96112317
 0.8066181  0.724463   0.88084286 0.92891663 0.9585395  0.9255418
 0.88412327 0.5665376  0.34096488 0.95650804 0.39399037 0.78238934
 0.74765015 0.17083518 0.71721    0.90731335]",4.8101752e-11,53.78631043434143,7.293176897501242
SymplecticNNgHMC,1.0,autograd,banana,SynchronousLeapfrog,0.1,"[6.83434010e-01 2.17455196e+00 5.68873358e+00 3.19288206e+00
 6.49746084e+00 3.39320946e+00 7.24806309e-01 5.35230696e-01
 8.36799085e-01 1.34045017e+00 4.98500586e-01 2.23198223e+00
 7.28512287e-01 6.64643097e+01 9.20773625e-01 3.79823625e-01
 8.71695220e-01 8.26136351e-01 8.94660759e+00 8.25747490e-01
 8.36628342e+00 4.12446231e-01 3.86879802e+00 8.84652424e+00
 8.56651187e-01 5.46089363e+00 1.85190582e+00 8.34211051e-01
 4.57993567e-01 8.02806079e-01 4.16717243e+00 1.51395392e+00
 3.54271352e-01 8.63283813e-01 1.03349137e+00 2.81992793e-01
 7.25379944e-01 4.32131141e-01 4.01759720e+00 7.50025392e-01
 9.98900986e+00 1.39812753e-02 4.66301632e+00 1.03378803e-01
 6.95385098e-01 7.66800642e+00 3.51136875e+00 8.88527751e-01
 4.84707206e-01 2.35086975e+01 1.06551528e+00 8.35460663e-01
 8.57929349e-01 8.38896453e-01 1.38480282e+00 3.74544561e-01
 8.07798326e-01 1.98623371e+01 8.77500057e-01 5.45533299e-01
 6.56398916e+00 1.43296278e+00 4.31636125e-02 1.54628716e+01
 2.06803679e+00 6.80345178e-01 1.13889999e+01 9.92283702e-01
 5.33311486e-01 1.47339153e+01 4.30130810e-01 1.03729773e+00
 9.60572720e-01 7.24541664e-01 1.36349096e+01 2.66620487e-01
 6.99885368e-01 9.69108105e+00 1.10048149e-02 2.30178432e+01
 6.75493121e-01 1.59101906e+01 5.44194031e+00 7.04013050e-01
 3.43099907e-02 8.30103874e+00 2.18317807e-02 8.05316150e-01
 1.29897995e+01 5.57182074e-01 8.27388287e-01 6.72078657e+00
 1.03400707e+00 8.18005657e+00 1.94210887e+00 4.09814501e+00
 5.43673515e-01 1.87015224e+00 8.64964187e-01 7.32397079e-01]",6.97442,150.6228847503662,1.3088795161624187
GSymplecticNNgHMC,1.0,autograd,banana,SynchronousLeapfrog,0.1,"[7.31371760e-01 1.69284961e+03 4.42134188e+05 1.22275100e+07
 2.88179688e+04 3.62612100e+06 5.22186697e-01 6.78125799e-01
 7.93661952e-01 5.19672800e+06 9.20717392e+01 4.23756050e+06
 9.41948116e-01 1.00554710e+07 9.40880954e-01 1.35410294e-01
 8.81307602e-01 8.95336330e-01 5.27043125e+05 9.30449128e-01
 4.62347300e+06 9.24259067e-01 2.97587328e-02 8.27652500e+04
 5.58135331e-01 1.57812438e+05 4.49969850e+06 6.33769512e-01
 8.59244049e-01 6.04324281e-01 1.08546004e-01 7.97767103e-01
 5.93331812e+05 9.72085714e-01 5.87118000e+05 8.22644949e-01
 1.01034355e+04 7.92540252e-01 6.23297262e+00 8.51477146e-01
 5.31561300e+06 8.48372459e-01 2.32452960e+07 6.06645584e-01
 5.52352592e-02 5.05507994e+00 1.36604310e+07 4.37265247e-01
 8.54851365e-01 2.38101160e+07 5.29801369e-01 8.99728298e-01
 9.55428779e-01 9.58938003e-01 5.98604798e-01 1.74862707e+00
 8.78837466e-01 8.37812344e+04 9.19541955e-01 7.81270683e-01
 1.70284912e-01 1.23142625e+05 1.11614876e+01 8.31143125e+05
 2.17858300e+06 9.18458343e-01 1.89519100e+06 1.41699638e+06
 3.58722656e+02 1.21521690e+02 1.61811523e+01 8.18532944e-01
 9.62263286e-01 9.38194931e-01 4.39674600e+06 8.68107021e-01
 5.56189120e-01 4.89020844e+05 4.57777202e-01 2.92431312e+05
 6.24877512e-01 2.11304960e+07 5.58506650e+06 9.31715727e-01
 8.61725986e-01 1.50539200e+06 7.97250271e-01 5.17349463e+03
 2.15955400e+07 1.38615761e+01 8.48758876e-01 3.53466110e+01
 7.82660663e-01 3.98115350e+06 4.45953000e+05 2.53297650e+06
 2.87813015e+01 2.28264332e+00 6.70547843e-01 6.81365252e-01]",9.3121e+06,38.43133211135864,8.721255693136087
GradSymplecticNNgHMC,1.0,autograd,banana,SynchronousLeapfrog,0.1,"[ 0.08697484  0.5700816   0.11290288 11.902553    0.49277395  2.3871942
  0.8609716   0.66626084  0.7477101   7.2688055   2.3197088   6.6119184
  0.40222454  0.6495677   0.8837776   2.2717946   0.90939164  0.7543711
  0.47098535  0.75163627  1.8689874   0.30745023  0.63702846  0.02249037
  0.04357711  0.3785151   4.820278    0.07187732  0.10189559  0.10789751
  0.36122164  0.14101022  4.1051764   0.7395835   9.457388    0.19898967
  4.597037    0.9445636   0.7780935   0.13917702  4.0112953   0.65737116
  7.3124022   0.89562833  1.3464687   0.760231   11.395228    0.28073868
  0.34160835  1.4697078   0.90169567  0.88111943  0.60764074  0.63948274
  0.8566474   1.9316969   0.9240507   0.6668552   0.7878183   0.3645243
  0.38972566  1.7178917   0.94153064  0.11315089  4.2030687   0.81988066
  2.0363097   2.0055206   3.4121275   0.7598419   4.5704327   0.06732057
  0.9025496   0.12168388  0.49389     0.38969994  0.18359348  2.0781932
  1.7904133   0.5694977   0.24421452  1.3201015   1.7383522   0.67019933
  0.09652011  3.5868337   1.0824267   2.1640508   2.4959054   0.7332921
  0.95371497  0.21010041  0.6905198   2.459348    4.3295736   3.4077415
  2.5416274   0.5889581   0.3003043   0.11214302]",1.8271773,218.4897255897522,6.928944738248708
GradGSymplecticNNgHMC,1.0,autograd,banana,SynchronousLeapfrog,0.1,"[8.1523705e-01 1.8760406e+01 2.0571070e+04 1.9111402e+06 1.8634056e+01
 4.0561550e+05 6.3963181e-01 7.7855039e-01 9.3324649e-01 3.1143709e+05
 2.5060752e-01 2.7049312e+05 8.9286530e-01 2.6555700e+06 9.4439840e-01
 2.0753992e-01 9.0760535e-01 8.7533724e-01 4.6192180e+04 9.0583152e-01
 6.2477688e+05 9.0490472e-01 4.7655863e-01 7.2230693e+03 7.6262683e-01
 6.7563608e+03 3.3765816e+05 7.8282845e-01 8.0655849e-01 7.4568909e-01
 2.7173173e-01 8.2274765e-01 1.7179948e+02 9.5799530e-01 2.1568271e+04
 8.9942807e-01 1.0048802e+01 7.9644167e-01 9.7565693e-01 8.6941040e-01
 4.0451084e+05 9.3989933e-01 3.2339130e+06 6.5443069e-01 3.6764225e-01
 3.7751169e+00 1.2718118e+06 7.3470080e-01 8.5668987e-01 3.2116630e+06
 6.4435494e-01 9.0860957e-01 9.4900119e-01 9.4479370e-01 7.8537178e-01
 7.9768771e-01 8.6775672e-01 1.2251658e+04 9.4129628e-01 7.2070497e-01
 3.9924520e-01 2.2073622e+01 1.7022865e-01 9.8227109e+04 1.6425652e+05
 9.0698785e-01 2.1471906e+05 9.0167125e+04 9.7384090e+00 2.1189726e+01
 1.8078697e-01 8.6189479e-01 9.5210809e-01 9.0066737e-01 5.0992184e+05
 8.7691689e-01 6.7015135e-01 5.2147906e+04 2.8697416e-01 5.4461605e+04
 7.0163333e-01 2.8632885e+06 6.2629194e+05 8.9869869e-01 8.9946383e-01
 2.1852236e+05 7.5153583e-01 1.8046946e+01 3.0908280e+06 1.9724503e-01
 9.0862888e-01 1.1422684e+01 9.2930907e-01 5.3860288e+05 1.2615070e+03
 1.9449397e+05 3.1456679e-01 3.7406239e-01 8.1594390e-01 8.0812806e-01]",3.930133e+06,84.63967251777649,24.457539207023387
HMC,1.0,autograd,gaussian,SynchronousLeapfrog,0.3,"[0.9114342  0.94829434 0.9029435  0.9091158  0.95210665 0.94616735
 0.94567394 0.9467368  0.937148   0.92505395 0.9028125  0.94136286
 0.95196426 0.9310462  0.94856167 0.93235445 0.94440264 0.94774294
 0.9562208  0.9423186  0.9485998  0.93214583 0.9544506  0.9451151
 0.9213432  0.9541537  0.9458151  0.9485167  0.92135763 0.9257147
 0.9423961  0.9269551  0.9326753  0.8784914  0.94705045 0.9593533
 0.938394   0.92799103 0.93769836 0.9486517  0.9276811  0.9288718
 0.93043995 0.94016397 0.9573904  0.9390594  0.93228024 0.94421095
 0.9559674  0.9158554  0.9446595  0.94384354 0.9444558  0.9449309
 0.9593018  0.9503447  0.95434415 0.9430374  0.9405968  0.94741696
 0.92373085 0.94004834 0.95293707 0.9471633  0.94111633 0.9442276
 0.89991915 0.9524604  0.9404659  0.9321321  0.9415142  0.9502435
 0.9355714  0.93888843 0.94794863 0.9288796  0.9412106  0.94709796
 0.94179887 0.92066425 0.9349607  0.89268535 0.94444406 0.9543724
 0.9556011  0.94071555 0.9457204  0.94653606 0.9382846  0.9469116
 0.92530483 0.9397212  0.94076025 0.9506809  0.93590516 0.9488594
 0.94512504 0.94641566 0.95834225 0.9171447 ]",6.959248e-15,18.887283086776733,1309.4776876471112
NNgHMC,1.0,autograd,gaussian,SynchronousLeapfrog,0.3,"[0.9111156  0.94848466 0.9030749  0.90514565 0.9527044  0.9469224
 0.9465393  0.9465698  0.93728626 0.9242548  0.90056247 0.9414622
 0.9518082  0.93226355 0.94850993 0.9325773  0.94430304 0.9476584
 0.95639694 0.9421997  0.9486325  0.9322445  0.95437026 0.9457261
 0.9194267  0.9540555  0.9458016  0.9487063  0.9206567  0.92464703
 0.94279134 0.9274421  0.9332603  0.87765694 0.9473566  0.9593868
 0.9381505  0.9278507  0.9378158  0.9494308  0.9266156  0.9280127
 0.9306771  0.9406957  0.9574319  0.9395134  0.9314294  0.9437792
 0.95574063 0.91724634 0.94450855 0.94373655 0.94438124 0.9462383
 0.9594428  0.9504943  0.954175   0.94375336 0.9409234  0.9475453
 0.92461824 0.94075793 0.95297736 0.9472481  0.9414763  0.9443058
 0.896554   0.952377   0.94050837 0.931466   0.94151086 0.9504559
 0.93467    0.9393038  0.9482758  0.9286076  0.94098604 0.94723046
 0.94166994 0.9212128  0.9350338  0.8878298  0.9443523  0.95449436
 0.9554738  0.94075394 0.94592655 0.9469662  0.93868697 0.9471404
 0.9255192  0.9401676  0.9407338  0.9508734  0.9362136  0.9485933
 0.9452777  0.9468247  0.9585721  0.91783345]",5.244879e-15,17.844923973083496,1300.6733833628741
NNODEgHMC,1.0,autograd,gaussian,SynchronousLeapfrog,0.3,"[0.91135645 0.9484355  0.9028632  0.9055594  0.95246816 0.94665927
 0.9461919  0.9464811  0.9370958  0.9247514  0.9010543  0.94140995
 0.95173377 0.9318408  0.9485297  0.9327754  0.94428575 0.9477719
 0.95639753 0.94244784 0.9487449  0.9317765  0.95443505 0.94557905
 0.9202441  0.95411193 0.9457692  0.94870365 0.92115545 0.92463136
 0.942764   0.92713785 0.93292373 0.87779415 0.947183   0.9593581
 0.93824327 0.9278202  0.93787545 0.9491948  0.92715085 0.9284832
 0.93050814 0.9405665  0.9572789  0.9392538  0.9315393  0.9439348
 0.95585436 0.9171249  0.9445841  0.94393843 0.94444656 0.9456975
 0.9595014  0.95059985 0.9542738  0.9434817  0.9408916  0.94741505
 0.9241613  0.94047374 0.9528176  0.9472555  0.9414139  0.94409645
 0.8972478  0.9524205  0.94040143 0.9318131  0.94147843 0.95061415
 0.93510115 0.93906736 0.9482729  0.9288844  0.9410293  0.94720316
 0.94178    0.9204166  0.93508136 0.8895957  0.9446262  0.954316
 0.95553464 0.9407012  0.9457679  0.94676626 0.93858516 0.94706476
 0.9249681  0.9398445  0.9409825  0.95065546 0.9359983  0.9486742
 0.94532984 0.9465889  0.95858717 0.91771907]",2.9123063e-14,15.950491666793823,1297.1578510696777
Explicit NNODEgHMC,1.0,autograd,gaussian,SynchronousLeapfrog,0.3,"[0.9085587  0.94828403 0.9021822  0.8948533  0.9532737  0.9468888
 0.9467537  0.9463414  0.9370885  0.9230385  0.8971486  0.9415417
 0.95165694 0.9311222  0.9484099  0.9318342  0.94420385 0.947811
 0.9566033  0.9427282  0.9488391  0.9321088  0.95427144 0.9464816
 0.91845554 0.953899   0.94585437 0.9492675  0.9198756  0.9239974
 0.9430666  0.92670935 0.93217844 0.8712198  0.94715947 0.95945644
 0.9380686  0.9271237  0.9379105  0.94972515 0.92594767 0.9279058
 0.9302106  0.9406013  0.95755816 0.9392344  0.93153375 0.9438939
 0.95581216 0.9167112  0.94415355 0.9442965  0.94433373 0.946013
 0.95990133 0.9505912  0.9539337  0.94375014 0.9408037  0.94724077
 0.923866   0.9411148  0.9531938  0.9473305  0.9414047  0.9440849
 0.8904594  0.9524126  0.94040346 0.93029517 0.9415916  0.9511789
 0.93515795 0.93921155 0.948426   0.92904466 0.94064254 0.9472436
 0.94155854 0.9189967  0.9354531  0.8782157  0.9448689  0.9547663
 0.95538235 0.940983   0.94590425 0.94677365 0.9381866  0.94748414
 0.92304325 0.9396584  0.94096637 0.9510001  0.9357988  0.9482602
 0.94549894 0.94695795 0.9589593  0.9172119 ]",2.5438593e-14,20.41477346420288,1229.4819819016477
SymplecticNNgHMC,1.0,autograd,gaussian,SynchronousLeapfrog,0.3,"[0.91128033 0.94836676 0.9032191  0.90876186 0.9521351  0.946324
 0.9458076  0.946686   0.9372193  0.92504805 0.9030731  0.94134474
 0.9519613  0.9309064  0.94853944 0.9323424  0.9443114  0.94769615
 0.9561938  0.94233465 0.9486024  0.932071   0.9544474  0.9450881
 0.9213985  0.9541328  0.9458169  0.9485297  0.9213085  0.9256258
 0.9423791  0.92691386 0.9326496  0.87840223 0.9470172  0.95936036
 0.9383441  0.92798233 0.93766046 0.9486992  0.92766494 0.92876804
 0.9304242  0.9401497  0.9573995  0.9390442  0.9322666  0.9442007
 0.9559674  0.9158461  0.944513   0.9439324  0.9443793  0.94509184
 0.95930564 0.9503217  0.9543257  0.94310397 0.9406415  0.9474268
 0.923674   0.9401822  0.95294875 0.9471668  0.94106454 0.9441749
 0.8999893  0.95243824 0.94046783 0.93216836 0.94151163 0.95023394
 0.93556875 0.93880856 0.9479326  0.92876995 0.94124264 0.94710433
 0.94176286 0.9204949  0.9349022  0.89249194 0.9444088  0.9543705
 0.9555676  0.9406783  0.94569224 0.94660485 0.93835706 0.94700944
 0.92506    0.9396719  0.9407797  0.9506857  0.93588775 0.9488184
 0.94514775 0.9464018  0.9583349  0.9170935 ]",3.6402544e-05,49.16066336631775,1304.8458703920844
GSymplecticNNgHMC,1.0,autograd,gaussian,SynchronousLeapfrog,0.3,"[0.91130435 0.94862854 0.9040343  0.908623   0.9522376  0.9467825
 0.9462216  0.9465057  0.937232   0.9243851  0.9042105  0.94131076
 0.9520528  0.9319018  0.9485809  0.9324619  0.943951   0.9473745
 0.95607585 0.9425446  0.9485873  0.93193644 0.95447695 0.9455718
 0.9216353  0.95382833 0.9458922  0.9485489  0.9211833  0.9260919
 0.9421097  0.9265704  0.9327786  0.8779976  0.9472777  0.95938146
 0.93771195 0.9284457  0.9371971  0.9484372  0.92754793 0.9284827
 0.9305638  0.94028914 0.95739573 0.9390809  0.93229294 0.94460773
 0.9558045  0.9162729  0.9446466  0.9441366  0.94412243 0.94555557
 0.95932835 0.95033497 0.95431685 0.9426969  0.94080496 0.9473058
 0.92422646 0.9406624  0.95288646 0.94729537 0.9407775  0.94380486
 0.90022504 0.9524497  0.94047105 0.9314631  0.94132614 0.95023906
 0.9356197  0.93855906 0.9479914  0.92864084 0.94124097 0.9466357
 0.9417173  0.9198658  0.9352155  0.89183587 0.9444417  0.95443726
 0.9554882  0.94121873 0.9455787  0.9468114  0.9386276  0.94718444
 0.9247416  0.93946713 0.940931   0.9506831  0.9358392  0.9485444
 0.9451474  0.946789   0.95830345 0.91676396]",0.00016776193,17.11003565788269,1282.461314833443
GradSymplecticNNgHMC,1.0,autograd,gaussian,SynchronousLeapfrog,0.3,"[0.9112298  0.9483316  0.90316236 0.9092662  0.9521923  0.94633317
 0.9458407  0.94665337 0.9372692  0.92507505 0.90309876 0.9412441
 0.95194    0.931235   0.94853544 0.9323782  0.94434184 0.94773614
 0.9562337  0.9423639  0.9485964  0.93222475 0.95446366 0.94523066
 0.92150897 0.9541537  0.9457942  0.9486003  0.9213571  0.92586744
 0.94238865 0.9268632  0.9326782  0.87836015 0.9469964  0.9593537
 0.9383801  0.928049   0.93772316 0.9487375  0.9276971  0.9288168
 0.9304774  0.94014585 0.95739603 0.93902725 0.932294   0.9442512
 0.9559382  0.9159305  0.9444844  0.9439683  0.9443814  0.9451541
 0.9593015  0.9503356  0.9543046  0.9431233  0.94059324 0.9473967
 0.92382973 0.9402227  0.95293474 0.9471412  0.9411065  0.94415325
 0.9000683  0.95241326 0.94041014 0.93221045 0.9414474  0.9502658
 0.9356283  0.9388823  0.9479644  0.928772   0.9412433  0.9471406
 0.9416884  0.9206394  0.93501556 0.89267206 0.94445527 0.9543699
 0.9555602  0.940838   0.9457377  0.9465655  0.93830943 0.9470134
 0.9253807  0.9397054  0.9407902  0.9506761  0.9358718  0.9488249
 0.9451408  0.9464532  0.95835114 0.9169873 ]",1.790137e-05,141.47461819648743,1309.5354238484592
GradGSymplecticNNgHMC,1.0,autograd,gaussian,SynchronousLeapfrog,0.3,"[0.91142505 0.94843197 0.90350217 0.9096536  0.95244825 0.94673747
 0.94629115 0.94661736 0.9371575  0.9246969  0.9039232  0.9412357
 0.95207083 0.93198746 0.9485957  0.93238306 0.9441785  0.9474094
 0.95625126 0.94241524 0.94860125 0.93229854 0.9544939  0.94574594
 0.92176884 0.9538729  0.9457654  0.94877195 0.9213974  0.9262547
 0.94220436 0.9266453  0.9327582  0.87817657 0.9473131  0.9593632
 0.93782115 0.92851067 0.9373784  0.9487399  0.92769337 0.92875165
 0.9305577  0.9402196  0.9574232  0.93903947 0.9324746  0.9446315
 0.9558704  0.916217   0.94455403 0.9442129  0.9442692  0.94571203
 0.9593526  0.95030755 0.95419616 0.9430336  0.94062823 0.9473307
 0.9241265  0.9408196  0.95293045 0.947245   0.9409752  0.94396985
 0.90010214 0.95236653 0.9404909  0.9318876  0.94138426 0.9501958
 0.9358094  0.9388634  0.9479569  0.92837214 0.94126624 0.9468745
 0.9417528  0.9203234  0.9352452  0.89242756 0.9444046  0.9544675
 0.9555812  0.9414449  0.94572943 0.94669646 0.9383167  0.94704247
 0.92540693 0.93961066 0.9407532  0.95070714 0.9358473  0.94852996
 0.9451268  0.9468619  0.95838517 0.91677856]",0.00023197502,36.37183094024658,715.4097559168482
HMC,1.0,autograd,high_dimensional_gaussian,SynchronousLeapfrog,0.1,"[0.9347526  0.9359457  0.9299199  0.9384165  0.9442042  0.9370775
 0.9476161  0.9371438  0.936816   0.9463686  0.9288265  0.93853366
 0.9432167  0.93926513 0.9245612  0.9403092  0.93822235 0.94214046
 0.93088114 0.93494624 0.941      0.9395846  0.9315569  0.9369645
 0.9440656  0.93593895 0.93406314 0.9376256  0.93025374 0.9367659
 0.9429774  0.9326269  0.92888594 0.9433397  0.9396159  0.94138783
 0.9242438  0.9429034  0.9393541  0.9390726  0.94344395 0.92413557
 0.9330139  0.91997147 0.9361609  0.9409499  0.94064415 0.9309839
 0.94027364 0.94111013 0.94330966 0.9474977  0.9433831  0.9384844
 0.92969334 0.9304177  0.93131584 0.9400384  0.9345025  0.93033475
 0.94548106 0.9425802  0.93280315 0.9311029  0.92095816 0.9364437
 0.9372258  0.9272326  0.9418677  0.9483711  0.93871325 0.9424848
 0.93764067 0.94062203 0.93582314 0.93184793 0.9267211  0.92931193
 0.93892354 0.9395714  0.93870753 0.93101424 0.93762815 0.9441082
 0.94060075 0.9330487  0.94165754 0.93955755 0.9351861  0.93810534
 0.9406099  0.9426507  0.9394158  0.92908144 0.93924415 0.9378616
 0.9305116  0.9348887  0.9340457  0.93644094]",1.4246292e-15,51.41948103904724,186.00469243945815
NNgHMC,1.0,autograd,high_dimensional_gaussian,SynchronousLeapfrog,0.1,"[0.934736   0.93594164 0.92994714 0.93842834 0.9442109  0.9370755
 0.9476739  0.9371829  0.93677664 0.94640225 0.9287752  0.93858576
 0.9432298  0.93927777 0.9244641  0.94036615 0.9382348  0.94216573
 0.930844   0.93492985 0.94101715 0.9396431  0.9315491  0.9369537
 0.9440899  0.93591726 0.93404055 0.93764925 0.93020964 0.93679494
 0.94304276 0.93261164 0.928787   0.9433769  0.9396512  0.9414047
 0.92403126 0.9429424  0.93935126 0.9390521  0.9435105  0.9240769
 0.9329526  0.91978097 0.93619335 0.94096375 0.9406478  0.9309215
 0.9403173  0.94111323 0.9433285  0.9475326  0.94341326 0.93849057
 0.9296346  0.9303686  0.93129766 0.94006956 0.93450475 0.9303071
 0.94550276 0.94261277 0.93275017 0.9310663  0.920774   0.93640685
 0.93720126 0.9271649  0.9419354  0.94839466 0.9387932  0.9425062
 0.93764114 0.9406053  0.93580717 0.9318117  0.9265813  0.9292822
 0.93892896 0.93958557 0.9387252  0.93090075 0.93762255 0.9441521
 0.940616   0.9330113  0.9417049  0.9395673  0.93517053 0.93810195
 0.94063824 0.94266164 0.939432   0.92901295 0.9392613  0.9378468
 0.9304136  0.93485725 0.93403256 0.9364049 ]",1.5350542e-15,49.54361438751221,180.65210687218138
NNODEgHMC,1.0,autograd,high_dimensional_gaussian,SynchronousLeapfrog,0.1,"[0.9347898  0.9359366  0.9298333  0.9384615  0.9442579  0.93709564
 0.94767606 0.93711936 0.93680096 0.9464276  0.9287491  0.93857354
 0.9432564  0.9393296  0.9244625  0.94033456 0.93823564 0.9421811
 0.93084335 0.9349445  0.940997   0.939594   0.93148106 0.93696725
 0.94408476 0.93593425 0.9340827  0.9376745  0.9302006  0.93674695
 0.9429754  0.9325842  0.92885387 0.9433646  0.9396545  0.9414096
 0.9241599  0.9429161  0.93934244 0.9391417  0.9435305  0.9238958
 0.9329972  0.9196862  0.9361203  0.9409609  0.9406612  0.9309447
 0.9402966  0.9411547  0.94332427 0.9475271  0.9434085  0.93848455
 0.92959917 0.93036383 0.9312749  0.9400875  0.9344635  0.93027115
 0.94551766 0.9426176  0.93280756 0.93106496 0.92080593 0.9364265
 0.9372093  0.9270762  0.94192994 0.9484064  0.93873847 0.9425067
 0.9376485  0.94065106 0.9358284  0.9317409  0.9265637  0.929197
 0.93897504 0.9395945  0.9386883  0.930984   0.9376453  0.9441484
 0.9406473  0.93296826 0.9417013  0.93957585 0.93518734 0.9380945
 0.9406408  0.9426904  0.9394306  0.9289938  0.9392755  0.9378507
 0.9305676  0.93491197 0.9340768  0.9364046 ]",1.3196529e-14,45.59923791885376,178.61161974008527
Explicit NNODEgHMC,1.0,autograd,high_dimensional_gaussian,SynchronousLeapfrog,0.1,"[0.9346384  0.9358033  0.92940664 0.9383847  0.94431657 0.93696916
 0.94790626 0.9371065  0.93682307 0.94656754 0.92836493 0.9386405
 0.94330585 0.93932503 0.9237895  0.94037914 0.9382162  0.9423723
 0.9304614  0.9347913  0.9410598  0.9396345  0.93125296 0.936952
 0.94414085 0.93582267 0.9338836  0.9374551  0.92986906 0.9365846
 0.94318223 0.9323923  0.92849696 0.94336224 0.9396927  0.9415125
 0.92322636 0.9430407  0.9392632  0.9391062  0.9438221  0.9233061
 0.93275917 0.9184448  0.9360511  0.94094956 0.940613   0.9306464
 0.9403295  0.9410629  0.9433717  0.94766235 0.9434926  0.9384248
 0.92929953 0.93020713 0.9308933  0.9401406  0.9342642  0.9298582
 0.94563687 0.94276154 0.93257254 0.9307736  0.9197949  0.93633956
 0.937109   0.926455   0.9420916  0.94861686 0.93887806 0.9425607
 0.9375972  0.94079894 0.93577576 0.93154764 0.92589176 0.92885417
 0.93882084 0.9396653  0.9386805  0.9306018  0.93739426 0.94434303
 0.9406654  0.93269885 0.94167507 0.9395604  0.9350917  0.9380824
 0.94069314 0.94267356 0.93938875 0.92858714 0.9392962  0.9377279
 0.93007135 0.9347524  0.93385375 0.936396  ]",1.3922628e-14,58.24587082862854,150.57269273131124
SymplecticNNgHMC,1.0,autograd,high_dimensional_gaussian,SynchronousLeapfrog,0.1,"[0.93475264 0.93594044 0.92991847 0.93841577 0.94420373 0.93707836
 0.94761485 0.9371452  0.9368156  0.94636935 0.9288282  0.93853366
 0.9432173  0.93926334 0.9245653  0.94030845 0.9382225  0.9421393
 0.9308836  0.9349493  0.9410014  0.9395844  0.93155956 0.93696326
 0.9440624  0.93593997 0.9340668  0.93762606 0.9302549  0.93676555
 0.9429766  0.9326258  0.9288839  0.94333905 0.93961656 0.94138813
 0.9242527  0.94290376 0.9393508  0.9390726  0.943443   0.9241388
 0.9330138  0.9199593  0.9361634  0.9409504  0.9406457  0.9309892
 0.94027346 0.94110966 0.9433093  0.9474987  0.9433839  0.9384794
 0.9296949  0.93041724 0.9313156  0.94003886 0.9345045  0.93033075
 0.94548213 0.94257975 0.9328022  0.93110436 0.9209615  0.9364418
 0.93722904 0.92723894 0.9418656  0.94837093 0.93871325 0.9424828
 0.9376391  0.94062114 0.93582046 0.9318484  0.92671883 0.9293113
 0.93892765 0.9395695  0.9387059  0.9310117  0.93763185 0.94410944
 0.9405997  0.93304604 0.9416606  0.93955725 0.93518436 0.9381072
 0.9406104  0.9426503  0.9394165  0.92907965 0.9392416  0.93786204
 0.93051124 0.93488926 0.93404317 0.9364419 ]",7.739539e-07,143.29470682144165,197.75067625598064
GSymplecticNNgHMC,1.0,autograd,high_dimensional_gaussian,SynchronousLeapfrog,0.1,"[0.93475455 0.9359533  0.9299183  0.9384071  0.9442072  0.9370847
 0.94761646 0.93714464 0.93681574 0.9463723  0.9288162  0.93853515
 0.9432188  0.9392654  0.9245841  0.9403032  0.9382309  0.9421387
 0.93086946 0.9349537  0.9409971  0.9395916  0.9315572  0.9369723
 0.94407046 0.93592376 0.93406475 0.937621   0.93024194 0.9367673
 0.942974   0.93261814 0.92888784 0.9433398  0.93962705 0.94139075
 0.92425597 0.94290465 0.93935513 0.93907535 0.94344985 0.92414135
 0.93301266 0.9199438  0.9361739  0.9409528  0.9406389  0.93098426
 0.94027483 0.94111395 0.94330853 0.9474985  0.9433875  0.93847674
 0.92970264 0.930412   0.93131655 0.94002885 0.93449825 0.9303362
 0.9454827  0.9425807  0.9328002  0.9311031  0.9209732  0.9364561
 0.93723035 0.927238   0.9418664  0.94836664 0.9387132  0.94248676
 0.9376396  0.940623   0.9358306  0.93183804 0.9267251  0.92930526
 0.9389206  0.93957067 0.9386996  0.93101954 0.93763113 0.94411254
 0.9406008  0.9330536  0.9416549  0.9395517  0.9351783  0.938105
 0.9406109  0.9426505  0.939419   0.9290692  0.93924475 0.93785846
 0.9305135  0.93488777 0.9340439  0.9364352 ]",9.553949e-06,75.6542501449585,198.4326747799527
GradSymplecticNNgHMC,1.0,autograd,high_dimensional_gaussian,SynchronousLeapfrog,0.1,"[0.93475544 0.9359438  0.9299196  0.93841785 0.9442028  0.9370815
 0.94761753 0.9371432  0.93681943 0.9463692  0.9288262  0.9385337
 0.94321674 0.93926305 0.9245628  0.9403059  0.9382224  0.9421421
 0.93088484 0.9349434  0.941      0.93958604 0.93155897 0.9369631
 0.9440608  0.9359449  0.93406737 0.9376272  0.93025064 0.93676555
 0.94297665 0.93262833 0.9288835  0.94334054 0.93961686 0.94138944
 0.9242465  0.9429037  0.93935174 0.93907446 0.9434442  0.92413604
 0.9330163  0.9199667  0.93616503 0.94095296 0.9406461  0.93098736
 0.94027567 0.9411091  0.9433114  0.9474993  0.9433846  0.9384815
 0.92969775 0.9304166  0.93131864 0.94003624 0.93449855 0.93033016
 0.9454791  0.9425801  0.9327952  0.93110675 0.9209668  0.9364424
 0.93723345 0.9272343  0.9418664  0.94837    0.9387152  0.9424846
 0.9376401  0.9406228  0.93582267 0.93185204 0.926723   0.92931116
 0.9389266  0.9395704  0.93870705 0.93101066 0.93763274 0.9441098
 0.94060105 0.93305105 0.94165933 0.93955725 0.9351825  0.93810815
 0.9406128  0.9426496  0.93941534 0.9290812  0.9392419  0.9378614
 0.9305114  0.9348893  0.9340457  0.93644065]",8.4665726e-07,419.99130940437317,196.83414070081153
GradGSymplecticNNgHMC,1.0,autograd,high_dimensional_gaussian,SynchronousLeapfrog,0.1,"[0.9347474  0.9359602  0.9299156  0.9384026  0.94420564 0.9370823
 0.9476161  0.93713665 0.9368236  0.9463682  0.9288206  0.93852824
 0.9432184  0.93924165 0.92458457 0.9403054  0.9382305  0.94213676
 0.9308634  0.93495333 0.94098425 0.93959445 0.9315553  0.9369642
 0.9440626  0.93593043 0.934071   0.937624   0.9302496  0.9367641
 0.9429733  0.9326254  0.9288925  0.9433338  0.93962765 0.9413864
 0.9242436  0.9429018  0.9393457  0.939072   0.94345033 0.9241431
 0.93301415 0.9199637  0.93615437 0.9409536  0.9406423  0.9309775
 0.9402749  0.9411144  0.943305   0.94750065 0.94338244 0.93848246
 0.929692   0.9304225  0.93132246 0.940032   0.93449515 0.93033594
 0.94548416 0.94258106 0.93280363 0.9311085  0.9209713  0.93644273
 0.9372237  0.9272415  0.9418732  0.9483733  0.9387138  0.9424852
 0.93763983 0.9406271  0.9358272  0.93184584 0.9267422  0.92930925
 0.93892336 0.9395751  0.938712   0.9310216  0.9376329  0.94410837
 0.9406012  0.9330597  0.94165677 0.93956757 0.93518734 0.93810785
 0.94061077 0.94265354 0.939419   0.9290818  0.93923926 0.93786085
 0.93052477 0.9348912  0.93404883 0.9364432 ]",9.493107e-06,263.1507565975189,198.9420785340281
HMC,1.0,autograd,normal_normal,SynchronousLeapfrog,0.1,"[0.93869865 0.940175   0.93959016 0.90728396 0.9369048  0.95290804
 0.94245833 0.92010355 0.9339757  0.94271106 0.94873035 0.9402422
 0.93410754 0.9294933  0.93121016 0.9321557  0.94517803 0.91007537
 0.9477298  0.9393195  0.9468996  0.9459013  0.92333573 0.948027
 0.9484792  0.94812125 0.9466824  0.896443   0.90868825 0.94428885
 0.92431515 0.9432167  0.92659444 0.95301956 0.93884647 0.9413353
 0.94267344 0.9237868  0.9467392  0.91507834 0.94323486 0.9457327
 0.9449588  0.90456855 0.9169723  0.9456078  0.9131412  0.9409038
 0.9427248  0.94322765 0.94188374 0.9472213  0.942084   0.91273046
 0.934436   0.9406006  0.93287516 0.9328922  0.9443883  0.9520683
 0.9505559  0.94173163 0.9530277  0.9439523  0.95117015 0.94847053
 0.94816655 0.9421034  0.93803024 0.9424585  0.9478714  0.9366967
 0.94721603 0.9492296  0.9271455  0.94199395 0.93714345 0.92115927
 0.9466337  0.9350829  0.9473157  0.9219534  0.9430501  0.9405546
 0.9488322  0.8761438  0.94603527 0.9375287  0.9431536  0.93083954
 0.94999593 0.93991077 0.9338231  0.9503894  0.93578213 0.9445275
 0.9440415  0.9328281  0.9508375  0.94256234]",1.079345e-15,81.78929090499878,325.6714531592125
NNgHMC,1.0,autograd,normal_normal,SynchronousLeapfrog,0.1,"[0.93772006 0.9402493  0.9397235  0.9065804  0.9382924  0.95247
 0.9415134  0.9213939  0.9344263  0.94322836 0.9488032  0.94056547
 0.93435115 0.9291639  0.93081295 0.9319539  0.9450644  0.8904393
 0.9477167  0.9388034  0.94650126 0.94594336 0.9238634  0.94750726
 0.948621   0.9477705  0.9467392  0.89720213 0.90844905 0.94449633
 0.92436    0.9437     0.92207134 0.95308435 0.9388747  0.9414055
 0.9427899  0.9240052  0.94687986 0.91490215 0.9431576  0.9463004
 0.9449885  0.9057566  0.9172659  0.9457387  0.8978416  0.9400748
 0.9428012  0.9432242  0.9412675  0.94737864 0.94230783 0.91272944
 0.9341361  0.9403639  0.9327535  0.9314184  0.94382095 0.9519393
 0.95028627 0.9419446  0.9527631  0.944808   0.95099735 0.9481446
 0.9481225  0.9420742  0.93677014 0.9422714  0.9474535  0.9358268
 0.94731617 0.94868314 0.9272935  0.9436128  0.9366848  0.9222989
 0.9464246  0.9358885  0.94696224 0.9224409  0.94268394 0.94000137
 0.94897527 0.8786253  0.94547737 0.9378967  0.94332135 0.93086624
 0.94975805 0.9404708  0.93418586 0.9499171  0.93592966 0.944684
 0.94438934 0.93296087 0.9510902  0.943138  ]",1.3377493e-15,73.62690043449402,265.5174570790191
NNODEgHMC,1.0,autograd,normal_normal,SynchronousLeapfrog,0.1,"[0.9383308  0.9401529  0.9396226  0.90653217 0.9375486  0.9527973
 0.9422395  0.9210455  0.93402195 0.94281113 0.94872856 0.94026697
 0.9340636  0.9294443  0.9309907  0.9321114  0.9451307  0.8971863
 0.9477477  0.9391794  0.9465723  0.9459046  0.9233963  0.94791555
 0.9485595  0.9480537  0.94663036 0.89680755 0.9088248  0.94437164
 0.9243884  0.94347847 0.9245666  0.95310533 0.93895423 0.9413731
 0.94269586 0.92357624 0.94689596 0.9145708  0.9431442  0.94646287
 0.94510907 0.9051525  0.917037   0.9455447  0.90457577 0.9406416
 0.94269896 0.9431945  0.9418597  0.9471404  0.94227976 0.9121801
 0.9342017  0.94061995 0.9326994  0.9328495  0.9444506  0.95208395
 0.9505786  0.9417226  0.9529425  0.94498205 0.95122755 0.948472
 0.9482043  0.94209206 0.93735623 0.94235843 0.9478096  0.93679273
 0.9471878  0.9490435  0.9269928  0.94317913 0.9369389  0.92145586
 0.9465236  0.9362869  0.94724834 0.92222375 0.9428868  0.9405756
 0.94880885 0.87832785 0.9458372  0.9376687  0.9432397  0.9307213
 0.949924   0.9402496  0.9353672  0.9504239  0.93572927 0.9446313
 0.9441339  0.93318844 0.9508738  0.9425211 ]",1.2029372e-14,60.940714597702026,295.58748948294084
Explicit NNODEgHMC,1.0,autograd,normal_normal,SynchronousLeapfrog,0.1,"[0.93857974 0.94018954 0.9395892  0.9071975  0.93704593 0.95300233
 0.94264144 0.9203143  0.93397427 0.94279313 0.94873905 0.94019806
 0.9340052  0.9293901  0.9312818  0.9322288  0.94519377 0.8985712
 0.9476818  0.9392497  0.9468322  0.9458723  0.9233994  0.94803405
 0.94853157 0.9480516  0.9466626  0.8962957  0.9087252  0.94428027
 0.92431045 0.94346666 0.9267081  0.9530606  0.9388208  0.94151086
 0.94266176 0.9238879  0.9468767  0.91488093 0.94309586 0.9462812
 0.9449686  0.90411705 0.91701365 0.945557   0.9088234  0.94099474
 0.9427308  0.9432359  0.942002   0.9471737  0.9421665  0.9129492
 0.93444693 0.9406074  0.93297935 0.9332015  0.94446886 0.95210636
 0.95064294 0.9417939  0.95307887 0.9446696  0.9512557  0.94849294
 0.94818515 0.94197226 0.93784153 0.9424962  0.94788945 0.93679255
 0.94722    0.9493763  0.9272698  0.94235706 0.93737197 0.92130077
 0.94645274 0.9357214  0.9473888  0.921972   0.94303834 0.94076824
 0.94884056 0.8751892  0.9458374  0.9375457  0.9430938  0.9309334
 0.949993   0.9403391  0.93501186 0.95055383 0.9357408  0.9445081
 0.94406354 0.9331937  0.95078945 0.9425871 ]",1.3270805e-14,73.05704236030579,275.485705983209
SymplecticNNgHMC,1.0,autograd,normal_normal,SynchronousLeapfrog,0.1,"[0.9371795  0.93990993 0.9391489  0.9050431  0.9357802  0.952738
 0.9418871  0.91981566 0.9339043  0.94229954 0.94855917 0.9402064
 0.9340694  0.9299058  0.9312886  0.9318137  0.944638   0.88736486
 0.9474354  0.9380572  0.94677913 0.94591606 0.92306346 0.9473947
 0.94835126 0.9476081  0.94607246 0.89707416 0.90870875 0.9442197
 0.9245204  0.94421995 0.9229288  0.9530406  0.93835497 0.9405298
 0.9423169  0.92335385 0.9469468  0.9147588  0.94318527 0.9460571
 0.9448594  0.9042017  0.91657037 0.9452693  0.8958537  0.94048727
 0.94245833 0.94285697 0.94205326 0.9469608  0.9415447  0.91277117
 0.93448114 0.94036376 0.9319393  0.9311923  0.9439149  0.95192134
 0.9504471  0.9411968  0.95296353 0.9443791  0.951043   0.9487827
 0.9481146  0.942197   0.9363987  0.94215715 0.9476913  0.93462765
 0.9470114  0.9490243  0.92654264 0.9424731  0.9361247  0.9212002
 0.9464859  0.9357495  0.94707954 0.9222703  0.9421288  0.9396617
 0.9485884  0.8767427  0.94537514 0.9374115  0.9429587  0.9309212
 0.95021176 0.9413661  0.93381494 0.950336   0.935719   0.944396
 0.9437928  0.9313803  0.95037335 0.9413438 ]",0.009259707,153.14545011520386,278.8179931402581
GSymplecticNNgHMC,1.0,autograd,normal_normal,SynchronousLeapfrog,0.1,"[0.93856955 0.9402199  0.9397244  0.90641534 0.9367339  0.95293045
 0.942274   0.9196911  0.9340023  0.9426732  0.9487797  0.9402679
 0.93421143 0.92947125 0.9313116  0.9323566  0.9451493  0.9088125
 0.9477994  0.93924326 0.94689536 0.94587415 0.9232726  0.9479966
 0.94850695 0.94809693 0.9467074  0.89666337 0.9088193  0.9443258
 0.92438334 0.9431274  0.92689204 0.9530251  0.938776   0.94125843
 0.9427322  0.9237919  0.9467262  0.91468525 0.9430895  0.9457636
 0.9450536  0.90455884 0.9168336  0.9456531  0.9118342  0.94071305
 0.9428012  0.94325244 0.9419033  0.9471798  0.94207376 0.9128593
 0.9345422  0.94074    0.9329798  0.93326014 0.9443628  0.9521018
 0.9505929  0.94169205 0.95301807 0.9440489  0.95121527 0.9484534
 0.9481329  0.9421069  0.9378046  0.9424319  0.9479474  0.936653
 0.94725865 0.94927514 0.92734337 0.94195145 0.9370052  0.921127
 0.9466204  0.93542945 0.94715583 0.9218666  0.94299835 0.9403889
 0.9488084  0.8761489  0.9459902  0.9375938  0.94319314 0.9309373
 0.949989   0.93983454 0.93408364 0.95042646 0.9358407  0.9445772
 0.9438715  0.9329114  0.95086426 0.9424076 ]",0.00038177866,71.45117545127869,227.91510043394868
GradSymplecticNNgHMC,1.0,autograd,normal_normal,SynchronousLeapfrog,0.1,"[0.9372675  0.9397957  0.9390804  0.9067943  0.9377135  0.952846
 0.941555   0.919858   0.9335105  0.94162124 0.9484381  0.9398114
 0.93338317 0.9286375  0.9311857  0.9319061  0.94426775 0.8985946
 0.9474885  0.9383755  0.94711494 0.9458666  0.92311394 0.9476793
 0.9481778  0.94795007 0.94631565 0.89554024 0.90836096 0.9440586
 0.9242782  0.943604   0.9231948  0.95304596 0.938024   0.9404721
 0.9421038  0.9240545  0.94689053 0.9157824  0.9428731  0.9461686
 0.9448209  0.9049686  0.9161229  0.9451493  0.8961166  0.9398796
 0.94244945 0.94292915 0.941734   0.9472755  0.94134945 0.9133186
 0.9338257  0.94044465 0.93239725 0.93411416 0.94383186 0.95195365
 0.95057714 0.9413101  0.9529618  0.9445731  0.9510373  0.9486219
 0.94799346 0.9422778  0.93696964 0.94202936 0.9477409  0.9362375
 0.9469463  0.9491644  0.9264059  0.94279265 0.9358129  0.9204084
 0.946682   0.93652576 0.94678164 0.92231953 0.9427788  0.93841875
 0.9486532  0.8756635  0.9457099  0.9372241  0.9428198  0.93067586
 0.9500265  0.9407317  0.93438005 0.95036256 0.93543386 0.9443002
 0.9431851  0.93162453 0.9504012  0.94119805]",0.013499946,445.4201629161835,163.2996946084266
GradGSymplecticNNgHMC,1.0,autograd,normal_normal,SynchronousLeapfrog,0.1,"[0.9383068  0.94010115 0.9395766  0.90719527 0.93638057 0.95289636
 0.9425728  0.9199585  0.93385065 0.94289017 0.9487278  0.9403434
 0.9342468  0.9296584  0.9312729  0.9324884  0.94517076 0.91007155
 0.9477836  0.9391836  0.9468388  0.94592446 0.92305267 0.9479263
 0.94842863 0.94809866 0.9466858  0.8965484  0.9086947  0.94422007
 0.9243177  0.9432081  0.9266894  0.95302606 0.9387369  0.9414028
 0.9426993  0.92381227 0.94679826 0.914962   0.9432156  0.9458239
 0.9449917  0.90423286 0.91710854 0.94567454 0.9124663  0.9410261
 0.9427376  0.9432068  0.9418049  0.947265   0.9420732  0.91281974
 0.93459773 0.9408215  0.9328979  0.93340456 0.9443643  0.95209455
 0.9505474  0.9418628  0.9530093  0.9439892  0.95117563 0.94845074
 0.94815725 0.94218385 0.9380193  0.9424896  0.94793975 0.9367496
 0.94720197 0.9491085  0.9270804  0.94135094 0.93723226 0.9210825
 0.94667006 0.9348427  0.94737375 0.92176723 0.943083   0.9405575
 0.94882745 0.8758911  0.9459757  0.9374546  0.9431521  0.9308734
 0.94998205 0.93991464 0.9340331  0.95034873 0.9357767  0.9444987
 0.9441528  0.9327237  0.95078576 0.9427886 ]",0.00023844432,120.71110463142395,210.49574936743
